  0
SECTION
  2
HEADER
  9
$ACADVER
  1
AC1024
  9
$ACADMAINTVER
 70
6
  9
$DWGCODEPAGE
  3
ANSI_1252
  9
$LASTSAVEDBY
  1
ezdxf
  9
$INSBASE
 10
0.0
 20
0.0
 30
0.0
  9
$EXTMIN
 10
1e+20
 20
1e+20
 30
1e+20
  9
$EXTMAX
 10
-1e+20
 20
-1e+20
 30
-1e+20
  9
$LIMMIN
 10
0.0
 20
0.0
  9
$LIMMAX
 10
420.0
 20
297.0
  9
$ORTHOMODE
 70
0
  9
$REGENMODE
 70
1
  9
$FILLMODE
 70
1
  9
$QTEXTMODE
 70
0
  9
$MIRRTEXT
 70
1
  9
$LTSCALE
 40
1.0
  9
$ATTMODE
 70
1
  9
$TEXTSIZE
 40
2.5
  9
$TRACEWID
 40
1.0
  9
$TEXTSTYLE
  7
Standard
  9
$CLAYER
  8
0
  9
$CELTYPE
  6
ByLayer
  9
$CECOLOR
 62
256
  9
$CELTSCALE
 40
1.0
  9
$DISPSILH
 70
0
  9
$DIMSCALE
 40
1.0
  9
$DIMASZ
 40
2.5
  9
$DIMEXO
 40
0.625
  9
$DIMDLI
 40
3.75
  9
$DIMRND
 40
0.0
  9
$DIMDLE
 40
0.0
  9
$DIMEXE
 40
1.25
  9
$DIMTP
 40
0.0
  9
$DIMTM
 40
0.0
  9
$DIMTXT
 40
2.5
  9
$DIMCEN
 40
2.5
  9
$DIMTSZ
 40
0.0
  9
$DIMTOL
 70
0
  9
$DIMLIM
 70
0
  9
$DIMTIH
 70
0
  9
$DIMTOH
 70
0
  9
$DIMSE1
 70
0
  9
$DIMSE2
 70
0
  9
$DIMTAD
 70
1
  9
$DIMZIN
 70
8
  9
$DIMBLK
  1

  9
$DIMASO
 70
1
  9
$DIMSHO
 70
1
  9
$DIMPOST
  1

  9
$DIMAPOST
  1

  9
$DIMALT
 70
0
  9
$DIMALTD
 70
3
  9
$DIMALTF
 40
0.03937007874
  9
$DIMLFAC
 40
1.0
  9
$DIMTOFL
 70
1
  9
$DIMTVP
 40
0.0
  9
$DIMTIX
 70
0
  9
$DIMSOXD
 70
0
  9
$DIMSAH
 70
0
  9
$DIMBLK1
  1

  9
$DIMBLK2
  1

  9
$DIMSTYLE
  2
ISO-25
  9
$DIMCLRD
 70
0
  9
$DIMCLRE
 70
0
  9
$DIMCLRT
 70
0
  9
$DIMTFAC
 40
1.0
  9
$DIMGAP
 40
0.625
  9
$DIMJUST
 70
0
  9
$DIMSD1
 70
0
  9
$DIMSD2
 70
0
  9
$DIMTOLJ
 70
0
  9
$DIMTZIN
 70
8
  9
$DIMALTZ
 70
0
  9
$DIMALTTZ
 70
0
  9
$DIMUPT
 70
0
  9
$DIMDEC
 70
2
  9
$DIMTDEC
 70
2
  9
$DIMALTU
 70
2
  9
$DIMALTTD
 70
3
  9
$DIMTXSTY
  7
Standard
  9
$DIMAUNIT
 70
0
  9
$DIMADEC
 70
0
  9
$DIMALTRND
 40
0.0
  9
$DIMAZIN
 70
0
  9
$DIMDSEP
 70
44
  9
$DIMATFIT
 70
3
  9
$DIMFRAC
 70
0
  9
$DIMLDRBLK
  1

  9
$DIMLUNIT
 70
2
  9
$DIMLWD
 70
-2
  9
$DIMLWE
 70
-2
  9
$DIMTMOVE
 70
0
  9
$DIMFXL
 40
1.0
  9
$DIMFXLON
 70
0
  9
$DIMJOGANG
 40
0.785398163397
  9
$DIMTFILL
 70
0
  9
$DIMTFILLCLR
 70
0
  9
$DIMARCSYM
 70
0
  9
$DIMLTYPE
  6

  9
$DIMLTEX1
  6

  9
$DIMLTEX2
  6

  9
$DIMTXTDIRECTION
 70
0
  9
$LUNITS
 70
2
  9
$LUPREC
 70
4
  9
$SKETCHINC
 40
1.0
  9
$FILLETRAD
 40
10.0
  9
$AUNITS
 70
0
  9
$AUPREC
 70
2
  9
$MENU
  1
.
  9
$ELEVATION
 40
0.0
  9
$PELEVATION
 40
0.0
  9
$THICKNESS
 40
0.0
  9
$LIMCHECK
 70
0
  9
$CHAMFERA
 40
0.0
  9
$CHAMFERB
 40
0.0
  9
$CHAMFERC
 40
0.0
  9
$CHAMFERD
 40
0.0
  9
$SKPOLY
 70
0
  9
$TDCREATE
 40
2461297.7954513887
  9
$TDUCREATE
 40
2458532.153996898
  9
$TDUPDATE
 40
2461297.7954513887
  9
$TDUUPDATE
 40
2458532.1544311
  9
$TDINDWG
 40
0.0
  9
$TDUSRTIMER
 40
0.0
  9
$USRTIMER
 70
1
  9
$ANGBASE
 50
0.0
  9
$ANGDIR
 70
0
  9
$PDMODE
 70
0
  9
$PDSIZE
 40
0.0
  9
$PLINEWID
 40
0.0
  9
$SPLFRAME
 70
0
  9
$SPLINETYPE
 70
6
  9
$SPLINESEGS
 70
8
  9
$HANDSEED
  5
802
  9
$SURFTAB1
 70
6
  9
$SURFTAB2
 70
6
  9
$SURFTYPE
 70
6
  9
$SURFU
 70
6
  9
$SURFV
 70
6
  9
$UCSBASE
  2

  9
$UCSNAME
  2

  9
$UCSORG
 10
0.0
 20
0.0
 30
0.0
  9
$UCSXDIR
 10
1.0
 20
0.0
 30
0.0
  9
$UCSYDIR
 10
0.0
 20
1.0
 30
0.0
  9
$UCSORTHOREF
  2

  9
$UCSORTHOVIEW
 70
0
  9
$UCSORGTOP
 10
0.0
 20
0.0
 30
0.0
  9
$UCSORGBOTTOM
 10
0.0
 20
0.0
 30
0.0
  9
$UCSORGLEFT
 10
0.0
 20
0.0
 30
0.0
  9
$UCSORGRIGHT
 10
0.0
 20
0.0
 30
0.0
  9
$UCSORGFRONT
 10
0.0
 20
0.0
 30
0.0
  9
$UCSORGBACK
 10
0.0
 20
0.0
 30
0.0
  9
$PUCSBASE
  2

  9
$PUCSNAME
  2

  9
$PUCSORG
 10
0.0
 20
0.0
 30
0.0
  9
$PUCSXDIR
 10
1.0
 20
0.0
 30
0.0
  9
$PUCSYDIR
 10
0.0
 20
1.0
 30
0.0
  9
$PUCSORTHOREF
  2

  9
$PUCSORTHOVIEW
 70
0
  9
$PUCSORGTOP
 10
0.0
 20
0.0
 30
0.0
  9
$PUCSORGBOTTOM
 10
0.0
 20
0.0
 30
0.0
  9
$PUCSORGLEFT
 10
0.0
 20
0.0
 30
0.0
  9
$PUCSORGRIGHT
 10
0.0
 20
0.0
 30
0.0
  9
$PUCSORGFRONT
 10
0.0
 20
0.0
 30
0.0
  9
$PUCSORGBACK
 10
0.0
 20
0.0
 30
0.0
  9
$USERI1
 70
0
  9
$USERI2
 70
0
  9
$USERI3
 70
0
  9
$USERI4
 70
0
  9
$USERI5
 70
0
  9
$USERR1
 40
0.0
  9
$USERR2
 40
0.0
  9
$USERR3
 40
0.0
  9
$USERR4
 40
0.0
  9
$USERR5
 40
0.0
  9
$WORLDVIEW
 70
1
  9
$SHADEDGE
 70
3
  9
$SHADEDIF
 70
70
  9
$TILEMODE
 70
1
  9
$MAXACTVP
 70
64
  9
$PINSBASE
 10
0.0
 20
0.0
 30
0.0
  9
$PLIMCHECK
 70
0
  9
$PEXTMIN
 10
1e+20
 20
1e+20
 30
1e+20
  9
$PEXTMAX
 10
-1e+20
 20
-1e+20
 30
-1e+20
  9
$PLIMMIN
 10
0.0
 20
0.0
  9
$PLIMMAX
 10
420.0
 20
297.0
  9
$UNITMODE
 70
0
  9
$VISRETAIN
 70
1
  9
$PLINEGEN
 70
0
  9
$PSLTSCALE
 70
1
  9
$TREEDEPTH
 70
3020
  9
$CMLSTYLE
  2
Standard
  9
$CMLJUST
 70
0
  9
$CMLSCALE
 40
20.0
  9
$PROXYGRAPHICS
 70
1
  9
$MEASUREMENT
 70
1
  9
$CELWEIGHT
370
-1
  9
$ENDCAPS
280
0
  9
$JOINSTYLE
280
0
  9
$LWDISPLAY
290
0
  9
$INSUNITS
 70
4
  9
$HYPERLINKBASE
  1

  9
$STYLESHEET
  1

  9
$XEDIT
290
1
  9
$CEPSNTYPE
380
0
  9
$PSTYLEMODE
290
1
  9
$FINGERPRINTGUID
  2
{020FE70C-CA27-482F-9CB6-E0A47B9BEE4A}
  9
$VERSIONGUID
  2
{10C2F318-DF70-4B45-9971-41C4B4443629}
  9
$EXTNAMES
290
1
  9
$PSVPSCALE
 40
0.0
  9
$OLESTARTUP
290
0
  9
$SORTENTS
280
127
  9
$INDEXCTL
280
0
  9
$HIDETEXT
280
1
  9
$XCLIPFRAME
280
1
  9
$HALOGAP
280
0
  9
$OBSCOLOR
 70
257
  9
$OBSLTYPE
280
0
  9
$INTERSECTIONDISPLAY
280
0
  9
$INTERSECTIONCOLOR
 70
257
  9
$DIMASSOC
280
2
  9
$PROJECTNAME
  1

  9
$CAMERADISPLAY
290
0
  9
$LENSLENGTH
 40
50.0
  9
$CAMERAHEIGHT
 40
0.0
  9
$STEPSPERSEC
 40
24.0
  9
$STEPSIZE
 40
100.0
  9
$3DDWFPREC
 40
2.0
  9
$PSOLWIDTH
 40
0.005
  9
$PSOLHEIGHT
 40
0.08
  9
$LOFTANG1
 40
1.570796326795
  9
$LOFTANG2
 40
1.570796326795
  9
$LOFTMAG1
 40
0.0
  9
$LOFTMAG2
 40
0.0
  9
$LOFTPARAM
 70
7
  9
$LOFTNORMALS
280
1
  9
$LATITUDE
 40
37.795
  9
$LONGITUDE
 40
-122.394
  9
$NORTHDIRECTION
 40
0.0
  9
$TIMEZONE
 70
-8000
  9
$LIGHTGLYPHDISPLAY
280
1
  9
$TILEMODELIGHTSYNCH
280
1
  9
$CMATERIAL
347
20
  9
$SOLIDHIST
280
0
  9
$SHOWHIST
280
1
  9
$DWFFRAME
280
2
  9
$DGNFRAME
280
2
  9
$REALWORLDSCALE
290
1
  9
$INTERFERECOLOR
 62
256
  9
$CSHADOW
280
0
  9
$SHADOWPLANELOCATION
 40
0.0
  0
ENDSEC
  0
SECTION
  2
CLASSES
  0
CLASS
  1
ACDBDICTIONARYWDFLT
  2
AcDbDictionaryWithDefault
  3
ObjectDBX Classes
 90
0
 91
0
280
0
281
0
  0
CLASS
  1
SUN
  2
AcDbSun
  3
SCENEOE
 90
1153
 91
0
280
0
281
0
  0
CLASS
  1
VISUALSTYLE
  2
AcDbVisualStyle
  3
ObjectDBX Classes
 90
4095
 91
0
280
0
281
0
  0
CLASS
  1
MATERIAL
  2
AcDbMaterial
  3
ObjectDBX Classes
 90
1153
 91
0
280
0
281
0
  0
CLASS
  1
SCALE
  2
AcDbScale
  3
ObjectDBX Classes
 90
1153
 91
0
280
0
281
0
  0
CLASS
  1
TABLESTYLE
  2
AcDbTableStyle
  3
ObjectDBX Classes
 90
4095
 91
0
280
0
281
0
  0
CLASS
  1
MLEADERSTYLE
  2
AcDbMLeaderStyle
  3
ACDB_MLEADERSTYLE_CLASS
 90
4095
 91
0
280
0
281
0
  0
CLASS
  1
DICTIONARYVAR
  2
AcDbDictionaryVar
  3
ObjectDBX Classes
 90
0
 91
0
280
0
281
0
  0
CLASS
  1
CELLSTYLEMAP
  2
AcDbCellStyleMap
  3
ObjectDBX Classes
 90
1152
 91
0
280
0
281
0
  0
CLASS
  1
MENTALRAYRENDERSETTINGS
  2
AcDbMentalRayRenderSettings
  3
SCENEOE
 90
1024
 91
0
280
0
281
0
  0
CLASS
  1
ACDBDETAILVIEWSTYLE
  2
AcDbDetailViewStyle
  3
ObjectDBX Classes
 90
1025
 91
0
280
0
281
0
  0
CLASS
  1
ACDBSECTIONVIEWSTYLE
  2
AcDbSectionViewStyle
  3
ObjectDBX Classes
 90
1025
 91
0
280
0
281
0
  0
CLASS
  1
RASTERVARIABLES
  2
AcDbRasterVariables
  3
ISM
 90
0
 91
0
280
0
281
0
  0
CLASS
  1
LAYOUT
  2
AcDbLayout
  3
ObjectDBX Classes
 90
0
 91
0
280
0
281
0
  0
CLASS
  1
ACDBPLACEHOLDER
  2
AcDbPlaceHolder
  3
ObjectDBX Classes
 90
0
 91
0
280
0
281
0
  0
ENDSEC
  0
SECTION
  2
TABLES
  0
TABLE
  2
VPORT
  5
8
330
0
100
AcDbSymbolTable
 70
1
  0
VPORT
  5
23
330
8
100
AcDbSymbolTableRecord
100
AcDbViewportTableRecord
  2
*Active
 70
0
 10
0.0
 20
0.0
 11
1.0
 21
1.0
 12
0.0
 22
0.0
 13
0.0
 23
0.0
 14
0.5
 24
0.5
 15
0.5
 25
0.5
 16
0.0
 26
0.0
 36
1.0
 17
0.0
 27
0.0
 37
0.0
 40
1000.0
 41
1.34
 42
50.0
 43
0.0
 44
0.0
 50
0.0
 51
0.0
 71
0
 72
1000
 73
1
 74
3
 75
0
 76
0
 77
0
 78
0
281
0
 65
0
146
0.0
  0
ENDTAB
  0
TABLE
  2
LTYPE
  5
2
330
0
100
AcDbSymbolTable
 70
3
  0
LTYPE
  5
24
330
2
100
AcDbSymbolTableRecord
100
AcDbLinetypeTableRecord
  2
ByBlock
 70
0
  3

 72
65
 73
0
 40
0.0
  0
LTYPE
  5
25
330
2
100
AcDbSymbolTableRecord
100
AcDbLinetypeTableRecord
  2
ByLayer
 70
0
  3

 72
65
 73
0
 40
0.0
  0
LTYPE
  5
26
330
2
100
AcDbSymbolTableRecord
100
AcDbLinetypeTableRecord
  2
Continuous
 70
0
  3

 72
65
 73
0
 40
0.0
  0
ENDTAB
  0
TABLE
  2
LAYER
  5
1
330
0
100
AcDbSymbolTable
 70
9
  0
LAYER
  5
27
330
1
100
AcDbSymbolTableRecord
100
AcDbLayerTableRecord
  2
0
 70
0
 62
7
  6
Continuous
370
-3
390
13
347
21
  0
LAYER
  5
28
330
1
100
AcDbSymbolTableRecord
100
AcDbLayerTableRecord
  2
Defpoints
 70
0
 62
7
  6
Continuous
290
0
370
-3
390
13
347
21
  0
LAYER
  5
2F
330
1
100
AcDbSymbolTableRecord
100
AcDbLayerTableRecord
  2
OUTLINE
 70
0
 62
7
  6
Continuous
370
-3
390
13
347
21
  0
LAYER
  5
30
330
1
100
AcDbSymbolTableRecord
100
AcDbLayerTableRecord
  2
TANGENT
 70
0
 62
8
  6
Continuous
370
-3
390
13
347
21
  0
LAYER
  5
31
330
1
100
AcDbSymbolTableRecord
100
AcDbLayerTableRecord
  2
HIDDEN
 70
0
 62
8
  6
Continuous
370
-3
390
13
347
21
  0
LAYER
  5
32
330
1
100
AcDbSymbolTableRecord
100
AcDbLayerTableRecord
  2
DIM
 70
0
 62
7
  6
Continuous
370
-3
390
13
347
21
  0
LAYER
  5
33
330
1
100
AcDbSymbolTableRecord
100
AcDbLayerTableRecord
  2
TEXT
 70
0
 62
7
  6
Continuous
370
-3
390
13
347
21
  0
LAYER
  5
34
330
1
100
AcDbSymbolTableRecord
100
AcDbLayerTableRecord
  2
HOLD
 70
0
 62
1
  6
Continuous
370
-3
390
13
347
21
  0
LAYER
  5
35
330
1
100
AcDbSymbolTableRecord
100
AcDbLayerTableRecord
  2
CENTER
 70
0
 62
4
  6
Continuous
370
-3
390
13
347
21
  0
ENDTAB
  0
TABLE
  2
STYLE
  5
5
330
0
100
AcDbSymbolTable
 70
2
  0
STYLE
  5
29
330
5
100
AcDbSymbolTableRecord
100
AcDbTextStyleTableRecord
  2
Standard
 70
0
 40
0.0
 41
1.0
 50
0.0
 71
0
 42
2.5
  3
txt
  4

  0
STYLE
  5
36
330
5
100
AcDbSymbolTableRecord
100
AcDbTextStyleTableRecord
  2
CJK
 70
0
 40
0.0
 41
1.0
 50
0.0
 71
0
 42
2.5
  3
Arial Unicode.ttf
  4

  0
ENDTAB
  0
TABLE
  2
VIEW
  5
7
330
0
100
AcDbSymbolTable
 70
0
  0
ENDTAB
  0
TABLE
  2
UCS
  5
6
330
0
100
AcDbSymbolTable
 70
0
  0
ENDTAB
  0
TABLE
  2
APPID
  5
3
330
0
100
AcDbSymbolTable
 70
3
  0
APPID
  5
2A
330
3
100
AcDbSymbolTableRecord
100
AcDbRegAppTableRecord
  2
ACAD
 70
0
  0
APPID
  5
7FF
330
3
100
AcDbSymbolTableRecord
100
AcDbRegAppTableRecord
  2
HATCHBACKGROUNDCOLOR
 70
0
  0
APPID
  5
800
330
3
100
AcDbSymbolTableRecord
100
AcDbRegAppTableRecord
  2
EZDXF
 70
0
  0
ENDTAB
  0
TABLE
  2
DIMSTYLE
  5
4
330
0
100
AcDbSymbolTable
 70
1
100
AcDbDimStyleTable
  0
DIMSTYLE
105
2B
330
4
100
AcDbSymbolTableRecord
100
AcDbDimStyleTableRecord
  2
Standard
 70
0
 40
1.0
 41
2.5
 42
0.625
 43
3.75
 44
1.25
 45
0.0
 46
0.0
 47
0.0
 48
0.0
 49
2.5
140
2.5
141
2.5
142
0.0
143
0.03937007874
144
1.0
145
0.0
146
1.0
147
0.625
148
0.0
 69
0
 70
0
 71
0
 72
0
 73
0
 74
0
 75
0
 76
0
 77
1
 78
8
 79
3
170
0
171
3
172
1
173
0
174
0
175
0
176
0
177
0
178
0
179
2
271
2
272
2
273
2
274
3
275
0
276
0
277
2
278
44
279
0
280
0
281
0
282
0
283
0
284
8
285
0
286
0
288
0
289
3
290
0
371
-2
372
-2
  0
ENDTAB
  0
TABLE
  2
BLOCK_RECORD
  5
9
330
0
100
AcDbSymbolTable
 70
2
  0
BLOCK_RECORD
  5
17
330
9
100
AcDbSymbolTableRecord
100
AcDbBlockTableRecord
  2
*Model_Space
340
1A
 70
0
280
1
281
0
  0
BLOCK_RECORD
  5
1B
330
9
100
AcDbSymbolTableRecord
100
AcDbBlockTableRecord
  2
*Paper_Space
340
1E
 70
0
280
1
281
0
  0
ENDTAB
  0
ENDSEC
  0
SECTION
  2
BLOCKS
  0
BLOCK
  5
18
330
17
100
AcDbEntity
  8
0
100
AcDbBlockBegin
  2
*Model_Space
 70
0
 10
0.0
 20
0.0
 30
0.0
  3
*Model_Space
  1

  0
ENDBLK
  5
19
330
17
100
AcDbEntity
  8
0
100
AcDbBlockEnd
  0
BLOCK
  5
1C
330
1B
100
AcDbEntity
  8
0
100
AcDbBlockBegin
  2
*Paper_Space
 70
0
 10
0.0
 20
0.0
 30
0.0
  3
*Paper_Space
  1

  0
ENDBLK
  5
1D
330
1B
100
AcDbEntity
  8
0
100
AcDbBlockEnd
  0
ENDSEC
  0
SECTION
  2
ENTITIES
  0
LWPOLYLINE
  5
37
330
17
100
AcDbEntity
  8
OUTLINE
100
AcDbPolyline
 90
5
 70
0
 10
10.0
 20
10.0
 10
410.0
 20
10.0
 10
410.0
 20
287.0
 10
10.0
 20
287.0
 10
10.0
 20
10.0
  0
TEXT
  5
38
330
17
100
AcDbEntity
  8
TEXT
100
AcDbText
 10
15.0
 20
278.0
 30
0.0
 40
5.0
  1
P1 闭合总装 / 双手水平晶圆取放
  7
CJK
 11
15.0
 21
278.0
 31
0.0
100
AcDbText
  0
TEXT
  5
39
330
17
100
AcDbEntity
  8
TEXT
100
AcDbText
 10
405.0
 20
279.0
 30
0.0
 40
3.0
  1
WF300-DH | P1D1 | 01/12
  7
CJK
 72
2
 11
405.0
 21
279.0
 31
0.0
100
AcDbText
  0
LINE
  5
3A
330
17
100
AcDbEntity
  8
OUTLINE
100
AcDbLine
 10
10.0
 20
273.0
 30
0.0
 11
410.0
 21
273.0
 31
0.0
  0
LINE
  5
3B
330
17
100
AcDbEntity
  8
OUTLINE
100
AcDbLine
 10
10.0
 20
38.0
 30
0.0
 11
410.0
 21
38.0
 31
0.0
  0
TEXT
  5
3C
330
17
100
AcDbEntity
  8
HOLD
100
AcDbText
 10
15.0
 20
30.0
 30
0.0
 40
3.3
  1
状态：工程试制 / 首件评审后执行；未获实片使用批准
  7
CJK
 11
15.0
 21
30.0
 31
0.0
100
AcDbText
  0
TEXT
  5
3D
330
17
100
AcDbEntity
  8
TEXT
100
AcDbText
 10
15.0
 20
22.0
 30
0.0
 40
2.6
  1
单位mm；成品尺寸；试制公差见第11页。复杂轮廓依同版STEP；不得量图。
  7
CJK
 11
15.0
 21
22.0
 31
0.0
100
AcDbText
  0
TEXT
  5
3E
330
17
100
AcDbEntity
  8
TEXT
100
AcDbText
 10
15.0
 20
15.0
 30
0.0
 40
2.5
  1
源模型 SHA-256：11d3f112668962898e65…；晶圆厚0.50–0.90；外缘2接触；先假片验收。
  7
CJK
 11
15.0
 21
15.0
 31
0.0
100
AcDbText
  0
LINE
  5
3F
330
17
100
AcDbEntity
  8
OUTLINE
100
AcDbLine
 10
282.0
 20
10.0
 30
0.0
 11
282.0
 21
38.0
 31
0.0
  0
TEXT
  5
40
330
17
100
AcDbEntity
  8
TEXT
100
AcDbText
 10
287.0
 20
30.0
 30
0.0
 40
2.7
  1
图号 WF300-P1-000  |  比例 1:2
  7
CJK
 11
287.0
 21
30.0
 31
0.0
100
AcDbText
  0
TEXT
  5
41
330
17
100
AcDbEntity
  8
TEXT
100
AcDbText
 10
287.0
 20
22.0
 30
0.0
 40
2.6
  1
材料/来源：见12页BOM
  7
CJK
 11
287.0
 21
22.0
 31
0.0
100
AcDbText
  0
TEXT
  5
42
330
17
100
AcDbEntity
  8
TEXT
100
AcDbText
 10
287.0
 20
15.0
 30
0.0
 40
2.6
  1
工艺/质量首件评审签署：待完成
  7
CJK
 11
287.0
 21
15.0
 31
0.0
100
AcDbText
  0
LWPOLYLINE
  5
43
330
17
100
AcDbEntity
  8
OUTLINE
100
AcDbPolyline
 90
2
 70
0
 10
57.0
 20
193.0
 10
57.0
 20
200.0
  0
LWPOLYLINE
  5
44
330
17
100
AcDbEntity
  8
OUTLINE
100
AcDbPolyline
 90
7
 70
0
 10
57.0
 20
193.0
 10
56.98549815
 20
192.87957635
 10
56.94141315
 20
192.75795275000002
 10
56.8647957
 20
192.63229865
 10
56.75227515
 20
192.50228035
 10
56.595488149999994
 20
192.36398755
 10
56.5
 20
192.2928932
  0
LWPOLYLINE
  5
45
330
17
100
AcDbEntity
  8
OUTLINE
100
AcDbPolyline
 90
5
 70
0
 10
56.5
 20
192.2928932
 10
56.385719050000006
 20
192.22461570000002
 10
56.262323800000004
 20
192.17465995
 10
56.132730050000006
 20
192.14420635
 10
56.0
 20
192.1339746
  0
LWPOLYLINE
  5
46
330
17
100
AcDbEntity
  8
OUTLINE
100
AcDbPolyline
 90
2
 70
0
 10
30.82287565
 20
193.0
 10
30.82287565
 20
200.0
  0
LWPOLYLINE
  5
47
330
17
100
AcDbEntity
  8
OUTLINE
100
AcDbPolyline
 90
2
 70
0
 10
57.0
 20
83.0
 10
57.0
 20
88.5
  0
LWPOLYLINE
  5
48
330
17
100
AcDbEntity
  8
OUTLINE
100
AcDbPolyline
 90
15
 70
0
 10
57.0
 20
83.0
 10
57.0
 20
82.7926681
 10
57.0
 20
82.56870335
 10
57.0
 20
82.329088
 10
57.0
 20
82.0748729
 10
57.0
 20
81.80717285
 10
57.0
 20
81.52716185
 10
57.0
 20
81.236068
 10
57.0
 20
80.93516775
 10
57.0
 20
80.62578085
 10
57.0
 20
80.309264
 10
57.0
 20
79.98700535
 10
57.0
 20
79.6604182
 10
57.0
 20
79.33093475
 10
57.0
 20
79.0
  0
LWPOLYLINE
  5
49
330
17
100
AcDbEntity
  8
OUTLINE
100
AcDbPolyline
 90
15
 70
0
 10
57.0
 20
79.0
 10
57.0
 20
78.4401776
 10
57.0
 20
77.88739535
 10
57.0
 20
77.3486047
 10
57.0
 20
76.8305813
 10
57.0
 20
76.3398396
 10
57.0
 20
75.882551
 10
57.0
 20
75.4644661
 10
57.0
 20
75.0908426
 10
57.0
 20
74.766379
 10
57.0
 20
74.49515565
 10
57.0
 20
74.28058335
 10
57.0
 20
74.12536045
 10
57.0
 20
74.03143895
 10
57.0
 20
74.0
  0
LWPOLYLINE
  5
4A
330
17
100
AcDbEntity
  8
OUTLINE
100
AcDbPolyline
 90
2
 70
0
 10
57.0
 20
88.5
 10
57.0
 20
130.0
  0
LWPOLYLINE
  5
4B
330
17
100
AcDbEntity
  8
OUTLINE
100
AcDbPolyline
 90
2
 70
0
 10
57.0
 20
130.0
 10
57.0
 20
137.0
  0
LWPOLYLINE
  5
4C
330
17
100
AcDbEntity
  8
OUTLINE
100
AcDbPolyline
 90
2
 70
0
 10
57.0
 20
137.0
 10
57.0
 20
193.0
  0
LWPOLYLINE
  5
4D
330
17
100
AcDbEntity
  8
OUTLINE
100
AcDbPolyline
 90
2
 70
0
 10
57.0
 20
200.0
 10
57.0
 20
241.5
  0
LWPOLYLINE
  5
4E
330
17
100
AcDbEntity
  8
OUTLINE
100
AcDbPolyline
 90
2
 70
0
 10
57.0
 20
241.5
 10
57.0
 20
247.0
  0
LWPOLYLINE
  5
4F
330
17
100
AcDbEntity
  8
OUTLINE
100
AcDbPolyline
 90
15
 70
0
 10
57.0
 20
251.0
 10
57.0
 20
250.66906525000002
 10
57.0
 20
250.33958180000002
 10
57.0
 20
250.01299465
 10
57.0
 20
249.69073600000002
 10
57.0
 20
249.37421915
 10
57.0
 20
249.06483225
 10
57.0
 20
248.763932
 10
57.0
 20
248.47283815
 10
57.0
 20
248.19282715
 10
57.0
 20
247.9251271
 10
57.0
 20
247.670912
 10
57.0
 20
247.43129664999998
 10
57.0
 20
247.20733189999999
 10
57.0
 20
247.0
  0
LWPOLYLINE
  5
50
330
17
100
AcDbEntity
  8
OUTLINE
100
AcDbPolyline
 90
15
 70
0
 10
57.0
 20
256.0
 10
57.0
 20
255.96856105
 10
57.0
 20
255.87463954999998
 10
57.0
 20
255.71941665
 10
57.0
 20
255.50484434999998
 10
57.0
 20
255.233621
 10
57.0
 20
254.9091574
 10
57.0
 20
254.53553390000002
 10
57.0
 20
254.117449
 10
57.0
 20
253.6601604
 10
57.0
 20
253.1694187
 10
57.0
 20
252.6513953
 10
57.0
 20
252.11260464999998
 10
57.0
 20
251.5598224
 10
57.0
 20
251.0
  0
LWPOLYLINE
  5
51
330
17
100
AcDbEntity
  8
OUTLINE
100
AcDbPolyline
 90
5
 70
0
 10
56.5
 20
200.7071068
 10
56.385719050000006
 20
200.77538429999998
 10
56.262323800000004
 20
200.82534005
 10
56.132730050000006
 20
200.85579365
 10
56.0
 20
200.8660254
  0
LWPOLYLINE
  5
52
330
17
100
AcDbEntity
  8
OUTLINE
100
AcDbPolyline
 90
7
 70
0
 10
57.0
 20
200.0
 10
56.9854553
 20
200.1206052
 10
56.9412997
 20
200.24228025
 10
56.86448059999999
 20
200.3681291
 10
56.844224999999994
 20
200.3946834
 10
56.71174619999999
 20
200.5368927
 10
56.5
 20
200.7071068
  0
LWPOLYLINE
  5
53
330
17
100
AcDbEntity
  8
OUTLINE
100
AcDbPolyline
 90
7
 70
0
 10
57.0
 20
137.0
 10
56.9854553
 20
137.1206052
 10
56.9412997
 20
137.24228025
 10
56.86448059999999
 20
137.3681291
 10
56.844224999999994
 20
137.3946834
 10
56.71174619999999
 20
137.5368927
 10
56.5
 20
137.7071068
  0
LWPOLYLINE
  5
54
330
17
100
AcDbEntity
  8
OUTLINE
100
AcDbPolyline
 90
2
 70
0
 10
48.5
 20
137.8660254
 10
56.0
 20
137.8660254
  0
LWPOLYLINE
  5
55
330
17
100
AcDbEntity
  8
OUTLINE
100
AcDbPolyline
 90
2
 70
0
 10
48.5
 20
192.1339746
 10
56.0
 20
192.1339746
  0
LWPOLYLINE
  5
56
330
17
100
AcDbEntity
  8
OUTLINE
100
AcDbPolyline
 90
5
 70
0
 10
56.5
 20
137.7071068
 10
56.385719050000006
 20
137.77538429999998
 10
56.262323800000004
 20
137.82534005
 10
56.132730050000006
 20
137.85579365
 10
56.0
 20
137.8660254
  0
LWPOLYLINE
  5
57
330
17
100
AcDbEntity
  8
OUTLINE
100
AcDbPolyline
 90
10
 70
0
 10
31.436491649999994
 20
192.0
 10
31.385872500000005
 20
192.01386525
 10
31.324081300000003
 20
192.0526499
 10
31.24632615
 20
192.1199367
 10
31.113637600000004
 20
192.2682731
 10
31.052860850000002
 20
192.35055195
 10
30.9398707
 20
192.5403154
 10
30.877670699999996
 20
192.6872506
 10
30.833879100000004
 20
192.86051115
 10
30.82287565
 20
193.0
  0
LWPOLYLINE
  5
58
330
17
100
AcDbEntity
  8
OUTLINE
100
AcDbPolyline
 90
2
 70
0
 10
31.436491649999994
 20
192.0
 10
48.0
 20
192.0
  0
LWPOLYLINE
  5
59
330
17
100
AcDbEntity
  8
OUTLINE
100
AcDbPolyline
 90
7
 70
0
 10
48.0
 20
192.0
 10
48.052727700000005
 20
192.0252936
 10
48.09664875
 20
192.0446507
 10
48.131508749999995
 20
192.05883805
 10
48.2320866
 20
192.0934805
 10
48.403743500000004
 20
192.12864165
 10
48.5
 20
192.1339746
  0
LWPOLYLINE
  5
5A
330
17
100
AcDbEntity
  8
OUTLINE
100
AcDbPolyline
 90
5
 70
0
 10
30.960813
 20
129.5
 10
30.87922195
 20
129.6828041
 10
30.834549050000007
 20
129.85631684999998
 10
30.825841749999995
 20
129.9276449
 10
30.82287565
 20
130.0
  0
LWPOLYLINE
  5
5B
330
17
100
AcDbEntity
  8
OUTLINE
100
AcDbPolyline
 90
2
 70
0
 10
30.82287565
 20
130.0
 10
30.82287565
 20
137.0
  0
LWPOLYLINE
  5
5C
330
17
100
AcDbEntity
  8
OUTLINE
100
AcDbPolyline
 90
10
 70
0
 10
31.436491649999994
 20
138.0
 10
31.385872500000005
 20
137.98613475
 10
31.324081300000003
 20
137.9473501
 10
31.24632615
 20
137.8800633
 10
31.113637600000004
 20
137.7317269
 10
31.052860850000002
 20
137.64944805
 10
30.9398707
 20
137.4596846
 10
30.877670699999996
 20
137.3127494
 10
30.833879100000004
 20
137.13948885
 10
30.82287565
 20
137.0
  0
LWPOLYLINE
  5
5D
330
17
100
AcDbEntity
  8
OUTLINE
100
AcDbPolyline
 90
2
 70
0
 10
31.5
 20
138.0
 10
31.5
 20
192.0
  0
LWPOLYLINE
  5
5E
330
17
100
AcDbEntity
  8
OUTLINE
100
AcDbPolyline
 90
5
 70
0
 10
30.960813
 20
200.5
 10
30.87922195
 20
200.3171959
 10
30.834549050000007
 20
200.14368315000002
 10
30.825841749999995
 20
200.0723551
 10
30.82287565
 20
200.0
  0
LWPOLYLINE
  5
5F
330
17
100
AcDbEntity
  8
OUTLINE
100
AcDbPolyline
 90
2
 70
0
 10
31.370828700000004
 20
201.0
 10
48.0
 20
201.0
  0
LWPOLYLINE
  5
60
330
17
100
AcDbEntity
  8
OUTLINE
100
AcDbPolyline
 90
7
 70
0
 10
48.0
 20
201.0
 10
48.052727700000005
 20
200.9747064
 10
48.09664875
 20
200.9553493
 10
48.131508749999995
 20
200.94116195
 10
48.2320866
 20
200.9065195
 10
48.403743500000004
 20
200.87135835
 10
48.5
 20
200.8660254
  0
LWPOLYLINE
  5
61
330
17
100
AcDbEntity
  8
OUTLINE
100
AcDbPolyline
 90
2
 70
0
 10
48.5
 20
200.8660254
 10
56.0
 20
200.8660254
  0
LWPOLYLINE
  5
62
330
17
100
AcDbEntity
  8
OUTLINE
100
AcDbPolyline
 90
5
 70
0
 10
31.370828700000004
 20
201.0
 10
31.321456249999997
 20
200.98577475
 10
31.23840715
 20
200.91819295
 10
31.138692000000006
 20
200.79366565
 10
30.960813
 20
200.5
  0
LWPOLYLINE
  5
63
330
17
100
AcDbEntity
  8
OUTLINE
100
AcDbPolyline
 90
2
 70
0
 10
48.0
 20
88.5
 10
48.5
 20
88.5
  0
LWPOLYLINE
  5
64
330
17
100
AcDbEntity
  8
OUTLINE
100
AcDbPolyline
 90
2
 70
0
 10
48.0
 20
83.0
 10
48.0
 20
88.5
  0
LWPOLYLINE
  5
65
330
17
100
AcDbEntity
  8
OUTLINE
100
AcDbPolyline
 90
2
 70
0
 10
48.0
 20
83.0
 10
57.0
 20
83.0
  0
LWPOLYLINE
  5
66
330
17
100
AcDbEntity
  8
OUTLINE
100
AcDbPolyline
 90
2
 70
0
 10
56.5
 20
88.5
 10
57.0
 20
88.5
  0
LWPOLYLINE
  5
67
330
17
100
AcDbEntity
  8
OUTLINE
100
AcDbPolyline
 90
2
 70
0
 10
56.5
 20
88.5
 10
56.5
 20
129.2928932
  0
LWPOLYLINE
  5
68
330
17
100
AcDbEntity
  8
OUTLINE
100
AcDbPolyline
 90
5
 70
0
 10
56.5
 20
129.2928932
 10
56.385719050000006
 20
129.22461570000002
 10
56.262323800000004
 20
129.17465995
 10
56.132730050000006
 20
129.14420635
 10
56.0
 20
129.1339746
  0
LWPOLYLINE
  5
69
330
17
100
AcDbEntity
  8
OUTLINE
100
AcDbPolyline
 90
2
 70
0
 10
48.5
 20
129.1339746
 10
56.0
 20
129.1339746
  0
LWPOLYLINE
  5
6A
330
17
100
AcDbEntity
  8
OUTLINE
100
AcDbPolyline
 90
2
 70
0
 10
48.5
 20
88.5
 10
48.5
 20
129.1339746
  0
LWPOLYLINE
  5
6B
330
17
100
AcDbEntity
  8
OUTLINE
100
AcDbPolyline
 90
15
 70
0
 10
47.0
 20
79.0
 10
47.0
 20
78.4401776
 10
47.0
 20
77.88739535
 10
47.0
 20
77.3486047
 10
47.0
 20
76.8305813
 10
47.0
 20
76.3398396
 10
47.0
 20
75.882551
 10
47.0
 20
75.4644661
 10
47.0
 20
75.0908426
 10
47.0
 20
74.766379
 10
47.0
 20
74.49515565
 10
47.0
 20
74.28058335
 10
47.0
 20
74.12536045
 10
47.0
 20
74.03143895
 10
47.0
 20
74.0
  0
LWPOLYLINE
  5
6C
330
17
100
AcDbEntity
  8
OUTLINE
100
AcDbPolyline
 90
15
 70
0
 10
47.0
 20
84.0
 10
47.0
 20
83.96856105
 10
47.0
 20
83.87463955
 10
47.0
 20
83.71941665
 10
47.0
 20
83.50484435
 10
47.0
 20
83.233621
 10
47.0
 20
82.9091574
 10
47.0
 20
82.5355339
 10
47.0
 20
82.117449
 10
47.0
 20
81.6601604
 10
47.0
 20
81.1694187
 10
47.0
 20
80.6513953
 10
47.0
 20
80.11260465
 10
47.0
 20
79.5598224
 10
47.0
 20
79.0
  0
LWPOLYLINE
  5
6D
330
17
100
AcDbEntity
  8
OUTLINE
100
AcDbPolyline
 90
7
 70
0
 10
57.0
 20
130.0
 10
56.98549815
 20
129.87957635
 10
56.94141315
 20
129.75795275000002
 10
56.8647957
 20
129.63229865
 10
56.75227515
 20
129.50228035
 10
56.595488149999994
 20
129.36398755
 10
56.5
 20
129.2928932
  0
LWPOLYLINE
  5
6E
330
17
100
AcDbEntity
  8
OUTLINE
100
AcDbPolyline
 90
2
 70
0
 10
57.0
 20
117.5
 10
81.9355672
 20
117.5
  0
LWPOLYLINE
  5
6F
330
17
100
AcDbEntity
  8
OUTLINE
100
AcDbPolyline
 90
2
 70
0
 10
56.5
 20
200.7071068
 10
56.5
 20
241.5
  0
LWPOLYLINE
  5
70
330
17
100
AcDbEntity
  8
OUTLINE
100
AcDbPolyline
 90
2
 70
0
 10
57.0
 20
126.5
 10
84.0
 20
126.5
  0
LWPOLYLINE
  5
71
330
17
100
AcDbEntity
  8
OUTLINE
100
AcDbPolyline
 90
2
 70
0
 10
84.0
 20
125.5005627
 10
84.0
 20
126.5
  0
LWPOLYLINE
  5
72
330
17
100
AcDbEntity
  8
OUTLINE
100
AcDbPolyline
 90
2
 70
0
 10
84.1801982
 20
125.62673885000001
 10
84.0
 20
125.5005627
  0
LWPOLYLINE
  5
73
330
17
100
AcDbEntity
  8
OUTLINE
100
AcDbPolyline
 90
2
 70
0
 10
86.9671852
 20
114.1496877
 10
85.1650507
 20
112.88781955
  0
LWPOLYLINE
  5
74
330
17
100
AcDbEntity
  8
OUTLINE
100
AcDbPolyline
 90
2
 70
0
 10
81.9355672
 20
117.5
 10
85.1650507
 20
112.88781955
  0
LWPOLYLINE
  5
75
330
17
100
AcDbEntity
  8
OUTLINE
100
AcDbPolyline
 90
2
 70
0
 10
56.5
 20
241.5
 10
57.0
 20
241.5
  0
LWPOLYLINE
  5
76
330
17
100
AcDbEntity
  8
OUTLINE
100
AcDbPolyline
 90
2
 70
0
 10
48.5
 20
200.8660254
 10
48.5
 20
241.5
  0
LWPOLYLINE
  5
77
330
17
100
AcDbEntity
  8
OUTLINE
100
AcDbPolyline
 90
2
 70
0
 10
48.0
 20
247.0
 10
57.0
 20
247.0
  0
LWPOLYLINE
  5
78
330
17
100
AcDbEntity
  8
OUTLINE
100
AcDbPolyline
 90
2
 70
0
 10
48.0
 20
241.5
 10
48.0
 20
247.0
  0
LWPOLYLINE
  5
79
330
17
100
AcDbEntity
  8
OUTLINE
100
AcDbPolyline
 90
2
 70
0
 10
48.0
 20
241.5
 10
48.5
 20
241.5
  0
LWPOLYLINE
  5
7A
330
17
100
AcDbEntity
  8
OUTLINE
100
AcDbPolyline
 90
15
 70
0
 10
47.0
 20
251.0
 10
47.0
 20
250.4401776
 10
47.0
 20
249.88739535000002
 10
47.0
 20
249.3486047
 10
47.0
 20
248.8305813
 10
47.0
 20
248.3398396
 10
47.0
 20
247.882551
 10
47.0
 20
247.46446609999998
 10
47.0
 20
247.0908426
 10
47.0
 20
246.766379
 10
47.0
 20
246.49515565000002
 10
47.0
 20
246.28058335
 10
47.0
 20
246.12536045000002
 10
47.0
 20
246.03143895
 10
47.0
 20
246.0
  0
LWPOLYLINE
  5
7B
330
17
100
AcDbEntity
  8
OUTLINE
100
AcDbPolyline
 90
15
 70
0
 10
47.0
 20
256.0
 10
47.0
 20
255.96856105
 10
47.0
 20
255.87463954999998
 10
47.0
 20
255.71941665
 10
47.0
 20
255.50484434999998
 10
47.0
 20
255.233621
 10
47.0
 20
254.9091574
 10
47.0
 20
254.53553390000002
 10
47.0
 20
254.117449
 10
47.0
 20
253.6601604
 10
47.0
 20
253.1694187
 10
47.0
 20
252.6513953
 10
47.0
 20
252.11260464999998
 10
47.0
 20
251.5598224
 10
47.0
 20
251.0
  0
LWPOLYLINE
  5
7C
330
17
100
AcDbEntity
  8
OUTLINE
100
AcDbPolyline
 90
2
 70
0
 10
57.0
 20
137.0
 10
56.9913981
 20
137.09274635
  0
LWPOLYLINE
  5
7D
330
17
100
AcDbEntity
  8
OUTLINE
100
AcDbPolyline
 90
2
 70
0
 10
56.807307050000006
 20
137.43896805
 10
56.773138200000005
 20
137.47630015
  0
LWPOLYLINE
  5
7E
330
17
100
AcDbEntity
  8
OUTLINE
100
AcDbPolyline
 90
2
 70
0
 10
56.5925108
 20
137.6383488
 10
56.521795299999994
 20
137.69152345
  0
LWPOLYLINE
  5
7F
330
17
100
AcDbEntity
  8
OUTLINE
100
AcDbPolyline
 90
2
 70
0
 10
57.0
 20
200.0
 10
56.9913981
 20
200.09274635
  0
LWPOLYLINE
  5
80
330
17
100
AcDbEntity
  8
OUTLINE
100
AcDbPolyline
 90
2
 70
0
 10
56.807307050000006
 20
200.43896805
 10
56.773138200000005
 20
200.47630015
  0
LWPOLYLINE
  5
81
330
17
100
AcDbEntity
  8
OUTLINE
100
AcDbPolyline
 90
2
 70
0
 10
56.59251085
 20
200.63834880000002
 10
56.5
 20
200.7071068
  0
LWPOLYLINE
  5
82
330
17
100
AcDbEntity
  8
OUTLINE
100
AcDbPolyline
 90
2
 70
0
 10
57.0
 20
203.5
 10
84.0
 20
203.5
  0
LWPOLYLINE
  5
83
330
17
100
AcDbEntity
  8
OUTLINE
100
AcDbPolyline
 90
2
 70
0
 10
57.0
 20
212.5
 10
81.9355672
 20
212.5
  0
LWPOLYLINE
  5
84
330
17
100
AcDbEntity
  8
OUTLINE
100
AcDbPolyline
 90
2
 70
0
 10
85.1650507
 20
217.11218044999998
 10
81.9355672
 20
212.5
  0
LWPOLYLINE
  5
85
330
17
100
AcDbEntity
  8
OUTLINE
100
AcDbPolyline
 90
2
 70
0
 10
86.9671852
 20
215.85031229999998
 10
85.1650507
 20
217.11218044999998
  0
LWPOLYLINE
  5
86
330
17
100
AcDbEntity
  8
OUTLINE
100
AcDbPolyline
 90
2
 70
0
 10
84.1801982
 20
204.37326115
 10
84.0
 20
204.4994373
  0
LWPOLYLINE
  5
87
330
17
100
AcDbEntity
  8
OUTLINE
100
AcDbPolyline
 90
2
 70
0
 10
84.0
 20
203.5
 10
84.0
 20
204.4994373
  0
LWPOLYLINE
  5
88
330
17
100
AcDbEntity
  8
OUTLINE
100
AcDbPolyline
 90
2
 70
0
 10
48.0
 20
138.0
 10
48.0
 20
192.0
  0
LWPOLYLINE
  5
89
330
17
100
AcDbEntity
  8
OUTLINE
100
AcDbPolyline
 90
7
 70
0
 10
48.0
 20
138.0
 10
48.052727700000005
 20
137.9747064
 10
48.09664875
 20
137.9553493
 10
48.131508749999995
 20
137.94116195
 10
48.2320866
 20
137.9065195
 10
48.403743500000004
 20
137.87135835
 10
48.5
 20
137.8660254
  0
LWPOLYLINE
  5
8A
330
17
100
AcDbEntity
  8
OUTLINE
100
AcDbPolyline
 90
2
 70
0
 10
31.436491649999994
 20
138.0
 10
48.0
 20
138.0
  0
LWPOLYLINE
  5
8B
330
17
100
AcDbEntity
  8
OUTLINE
100
AcDbPolyline
 90
2
 70
0
 10
31.5
 20
192.0
 10
48.0
 20
192.0
  0
LWPOLYLINE
  5
8C
330
17
100
AcDbEntity
  8
OUTLINE
100
AcDbPolyline
 90
5
 70
0
 10
31.370828700000004
 20
129.0
 10
31.321459599999997
 20
129.01422345
 10
31.251394750000003
 20
129.06860534999998
 10
31.15667415
 20
129.1812626
 10
30.960813
 20
129.5
  0
LWPOLYLINE
  5
8D
330
17
100
AcDbEntity
  8
OUTLINE
100
AcDbPolyline
 90
12
 70
0
 10
31.436491649999994
 20
129.0
 10
31.362834250000006
 20
128.77209299999998
 10
31.262460500000003
 20
128.5546255
 10
31.136809999999997
 20
128.3507163
 10
30.987684799999997
 20
128.16328985
 10
30.817223549999994
 20
127.99503415000001
 10
30.627871
 20
127.84836235
 10
30.422342850000007
 20
127.72537785
 10
30.203586650000005
 20
127.6278446
 10
29.974739799999995
 20
127.55716129999999
 10
29.73908435
 20
127.51434175
 10
29.5
 20
127.5
  0
LWPOLYLINE
  5
8E
330
17
100
AcDbEntity
  8
OUTLINE
100
AcDbPolyline
 90
2
 70
0
 10
31.370828700000004
 20
129.0
 10
48.0
 20
129.0
  0
LWPOLYLINE
  5
8F
330
17
100
AcDbEntity
  8
OUTLINE
100
AcDbPolyline
 90
7
 70
0
 10
48.0
 20
129.0
 10
48.052727700000005
 20
129.0252936
 10
48.09664875
 20
129.0446507
 10
48.131508749999995
 20
129.05883805
 10
48.2320866
 20
129.0934805
 10
48.403743500000004
 20
129.12864165
 10
48.5
 20
129.1339746
  0
LWPOLYLINE
  5
90
330
17
100
AcDbEntity
  8
OUTLINE
100
AcDbPolyline
 90
2
 70
0
 10
31.5
 20
138.0
 10
48.0
 20
138.0
  0
LWPOLYLINE
  5
91
330
17
100
AcDbEntity
  8
OUTLINE
100
AcDbPolyline
 90
12
 70
0
 10
29.5
 20
202.5
 10
29.73908435
 20
202.48565825
 10
29.974739799999995
 20
202.4428387
 10
30.203586650000005
 20
202.3721554
 10
30.422342850000007
 20
202.27462215
 10
30.627871
 20
202.15163765
 10
30.817223549999994
 20
202.00496585
 10
30.987684799999997
 20
201.83671015
 10
31.136809999999997
 20
201.6492837
 10
31.262460500000003
 20
201.4453745
 10
31.362834250000006
 20
201.22790700000002
 10
31.436491649999994
 20
201.0
  0
LWPOLYLINE
  5
92
330
17
100
AcDbEntity
  8
OUTLINE
100
AcDbPolyline
 90
2
 70
0
 10
31.436491649999994
 20
201.0
 10
48.0
 20
201.0
  0
LWPOLYLINE
  5
93
330
17
100
AcDbEntity
  8
OUTLINE
100
AcDbPolyline
 90
2
 70
0
 10
48.0
 20
201.0
 10
48.0
 20
241.5
  0
LWPOLYLINE
  5
94
330
17
100
AcDbEntity
  8
OUTLINE
100
AcDbPolyline
 90
2
 70
0
 10
48.0
 20
88.5
 10
48.0
 20
129.0
  0
LWPOLYLINE
  5
95
330
17
100
AcDbEntity
  8
OUTLINE
100
AcDbPolyline
 90
5
 70
0
 10
30.960813
 20
129.5
 10
30.87922195
 20
129.6828041
 10
30.834549050000007
 20
129.85631684999998
 10
30.825841749999995
 20
129.9276449
 10
30.82287565
 20
130.0
  0
LWPOLYLINE
  5
96
330
17
100
AcDbEntity
  8
OUTLINE
100
AcDbPolyline
 90
2
 70
0
 10
31.436491649999994
 20
129.0
 10
48.0
 20
129.0
  0
LWPOLYLINE
  5
97
330
17
100
AcDbEntity
  8
OUTLINE
100
AcDbPolyline
 90
2
 70
0
 10
31.370828700000004
 20
201.0
 10
31.370796850000005
 20
201.0
  0
LWPOLYLINE
  5
98
330
17
100
AcDbEntity
  8
OUTLINE
100
AcDbPolyline
 90
2
 70
0
 10
31.033711299999993
 20
200.62937335
 10
30.960813
 20
200.5
  0
LWPOLYLINE
  5
99
330
17
100
AcDbEntity
  8
OUTLINE
100
AcDbPolyline
 90
15
 70
0
 10
31.436491649999994
 20
129.0
 10
31.43615475
 20
129.0
 10
31.43514415
 20
129.0
 10
31.433460150000002
 20
129.0
 10
31.43110335
 20
129.0
 10
31.42807465
 20
129.0
 10
31.424374999999998
 20
129.0
 10
31.42000575
 20
129.0
 10
31.414968400000006
 20
129.0
 10
31.409264699999994
 20
129.0
 10
31.4028967
 20
129.0
 10
31.395866499999997
 20
129.0
 10
31.388176599999994
 20
129.0
 10
31.379829700000002
 20
129.0
 10
31.370828700000004
 20
129.0
  0
LWPOLYLINE
  5
9A
330
17
100
AcDbEntity
  8
OUTLINE
100
AcDbPolyline
 90
2
 70
0
 10
24.5
 20
127.5
 10
29.5
 20
127.5
  0
LWPOLYLINE
  5
9B
330
17
100
AcDbEntity
  8
OUTLINE
100
AcDbPolyline
 90
2
 70
0
 10
24.5
 20
202.5
 10
29.5
 20
202.5
  0
LWPOLYLINE
  5
9C
330
17
100
AcDbEntity
  8
OUTLINE
100
AcDbPolyline
 90
2
 70
0
 10
22.5
 20
129.5
 10
22.5
 20
200.5
  0
LWPOLYLINE
  5
9D
330
17
100
AcDbEntity
  8
OUTLINE
100
AcDbPolyline
 90
12
 70
0
 10
31.436491649999994
 20
201.0
 10
31.362834250000006
 20
201.22790700000002
 10
31.262460500000003
 20
201.4453745
 10
31.136809999999997
 20
201.6492837
 10
30.987684799999997
 20
201.83671015
 10
30.817223549999994
 20
202.00496585
 10
30.627871
 20
202.15163765
 10
30.422342850000007
 20
202.27462215
 10
30.203586650000005
 20
202.3721554
 10
29.974739799999995
 20
202.4428387
 10
29.73908435
 20
202.48565825
 10
29.5
 20
202.5
  0
LWPOLYLINE
  5
9E
330
17
100
AcDbEntity
  8
OUTLINE
100
AcDbPolyline
 90
12
 70
0
 10
31.436491649999994
 20
129.0
 10
31.362834250000006
 20
128.77209299999998
 10
31.262460500000003
 20
128.5546255
 10
31.136809999999997
 20
128.3507163
 10
30.987684799999997
 20
128.16328985
 10
30.817223549999994
 20
127.99503415000001
 10
30.627871
 20
127.84836235
 10
30.422342850000007
 20
127.72537785
 10
30.203586650000005
 20
127.6278446
 10
29.974739799999995
 20
127.55716129999999
 10
29.73908435
 20
127.51434175
 10
29.5
 20
127.5
  0
LWPOLYLINE
  5
9F
330
17
100
AcDbEntity
  8
OUTLINE
100
AcDbPolyline
 90
14
 70
0
 10
22.5
 20
129.5
 10
22.514582250000004
 20
129.25892665
 10
22.558116350000006
 20
129.02136865
 10
22.629967500000006
 20
128.79079025
 10
22.729087949999993
 20
128.57055365
 10
22.854032250000003
 20
128.3638705
 10
23.002978499999998
 20
128.17375470000002
 10
23.173754700000003
 20
128.00297849999998
 10
23.363870500000004
 20
127.85403225
 10
23.570553649999994
 20
127.72908795000001
 10
23.79079025
 20
127.62996749999999
 10
24.02136865
 20
127.55811635
 10
24.258926650000006
 20
127.51458224999999
 10
24.5
 20
127.5
  0
LWPOLYLINE
  5
A0
330
17
100
AcDbEntity
  8
OUTLINE
100
AcDbPolyline
 90
14
 70
0
 10
24.5
 20
202.5
 10
24.258926650000006
 20
202.48541775
 10
24.02136865
 20
202.44188365
 10
23.79079025
 20
202.3700325
 10
23.570553649999994
 20
202.27091205
 10
23.363870500000004
 20
202.14596775
 10
23.173754700000003
 20
201.99702150000002
 10
23.002978499999998
 20
201.82624529999998
 10
22.854032250000003
 20
201.6361295
 10
22.729087949999993
 20
201.42944635
 10
22.629967500000006
 20
201.20920975
 10
22.558116350000006
 20
200.97863135
 10
22.514582250000004
 20
200.74107335
 10
22.5
 20
200.5
  0
LWPOLYLINE
  5
A1
330
17
100
AcDbEntity
  8
OUTLINE
100
AcDbPolyline
 90
2
 70
0
 10
243.0
 20
88.5
 10
243.5
 20
88.5
  0
LWPOLYLINE
  5
A2
330
17
100
AcDbEntity
  8
OUTLINE
100
AcDbPolyline
 90
2
 70
0
 10
243.0
 20
88.5
 10
243.0
 20
241.5
  0
LWPOLYLINE
  5
A3
330
17
100
AcDbEntity
  8
OUTLINE
100
AcDbPolyline
 90
2
 70
0
 10
243.5
 20
88.5
 10
243.5
 20
241.5
  0
LWPOLYLINE
  5
A4
330
17
100
AcDbEntity
  8
OUTLINE
100
AcDbPolyline
 90
2
 70
0
 10
243.0
 20
83.0
 10
243.0
 20
88.5
  0
LWPOLYLINE
  5
A5
330
17
100
AcDbEntity
  8
OUTLINE
100
AcDbPolyline
 90
2
 70
0
 10
243.0
 20
83.0
 10
252.0
 20
83.0
  0
LWPOLYLINE
  5
A6
330
17
100
AcDbEntity
  8
OUTLINE
100
AcDbPolyline
 90
2
 70
0
 10
243.0
 20
241.5
 10
243.5
 20
241.5
  0
LWPOLYLINE
  5
A7
330
17
100
AcDbEntity
  8
OUTLINE
100
AcDbPolyline
 90
2
 70
0
 10
252.0
 20
83.0
 10
252.0
 20
88.5
  0
LWPOLYLINE
  5
A8
330
17
100
AcDbEntity
  8
OUTLINE
100
AcDbPolyline
 90
2
 70
0
 10
243.0
 20
241.5
 10
243.0
 20
247.0
  0
LWPOLYLINE
  5
A9
330
17
100
AcDbEntity
  8
OUTLINE
100
AcDbPolyline
 90
2
 70
0
 10
251.5
 20
88.5
 10
252.0
 20
88.5
  0
LWPOLYLINE
  5
AA
330
17
100
AcDbEntity
  8
OUTLINE
100
AcDbPolyline
 90
2
 70
0
 10
243.0
 20
247.0
 10
252.0
 20
247.0
  0
LWPOLYLINE
  5
AB
330
17
100
AcDbEntity
  8
OUTLINE
100
AcDbPolyline
 90
2
 70
0
 10
251.5
 20
88.5
 10
251.5
 20
129.1339746
  0
LWPOLYLINE
  5
AC
330
17
100
AcDbEntity
  8
OUTLINE
100
AcDbPolyline
 90
2
 70
0
 10
252.0
 20
241.5
 10
252.0
 20
247.0
  0
LWPOLYLINE
  5
AD
330
17
100
AcDbEntity
  8
OUTLINE
100
AcDbPolyline
 90
2
 70
0
 10
248.0
 20
129.1339746
 10
251.5
 20
129.1339746
  0
LWPOLYLINE
  5
AE
330
17
100
AcDbEntity
  8
OUTLINE
100
AcDbPolyline
 90
2
 70
0
 10
251.5
 20
241.5
 10
252.0
 20
241.5
  0
LWPOLYLINE
  5
AF
330
17
100
AcDbEntity
  8
OUTLINE
100
AcDbPolyline
 90
10
 70
0
 10
248.0
 20
129.1339746
 10
247.84961625
 20
129.14713145000002
 10
247.70380185
 20
129.1862023
 10
247.5669873
 20
129.25
 10
247.4433296
 20
129.33658605
 10
247.33658605
 20
129.4433296
 10
247.25
 20
129.5669873
 10
247.1862023
 20
129.70380185
 10
247.14713145000002
 20
129.84961625
 10
247.1339746
 20
130.0
  0
LWPOLYLINE
  5
B0
330
17
100
AcDbEntity
  8
OUTLINE
100
AcDbPolyline
 90
2
 70
0
 10
251.5
 20
200.8660254
 10
251.5
 20
241.5
  0
LWPOLYLINE
  5
B1
330
17
100
AcDbEntity
  8
OUTLINE
100
AcDbPolyline
 90
2
 70
0
 10
247.1339746
 20
130.0
 10
247.1339746
 20
137.0
  0
LWPOLYLINE
  5
B2
330
17
100
AcDbEntity
  8
OUTLINE
100
AcDbPolyline
 90
2
 70
0
 10
248.0
 20
200.8660254
 10
251.5
 20
200.8660254
  0
LWPOLYLINE
  5
B3
330
17
100
AcDbEntity
  8
OUTLINE
100
AcDbPolyline
 90
10
 70
0
 10
248.0
 20
137.8660254
 10
247.84961625
 20
137.85286855
 10
247.70380185
 20
137.8137977
 10
247.5669873
 20
137.75
 10
247.4433296
 20
137.66341395
 10
247.33658605
 20
137.5566704
 10
247.25
 20
137.4330127
 10
247.1862023
 20
137.29619815
 10
247.14713145000002
 20
137.15038375
 10
247.1339746
 20
137.0
  0
LWPOLYLINE
  5
B4
330
17
100
AcDbEntity
  8
OUTLINE
100
AcDbPolyline
 90
10
 70
0
 10
248.0
 20
200.8660254
 10
247.84961625
 20
200.85286854999998
 10
247.70380185
 20
200.8137977
 10
247.5669873
 20
200.75
 10
247.4433296
 20
200.66341395
 10
247.33658605
 20
200.5566704
 10
247.25
 20
200.4330127
 10
247.1862023
 20
200.29619815
 10
247.14713145000002
 20
200.15038375
 10
247.1339746
 20
200.0
  0
LWPOLYLINE
  5
B5
330
17
100
AcDbEntity
  8
OUTLINE
100
AcDbPolyline
 90
2
 70
0
 10
248.0
 20
137.8660254
 10
251.5
 20
137.8660254
  0
LWPOLYLINE
  5
B6
330
17
100
AcDbEntity
  8
OUTLINE
100
AcDbPolyline
 90
2
 70
0
 10
247.1339746
 20
193.0
 10
247.1339746
 20
200.0
  0
LWPOLYLINE
  5
B7
330
17
100
AcDbEntity
  8
OUTLINE
100
AcDbPolyline
 90
2
 70
0
 10
251.5
 20
137.8660254
 10
251.5
 20
163.615
  0
LWPOLYLINE
  5
B8
330
17
100
AcDbEntity
  8
OUTLINE
100
AcDbPolyline
 90
2
 70
0
 10
251.5
 20
166.385
 10
251.5
 20
192.1339746
  0
LWPOLYLINE
  5
B9
330
17
100
AcDbEntity
  8
OUTLINE
100
AcDbPolyline
 90
10
 70
0
 10
248.0
 20
192.1339746
 10
247.84961625
 20
192.14713145
 10
247.70380185
 20
192.1862023
 10
247.5669873
 20
192.25
 10
247.4433296
 20
192.33658605
 10
247.33658605
 20
192.4433296
 10
247.25
 20
192.5669873
 10
247.1862023
 20
192.70380185
 10
247.14713145000002
 20
192.84961625
 10
247.1339746
 20
193.0
  0
LWPOLYLINE
  5
BA
330
17
100
AcDbEntity
  8
OUTLINE
100
AcDbPolyline
 90
2
 70
0
 10
248.0
 20
192.1339746
 10
251.5
 20
192.1339746
  0
LWPOLYLINE
  5
BB
330
17
100
AcDbEntity
  8
OUTLINE
100
AcDbPolyline
 90
15
 70
0
 10
243.0
 20
83.0
 10
243.0
 20
82.7926681
 10
243.0
 20
82.56870335
 10
243.0
 20
82.329088
 10
243.0
 20
82.0748729
 10
243.0
 20
81.80717285
 10
243.0
 20
81.52716185
 10
243.0
 20
81.236068
 10
243.0
 20
80.93516775
 10
243.0
 20
80.62578085
 10
243.0
 20
80.309264
 10
243.0
 20
79.98700535
 10
243.0
 20
79.6604182
 10
243.0
 20
79.33093475
 10
243.0
 20
79.0
  0
LWPOLYLINE
  5
BC
330
17
100
AcDbEntity
  8
OUTLINE
100
AcDbPolyline
 90
15
 70
0
 10
243.0
 20
79.0
 10
243.0
 20
78.4401776
 10
243.0
 20
77.88739535
 10
243.0
 20
77.3486047
 10
243.0
 20
76.8305813
 10
243.0
 20
76.3398396
 10
243.0
 20
75.882551
 10
243.0
 20
75.4644661
 10
243.0
 20
75.0908426
 10
243.0
 20
74.766379
 10
243.0
 20
74.49515565
 10
243.0
 20
74.28058335
 10
243.0
 20
74.12536045
 10
243.0
 20
74.03143895
 10
243.0
 20
74.0
  0
LWPOLYLINE
  5
BD
330
17
100
AcDbEntity
  8
OUTLINE
100
AcDbPolyline
 90
15
 70
0
 10
243.0
 20
251.0
 10
243.0
 20
250.66906525000002
 10
243.0
 20
250.33958180000002
 10
243.0
 20
250.01299465
 10
243.0
 20
249.69073600000002
 10
243.0
 20
249.37421915
 10
243.0
 20
249.06483225
 10
243.0
 20
248.763932
 10
243.0
 20
248.47283815
 10
243.0
 20
248.19282715
 10
243.0
 20
247.9251271
 10
243.0
 20
247.670912
 10
243.0
 20
247.43129664999998
 10
243.0
 20
247.20733189999999
 10
243.0
 20
247.0
  0
LWPOLYLINE
  5
BE
330
17
100
AcDbEntity
  8
OUTLINE
100
AcDbPolyline
 90
15
 70
0
 10
243.0
 20
256.0
 10
243.0
 20
255.96856105
 10
243.0
 20
255.87463954999998
 10
243.0
 20
255.71941665
 10
243.0
 20
255.50484434999998
 10
243.0
 20
255.233621
 10
243.0
 20
254.9091574
 10
243.0
 20
254.53553390000002
 10
243.0
 20
254.117449
 10
243.0
 20
253.6601604
 10
243.0
 20
253.1694187
 10
243.0
 20
252.6513953
 10
243.0
 20
252.11260464999998
 10
243.0
 20
251.5598224
 10
243.0
 20
251.0
  0
LWPOLYLINE
  5
BF
330
17
100
AcDbEntity
  8
OUTLINE
100
AcDbPolyline
 90
15
 70
0
 10
253.0
 20
79.0
 10
253.0
 20
78.4401776
 10
253.0
 20
77.88739535
 10
253.0
 20
77.3486047
 10
253.0
 20
76.8305813
 10
253.0
 20
76.3398396
 10
253.0
 20
75.882551
 10
253.0
 20
75.4644661
 10
253.0
 20
75.0908426
 10
253.0
 20
74.766379
 10
253.0
 20
74.49515565
 10
253.0
 20
74.28058335
 10
253.0
 20
74.12536045
 10
253.0
 20
74.03143895
 10
253.0
 20
74.0
  0
LWPOLYLINE
  5
C0
330
17
100
AcDbEntity
  8
OUTLINE
100
AcDbPolyline
 90
15
 70
0
 10
253.0
 20
84.0
 10
253.0
 20
83.96856105
 10
253.0
 20
83.87463955
 10
253.0
 20
83.71941665
 10
253.0
 20
83.50484435
 10
253.0
 20
83.233621
 10
253.0
 20
82.9091574
 10
253.0
 20
82.5355339
 10
253.0
 20
82.117449
 10
253.0
 20
81.6601604
 10
253.0
 20
81.1694187
 10
253.0
 20
80.6513953
 10
253.0
 20
80.11260465
 10
253.0
 20
79.5598224
 10
253.0
 20
79.0
  0
LWPOLYLINE
  5
C1
330
17
100
AcDbEntity
  8
OUTLINE
100
AcDbPolyline
 90
2
 70
0
 10
252.0
 20
88.5
 10
252.0
 20
129.0
  0
LWPOLYLINE
  5
C2
330
17
100
AcDbEntity
  8
OUTLINE
100
AcDbPolyline
 90
15
 70
0
 10
253.0
 20
251.0
 10
253.0
 20
250.4401776
 10
253.0
 20
249.88739535000002
 10
253.0
 20
249.3486047
 10
253.0
 20
248.8305813
 10
253.0
 20
248.3398396
 10
253.0
 20
247.882551
 10
253.0
 20
247.46446609999998
 10
253.0
 20
247.0908426
 10
253.0
 20
246.766379
 10
253.0
 20
246.49515565000002
 10
253.0
 20
246.28058335
 10
253.0
 20
246.12536045000002
 10
253.0
 20
246.03143895
 10
253.0
 20
246.0
  0
LWPOLYLINE
  5
C3
330
17
100
AcDbEntity
  8
OUTLINE
100
AcDbPolyline
 90
15
 70
0
 10
253.0
 20
256.0
 10
253.0
 20
255.96856105
 10
253.0
 20
255.87463954999998
 10
253.0
 20
255.71941665
 10
253.0
 20
255.50484434999998
 10
253.0
 20
255.233621
 10
253.0
 20
254.9091574
 10
253.0
 20
254.53553390000002
 10
253.0
 20
254.117449
 10
253.0
 20
253.6601604
 10
253.0
 20
253.1694187
 10
253.0
 20
252.6513953
 10
253.0
 20
252.11260464999998
 10
253.0
 20
251.5598224
 10
253.0
 20
251.0
  0
LWPOLYLINE
  5
C4
330
17
100
AcDbEntity
  8
OUTLINE
100
AcDbPolyline
 90
7
 70
0
 10
252.0
 20
129.0
 10
251.9472723
 20
129.0252936
 10
251.90335125000001
 20
129.0446507
 10
251.86849125
 20
129.05883805
 10
251.7679134
 20
129.0934805
 10
251.59625649999998
 20
129.12864165
 10
251.5
 20
129.1339746
  0
LWPOLYLINE
  5
C5
330
17
100
AcDbEntity
  8
OUTLINE
100
AcDbPolyline
 90
2
 70
0
 10
252.0
 20
201.0
 10
252.0
 20
241.5
  0
LWPOLYLINE
  5
C6
330
17
100
AcDbEntity
  8
OUTLINE
100
AcDbPolyline
 90
2
 70
0
 10
252.0
 20
129.0
 10
268.6291713
 20
129.0
  0
LWPOLYLINE
  5
C7
330
17
100
AcDbEntity
  8
OUTLINE
100
AcDbPolyline
 90
5
 70
0
 10
268.6291713
 20
129.0
 10
268.6785404
 20
129.01422345
 10
268.74860524999997
 20
129.06860534999998
 10
268.84332585
 20
129.1812626
 10
269.03918699999997
 20
129.5
  0
LWPOLYLINE
  5
C8
330
17
100
AcDbEntity
  8
OUTLINE
100
AcDbPolyline
 90
5
 70
0
 10
269.03918699999997
 20
129.5
 10
269.12077805
 20
129.6828041
 10
269.16545095
 20
129.85631684999998
 10
269.17415825
 20
129.9276449
 10
269.17712435
 20
130.0
  0
LWPOLYLINE
  5
C9
330
17
100
AcDbEntity
  8
OUTLINE
100
AcDbPolyline
 90
7
 70
0
 10
252.0
 20
201.0
 10
251.9472723
 20
200.9747064
 10
251.90335125000001
 20
200.9553493
 10
251.86849125
 20
200.94116195
 10
251.7679134
 20
200.9065195
 10
251.59625649999998
 20
200.87135835
 10
251.5
 20
200.8660254
  0
LWPOLYLINE
  5
CA
330
17
100
AcDbEntity
  8
OUTLINE
100
AcDbPolyline
 90
2
 70
0
 10
252.0
 20
201.0
 10
268.6291713
 20
201.0
  0
LWPOLYLINE
  5
CB
330
17
100
AcDbEntity
  8
OUTLINE
100
AcDbPolyline
 90
5
 70
0
 10
268.6291713
 20
201.0
 10
268.67854375
 20
200.98577475
 10
268.76159285
 20
200.91819295
 10
268.861308
 20
200.79366565
 10
269.03918699999997
 20
200.5
  0
LWPOLYLINE
  5
CC
330
17
100
AcDbEntity
  8
OUTLINE
100
AcDbPolyline
 90
5
 70
0
 10
269.03918699999997
 20
200.5
 10
269.12077805
 20
200.3171959
 10
269.16545095
 20
200.14368315000002
 10
269.17415825
 20
200.0723551
 10
269.17712435
 20
200.0
  0
LWPOLYLINE
  5
CD
330
17
100
AcDbEntity
  8
OUTLINE
100
AcDbPolyline
 90
7
 70
0
 10
252.0
 20
138.0
 10
251.9472723
 20
137.9747064
 10
251.90335125000001
 20
137.9553493
 10
251.86849125
 20
137.94116195
 10
251.7679134
 20
137.9065195
 10
251.59625649999998
 20
137.87135835
 10
251.5
 20
137.8660254
  0
LWPOLYLINE
  5
CE
330
17
100
AcDbEntity
  8
OUTLINE
100
AcDbPolyline
 90
2
 70
0
 10
252.0
 20
138.0
 10
268.56350835
 20
138.0
  0
LWPOLYLINE
  5
CF
330
17
100
AcDbEntity
  8
OUTLINE
100
AcDbPolyline
 90
10
 70
0
 10
268.56350835
 20
138.0
 10
268.6141275
 20
137.98613475
 10
268.6759187
 20
137.9473501
 10
268.75367385
 20
137.8800633
 10
268.8863624
 20
137.7317269
 10
268.94713915
 20
137.64944805
 10
269.06012929999997
 20
137.4596846
 10
269.1223293
 20
137.3127494
 10
269.1661209
 20
137.13948885
 10
269.17712435
 20
137.0
  0
LWPOLYLINE
  5
D0
330
17
100
AcDbEntity
  8
OUTLINE
100
AcDbPolyline
 90
2
 70
0
 10
252.0
 20
138.0
 10
252.0
 20
192.0
  0
LWPOLYLINE
  5
D1
330
17
100
AcDbEntity
  8
OUTLINE
100
AcDbPolyline
 90
7
 70
0
 10
252.0
 20
192.0
 10
251.9472723
 20
192.0252936
 10
251.90335125000001
 20
192.0446507
 10
251.86849125
 20
192.05883805
 10
251.7679134
 20
192.0934805
 10
251.59625649999998
 20
192.12864165
 10
251.5
 20
192.1339746
  0
LWPOLYLINE
  5
D2
330
17
100
AcDbEntity
  8
OUTLINE
100
AcDbPolyline
 90
2
 70
0
 10
252.0
 20
192.0
 10
268.56350835
 20
192.0
  0
LWPOLYLINE
  5
D3
330
17
100
AcDbEntity
  8
OUTLINE
100
AcDbPolyline
 90
10
 70
0
 10
268.56350835
 20
192.0
 10
268.6141275
 20
192.01386525
 10
268.6759187
 20
192.0526499
 10
268.75367385
 20
192.1199367
 10
268.8863624
 20
192.2682731
 10
268.94713915
 20
192.35055195
 10
269.06012929999997
 20
192.5403154
 10
269.1223293
 20
192.6872506
 10
269.1661209
 20
192.86051115
 10
269.17712435
 20
193.0
  0
LWPOLYLINE
  5
D4
330
17
100
AcDbEntity
  8
OUTLINE
100
AcDbPolyline
 90
2
 70
0
 10
218.06443280000002
 20
117.5
 10
243.0
 20
117.5
  0
LWPOLYLINE
  5
D5
330
17
100
AcDbEntity
  8
OUTLINE
100
AcDbPolyline
 90
2
 70
0
 10
216.0
 20
126.5
 10
243.0
 20
126.5
  0
LWPOLYLINE
  5
D6
330
17
100
AcDbEntity
  8
OUTLINE
100
AcDbPolyline
 90
2
 70
0
 10
214.8349493
 20
112.88781955
 10
218.06443280000002
 20
117.5
  0
LWPOLYLINE
  5
D7
330
17
100
AcDbEntity
  8
OUTLINE
100
AcDbPolyline
 90
2
 70
0
 10
213.03281479999998
 20
114.1496877
 10
214.8349493
 20
112.88781955
  0
LWPOLYLINE
  5
D8
330
17
100
AcDbEntity
  8
OUTLINE
100
AcDbPolyline
 90
2
 70
0
 10
215.8198018
 20
125.62673885000001
 10
216.0
 20
125.5005627
  0
LWPOLYLINE
  5
D9
330
17
100
AcDbEntity
  8
OUTLINE
100
AcDbPolyline
 90
2
 70
0
 10
216.0
 20
125.5005627
 10
216.0
 20
126.5
  0
LWPOLYLINE
  5
DA
330
17
100
AcDbEntity
  8
OUTLINE
100
AcDbPolyline
 90
2
 70
0
 10
216.0
 20
203.5
 10
243.0
 20
203.5
  0
LWPOLYLINE
  5
DB
330
17
100
AcDbEntity
  8
OUTLINE
100
AcDbPolyline
 90
2
 70
0
 10
218.06443280000002
 20
212.5
 10
243.0
 20
212.5
  0
LWPOLYLINE
  5
DC
330
17
100
AcDbEntity
  8
OUTLINE
100
AcDbPolyline
 90
2
 70
0
 10
216.0
 20
203.5
 10
216.0
 20
204.4994373
  0
LWPOLYLINE
  5
DD
330
17
100
AcDbEntity
  8
OUTLINE
100
AcDbPolyline
 90
2
 70
0
 10
215.8198018
 20
204.37326115
 10
216.0
 20
204.4994373
  0
LWPOLYLINE
  5
DE
330
17
100
AcDbEntity
  8
OUTLINE
100
AcDbPolyline
 90
2
 70
0
 10
213.03281479999998
 20
215.85031229999998
 10
214.8349493
 20
217.11218044999998
  0
LWPOLYLINE
  5
DF
330
17
100
AcDbEntity
  8
OUTLINE
100
AcDbPolyline
 90
2
 70
0
 10
218.06443280000002
 20
212.5
 10
214.8349493
 20
217.11218044999998
  0
LWPOLYLINE
  5
E0
330
17
100
AcDbEntity
  8
OUTLINE
100
AcDbPolyline
 90
2
 70
0
 10
252.0
 20
129.0
 10
251.9712556
 20
129.0140579
  0
LWPOLYLINE
  5
E1
330
17
100
AcDbEntity
  8
OUTLINE
100
AcDbPolyline
 90
2
 70
0
 10
252.0
 20
129.0
 10
268.56350835
 20
129.0
  0
LWPOLYLINE
  5
E2
330
17
100
AcDbEntity
  8
OUTLINE
100
AcDbPolyline
 90
15
 70
0
 10
268.6291713
 20
129.0
 10
268.6201703
 20
129.0
 10
268.6118234
 20
129.0
 10
268.6041335
 20
129.0
 10
268.5971033
 20
129.0
 10
268.5907353
 20
129.0
 10
268.5850316
 20
129.0
 10
268.57999425
 20
129.0
 10
268.575625
 20
129.0
 10
268.57192535
 20
129.0
 10
268.56889665
 20
129.0
 10
268.56653985
 20
129.0
 10
268.56485585
 20
129.0
 10
268.56384525
 20
129.0
 10
268.56350835
 20
129.0
  0
LWPOLYLINE
  5
E3
330
17
100
AcDbEntity
  8
OUTLINE
100
AcDbPolyline
 90
2
 70
0
 10
252.0
 20
201.0
 10
268.56350835
 20
201.0
  0
LWPOLYLINE
  5
E4
330
17
100
AcDbEntity
  8
OUTLINE
100
AcDbPolyline
 90
12
 70
0
 10
268.56350835
 20
129.0
 10
268.63716575
 20
128.77209299999998
 10
268.7375395
 20
128.5546255
 10
268.86319000000003
 20
128.3507163
 10
269.0123152
 20
128.16328985
 10
269.18277645
 20
127.99503415000001
 10
269.372129
 20
127.84836235
 10
269.57765715
 20
127.72537785
 10
269.79641334999997
 20
127.6278446
 10
270.0252602
 20
127.55716129999999
 10
270.26091565
 20
127.51434175
 10
270.5
 20
127.5
  0
LWPOLYLINE
  5
E5
330
17
100
AcDbEntity
  8
OUTLINE
100
AcDbPolyline
 90
2
 70
0
 10
269.17712435
 20
130.0
 10
269.17712435
 20
137.0
  0
LWPOLYLINE
  5
E6
330
17
100
AcDbEntity
  8
OUTLINE
100
AcDbPolyline
 90
2
 70
0
 10
268.5
 20
138.0
 10
268.5
 20
192.0
  0
LWPOLYLINE
  5
E7
330
17
100
AcDbEntity
  8
OUTLINE
100
AcDbPolyline
 90
2
 70
0
 10
269.17712435
 20
193.0
 10
269.17712435
 20
200.0
  0
LWPOLYLINE
  5
E8
330
17
100
AcDbEntity
  8
OUTLINE
100
AcDbPolyline
 90
12
 70
0
 10
270.5
 20
202.5
 10
270.26091565
 20
202.48565825
 10
270.0252602
 20
202.4428387
 10
269.79641334999997
 20
202.3721554
 10
269.57765715
 20
202.27462215
 10
269.372129
 20
202.15163765
 10
269.18277645
 20
202.00496585
 10
269.0123152
 20
201.83671015
 10
268.86319000000003
 20
201.6492837
 10
268.7375395
 20
201.4453745
 10
268.63716575
 20
201.22790700000002
 10
268.56350835
 20
201.0
  0
LWPOLYLINE
  5
E9
330
17
100
AcDbEntity
  8
OUTLINE
100
AcDbPolyline
 90
2
 70
0
 10
252.0
 20
138.0
 10
268.5
 20
138.0
  0
LWPOLYLINE
  5
EA
330
17
100
AcDbEntity
  8
OUTLINE
100
AcDbPolyline
 90
2
 70
0
 10
252.0
 20
192.0
 10
268.5
 20
192.0
  0
LWPOLYLINE
  5
EB
330
17
100
AcDbEntity
  8
OUTLINE
100
AcDbPolyline
 90
2
 70
0
 10
268.6291713
 20
201.0
 10
268.62920314999997
 20
201.0
  0
LWPOLYLINE
  5
EC
330
17
100
AcDbEntity
  8
OUTLINE
100
AcDbPolyline
 90
2
 70
0
 10
268.9662887
 20
200.62937335
 10
269.03918699999997
 20
200.5
  0
LWPOLYLINE
  5
ED
330
17
100
AcDbEntity
  8
OUTLINE
100
AcDbPolyline
 90
12
 70
0
 10
268.56350835
 20
129.0
 10
268.63716575
 20
128.77209299999998
 10
268.7375395
 20
128.5546255
 10
268.86319000000003
 20
128.3507163
 10
269.0123152
 20
128.16328985
 10
269.18277645
 20
127.99503415000001
 10
269.372129
 20
127.84836235
 10
269.57765715
 20
127.72537785
 10
269.79641334999997
 20
127.6278446
 10
270.0252602
 20
127.55716129999999
 10
270.26091565
 20
127.51434175
 10
270.5
 20
127.5
  0
LWPOLYLINE
  5
EE
330
17
100
AcDbEntity
  8
OUTLINE
100
AcDbPolyline
 90
12
 70
0
 10
268.56350835
 20
201.0
 10
268.63716575
 20
201.22790700000002
 10
268.7375395
 20
201.4453745
 10
268.86319000000003
 20
201.6492837
 10
269.0123152
 20
201.83671015
 10
269.18277645
 20
202.00496585
 10
269.372129
 20
202.15163765
 10
269.57765715
 20
202.27462215
 10
269.79641334999997
 20
202.3721554
 10
270.0252602
 20
202.4428387
 10
270.26091565
 20
202.48565825
 10
270.5
 20
202.5
  0
LWPOLYLINE
  5
EF
330
17
100
AcDbEntity
  8
OUTLINE
100
AcDbPolyline
 90
2
 70
0
 10
270.5
 20
127.5
 10
275.5
 20
127.5
  0
LWPOLYLINE
  5
F0
330
17
100
AcDbEntity
  8
OUTLINE
100
AcDbPolyline
 90
2
 70
0
 10
270.5
 20
202.5
 10
275.5
 20
202.5
  0
LWPOLYLINE
  5
F1
330
17
100
AcDbEntity
  8
OUTLINE
100
AcDbPolyline
 90
14
 70
0
 10
277.5
 20
129.5
 10
277.48541775
 20
129.25892665
 10
277.44188365
 20
129.02136865
 10
277.3700325
 20
128.79079025
 10
277.27091205
 20
128.57055365
 10
277.14596775
 20
128.3638705
 10
276.9970215
 20
128.17375470000002
 10
276.8262453
 20
128.00297849999998
 10
276.6361295
 20
127.85403225
 10
276.42944635000003
 20
127.72908795000001
 10
276.20920975
 20
127.62996749999999
 10
275.97863135
 20
127.55811635
 10
275.74107334999997
 20
127.51458224999999
 10
275.5
 20
127.5
  0
LWPOLYLINE
  5
F2
330
17
100
AcDbEntity
  8
OUTLINE
100
AcDbPolyline
 90
2
 70
0
 10
277.5
 20
129.5
 10
277.5
 20
130.0
  0
LWPOLYLINE
  5
F3
330
17
100
AcDbEntity
  8
OUTLINE
100
AcDbPolyline
 90
11
 70
0
 10
277.5
 20
130.0
 10
277.49999955
 20
129.99903325
 10
277.49999815
 20
129.9980665
 10
277.49999579999997
 20
129.99709975
 10
277.4999924
 20
129.99609850000002
 10
277.49998800000003
 20
129.99509725000001
 10
277.49998255
 20
129.99409595
 10
277.49997615
 20
129.9930947
 10
277.4999693
 20
129.9921625
 10
277.49996154999997
 20
129.99123029999998
 10
277.4974334
 20
129.9283998
  0
LWPOLYLINE
  5
F4
330
17
100
AcDbEntity
  8
OUTLINE
100
AcDbPolyline
 90
2
 70
0
 10
277.45006645
 20
129.6879523
 10
277.43649165
 20
129.6493102
  0
LWPOLYLINE
  5
F5
330
17
100
AcDbEntity
  8
OUTLINE
100
AcDbPolyline
 90
14
 70
0
 10
277.43649165
 20
129.6493102
 10
277.4239846
 20
129.6203655
 10
277.41379745
 20
129.60195665
 10
277.37949779999997
 20
129.56099365
 10
277.31159245000003
 20
129.5303064
 10
277.25801155
 20
129.53133665000001
 10
277.21041815
 20
129.5445852
 10
277.1711902
 20
129.56288215
 10
277.13308025000003
 20
129.58679560000002
 10
277.0923968
 20
129.61938885
 10
277.04687555
 20
129.6660905
 10
276.97193864999997
 20
129.78112314999998
 10
276.94157445
 20
129.8604949
 10
276.9216118
 20
130.0
  0
LWPOLYLINE
  5
F6
330
17
100
AcDbEntity
  8
OUTLINE
100
AcDbPolyline
 90
2
 70
0
 10
276.9216118
 20
130.0
 10
276.9216118
 20
137.0
  0
LWPOLYLINE
  5
F7
330
17
100
AcDbEntity
  8
OUTLINE
100
AcDbPolyline
 90
10
 70
0
 10
276.9216118
 20
137.0
 10
276.93595335
 20
137.1184949
 10
276.989217
 20
137.25186685
 10
277.0832064
 20
137.3721341
 10
277.16759845
 20
137.43512355000001
 10
277.2098415
 20
137.45519255
 10
277.2888544
 20
137.471313
 10
277.359454
 20
137.4532185
 10
277.3891487
 20
137.4299913
 10
277.43649165
 20
137.3506898
  0
LWPOLYLINE
  5
F8
330
17
100
AcDbEntity
  8
OUTLINE
100
AcDbPolyline
 90
11
 70
0
 10
277.5
 20
137.0
 10
277.49999955
 20
137.00096675
 10
277.49999815
 20
137.0019335
 10
277.49999579999997
 20
137.00290025
 10
277.4999924
 20
137.0039015
 10
277.49998800000003
 20
137.00490274999999
 10
277.49998255
 20
137.00590405
 10
277.49997615
 20
137.0069053
 10
277.4999693
 20
137.0078375
 10
277.49996154999997
 20
137.0087697
 10
277.4974334
 20
137.0716002
  0
LWPOLYLINE
  5
F9
330
17
100
AcDbEntity
  8
OUTLINE
100
AcDbPolyline
 90
2
 70
0
 10
277.45006645
 20
137.3120477
 10
277.43649165
 20
137.3506898
  0
LWPOLYLINE
  5
FA
330
17
100
AcDbEntity
  8
OUTLINE
100
AcDbPolyline
 90
2
 70
0
 10
277.5
 20
137.0
 10
277.5
 20
193.0
  0
LWPOLYLINE
  5
FB
330
17
100
AcDbEntity
  8
OUTLINE
100
AcDbPolyline
 90
12
 70
0
 10
277.5
 20
193.0
 10
277.49999955
 20
192.99903325
 10
277.49999815
 20
192.9980665
 10
277.49999579999997
 20
192.99709975
 10
277.4999924
 20
192.9960985
 10
277.49998800000003
 20
192.99509725000001
 10
277.49998255
 20
192.99409595
 10
277.49997615
 20
192.9930947
 10
277.4999693
 20
192.9921625
 10
277.49996154999997
 20
192.9912303
 10
277.4838724
 20
192.82112825000002
 10
277.43649165
 20
192.6493102
  0
LWPOLYLINE
  5
FC
330
17
100
AcDbEntity
  8
OUTLINE
100
AcDbPolyline
 90
14
 70
0
 10
277.43649165
 20
192.6493102
 10
277.3942609
 20
192.5754776
 10
277.3798962
 20
192.56133475000001
 10
277.32406105
 20
192.53270270000002
 10
277.25693445
 20
192.53151935
 10
277.21263415
 20
192.5437444
 10
277.21041815
 20
192.5445852
 10
277.1711902
 20
192.56288215
 10
277.13308025000003
 20
192.5867956
 10
277.0923968
 20
192.61938885
 10
277.04687555
 20
192.6660905
 10
276.97193864999997
 20
192.78112314999998
 10
276.94157445
 20
192.8604949
 10
276.9216118
 20
193.0
  0
LWPOLYLINE
  5
FD
330
17
100
AcDbEntity
  8
OUTLINE
100
AcDbPolyline
 90
2
 70
0
 10
276.9216118
 20
193.0
 10
276.9216118
 20
200.0
  0
LWPOLYLINE
  5
FE
330
17
100
AcDbEntity
  8
OUTLINE
100
AcDbPolyline
 90
11
 70
0
 10
276.9216118
 20
200.0
 10
276.93595335
 20
200.1184949
 10
276.989217
 20
200.25186685
 10
277.0832064
 20
200.37213409999998
 10
277.16759845
 20
200.43512355000001
 10
277.2547605
 20
200.46809439999998
 10
277.28685835
 20
200.47130125
 10
277.29169045000003
 20
200.471289
 10
277.35497399999997
 20
200.455696
 10
277.3891487
 20
200.42999129999998
 10
277.43649165
 20
200.3506898
  0
LWPOLYLINE
  5
FF
330
17
100
AcDbEntity
  8
OUTLINE
100
AcDbPolyline
 90
12
 70
0
 10
277.5
 20
200.0
 10
277.49999955
 20
200.00096675
 10
277.49999815
 20
200.0019335
 10
277.49999579999997
 20
200.00290025
 10
277.4999924
 20
200.00390149999998
 10
277.49998800000003
 20
200.00490274999999
 10
277.49998255
 20
200.00590405
 10
277.49997615
 20
200.0069053
 10
277.4999693
 20
200.0078375
 10
277.49996154999997
 20
200.00876970000002
 10
277.4838724
 20
200.17887174999998
 10
277.43649165
 20
200.3506898
  0
LWPOLYLINE
  5
100
330
17
100
AcDbEntity
  8
OUTLINE
100
AcDbPolyline
 90
2
 70
0
 10
277.5
 20
200.0
 10
277.5
 20
200.5
  0
LWPOLYLINE
  5
101
330
17
100
AcDbEntity
  8
OUTLINE
100
AcDbPolyline
 90
14
 70
0
 10
275.5
 20
202.5
 10
275.74107334999997
 20
202.48541775
 10
275.97863135
 20
202.44188365
 10
276.20920975
 20
202.3700325
 10
276.42944635000003
 20
202.27091205
 10
276.6361295
 20
202.14596775
 10
276.8262453
 20
201.99702150000002
 10
276.9970215
 20
201.82624529999998
 10
277.14596775
 20
201.6361295
 10
277.27091205
 20
201.42944635
 10
277.3700325
 20
201.20920975
 10
277.44188365
 20
200.97863135
 10
277.48541775
 20
200.74107335
 10
277.5
 20
200.5
  0
LWPOLYLINE
  5
102
330
17
100
AcDbEntity
  8
OUTLINE
100
AcDbPolyline
 90
2
 70
0
 10
277.5
 20
193.0
 10
277.5
 20
200.0
  0
LWPOLYLINE
  5
103
330
17
100
AcDbEntity
  8
OUTLINE
100
AcDbPolyline
 90
2
 70
0
 10
277.5
 20
130.0
 10
277.5
 20
137.0
  0
LWPOLYLINE
  5
104
330
17
100
AcDbEntity
  8
OUTLINE
100
AcDbPolyline
 90
4
 70
0
 10
277.5
 20
130.0
 10
277.492876
 20
129.8808479
 10
277.47160555
 20
129.76339345
 10
277.43649165
 20
129.6493102
  0
LWPOLYLINE
  5
105
330
17
100
AcDbEntity
  8
OUTLINE
100
AcDbPolyline
 90
4
 70
0
 10
277.43649165
 20
137.3506898
 10
277.47160555
 20
137.23660655
 10
277.492876
 20
137.1191521
 10
277.5
 20
137.0
  0
LWPOLYLINE
  5
106
330
17
100
AcDbEntity
  8
OUTLINE
100
AcDbPolyline
 90
4
 70
0
 10
277.5
 20
193.0
 10
277.492876
 20
192.8808479
 10
277.47160555
 20
192.76339345
 10
277.43649165
 20
192.6493102
  0
LWPOLYLINE
  5
107
330
17
100
AcDbEntity
  8
OUTLINE
100
AcDbPolyline
 90
4
 70
0
 10
277.43649165
 20
200.3506898
 10
277.47160555
 20
200.23660655
 10
277.492876
 20
200.1191521
 10
277.5
 20
200.0
  0
LWPOLYLINE
  5
108
330
17
100
AcDbEntity
  8
OUTLINE
100
AcDbPolyline
 90
2
 70
0
 10
276.99637265
 20
137.26405045
 10
277.0064598
 20
137.2800612
  0
LWPOLYLINE
  5
109
330
17
100
AcDbEntity
  8
OUTLINE
100
AcDbPolyline
 90
2
 70
0
 10
277.13502845
 20
137.41457655
 10
277.1393151
 20
137.41753785
  0
LWPOLYLINE
  5
10A
330
17
100
AcDbEntity
  8
OUTLINE
100
AcDbPolyline
 90
2
 70
0
 10
277.19599975
 20
137.44943560000002
 10
277.20953199999997
 20
137.45507265
  0
LWPOLYLINE
  5
10B
330
17
100
AcDbEntity
  8
OUTLINE
100
AcDbPolyline
 90
2
 70
0
 10
277.34461785
 20
137.46058935
 10
277.3603791
 20
137.45267795
  0
LWPOLYLINE
  5
10C
330
17
100
AcDbEntity
  8
OUTLINE
100
AcDbPolyline
 90
2
 70
0
 10
277.40584515
 20
137.41002165
 10
277.40613765
 20
137.40961295
  0
LWPOLYLINE
  5
10D
330
17
100
AcDbEntity
  8
OUTLINE
100
AcDbPolyline
 90
2
 70
0
 10
276.9216118
 20
200.0
 10
276.92254775000004
 20
200.0304205
  0
LWPOLYLINE
  5
10E
330
17
100
AcDbEntity
  8
OUTLINE
100
AcDbPolyline
 90
2
 70
0
 10
277.06354035
 20
200.35244015
 10
277.08307355
 20
200.3720083
  0
LWPOLYLINE
  5
10F
330
17
100
AcDbEntity
  8
OUTLINE
100
AcDbPolyline
 90
2
 70
0
 10
277.17741125
 20
200.4404459
 10
277.1984084
 20
200.4504953
  0
LWPOLYLINE
  5
110
330
17
100
AcDbEntity
  8
OUTLINE
100
AcDbPolyline
 90
2
 70
0
 10
277.20397545000003
 20
200.45285145
 10
277.20410730000003
 20
200.45290565
  0
LWPOLYLINE
  5
111
330
17
100
AcDbEntity
  8
OUTLINE
100
AcDbPolyline
 90
2
 70
0
 10
277.2524766
 20
200.46766365
 10
277.2534557
 20
200.4678514
  0
LWPOLYLINE
  5
112
330
17
100
AcDbEntity
  8
OUTLINE
100
AcDbPolyline
 90
2
 70
0
 10
277.33029565
 20
200.4656481
 10
277.3311778
 20
200.4653889
  0
LWPOLYLINE
  5
113
330
17
100
AcDbEntity
  8
OUTLINE
100
AcDbPolyline
 90
2
 70
0
 10
277.37695435
 20
200.441125
 10
277.3780375
 20
200.440235
  0
LWPOLYLINE
  5
114
330
17
100
AcDbEntity
  8
OUTLINE
100
AcDbPolyline
 90
2
 70
0
 10
277.4051578
 20
200.41097324999998
 10
277.42210115
 20
200.38333725
  0
LWPOLYLINE
  5
115
330
17
100
AcDbEntity
  8
OUTLINE
100
AcDbPolyline
 90
2
 70
0
 10
277.43360405
 20
200.35813585
 10
277.43649165
 20
200.3506898
  0
LWPOLYLINE
  5
116
330
17
100
AcDbEntity
  8
OUTLINE
100
AcDbPolyline
 90
2
 70
0
 10
214.42565535
 20
203.3970693
 10
214.67298895
 20
203.57025414999998
  0
LWPOLYLINE
  5
117
330
17
100
AcDbEntity
  8
OUTLINE
100
AcDbPolyline
 90
2
 70
0
 10
214.67298895
 20
203.57025414999998
 10
219.3421556
 20
206.8396398
  0
LWPOLYLINE
  5
118
330
17
100
AcDbEntity
  8
OUTLINE
100
AcDbPolyline
 90
2
 70
0
 10
214.1814977
 20
203.22610825
 10
219.3421556
 20
206.8396398
  0
LWPOLYLINE
  5
119
330
17
100
AcDbEntity
  8
OUTLINE
100
AcDbPolyline
 90
2
 70
0
 10
208.36364815000002
 20
212.5809266
 10
213.03281479999998
 20
215.85031229999998
  0
LWPOLYLINE
  5
11A
330
17
100
AcDbEntity
  8
OUTLINE
100
AcDbPolyline
 90
2
 70
0
 10
207.8721569
 20
212.23678075
 10
213.03281479999998
 20
215.85031229999998
  0
LWPOLYLINE
  5
11B
330
17
100
AcDbEntity
  8
OUTLINE
100
AcDbPolyline
 90
2
 70
0
 10
219.3912707
 20
207.1181855
 10
213.31136045
 20
215.8011972
  0
LWPOLYLINE
  5
11C
330
17
100
AcDbEntity
  8
OUTLINE
100
AcDbPolyline
 90
5
 70
0
 10
219.3912707
 20
207.1181855
 10
219.4226995
 20
207.04675815000002
 10
219.42440184999998
 20
206.9687406
 10
219.3961186
 20
206.8960103
 10
219.3421556
 20
206.8396398
  0
LWPOLYLINE
  5
11D
330
17
100
AcDbEntity
  8
OUTLINE
100
AcDbPolyline
 90
5
 70
0
 10
213.902952
 20
203.27522340000002
 10
213.95932249999998
 20
203.2212604
 10
214.0320528
 20
203.1929771
 10
214.11007035
 20
203.19467945
 10
214.1814977
 20
203.22610825
  0
LWPOLYLINE
  5
11E
330
17
100
AcDbEntity
  8
OUTLINE
100
AcDbPolyline
 90
2
 70
0
 10
213.902952
 20
203.27522340000002
 10
207.8230418
 20
211.95823504999998
  0
LWPOLYLINE
  5
11F
330
17
100
AcDbEntity
  8
OUTLINE
100
AcDbPolyline
 90
5
 70
0
 10
213.03281479999998
 20
215.85031229999998
 10
213.10424215
 20
215.8817411
 10
213.1822597
 20
215.88344345000002
 10
213.25499
 20
215.8551602
 10
213.31136045
 20
215.8011972
  0
LWPOLYLINE
  5
120
330
17
100
AcDbEntity
  8
OUTLINE
100
AcDbPolyline
 90
5
 70
0
 10
207.8721569
 20
212.23678075
 10
207.81819389999998
 20
212.18041025
 10
207.78991065
 20
212.10768000000002
 10
207.79161299999998
 20
212.0296624
 10
207.8230418
 20
211.95823504999998
  0
LWPOLYLINE
  5
121
330
17
100
AcDbEntity
  8
OUTLINE
100
AcDbPolyline
 90
2
 70
0
 10
214.42565535
 20
126.6029307
 10
214.67298895
 20
126.42974585
  0
LWPOLYLINE
  5
122
330
17
100
AcDbEntity
  8
OUTLINE
100
AcDbPolyline
 90
2
 70
0
 10
208.36364815000002
 20
117.4190734
 10
213.03281479999998
 20
114.1496877
  0
LWPOLYLINE
  5
123
330
17
100
AcDbEntity
  8
OUTLINE
100
AcDbPolyline
 90
2
 70
0
 10
207.8721569
 20
117.76321924999999
 10
213.03281479999998
 20
114.1496877
  0
LWPOLYLINE
  5
124
330
17
100
AcDbEntity
  8
OUTLINE
100
AcDbPolyline
 90
2
 70
0
 10
214.67298895
 20
126.42974585
 10
219.3421556
 20
123.1603602
  0
LWPOLYLINE
  5
125
330
17
100
AcDbEntity
  8
OUTLINE
100
AcDbPolyline
 90
2
 70
0
 10
214.1814977
 20
126.77389174999999
 10
219.3421556
 20
123.1603602
  0
LWPOLYLINE
  5
126
330
17
100
AcDbEntity
  8
OUTLINE
100
AcDbPolyline
 90
2
 70
0
 10
213.31136045
 20
114.19880280000001
 10
219.3912707
 20
122.88181449999999
  0
LWPOLYLINE
  5
127
330
17
100
AcDbEntity
  8
OUTLINE
100
AcDbPolyline
 90
5
 70
0
 10
213.31136045
 20
114.19880280000001
 10
213.25499
 20
114.1448398
 10
213.1822597
 20
114.11655655
 10
213.10424215
 20
114.1182589
 10
213.03281479999998
 20
114.1496877
  0
LWPOLYLINE
  5
128
330
17
100
AcDbEntity
  8
OUTLINE
100
AcDbPolyline
 90
5
 70
0
 10
207.8230418
 20
118.04176495
 10
207.79161299999998
 20
117.9703376
 10
207.78991065
 20
117.89232
 10
207.81819389999998
 20
117.81958975
 10
207.8721569
 20
117.76321924999999
  0
LWPOLYLINE
  5
129
330
17
100
AcDbEntity
  8
OUTLINE
100
AcDbPolyline
 90
2
 70
0
 10
207.8230418
 20
118.04176495
 10
213.902952
 20
126.7247766
  0
LWPOLYLINE
  5
12A
330
17
100
AcDbEntity
  8
OUTLINE
100
AcDbPolyline
 90
5
 70
0
 10
219.3421556
 20
123.1603602
 10
219.3961186
 20
123.1039897
 10
219.42440184999998
 20
123.03125940000001
 10
219.4226995
 20
122.95324185
 10
219.3912707
 20
122.88181449999999
  0
LWPOLYLINE
  5
12B
330
17
100
AcDbEntity
  8
OUTLINE
100
AcDbPolyline
 90
5
 70
0
 10
214.1814977
 20
126.77389174999999
 10
214.11007035
 20
126.80532055
 10
214.0320528
 20
126.80702289999999
 10
213.95932249999998
 20
126.7787396
 10
213.902952
 20
126.7247766
  0
LWPOLYLINE
  5
12C
330
17
100
AcDbEntity
  8
OUTLINE
100
AcDbPolyline
 90
2
 70
0
 10
85.57434465
 20
203.3970693
 10
85.32701105
 20
203.57025414999998
  0
LWPOLYLINE
  5
12D
330
17
100
AcDbEntity
  8
OUTLINE
100
AcDbPolyline
 90
2
 70
0
 10
91.63635185
 20
212.5809266
 10
86.9671852
 20
215.85031229999998
  0
LWPOLYLINE
  5
12E
330
17
100
AcDbEntity
  8
OUTLINE
100
AcDbPolyline
 90
2
 70
0
 10
92.1278431
 20
212.23678075
 10
86.9671852
 20
215.85031229999998
  0
LWPOLYLINE
  5
12F
330
17
100
AcDbEntity
  8
OUTLINE
100
AcDbPolyline
 90
2
 70
0
 10
85.32701105
 20
203.57025414999998
 10
80.6578444
 20
206.8396398
  0
LWPOLYLINE
  5
130
330
17
100
AcDbEntity
  8
OUTLINE
100
AcDbPolyline
 90
2
 70
0
 10
85.8185023
 20
203.22610825
 10
80.6578444
 20
206.8396398
  0
LWPOLYLINE
  5
131
330
17
100
AcDbEntity
  8
OUTLINE
100
AcDbPolyline
 90
2
 70
0
 10
86.68863955
 20
215.8011972
 10
80.6087293
 20
207.1181855
  0
LWPOLYLINE
  5
132
330
17
100
AcDbEntity
  8
OUTLINE
100
AcDbPolyline
 90
5
 70
0
 10
86.68863955
 20
215.8011972
 10
86.74501000000001
 20
215.8551602
 10
86.8177403
 20
215.88344345000002
 10
86.89575785
 20
215.8817411
 10
86.9671852
 20
215.85031229999998
  0
LWPOLYLINE
  5
133
330
17
100
AcDbEntity
  8
OUTLINE
100
AcDbPolyline
 90
5
 70
0
 10
92.1769582
 20
211.95823504999998
 10
92.208387
 20
212.0296624
 10
92.21008935
 20
212.10768000000002
 10
92.1818061
 20
212.18041025
 10
92.1278431
 20
212.23678075
  0
LWPOLYLINE
  5
134
330
17
100
AcDbEntity
  8
OUTLINE
100
AcDbPolyline
 90
2
 70
0
 10
92.1769582
 20
211.95823504999998
 10
86.097048
 20
203.27522340000002
  0
LWPOLYLINE
  5
135
330
17
100
AcDbEntity
  8
OUTLINE
100
AcDbPolyline
 90
5
 70
0
 10
80.6578444
 20
206.8396398
 10
80.6038814
 20
206.8960103
 10
80.57559815
 20
206.9687406
 10
80.5773005
 20
207.04675815000002
 10
80.6087293
 20
207.1181855
  0
LWPOLYLINE
  5
136
330
17
100
AcDbEntity
  8
OUTLINE
100
AcDbPolyline
 90
5
 70
0
 10
85.8185023
 20
203.22610825
 10
85.88992965
 20
203.19467945
 10
85.9679472
 20
203.1929771
 10
86.0406775
 20
203.2212604
 10
86.097048
 20
203.27522340000002
  0
LWPOLYLINE
  5
137
330
17
100
AcDbEntity
  8
OUTLINE
100
AcDbPolyline
 90
2
 70
0
 10
85.57434465
 20
126.6029307
 10
85.32701105
 20
126.42974585
  0
LWPOLYLINE
  5
138
330
17
100
AcDbEntity
  8
OUTLINE
100
AcDbPolyline
 90
2
 70
0
 10
85.32701105
 20
126.42974585
 10
80.6578444
 20
123.1603602
  0
LWPOLYLINE
  5
139
330
17
100
AcDbEntity
  8
OUTLINE
100
AcDbPolyline
 90
2
 70
0
 10
85.8185023
 20
126.77389174999999
 10
80.6578444
 20
123.1603602
  0
LWPOLYLINE
  5
13A
330
17
100
AcDbEntity
  8
OUTLINE
100
AcDbPolyline
 90
2
 70
0
 10
91.63635185
 20
117.4190734
 10
86.9671852
 20
114.1496877
  0
LWPOLYLINE
  5
13B
330
17
100
AcDbEntity
  8
OUTLINE
100
AcDbPolyline
 90
2
 70
0
 10
92.1278431
 20
117.76321924999999
 10
86.9671852
 20
114.1496877
  0
LWPOLYLINE
  5
13C
330
17
100
AcDbEntity
  8
OUTLINE
100
AcDbPolyline
 90
2
 70
0
 10
80.6087293
 20
122.88181449999999
 10
86.68863955
 20
114.19880280000001
  0
LWPOLYLINE
  5
13D
330
17
100
AcDbEntity
  8
OUTLINE
100
AcDbPolyline
 90
5
 70
0
 10
80.6087293
 20
122.88181449999999
 10
80.5773005
 20
122.95324185
 10
80.57559815
 20
123.03125940000001
 10
80.6038814
 20
123.1039897
 10
80.6578444
 20
123.1603602
  0
LWPOLYLINE
  5
13E
330
17
100
AcDbEntity
  8
OUTLINE
100
AcDbPolyline
 90
5
 70
0
 10
86.097048
 20
126.7247766
 10
86.0406775
 20
126.7787396
 10
85.9679472
 20
126.80702289999999
 10
85.88992965
 20
126.80532055
 10
85.8185023
 20
126.77389174999999
  0
LWPOLYLINE
  5
13F
330
17
100
AcDbEntity
  8
OUTLINE
100
AcDbPolyline
 90
2
 70
0
 10
86.097048
 20
126.7247766
 10
92.1769582
 20
118.04176495
  0
LWPOLYLINE
  5
140
330
17
100
AcDbEntity
  8
OUTLINE
100
AcDbPolyline
 90
5
 70
0
 10
86.9671852
 20
114.1496877
 10
86.89575785
 20
114.1182589
 10
86.8177403
 20
114.11655655
 10
86.74501000000001
 20
114.1448398
 10
86.68863955
 20
114.19880280000001
  0
LWPOLYLINE
  5
141
330
17
100
AcDbEntity
  8
OUTLINE
100
AcDbPolyline
 90
5
 70
0
 10
92.1278431
 20
117.76321924999999
 10
92.1818061
 20
117.81958975
 10
92.21008935
 20
117.89232
 10
92.208387
 20
117.9703376
 10
92.1769582
 20
118.04176495
  0
LWPOLYLINE
  5
142
330
17
100
AcDbEntity
  8
OUTLINE
100
AcDbPolyline
 90
15
 70
0
 10
238.5
 20
81.1650635
 10
238.5
 20
81.0316494
 10
238.5
 20
80.89362545
 10
238.5
 20
80.7513047
 10
238.5
 20
80.6050102
 10
238.5
 20
80.45507385
 10
238.5
 20
80.30183585
 10
238.5
 20
80.1456439
 10
238.5
 20
79.9868525
 10
238.5
 20
79.82582185
 10
238.5
 20
79.66291735
 10
238.5
 20
79.4985087
 10
238.5
 20
79.33296885
 10
238.5
 20
79.16667355
 10
238.5
 20
79.0
  0
LWPOLYLINE
  5
143
330
17
100
AcDbEntity
  8
OUTLINE
100
AcDbPolyline
 90
2
 70
0
 10
230.0
 20
81.1650635
 10
238.5
 20
81.1650635
  0
LWPOLYLINE
  5
144
330
17
100
AcDbEntity
  8
OUTLINE
100
AcDbPolyline
 90
15
 70
0
 10
230.0
 20
81.1650635
 10
230.0
 20
81.0316494
 10
230.0
 20
80.89362545
 10
230.0
 20
80.7513047
 10
230.0
 20
80.6050102
 10
230.0
 20
80.45507385
 10
230.0
 20
80.30183585
 10
230.0
 20
80.1456439
 10
230.0
 20
79.9868525
 10
230.0
 20
79.82582185
 10
230.0
 20
79.66291735
 10
230.0
 20
79.4985087
 10
230.0
 20
79.33296885
 10
230.0
 20
79.16667355
 10
230.0
 20
79.0
  0
LWPOLYLINE
  5
145
330
17
100
AcDbEntity
  8
OUTLINE
100
AcDbPolyline
 90
15
 70
0
 10
230.0
 20
79.0
 10
230.0
 20
78.83332645
 10
230.0
 20
78.66703115
 10
230.0
 20
78.5014913
 10
230.0
 20
78.33708265
 10
230.0
 20
78.17417815
 10
230.0
 20
78.0131475
 10
230.0
 20
77.8543561
 10
230.0
 20
77.69816415
 10
230.0
 20
77.54492615
 10
230.0
 20
77.3949898
 10
230.0
 20
77.2486953
 10
230.0
 20
77.10637455
 10
230.0
 20
76.9683506
 10
230.0
 20
76.8349365
  0
LWPOLYLINE
  5
146
330
17
100
AcDbEntity
  8
OUTLINE
100
AcDbPolyline
 90
2
 70
0
 10
230.0
 20
76.8349365
 10
238.5
 20
76.8349365
  0
LWPOLYLINE
  5
147
330
17
100
AcDbEntity
  8
OUTLINE
100
AcDbPolyline
 90
15
 70
0
 10
238.5
 20
79.0
 10
238.5
 20
78.83332645
 10
238.5
 20
78.66703115
 10
238.5
 20
78.5014913
 10
238.5
 20
78.33708265
 10
238.5
 20
78.17417815
 10
238.5
 20
78.0131475
 10
238.5
 20
77.8543561
 10
238.5
 20
77.69816415
 10
238.5
 20
77.54492615
 10
238.5
 20
77.3949898
 10
238.5
 20
77.2486953
 10
238.5
 20
77.10637455
 10
238.5
 20
76.9683506
 10
238.5
 20
76.8349365
  0
LWPOLYLINE
  5
148
330
17
100
AcDbEntity
  8
OUTLINE
100
AcDbPolyline
 90
15
 70
0
 10
32.0
 20
79.0
 10
32.0
 20
78.5116944
 10
32.0
 20
78.0280573
 10
32.0
 20
77.5537125
 10
32.0
 20
77.093195
 10
32.0
 20
76.6509076
 10
32.0
 20
76.23107875
 10
32.0
 20
75.83772235
 10
32.0
 20
75.474599
 10
32.0
 20
75.14518045
 10
32.0
 20
74.85261605
 10
32.0
 20
74.5997029
 10
32.0
 20
74.388859
 10
32.0
 20
74.2221001
 10
32.0
 20
74.1010205
  0
LWPOLYLINE
  5
149
330
17
100
AcDbEntity
  8
OUTLINE
100
AcDbPolyline
 90
2
 70
0
 10
31.5
 20
74.1010205
 10
32.0
 20
74.1010205
  0
LWPOLYLINE
  5
14A
330
17
100
AcDbEntity
  8
OUTLINE
100
AcDbPolyline
 90
2
 70
0
 10
31.5
 20
83.8989795
 10
32.0
 20
83.8989795
  0
LWPOLYLINE
  5
14B
330
17
100
AcDbEntity
  8
OUTLINE
100
AcDbPolyline
 90
15
 70
0
 10
32.0
 20
83.8989795
 10
32.0
 20
83.7778999
 10
32.0
 20
83.611141
 10
32.0
 20
83.4002971
 10
32.0
 20
83.14738395
 10
32.0
 20
82.85481955
 10
32.0
 20
82.525401
 10
32.0
 20
82.16227765
 10
32.0
 20
81.76892125
 10
32.0
 20
81.3490924
 10
32.0
 20
80.906805
 10
32.0
 20
80.4462875
 10
32.0
 20
79.9719427
 10
32.0
 20
79.4883056
 10
32.0
 20
79.0
  0
LWPOLYLINE
  5
14C
330
17
100
AcDbEntity
  8
OUTLINE
100
AcDbPolyline
 90
15
 70
0
 10
26.5
 20
79.0
 10
26.5
 20
78.4401776
 10
26.5
 20
77.88739535
 10
26.5
 20
77.3486047
 10
26.5
 20
76.8305813
 10
26.5
 20
76.3398396
 10
26.5
 20
75.882551
 10
26.5
 20
75.4644661
 10
26.5
 20
75.0908426
 10
26.5
 20
74.766379
 10
26.5
 20
74.49515565
 10
26.5
 20
74.28058335
 10
26.5
 20
74.12536045
 10
26.5
 20
74.03143895
 10
26.5
 20
74.0
  0
LWPOLYLINE
  5
14D
330
17
100
AcDbEntity
  8
OUTLINE
100
AcDbPolyline
 90
15
 70
0
 10
26.5
 20
84.0
 10
26.5
 20
83.96856105
 10
26.5
 20
83.87463955
 10
26.5
 20
83.71941665
 10
26.5
 20
83.50484435
 10
26.5
 20
83.233621
 10
26.5
 20
82.9091574
 10
26.5
 20
82.5355339
 10
26.5
 20
82.117449
 10
26.5
 20
81.6601604
 10
26.5
 20
81.1694187
 10
26.5
 20
80.6513953
 10
26.5
 20
80.11260465
 10
26.5
 20
79.5598224
 10
26.5
 20
79.0
  0
LWPOLYLINE
  5
14E
330
17
100
AcDbEntity
  8
OUTLINE
100
AcDbPolyline
 90
2
 70
0
 10
31.5
 20
74.0
 10
31.5
 20
74.1010205
  0
LWPOLYLINE
  5
14F
330
17
100
AcDbEntity
  8
OUTLINE
100
AcDbPolyline
 90
2
 70
0
 10
32.0
 20
75.0
 10
43.0
 20
75.0
  0
LWPOLYLINE
  5
150
330
17
100
AcDbEntity
  8
OUTLINE
100
AcDbPolyline
 90
2
 70
0
 10
43.0
 20
74.0
 10
43.0
 20
75.0
  0
LWPOLYLINE
  5
151
330
17
100
AcDbEntity
  8
OUTLINE
100
AcDbPolyline
 90
2
 70
0
 10
31.5
 20
74.0
 10
43.0
 20
74.0
  0
LWPOLYLINE
  5
152
330
17
100
AcDbEntity
  8
OUTLINE
100
AcDbPolyline
 90
2
 70
0
 10
31.5
 20
83.8989795
 10
31.5
 20
84.0
  0
LWPOLYLINE
  5
153
330
17
100
AcDbEntity
  8
OUTLINE
100
AcDbPolyline
 90
2
 70
0
 10
31.5
 20
84.0
 10
43.0
 20
84.0
  0
LWPOLYLINE
  5
154
330
17
100
AcDbEntity
  8
OUTLINE
100
AcDbPolyline
 90
2
 70
0
 10
43.0
 20
83.0
 10
43.0
 20
84.0
  0
LWPOLYLINE
  5
155
330
17
100
AcDbEntity
  8
OUTLINE
100
AcDbPolyline
 90
2
 70
0
 10
32.0
 20
83.0
 10
43.0
 20
83.0
  0
LWPOLYLINE
  5
156
330
17
100
AcDbEntity
  8
OUTLINE
100
AcDbPolyline
 90
15
 70
0
 10
273.5
 20
79.0
 10
273.5
 20
78.4401776
 10
273.5
 20
77.88739535
 10
273.5
 20
77.3486047
 10
273.5
 20
76.8305813
 10
273.5
 20
76.3398396
 10
273.5
 20
75.882551
 10
273.5
 20
75.4644661
 10
273.5
 20
75.0908426
 10
273.5
 20
74.766379
 10
273.5
 20
74.49515565
 10
273.5
 20
74.28058335
 10
273.5
 20
74.12536045
 10
273.5
 20
74.03143895
 10
273.5
 20
74.0
  0
LWPOLYLINE
  5
157
330
17
100
AcDbEntity
  8
OUTLINE
100
AcDbPolyline
 90
15
 70
0
 10
273.5
 20
84.0
 10
273.5
 20
83.96856105
 10
273.5
 20
83.87463955
 10
273.5
 20
83.71941665
 10
273.5
 20
83.50484435
 10
273.5
 20
83.233621
 10
273.5
 20
82.9091574
 10
273.5
 20
82.5355339
 10
273.5
 20
82.117449
 10
273.5
 20
81.6601604
 10
273.5
 20
81.1694187
 10
273.5
 20
80.6513953
 10
273.5
 20
80.11260465
 10
273.5
 20
79.5598224
 10
273.5
 20
79.0
  0
LWPOLYLINE
  5
158
330
17
100
AcDbEntity
  8
OUTLINE
100
AcDbPolyline
 90
15
 70
0
 10
268.0
 20
83.8989795
 10
268.0
 20
83.7778999
 10
268.0
 20
83.611141
 10
268.0
 20
83.4002971
 10
268.0
 20
83.14738395
 10
268.0
 20
82.85481955
 10
268.0
 20
82.525401
 10
268.0
 20
82.16227765
 10
268.0
 20
81.76892125
 10
268.0
 20
81.3490924
 10
268.0
 20
80.906805
 10
268.0
 20
80.4462875
 10
268.0
 20
79.9719427
 10
268.0
 20
79.4883056
 10
268.0
 20
79.0
  0
LWPOLYLINE
  5
159
330
17
100
AcDbEntity
  8
OUTLINE
100
AcDbPolyline
 90
2
 70
0
 10
268.0
 20
83.8989795
 10
268.5
 20
83.8989795
  0
LWPOLYLINE
  5
15A
330
17
100
AcDbEntity
  8
OUTLINE
100
AcDbPolyline
 90
2
 70
0
 10
268.0
 20
74.1010205
 10
268.5
 20
74.1010205
  0
LWPOLYLINE
  5
15B
330
17
100
AcDbEntity
  8
OUTLINE
100
AcDbPolyline
 90
15
 70
0
 10
268.0
 20
79.0
 10
268.0
 20
78.5116944
 10
268.0
 20
78.0280573
 10
268.0
 20
77.5537125
 10
268.0
 20
77.093195
 10
268.0
 20
76.6509076
 10
268.0
 20
76.23107875
 10
268.0
 20
75.83772235
 10
268.0
 20
75.474599
 10
268.0
 20
75.14518045
 10
268.0
 20
74.85261605
 10
268.0
 20
74.5997029
 10
268.0
 20
74.388859
 10
268.0
 20
74.2221001
 10
268.0
 20
74.1010205
  0
LWPOLYLINE
  5
15C
330
17
100
AcDbEntity
  8
OUTLINE
100
AcDbPolyline
 90
2
 70
0
 10
257.0
 20
84.0
 10
268.5
 20
84.0
  0
LWPOLYLINE
  5
15D
330
17
100
AcDbEntity
  8
OUTLINE
100
AcDbPolyline
 90
2
 70
0
 10
268.5
 20
83.8989795
 10
268.5
 20
84.0
  0
LWPOLYLINE
  5
15E
330
17
100
AcDbEntity
  8
OUTLINE
100
AcDbPolyline
 90
2
 70
0
 10
257.0
 20
83.0
 10
268.0
 20
83.0
  0
LWPOLYLINE
  5
15F
330
17
100
AcDbEntity
  8
OUTLINE
100
AcDbPolyline
 90
2
 70
0
 10
257.0
 20
83.0
 10
257.0
 20
84.0
  0
LWPOLYLINE
  5
160
330
17
100
AcDbEntity
  8
OUTLINE
100
AcDbPolyline
 90
2
 70
0
 10
268.5
 20
74.0
 10
268.5
 20
74.1010205
  0
LWPOLYLINE
  5
161
330
17
100
AcDbEntity
  8
OUTLINE
100
AcDbPolyline
 90
2
 70
0
 10
257.0
 20
75.0
 10
268.0
 20
75.0
  0
LWPOLYLINE
  5
162
330
17
100
AcDbEntity
  8
OUTLINE
100
AcDbPolyline
 90
2
 70
0
 10
257.0
 20
74.0
 10
268.5
 20
74.0
  0
LWPOLYLINE
  5
163
330
17
100
AcDbEntity
  8
OUTLINE
100
AcDbPolyline
 90
2
 70
0
 10
257.0
 20
74.0
 10
257.0
 20
75.0
  0
LWPOLYLINE
  5
164
330
17
100
AcDbEntity
  8
OUTLINE
100
AcDbPolyline
 90
15
 70
0
 10
238.5
 20
253.1650635
 10
238.5
 20
253.0316494
 10
238.5
 20
252.89362545
 10
238.5
 20
252.7513047
 10
238.5
 20
252.60501019999998
 10
238.5
 20
252.45507385000002
 10
238.5
 20
252.30183585
 10
238.5
 20
252.14564389999998
 10
238.5
 20
251.9868525
 10
238.5
 20
251.82582185
 10
238.5
 20
251.66291735
 10
238.5
 20
251.4985087
 10
238.5
 20
251.33296885
 10
238.5
 20
251.16667354999998
 10
238.5
 20
251.0
  0
LWPOLYLINE
  5
165
330
17
100
AcDbEntity
  8
OUTLINE
100
AcDbPolyline
 90
2
 70
0
 10
230.0
 20
253.1650635
 10
238.5
 20
253.1650635
  0
LWPOLYLINE
  5
166
330
17
100
AcDbEntity
  8
OUTLINE
100
AcDbPolyline
 90
15
 70
0
 10
230.0
 20
253.1650635
 10
230.0
 20
253.0316494
 10
230.0
 20
252.89362545
 10
230.0
 20
252.7513047
 10
230.0
 20
252.60501019999998
 10
230.0
 20
252.45507385000002
 10
230.0
 20
252.30183585
 10
230.0
 20
252.14564389999998
 10
230.0
 20
251.9868525
 10
230.0
 20
251.82582185
 10
230.0
 20
251.66291735
 10
230.0
 20
251.4985087
 10
230.0
 20
251.33296885
 10
230.0
 20
251.16667354999998
 10
230.0
 20
251.0
  0
LWPOLYLINE
  5
167
330
17
100
AcDbEntity
  8
OUTLINE
100
AcDbPolyline
 90
15
 70
0
 10
230.0
 20
251.0
 10
230.0
 20
250.83332645000002
 10
230.0
 20
250.66703115
 10
230.0
 20
250.5014913
 10
230.0
 20
250.33708265
 10
230.0
 20
250.17417815
 10
230.0
 20
250.0131475
 10
230.0
 20
249.85435610000002
 10
230.0
 20
249.69816415
 10
230.0
 20
249.54492614999998
 10
230.0
 20
249.39498980000002
 10
230.0
 20
249.2486953
 10
230.0
 20
249.10637455
 10
230.0
 20
248.9683506
 10
230.0
 20
248.8349365
  0
LWPOLYLINE
  5
168
330
17
100
AcDbEntity
  8
OUTLINE
100
AcDbPolyline
 90
2
 70
0
 10
230.0
 20
248.8349365
 10
238.5
 20
248.8349365
  0
LWPOLYLINE
  5
169
330
17
100
AcDbEntity
  8
OUTLINE
100
AcDbPolyline
 90
15
 70
0
 10
238.5
 20
251.0
 10
238.5
 20
250.83332645000002
 10
238.5
 20
250.66703115
 10
238.5
 20
250.5014913
 10
238.5
 20
250.33708265
 10
238.5
 20
250.17417815
 10
238.5
 20
250.0131475
 10
238.5
 20
249.85435610000002
 10
238.5
 20
249.69816415
 10
238.5
 20
249.54492614999998
 10
238.5
 20
249.39498980000002
 10
238.5
 20
249.2486953
 10
238.5
 20
249.10637455
 10
238.5
 20
248.9683506
 10
238.5
 20
248.8349365
  0
LWPOLYLINE
  5
16A
330
17
100
AcDbEntity
  8
OUTLINE
100
AcDbPolyline
 90
15
 70
0
 10
32.0
 20
251.0
 10
32.0
 20
250.5116944
 10
32.0
 20
250.0280573
 10
32.0
 20
249.55371250000002
 10
32.0
 20
249.09319499999998
 10
32.0
 20
248.65090759999998
 10
32.0
 20
248.23107875
 10
32.0
 20
247.83772235
 10
32.0
 20
247.474599
 10
32.0
 20
247.14518045
 10
32.0
 20
246.85261605
 10
32.0
 20
246.5997029
 10
32.0
 20
246.388859
 10
32.0
 20
246.2221001
 10
32.0
 20
246.1010205
  0
LWPOLYLINE
  5
16B
330
17
100
AcDbEntity
  8
OUTLINE
100
AcDbPolyline
 90
2
 70
0
 10
31.5
 20
246.1010205
 10
32.0
 20
246.1010205
  0
LWPOLYLINE
  5
16C
330
17
100
AcDbEntity
  8
OUTLINE
100
AcDbPolyline
 90
2
 70
0
 10
31.5
 20
255.8989795
 10
32.0
 20
255.8989795
  0
LWPOLYLINE
  5
16D
330
17
100
AcDbEntity
  8
OUTLINE
100
AcDbPolyline
 90
15
 70
0
 10
32.0
 20
255.8989795
 10
32.0
 20
255.7778999
 10
32.0
 20
255.611141
 10
32.0
 20
255.4002971
 10
32.0
 20
255.14738395
 10
32.0
 20
254.85481955
 10
32.0
 20
254.525401
 10
32.0
 20
254.16227765
 10
32.0
 20
253.76892125
 10
32.0
 20
253.34909240000002
 10
32.0
 20
252.90680500000002
 10
32.0
 20
252.44628749999998
 10
32.0
 20
251.9719427
 10
32.0
 20
251.4883056
 10
32.0
 20
251.0
  0
LWPOLYLINE
  5
16E
330
17
100
AcDbEntity
  8
OUTLINE
100
AcDbPolyline
 90
15
 70
0
 10
26.5
 20
251.0
 10
26.5
 20
250.4401776
 10
26.5
 20
249.88739535000002
 10
26.5
 20
249.3486047
 10
26.5
 20
248.8305813
 10
26.5
 20
248.3398396
 10
26.5
 20
247.882551
 10
26.5
 20
247.46446609999998
 10
26.5
 20
247.0908426
 10
26.5
 20
246.766379
 10
26.5
 20
246.49515565000002
 10
26.5
 20
246.28058335
 10
26.5
 20
246.12536045000002
 10
26.5
 20
246.03143895
 10
26.5
 20
246.0
  0
LWPOLYLINE
  5
16F
330
17
100
AcDbEntity
  8
OUTLINE
100
AcDbPolyline
 90
15
 70
0
 10
26.5
 20
256.0
 10
26.5
 20
255.96856105
 10
26.5
 20
255.87463954999998
 10
26.5
 20
255.71941665
 10
26.5
 20
255.50484434999998
 10
26.5
 20
255.233621
 10
26.5
 20
254.9091574
 10
26.5
 20
254.53553390000002
 10
26.5
 20
254.117449
 10
26.5
 20
253.6601604
 10
26.5
 20
253.1694187
 10
26.5
 20
252.6513953
 10
26.5
 20
252.11260464999998
 10
26.5
 20
251.5598224
 10
26.5
 20
251.0
  0
LWPOLYLINE
  5
170
330
17
100
AcDbEntity
  8
OUTLINE
100
AcDbPolyline
 90
2
 70
0
 10
31.5
 20
246.0
 10
31.5
 20
246.1010205
  0
LWPOLYLINE
  5
171
330
17
100
AcDbEntity
  8
OUTLINE
100
AcDbPolyline
 90
2
 70
0
 10
32.0
 20
247.0
 10
43.0
 20
247.0
  0
LWPOLYLINE
  5
172
330
17
100
AcDbEntity
  8
OUTLINE
100
AcDbPolyline
 90
2
 70
0
 10
43.0
 20
246.0
 10
43.0
 20
247.0
  0
LWPOLYLINE
  5
173
330
17
100
AcDbEntity
  8
OUTLINE
100
AcDbPolyline
 90
2
 70
0
 10
31.5
 20
246.0
 10
43.0
 20
246.0
  0
LWPOLYLINE
  5
174
330
17
100
AcDbEntity
  8
OUTLINE
100
AcDbPolyline
 90
2
 70
0
 10
31.5
 20
255.8989795
 10
31.5
 20
256.0
  0
LWPOLYLINE
  5
175
330
17
100
AcDbEntity
  8
OUTLINE
100
AcDbPolyline
 90
2
 70
0
 10
31.5
 20
256.0
 10
43.0
 20
256.0
  0
LWPOLYLINE
  5
176
330
17
100
AcDbEntity
  8
OUTLINE
100
AcDbPolyline
 90
2
 70
0
 10
43.0
 20
255.0
 10
43.0
 20
256.0
  0
LWPOLYLINE
  5
177
330
17
100
AcDbEntity
  8
OUTLINE
100
AcDbPolyline
 90
2
 70
0
 10
32.0
 20
255.0
 10
43.0
 20
255.0
  0
LWPOLYLINE
  5
178
330
17
100
AcDbEntity
  8
OUTLINE
100
AcDbPolyline
 90
15
 70
0
 10
273.5
 20
251.0
 10
273.5
 20
250.4401776
 10
273.5
 20
249.88739535000002
 10
273.5
 20
249.3486047
 10
273.5
 20
248.8305813
 10
273.5
 20
248.3398396
 10
273.5
 20
247.882551
 10
273.5
 20
247.46446609999998
 10
273.5
 20
247.0908426
 10
273.5
 20
246.766379
 10
273.5
 20
246.49515565000002
 10
273.5
 20
246.28058335
 10
273.5
 20
246.12536045000002
 10
273.5
 20
246.03143895
 10
273.5
 20
246.0
  0
LWPOLYLINE
  5
179
330
17
100
AcDbEntity
  8
OUTLINE
100
AcDbPolyline
 90
15
 70
0
 10
273.5
 20
256.0
 10
273.5
 20
255.96856105
 10
273.5
 20
255.87463954999998
 10
273.5
 20
255.71941665
 10
273.5
 20
255.50484434999998
 10
273.5
 20
255.233621
 10
273.5
 20
254.9091574
 10
273.5
 20
254.53553390000002
 10
273.5
 20
254.117449
 10
273.5
 20
253.6601604
 10
273.5
 20
253.1694187
 10
273.5
 20
252.6513953
 10
273.5
 20
252.11260464999998
 10
273.5
 20
251.5598224
 10
273.5
 20
251.0
  0
LWPOLYLINE
  5
17A
330
17
100
AcDbEntity
  8
OUTLINE
100
AcDbPolyline
 90
15
 70
0
 10
268.0
 20
255.8989795
 10
268.0
 20
255.7778999
 10
268.0
 20
255.611141
 10
268.0
 20
255.4002971
 10
268.0
 20
255.14738395
 10
268.0
 20
254.85481955
 10
268.0
 20
254.525401
 10
268.0
 20
254.16227765
 10
268.0
 20
253.76892125
 10
268.0
 20
253.34909240000002
 10
268.0
 20
252.90680500000002
 10
268.0
 20
252.44628749999998
 10
268.0
 20
251.9719427
 10
268.0
 20
251.4883056
 10
268.0
 20
251.0
  0
LWPOLYLINE
  5
17B
330
17
100
AcDbEntity
  8
OUTLINE
100
AcDbPolyline
 90
2
 70
0
 10
268.0
 20
255.8989795
 10
268.5
 20
255.8989795
  0
LWPOLYLINE
  5
17C
330
17
100
AcDbEntity
  8
OUTLINE
100
AcDbPolyline
 90
2
 70
0
 10
268.0
 20
246.1010205
 10
268.5
 20
246.1010205
  0
LWPOLYLINE
  5
17D
330
17
100
AcDbEntity
  8
OUTLINE
100
AcDbPolyline
 90
15
 70
0
 10
268.0
 20
251.0
 10
268.0
 20
250.5116944
 10
268.0
 20
250.0280573
 10
268.0
 20
249.55371250000002
 10
268.0
 20
249.09319499999998
 10
268.0
 20
248.65090759999998
 10
268.0
 20
248.23107875
 10
268.0
 20
247.83772235
 10
268.0
 20
247.474599
 10
268.0
 20
247.14518045
 10
268.0
 20
246.85261605
 10
268.0
 20
246.5997029
 10
268.0
 20
246.388859
 10
268.0
 20
246.2221001
 10
268.0
 20
246.1010205
  0
LWPOLYLINE
  5
17E
330
17
100
AcDbEntity
  8
OUTLINE
100
AcDbPolyline
 90
2
 70
0
 10
257.0
 20
256.0
 10
268.5
 20
256.0
  0
LWPOLYLINE
  5
17F
330
17
100
AcDbEntity
  8
OUTLINE
100
AcDbPolyline
 90
2
 70
0
 10
268.5
 20
255.8989795
 10
268.5
 20
256.0
  0
LWPOLYLINE
  5
180
330
17
100
AcDbEntity
  8
OUTLINE
100
AcDbPolyline
 90
2
 70
0
 10
257.0
 20
255.0
 10
268.0
 20
255.0
  0
LWPOLYLINE
  5
181
330
17
100
AcDbEntity
  8
OUTLINE
100
AcDbPolyline
 90
2
 70
0
 10
257.0
 20
255.0
 10
257.0
 20
256.0
  0
LWPOLYLINE
  5
182
330
17
100
AcDbEntity
  8
OUTLINE
100
AcDbPolyline
 90
2
 70
0
 10
268.5
 20
246.0
 10
268.5
 20
246.1010205
  0
LWPOLYLINE
  5
183
330
17
100
AcDbEntity
  8
OUTLINE
100
AcDbPolyline
 90
2
 70
0
 10
257.0
 20
247.0
 10
268.0
 20
247.0
  0
LWPOLYLINE
  5
184
330
17
100
AcDbEntity
  8
OUTLINE
100
AcDbPolyline
 90
2
 70
0
 10
257.0
 20
246.0
 10
268.5
 20
246.0
  0
LWPOLYLINE
  5
185
330
17
100
AcDbEntity
  8
OUTLINE
100
AcDbPolyline
 90
2
 70
0
 10
257.0
 20
246.0
 10
257.0
 20
247.0
  0
LWPOLYLINE
  5
186
330
17
100
AcDbEntity
  8
OUTLINE
100
AcDbPolyline
 90
28
 70
0
 10
225.0
 20
165.0
 10
224.98514095000002
 20
166.49286255
 10
224.94056965
 20
167.9851336
 10
224.86630375
 20
169.4762218
 10
224.76237275
 20
170.9655363
 10
224.62881775
 20
172.45248705
 10
224.46569169999998
 20
173.9364848
 10
224.27305925000002
 20
175.41694155
 10
224.05099669999998
 20
176.89327065
 10
223.79959209999998
 20
178.36488715
 10
223.518945
 20
179.8312079
 10
223.2091666
 20
181.29165195
 10
222.8703797
 20
182.74564055
 10
222.50271855
 20
184.1925976
 10
222.1063288
 20
185.63194975
 10
221.6813675
 20
187.06312665000002
 10
221.22800304999998
 20
188.4855612
 10
220.74641505
 20
189.8986898
 10
220.23679445
 20
191.3019525
 10
219.69934304999998
 20
192.69479330000001
 10
219.13427389999998
 20
194.07666025
 10
218.54181085
 20
195.4470058
 10
217.9221887
 20
196.805287
 10
217.27565295
 20
198.1509656
 10
216.60245974999998
 20
199.48350845
 10
215.9028759
 20
200.80238745
 10
215.1771786
 20
202.10708005
 10
214.42565535
 20
203.3970693
  0
LWPOLYLINE
  5
187
330
17
100
AcDbEntity
  8
OUTLINE
100
AcDbPolyline
 90
44
 70
0
 10
208.11631455
 20
212.4077418
 10
207.12662635
 20
213.5957669
 10
206.1126567
 20
214.76313655
 10
205.07483655
 20
215.90935455
 10
204.01360705
 20
217.0339337
 10
202.92941925
 20
218.136396
 10
201.82273394999999
 20
219.2162729
 10
200.69402159999999
 20
220.2731053
 10
199.54376195
 20
221.30644415
 10
198.3724439
 20
222.3158501
 10
197.1805653
 20
223.30089415
 10
195.9686328
 20
224.2611576
 10
194.73716145
 20
225.1962323
 10
193.48667475
 20
226.10572085
 10
192.21770420000001
 20
226.9892366
 10
190.93078915
 20
227.84640405
 10
189.6264766
 20
228.67685885
 10
188.305321
 20
229.48024800000002
 10
186.96788385
 20
230.25623009999998
 10
185.6147336
 20
231.00447524999998
 10
184.24644545
 20
231.7246654
 10
182.86360095
 20
232.4164945
 10
181.46678789999999
 20
233.07966844999999
 10
180.05660005
 20
233.7139054
 10
178.6336367
 20
234.3189357
 10
177.1985027
 20
234.8945023
 10
175.75180815
 20
235.44036045000001
 10
174.2941678
 20
235.95627815
 10
172.82620135
 20
236.44203615
 10
171.3485327
 20
236.897428
 10
169.86178995
 20
237.32226005
 10
168.366605
 20
237.71635179999998
 10
166.86361335
 20
238.07953575
 10
165.35345395
 20
238.41165745
 10
163.83676855
 20
238.71257585
 10
162.31420195
 20
238.9821629
 10
160.7864012
 20
239.22030415
 10
159.2540157
 20
239.4268983
 10
157.71769685
 20
239.60185760000002
 10
156.17809765
 20
239.74510759999998
 10
154.6358724
 20
239.85658745
 10
153.09167675
 20
239.93624979999998
 10
151.54616694999999
 20
239.98406075
 10
150.0
 20
240.0
  0
LWPOLYLINE
  5
188
330
17
100
AcDbEntity
  8
OUTLINE
100
AcDbPolyline
 90
2
 70
0
 10
150.0
 20
165.0
 10
225.0
 20
165.0
  0
LWPOLYLINE
  5
189
330
17
100
AcDbEntity
  8
OUTLINE
100
AcDbPolyline
 90
2
 70
0
 10
150.0
 20
165.0
 10
150.0
 20
240.0
  0
LWPOLYLINE
  5
18A
330
17
100
AcDbEntity
  8
OUTLINE
100
AcDbPolyline
 90
44
 70
0
 10
150.0
 20
240.0
 10
148.45383305000001
 20
239.98406075
 10
146.90832325
 20
239.93624979999998
 10
145.3641276
 20
239.85658745
 10
143.82190235
 20
239.74510759999998
 10
142.28230315
 20
239.60185760000002
 10
140.7459843
 20
239.4268983
 10
139.2135988
 20
239.22030415
 10
137.68579805
 20
238.9821629
 10
136.16323145
 20
238.71257585
 10
134.64654605
 20
238.41165745
 10
133.13638665
 20
238.07953575
 10
131.633395
 20
237.71635179999998
 10
130.13821005
 20
237.32226005
 10
128.6514673
 20
236.897428
 10
127.17379865
 20
236.44203615
 10
125.7058322
 20
235.95627815
 10
124.24819185
 20
235.44036045000001
 10
122.8014973
 20
234.8945023
 10
121.3663633
 20
234.3189357
 10
119.94339995
 20
233.7139054
 10
118.5332121
 20
233.07966844999999
 10
117.13639905
 20
232.4164945
 10
115.75355454999999
 20
231.7246654
 10
114.3852664
 20
231.00447524999998
 10
113.03211615000001
 20
230.25623009999998
 10
111.69467900000001
 20
229.48024800000002
 10
110.37352340000001
 20
228.67685885
 10
109.06921084999999
 20
227.84640405
 10
107.7822958
 20
226.9892366
 10
106.51332525000001
 20
226.10572085
 10
105.26283855
 20
225.1962323
 10
104.0313672
 20
224.2611576
 10
102.8194347
 20
223.30089415
 10
101.62755609999999
 20
222.3158501
 10
100.45623805
 20
221.30644415
 10
99.3059784
 20
220.2731053
 10
98.17726605
 20
219.2162729
 10
97.07058075
 20
218.136396
 10
95.98639295000001
 20
217.0339337
 10
94.92516345
 20
215.90935455
 10
93.8873433
 20
214.76313655
 10
92.87337364999999
 20
213.5957669
 10
91.88368545
 20
212.4077418
  0
LWPOLYLINE
  5
18B
330
17
100
AcDbEntity
  8
OUTLINE
100
AcDbPolyline
 90
28
 70
0
 10
85.57434465
 20
203.3970693
 10
84.8228214
 20
202.10708005
 10
84.0971241
 20
200.80238745
 10
83.39754025
 20
199.48350845
 10
82.72434705
 20
198.1509656
 10
82.0778113
 20
196.805287
 10
81.45818915
 20
195.4470058
 10
80.8657261
 20
194.07666025
 10
80.30065695
 20
192.69479330000001
 10
79.76320555
 20
191.3019525
 10
79.25358495
 20
189.8986898
 10
78.77199695
 20
188.4855612
 10
78.3186325
 20
187.06312665000002
 10
77.8936712
 20
185.63194975
 10
77.49728145
 20
184.1925976
 10
77.1296203
 20
182.74564055
 10
76.7908334
 20
181.29165195
 10
76.481055
 20
179.8312079
 10
76.2004079
 20
178.36488715
 10
75.9490033
 20
176.89327065
 10
75.72694075
 20
175.41694155
 10
75.5343083
 20
173.9364848
 10
75.37118225
 20
172.45248705
 10
75.23762725
 20
170.9655363
 10
75.13369625
 20
169.4762218
 10
75.05943035
 20
167.9851336
 10
75.01485905
 20
166.49286255
 10
75.0
 20
165.0
  0
LWPOLYLINE
  5
18C
330
17
100
AcDbEntity
  8
OUTLINE
100
AcDbPolyline
 90
44
 70
0
 10
150.6061223
 20
90.00244925
 10
152.1380197
 20
90.0304804
 10
153.66902485
 20
90.0897987
 10
155.1984988
 20
90.1803795
 10
156.7258032
 20
90.30218495
 10
158.25030075
 20
90.45516425
 10
159.7713552
 20
90.6392535
 10
161.28833170000001
 20
90.85437595
 10
162.80059725
 20
91.10044175
 10
164.30752065000001
 20
91.37734825
 10
165.80847310000001
 20
91.68497985
 10
167.30282815
 20
92.0232082
 10
168.78996215
 20
92.39189215
 10
170.2692545
 20
92.79087785
 10
171.7400878
 20
93.21999875
 10
173.2018483
 20
93.67907575
 10
174.6539259
 20
94.1679173
 10
176.0957146
 20
94.6863194
 10
177.5266127
 20
95.2340657
 10
178.9460231
 20
95.81092755
 10
180.35335335
 20
96.41666425
 10
181.74801615
 20
97.05102305
 10
183.12942950000001
 20
97.71373915
 10
184.49701685
 20
98.40453595
 10
185.85020745
 20
99.12312525
 10
187.1884366
 20
99.8692071
 10
188.51114585
 20
100.64247015
 10
189.81778309999999
 20
101.44259170000001
 10
191.1078031
 20
102.2692378
 10
192.38066750000002
 20
103.1220635
 10
193.63584505
 20
104.0007129
 10
194.87281195
 20
104.90481925
 10
196.09105195
 20
105.8340053
 10
197.29005665
 20
106.78788320000001
 10
198.4693257
 20
107.76605495
 10
199.6283669
 20
108.7681123
 10
200.7666966
 20
109.79363699999999
 10
201.8838397
 20
110.84220115
 10
202.97932995
 20
111.91336705
 10
204.05271025
 20
113.00668780000001
 10
205.10353255
 20
114.121707
 10
206.1313584
 20
115.2579594
 10
207.1357588
 20
116.41497075000001
 10
208.11631455
 20
117.5922582
  0
LWPOLYLINE
  5
18D
330
17
100
AcDbEntity
  8
OUTLINE
100
AcDbPolyline
 90
28
 70
0
 10
214.42565535
 20
126.6029307
 10
215.1771786
 20
127.89291994999999
 10
215.9028759
 20
129.19761255
 10
216.60245974999998
 20
130.51649155
 10
217.27565295
 20
131.8490344
 10
217.9221887
 20
133.194713
 10
218.54181085
 20
134.5529942
 10
219.13427389999998
 20
135.92333975
 10
219.69934304999998
 20
137.30520669999999
 10
220.23679445
 20
138.6980475
 10
220.74641505
 20
140.1013102
 10
221.22800304999998
 20
141.5144388
 10
221.6813675
 20
142.93687334999998
 10
222.1063288
 20
144.36805025
 10
222.50271855
 20
145.8074024
 10
222.8703797
 20
147.25435945
 10
223.2091666
 20
148.70834805
 10
223.518945
 20
150.1687921
 10
223.79959209999998
 20
151.63511285
 10
224.05099669999998
 20
153.10672935
 10
224.27305925000002
 20
154.58305845
 10
224.46569169999998
 20
156.0635152
 10
224.62881775
 20
157.54751295
 10
224.76237275
 20
159.0344637
 10
224.86630375
 20
160.5237782
 10
224.94056965
 20
162.0148664
 10
224.98514095000002
 20
163.50713745
 10
225.0
 20
165.0
  0
LWPOLYLINE
  5
18E
330
17
100
AcDbEntity
  8
OUTLINE
100
AcDbPolyline
 90
7
 70
0
 10
150.6061223
 20
90.00244925
 10
150.5580384
 20
90.1314572
 10
150.4828756
 20
90.24680745
 10
150.3842813
 20
90.3429025
 10
150.26703965
 20
90.4150795
 10
150.1368399
 20
90.4598359
 10
150.0
 20
90.475
  0
LWPOLYLINE
  5
18F
330
17
100
AcDbEntity
  8
OUTLINE
100
AcDbPolyline
 90
2
 70
0
 10
150.0
 20
165.0
 10
150.0
 20
90.475
  0
LWPOLYLINE
  5
190
330
17
100
AcDbEntity
  8
OUTLINE
100
AcDbPolyline
 90
2
 70
0
 10
150.0
 20
165.0
 10
75.0
 20
165.0
  0
LWPOLYLINE
  5
191
330
17
100
AcDbEntity
  8
OUTLINE
100
AcDbPolyline
 90
28
 70
0
 10
75.0
 20
165.0
 10
75.01485905
 20
163.50713745
 10
75.05943035
 20
162.0148664
 10
75.13369625
 20
160.5237782
 10
75.23762725
 20
159.0344637
 10
75.37118225
 20
157.54751295
 10
75.5343083
 20
156.0635152
 10
75.72694075
 20
154.58305845
 10
75.9490033
 20
153.10672935
 10
76.2004079
 20
151.63511285
 10
76.481055
 20
150.1687921
 10
76.7908334
 20
148.70834805
 10
77.1296203
 20
147.25435945
 10
77.49728145
 20
145.8074024
 10
77.8936712
 20
144.36805025
 10
78.3186325
 20
142.93687334999998
 10
78.77199695
 20
141.5144388
 10
79.25358495
 20
140.1013102
 10
79.76320555
 20
138.6980475
 10
80.30065695
 20
137.30520669999999
 10
80.8657261
 20
135.92333975
 10
81.45818915
 20
134.5529942
 10
82.0778113
 20
133.194713
 10
82.72434705
 20
131.8490344
 10
83.39754025
 20
130.51649155
 10
84.0971241
 20
129.19761255
 10
84.8228214
 20
127.89291994999999
 10
85.57434465
 20
126.6029307
  0
LWPOLYLINE
  5
192
330
17
100
AcDbEntity
  8
OUTLINE
100
AcDbPolyline
 90
44
 70
0
 10
91.88368545
 20
117.5922582
 10
92.86424120000001
 20
116.41497075000001
 10
93.86864159999999
 20
115.2579594
 10
94.89646745
 20
114.121707
 10
95.94728975000001
 20
113.00668780000001
 10
97.02067005
 20
111.91336705
 10
98.11616029999999
 20
110.84220115
 10
99.2333034
 20
109.79363699999999
 10
100.3716331
 20
108.7681123
 10
101.5306743
 20
107.76605495
 10
102.70994335
 20
106.78788320000001
 10
103.90894804999999
 20
105.8340053
 10
105.12718805
 20
104.90481925
 10
106.36415495
 20
104.0007129
 10
107.6193325
 20
103.1220635
 10
108.8921969
 20
102.2692378
 10
110.1822169
 20
101.44259170000001
 10
111.48885415000001
 20
100.64247015
 10
112.8115634
 20
99.8692071
 10
114.14979255
 20
99.12312525
 10
115.50298315
 20
98.40453595
 10
116.8705705
 20
97.71373915
 10
118.25198385
 20
97.05102305
 10
119.64664665000001
 20
96.41666425
 10
121.0539769
 20
95.81092755
 10
122.4733873
 20
95.2340657
 10
123.90428539999999
 20
94.6863194
 10
125.3460741
 20
94.1679173
 10
126.7981517
 20
93.67907575
 10
128.2599122
 20
93.21999875
 10
129.7307455
 20
92.79087785
 10
131.21003785
 20
92.39189215
 10
132.69717185
 20
92.0232082
 10
134.19152689999999
 20
91.68497985
 10
135.69247934999999
 20
91.37734825
 10
137.19940275
 20
91.10044175
 10
138.71166829999999
 20
90.85437595
 10
140.2286448
 20
90.6392535
 10
141.74969925
 20
90.45516425
 10
143.2741968
 20
90.30218495
 10
144.8015012
 20
90.1803795
 10
146.33097515
 20
90.0897987
 10
147.8619803
 20
90.0304804
 10
149.3938777
 20
90.00244925
  0
LWPOLYLINE
  5
193
330
17
100
AcDbEntity
  8
OUTLINE
100
AcDbPolyline
 90
7
 70
0
 10
150.0
 20
90.475
 10
149.8631601
 20
90.4598359
 10
149.73296035
 20
90.4150795
 10
149.6157187
 20
90.3429025
 10
149.5171244
 20
90.24680745
 10
149.4419616
 20
90.1314572
 10
149.3938777
 20
90.00244925
  0
LWPOLYLINE
  5
194
330
17
100
AcDbEntity
  8
OUTLINE
100
AcDbPolyline
 90
32
 70
0
 10
214.93327929999998
 20
207.629688
 10
214.94848245
 20
207.7791931
 10
214.9934696
 20
207.92257745
 10
215.0663989
 20
208.05397084999998
 10
215.1642846
 20
208.1679941
 10
215.2831193
 20
208.259979
 10
215.4180379
 20
208.3261597
 10
215.56351675000002
 20
208.3638268
 10
215.71359995
 20
208.37143815000002
 10
215.86214315
 20
208.34868219999998
 10
216.0030649
 20
208.2964905
 10
216.13059585000002
 20
208.21699985
 10
216.23951490000002
 20
208.11346455
 10
216.32536285
 20
207.99012345
 10
216.3846251
 20
207.85202605
 10
216.4148755
 20
207.7048261
 10
216.4148755
 20
207.55454995
 10
216.3846251
 20
207.40735
 10
216.32536285
 20
207.26925260000002
 10
216.23951490000002
 20
207.14591145
 10
216.13059585000002
 20
207.0423762
 10
216.0030649
 20
206.96288555
 10
215.86214315
 20
206.91069385
 10
215.71359995
 20
206.8879379
 10
215.56351675000002
 20
206.89554925
 10
215.4180379
 20
206.93321635
 10
215.2831193
 20
206.99939705
 10
215.1642846
 20
207.09138195
 10
215.0663989
 20
207.2054052
 10
214.9934696
 20
207.3367986
 10
214.94848245
 20
207.48018295
 10
214.93327929999998
 20
207.629688
  0
LWPOLYLINE
  5
195
330
17
100
AcDbEntity
  8
OUTLINE
100
AcDbPolyline
 90
43
 70
0
 10
217.05098264999998
 20
207.629688
 10
217.03562505
 20
207.83462115
 10
216.98989525000002
 20
208.0349764
 10
216.91481485
 20
208.22627814999998
 10
216.812061
 20
208.4042531
 10
216.683929
 20
208.56492555
 10
216.53328115
 20
208.7047063
 10
216.36348264999998
 20
208.82047295
 10
216.17832655
 20
208.90963945
 10
215.98194895
 20
208.9702139
 10
215.77873655000002
 20
209.00084325
 10
215.57322879999998
 20
209.00084325
 10
215.3700164
 20
208.9702139
 10
215.17363875
 20
208.90963945
 10
214.98848264999998
 20
208.82047295
 10
214.8186842
 20
208.7047063
 10
214.66803635
 20
208.56492555
 10
214.53990435
 20
208.4042531
 10
214.43715045
 20
208.22627814999998
 10
214.36207005
 20
208.0349764
 10
214.31634029999998
 20
207.83462115
 10
214.30098264999998
 20
207.629688
 10
214.31634029999998
 20
207.4247549
 10
214.36207005
 20
207.22439965
 10
214.43715045
 20
207.0330979
 10
214.53990435
 20
206.85512295
 10
214.66803635
 20
206.69445050000002
 10
214.8186842
 20
206.55466975000002
 10
214.98848264999998
 20
206.4389031
 10
215.17363875
 20
206.3497366
 10
215.3700164
 20
206.28916215
 10
215.57322879999998
 20
206.2585328
 10
215.77873655000002
 20
206.2585328
 10
215.98194895
 20
206.28916215
 10
216.17832655
 20
206.3497366
 10
216.36348264999998
 20
206.4389031
 10
216.53328115
 20
206.55466975000002
 10
216.683929
 20
206.69445050000002
 10
216.812061
 20
206.85512295
 10
216.91481485
 20
207.0330979
 10
216.98989525000002
 20
207.22439965
 10
217.03562505
 20
207.4247549
 10
217.05098264999998
 20
207.629688
  0
LWPOLYLINE
  5
196
330
17
100
AcDbEntity
  8
OUTLINE
100
AcDbPolyline
 90
15
 70
0
 10
216.04548685
 20
208.269688
 10
215.9885739
 20
208.269688
 10
215.9335868
 20
208.269688
 10
215.88018685
 20
208.269688
 10
215.82804505000001
 20
208.269688
 10
215.77684010000002
 20
208.269688
 10
215.7262565
 20
208.269688
 10
215.67598264999998
 20
208.269688
 10
215.62570885
 20
208.269688
 10
215.57512524999999
 20
208.269688
 10
215.5239203
 20
208.269688
 10
215.47177845
 20
208.269688
 10
215.41837850000002
 20
208.269688
 10
215.36339145
 20
208.269688
 10
215.3064785
 20
208.269688
  0
LWPOLYLINE
  5
197
330
17
100
AcDbEntity
  8
OUTLINE
100
AcDbPolyline
 90
15
 70
0
 10
216.414991
 20
207.629688
 10
216.38653455
 20
207.6789761
 10
216.359041
 20
207.72659629999998
 10
216.33234105
 20
207.772842
 10
216.3062701
 20
207.81799815
 10
216.28066765
 20
207.86234295
 10
216.25537585
 20
207.9061496
 10
216.23023890000002
 20
207.949688
 10
216.205102
 20
207.99322645
 10
216.17981020000002
 20
208.0370331
 10
216.15420775
 20
208.0813779
 10
216.1281368
 20
208.12653405
 10
216.10143685
 20
208.17277975
 10
216.0739433
 20
208.22039995
 10
216.04548685
 20
208.269688
  0
LWPOLYLINE
  5
198
330
17
100
AcDbEntity
  8
OUTLINE
100
AcDbPolyline
 90
15
 70
0
 10
216.04548685
 20
206.989688
 10
216.0739433
 20
207.0389761
 10
216.10143685
 20
207.0865963
 10
216.1281368
 20
207.13284199999998
 10
216.15420775
 20
207.17799815
 10
216.17981020000002
 20
207.22234294999998
 10
216.205102
 20
207.2661496
 10
216.23023890000002
 20
207.309688
 10
216.25537585
 20
207.35322645
 10
216.28066765
 20
207.3970331
 10
216.3062701
 20
207.4413779
 10
216.33234105
 20
207.48653405
 10
216.359041
 20
207.53277975
 10
216.38653455
 20
207.58039995000001
 10
216.414991
 20
207.629688
  0
LWPOLYLINE
  5
199
330
17
100
AcDbEntity
  8
OUTLINE
100
AcDbPolyline
 90
15
 70
0
 10
215.3064785
 20
206.989688
 10
215.36339145
 20
206.989688
 10
215.41837850000002
 20
206.989688
 10
215.47177845
 20
206.989688
 10
215.5239203
 20
206.989688
 10
215.57512524999999
 20
206.989688
 10
215.62570885
 20
206.989688
 10
215.67598264999998
 20
206.989688
 10
215.7262565
 20
206.989688
 10
215.77684010000002
 20
206.989688
 10
215.82804505000001
 20
206.989688
 10
215.88018685
 20
206.989688
 10
215.9335868
 20
206.989688
 10
215.9885739
 20
206.989688
 10
216.04548685
 20
206.989688
  0
LWPOLYLINE
  5
19A
330
17
100
AcDbEntity
  8
OUTLINE
100
AcDbPolyline
 90
15
 70
0
 10
214.9369743
 20
207.629688
 10
214.96543079999998
 20
207.58039995000001
 10
214.99292435
 20
207.53277975
 10
215.0196243
 20
207.48653405
 10
215.0456952
 20
207.4413779
 10
215.0712977
 20
207.3970331
 10
215.0965895
 20
207.35322645
 10
215.1217264
 20
207.309688
 10
215.14686335
 20
207.2661496
 10
215.1721551
 20
207.22234294999998
 10
215.1977576
 20
207.17799815
 10
215.2238285
 20
207.13284199999998
 10
215.2505285
 20
207.0865963
 10
215.27802200000002
 20
207.0389761
 10
215.3064785
 20
206.989688
  0
LWPOLYLINE
  5
19B
330
17
100
AcDbEntity
  8
OUTLINE
100
AcDbPolyline
 90
15
 70
0
 10
215.3064785
 20
208.269688
 10
215.27802200000002
 20
208.22039995
 10
215.2505285
 20
208.17277975
 10
215.2238285
 20
208.12653405
 10
215.1977576
 20
208.0813779
 10
215.1721551
 20
208.0370331
 10
215.14686335
 20
207.99322645
 10
215.1217264
 20
207.949688
 10
215.0965895
 20
207.9061496
 10
215.0712977
 20
207.86234295
 10
215.0456952
 20
207.81799815
 10
215.0196243
 20
207.772842
 10
214.99292435
 20
207.72659629999998
 10
214.96543079999998
 20
207.6789761
 10
214.9369743
 20
207.629688
  0
LWPOLYLINE
  5
19C
330
17
100
AcDbEntity
  8
OUTLINE
100
AcDbPolyline
 90
15
 70
0
 10
216.04548685
 20
208.269688
 10
215.9885739
 20
208.269688
 10
215.9335868
 20
208.269688
 10
215.88018685
 20
208.269688
 10
215.82804505000001
 20
208.269688
 10
215.77684010000002
 20
208.269688
 10
215.7262565
 20
208.269688
 10
215.67598264999998
 20
208.269688
 10
215.62570885
 20
208.269688
 10
215.57512524999999
 20
208.269688
 10
215.5239203
 20
208.269688
 10
215.47177845
 20
208.269688
 10
215.41837850000002
 20
208.269688
 10
215.36339145
 20
208.269688
 10
215.3064785
 20
208.269688
  0
LWPOLYLINE
  5
19D
330
17
100
AcDbEntity
  8
OUTLINE
100
AcDbPolyline
 90
15
 70
0
 10
216.414991
 20
207.629688
 10
216.38653455
 20
207.6789761
 10
216.359041
 20
207.72659629999998
 10
216.33234105
 20
207.772842
 10
216.3062701
 20
207.81799815
 10
216.28066765
 20
207.86234295
 10
216.25537585
 20
207.9061496
 10
216.23023890000002
 20
207.949688
 10
216.205102
 20
207.99322645
 10
216.17981020000002
 20
208.0370331
 10
216.15420775
 20
208.0813779
 10
216.1281368
 20
208.12653405
 10
216.10143685
 20
208.17277975
 10
216.0739433
 20
208.22039995
 10
216.04548685
 20
208.269688
  0
LWPOLYLINE
  5
19E
330
17
100
AcDbEntity
  8
OUTLINE
100
AcDbPolyline
 90
15
 70
0
 10
216.04548685
 20
206.989688
 10
216.0739433
 20
207.0389761
 10
216.10143685
 20
207.0865963
 10
216.1281368
 20
207.13284199999998
 10
216.15420775
 20
207.17799815
 10
216.17981020000002
 20
207.22234294999998
 10
216.205102
 20
207.2661496
 10
216.23023890000002
 20
207.309688
 10
216.25537585
 20
207.35322645
 10
216.28066765
 20
207.3970331
 10
216.3062701
 20
207.4413779
 10
216.33234105
 20
207.48653405
 10
216.359041
 20
207.53277975
 10
216.38653455
 20
207.58039995000001
 10
216.414991
 20
207.629688
  0
LWPOLYLINE
  5
19F
330
17
100
AcDbEntity
  8
OUTLINE
100
AcDbPolyline
 90
15
 70
0
 10
215.3064785
 20
206.989688
 10
215.36339145
 20
206.989688
 10
215.41837850000002
 20
206.989688
 10
215.47177845
 20
206.989688
 10
215.5239203
 20
206.989688
 10
215.57512524999999
 20
206.989688
 10
215.62570885
 20
206.989688
 10
215.67598264999998
 20
206.989688
 10
215.7262565
 20
206.989688
 10
215.77684010000002
 20
206.989688
 10
215.82804505000001
 20
206.989688
 10
215.88018685
 20
206.989688
 10
215.9335868
 20
206.989688
 10
215.9885739
 20
206.989688
 10
216.04548685
 20
206.989688
  0
LWPOLYLINE
  5
1A0
330
17
100
AcDbEntity
  8
OUTLINE
100
AcDbPolyline
 90
15
 70
0
 10
214.9369743
 20
207.629688
 10
214.96543079999998
 20
207.58039995000001
 10
214.99292435
 20
207.53277975
 10
215.0196243
 20
207.48653405
 10
215.0456952
 20
207.4413779
 10
215.0712977
 20
207.3970331
 10
215.0965895
 20
207.35322645
 10
215.1217264
 20
207.309688
 10
215.14686335
 20
207.2661496
 10
215.1721551
 20
207.22234294999998
 10
215.1977576
 20
207.17799815
 10
215.2238285
 20
207.13284199999998
 10
215.2505285
 20
207.0865963
 10
215.27802200000002
 20
207.0389761
 10
215.3064785
 20
206.989688
  0
LWPOLYLINE
  5
1A1
330
17
100
AcDbEntity
  8
OUTLINE
100
AcDbPolyline
 90
13
 70
0
 10
215.57358265
 20
207.629688
 10
215.58730165
 20
207.680888
 10
215.62478265
 20
207.718369
 10
215.67598264999998
 20
207.732088
 10
215.72718265
 20
207.718369
 10
215.76466365
 20
207.680888
 10
215.77838265
 20
207.629688
 10
215.76466365
 20
207.578488
 10
215.72718265
 20
207.541007
 10
215.67598264999998
 20
207.527288
 10
215.62478265
 20
207.541007
 10
215.58730165
 20
207.578488
 10
215.57358265
 20
207.629688
  0
LWPOLYLINE
  5
1A2
330
17
100
AcDbEntity
  8
OUTLINE
100
AcDbPolyline
 90
32
 70
0
 10
211.7786089
 20
212.13502425000001
 10
211.79381204999999
 20
212.28452935
 10
211.83879919999998
 20
212.4279137
 10
211.9117285
 20
212.5593071
 10
212.0096142
 20
212.6733303
 10
212.1284489
 20
212.76531525000001
 10
212.26336750000002
 20
212.83149595
 10
212.40884635
 20
212.86916305
 10
212.55892955000002
 20
212.8767744
 10
212.70747275
 20
212.8540184
 10
212.84839449999998
 20
212.80182675
 10
212.97592545
 20
212.7223361
 10
213.0848445
 20
212.6188008
 10
213.17069245
 20
212.4954597
 10
213.2299547
 20
212.35736225
 10
213.2602051
 20
212.2101623
 10
213.2602051
 20
212.0598862
 10
213.2299547
 20
211.91268625
 10
213.17069245
 20
211.77458885
 10
213.0848445
 20
211.6512477
 10
212.97592545
 20
211.54771245
 10
212.84839449999998
 20
211.4682218
 10
212.70747275
 20
211.4160301
 10
212.55892955000002
 20
211.39327415
 10
212.40884635
 20
211.40088550000002
 10
212.26336750000002
 20
211.4385526
 10
212.1284489
 20
211.5047333
 10
212.0096142
 20
211.5967182
 10
211.9117285
 20
211.71074145
 10
211.83879919999998
 20
211.84213485
 10
211.79381204999999
 20
211.98551915000002
 10
211.7786089
 20
212.13502425000001
  0
LWPOLYLINE
  5
1A3
330
17
100
AcDbEntity
  8
OUTLINE
100
AcDbPolyline
 90
43
 70
0
 10
213.89631225
 20
212.13502425000001
 10
213.88095465
 20
212.3399574
 10
213.83522485
 20
212.54031265
 10
213.76014444999998
 20
212.7316144
 10
213.65739059999999
 20
212.90958935
 10
213.5292586
 20
213.0702618
 10
213.37861075
 20
213.21004255
 10
213.20881225
 20
213.3258092
 10
213.02365615
 20
213.41497565
 10
212.82727855000002
 20
213.47555015
 10
212.62406615
 20
213.5061795
 10
212.4185584
 20
213.5061795
 10
212.215346
 20
213.47555015
 10
212.01896835
 20
213.41497565
 10
211.83381225
 20
213.3258092
 10
211.6640138
 20
213.21004255
 10
211.51336595
 20
213.0702618
 10
211.38523394999999
 20
212.90958935
 10
211.28248005
 20
212.7316144
 10
211.20739965
 20
212.54031265
 10
211.1616699
 20
212.3399574
 10
211.14631225
 20
212.13502425000001
 10
211.1616699
 20
211.93009115
 10
211.20739965
 20
211.7297359
 10
211.28248005
 20
211.53843410000002
 10
211.38523394999999
 20
211.3604592
 10
211.51336595
 20
211.19978675
 10
211.6640138
 20
211.060006
 10
211.83381225
 20
210.94423935
 10
212.01896835
 20
210.85507285
 10
212.215346
 20
210.7944984
 10
212.4185584
 20
210.76386904999998
 10
212.62406615
 20
210.76386904999998
 10
212.82727855000002
 20
210.7944984
 10
213.02365615
 20
210.85507285
 10
213.20881225
 20
210.94423935
 10
213.37861075
 20
211.060006
 10
213.5292586
 20
211.19978675
 10
213.65739059999999
 20
211.3604592
 10
213.76014444999998
 20
211.53843410000002
 10
213.83522485
 20
211.7297359
 10
213.88095465
 20
211.93009115
 10
213.89631225
 20
212.13502425000001
  0
LWPOLYLINE
  5
1A4
330
17
100
AcDbEntity
  8
OUTLINE
100
AcDbPolyline
 90
15
 70
0
 10
212.89081645
 20
212.77502425
 10
212.8339035
 20
212.77502425
 10
212.7789164
 20
212.77502425
 10
212.72551645
 20
212.77502425
 10
212.67337465
 20
212.77502425
 10
212.6221697
 20
212.77502425
 10
212.5715861
 20
212.77502425
 10
212.52131225
 20
212.77502425
 10
212.47103845
 20
212.77502425
 10
212.42045485
 20
212.77502425
 10
212.3692499
 20
212.77502425
 10
212.31710805
 20
212.77502425
 10
212.2637081
 20
212.77502425
 10
212.20872105
 20
212.77502425
 10
212.15180809999998
 20
212.77502425
  0
LWPOLYLINE
  5
1A5
330
17
100
AcDbEntity
  8
OUTLINE
100
AcDbPolyline
 90
15
 70
0
 10
213.2603206
 20
212.13502425000001
 10
213.23186415
 20
212.18431235
 10
213.2043706
 20
212.2319325
 10
213.17767065
 20
212.27817825
 10
213.1515997
 20
212.3233344
 10
213.12599725
 20
212.3676792
 10
213.10070545
 20
212.41148585
 10
213.0755685
 20
212.45502425
 10
213.0504316
 20
212.4985627
 10
213.0251398
 20
212.54236935
 10
212.99953735
 20
212.58671415
 10
212.9734664
 20
212.6318703
 10
212.94676644999998
 20
212.678116
 10
212.9192729
 20
212.7257362
 10
212.89081645
 20
212.77502425
  0
LWPOLYLINE
  5
1A6
330
17
100
AcDbEntity
  8
OUTLINE
100
AcDbPolyline
 90
15
 70
0
 10
212.89081645
 20
211.49502425
 10
212.9192729
 20
211.54431234999998
 10
212.94676644999998
 20
211.59193249999998
 10
212.9734664
 20
211.63817825
 10
212.99953735
 20
211.6833344
 10
213.0251398
 20
211.7276792
 10
213.0504316
 20
211.77148585
 10
213.0755685
 20
211.81502425
 10
213.10070545
 20
211.8585627
 10
213.12599725
 20
211.90236935000001
 10
213.1515997
 20
211.94671415
 10
213.17767065
 20
211.99187030000002
 10
213.2043706
 20
212.038116
 10
213.23186415
 20
212.08573619999999
 10
213.2603206
 20
212.13502425000001
  0
LWPOLYLINE
  5
1A7
330
17
100
AcDbEntity
  8
OUTLINE
100
AcDbPolyline
 90
15
 70
0
 10
212.15180809999998
 20
211.49502425
 10
212.20872105
 20
211.49502425
 10
212.2637081
 20
211.49502425
 10
212.31710805
 20
211.49502425
 10
212.3692499
 20
211.49502425
 10
212.42045485
 20
211.49502425
 10
212.47103845
 20
211.49502425
 10
212.52131225
 20
211.49502425
 10
212.5715861
 20
211.49502425
 10
212.6221697
 20
211.49502425
 10
212.67337465
 20
211.49502425
 10
212.72551645
 20
211.49502425
 10
212.7789164
 20
211.49502425
 10
212.8339035
 20
211.49502425
 10
212.89081645
 20
211.49502425
  0
LWPOLYLINE
  5
1A8
330
17
100
AcDbEntity
  8
OUTLINE
100
AcDbPolyline
 90
15
 70
0
 10
211.7823039
 20
212.13502425000001
 10
211.8107604
 20
212.08573619999999
 10
211.83825395
 20
212.038116
 10
211.8649539
 20
211.99187030000002
 10
211.8910248
 20
211.94671415
 10
211.91662730000002
 20
211.90236935000001
 10
211.9419191
 20
211.8585627
 10
211.967056
 20
211.81502425
 10
211.99219295
 20
211.77148585
 10
212.0174847
 20
211.7276792
 10
212.0430872
 20
211.6833344
 10
212.0691581
 20
211.63817825
 10
212.0958581
 20
211.59193249999998
 10
212.1233516
 20
211.54431234999998
 10
212.15180809999998
 20
211.49502425
  0
LWPOLYLINE
  5
1A9
330
17
100
AcDbEntity
  8
OUTLINE
100
AcDbPolyline
 90
15
 70
0
 10
212.15180809999998
 20
212.77502425
 10
212.1233516
 20
212.7257362
 10
212.0958581
 20
212.678116
 10
212.0691581
 20
212.6318703
 10
212.0430872
 20
212.58671415
 10
212.0174847
 20
212.54236935
 10
211.99219295
 20
212.4985627
 10
211.967056
 20
212.45502425
 10
211.9419191
 20
212.41148585
 10
211.91662730000002
 20
212.3676792
 10
211.8910248
 20
212.3233344
 10
211.8649539
 20
212.27817825
 10
211.83825395
 20
212.2319325
 10
211.8107604
 20
212.18431235
 10
211.7823039
 20
212.13502425000001
  0
LWPOLYLINE
  5
1AA
330
17
100
AcDbEntity
  8
OUTLINE
100
AcDbPolyline
 90
15
 70
0
 10
212.89081645
 20
212.77502425
 10
212.8339035
 20
212.77502425
 10
212.7789164
 20
212.77502425
 10
212.72551645
 20
212.77502425
 10
212.67337465
 20
212.77502425
 10
212.6221697
 20
212.77502425
 10
212.5715861
 20
212.77502425
 10
212.52131225
 20
212.77502425
 10
212.47103845
 20
212.77502425
 10
212.42045485
 20
212.77502425
 10
212.3692499
 20
212.77502425
 10
212.31710805
 20
212.77502425
 10
212.2637081
 20
212.77502425
 10
212.20872105
 20
212.77502425
 10
212.15180809999998
 20
212.77502425
  0
LWPOLYLINE
  5
1AB
330
17
100
AcDbEntity
  8
OUTLINE
100
AcDbPolyline
 90
15
 70
0
 10
213.2603206
 20
212.13502425000001
 10
213.23186415
 20
212.18431235
 10
213.2043706
 20
212.2319325
 10
213.17767065
 20
212.27817825
 10
213.1515997
 20
212.3233344
 10
213.12599725
 20
212.3676792
 10
213.10070545
 20
212.41148585
 10
213.0755685
 20
212.45502425
 10
213.0504316
 20
212.4985627
 10
213.0251398
 20
212.54236935
 10
212.99953735
 20
212.58671415
 10
212.9734664
 20
212.6318703
 10
212.94676644999998
 20
212.678116
 10
212.9192729
 20
212.7257362
 10
212.89081645
 20
212.77502425
  0
LWPOLYLINE
  5
1AC
330
17
100
AcDbEntity
  8
OUTLINE
100
AcDbPolyline
 90
15
 70
0
 10
212.89081645
 20
211.49502425
 10
212.9192729
 20
211.54431234999998
 10
212.94676644999998
 20
211.59193249999998
 10
212.9734664
 20
211.63817825
 10
212.99953735
 20
211.6833344
 10
213.0251398
 20
211.7276792
 10
213.0504316
 20
211.77148585
 10
213.0755685
 20
211.81502425
 10
213.10070545
 20
211.8585627
 10
213.12599725
 20
211.90236935000001
 10
213.1515997
 20
211.94671415
 10
213.17767065
 20
211.99187030000002
 10
213.2043706
 20
212.038116
 10
213.23186415
 20
212.08573619999999
 10
213.2603206
 20
212.13502425000001
  0
LWPOLYLINE
  5
1AD
330
17
100
AcDbEntity
  8
OUTLINE
100
AcDbPolyline
 90
15
 70
0
 10
212.15180809999998
 20
211.49502425
 10
212.20872105
 20
211.49502425
 10
212.2637081
 20
211.49502425
 10
212.31710805
 20
211.49502425
 10
212.3692499
 20
211.49502425
 10
212.42045485
 20
211.49502425
 10
212.47103845
 20
211.49502425
 10
212.52131225
 20
211.49502425
 10
212.5715861
 20
211.49502425
 10
212.6221697
 20
211.49502425
 10
212.67337465
 20
211.49502425
 10
212.72551645
 20
211.49502425
 10
212.7789164
 20
211.49502425
 10
212.8339035
 20
211.49502425
 10
212.89081645
 20
211.49502425
  0
LWPOLYLINE
  5
1AE
330
17
100
AcDbEntity
  8
OUTLINE
100
AcDbPolyline
 90
15
 70
0
 10
211.7823039
 20
212.13502425000001
 10
211.8107604
 20
212.08573619999999
 10
211.83825395
 20
212.038116
 10
211.8649539
 20
211.99187030000002
 10
211.8910248
 20
211.94671415
 10
211.91662730000002
 20
211.90236935000001
 10
211.9419191
 20
211.8585627
 10
211.967056
 20
211.81502425
 10
211.99219295
 20
211.77148585
 10
212.0174847
 20
211.7276792
 10
212.0430872
 20
211.6833344
 10
212.0691581
 20
211.63817825
 10
212.0958581
 20
211.59193249999998
 10
212.1233516
 20
211.54431234999998
 10
212.15180809999998
 20
211.49502425
  0
LWPOLYLINE
  5
1AF
330
17
100
AcDbEntity
  8
OUTLINE
100
AcDbPolyline
 90
13
 70
0
 10
212.41891225
 20
212.13502425000001
 10
212.43263125
 20
212.18622425
 10
212.47011225
 20
212.22370525
 10
212.52131225
 20
212.23742425
 10
212.57251225
 20
212.22370525
 10
212.60999325
 20
212.18622425
 10
212.62371224999998
 20
212.13502425000001
 10
212.60999325
 20
212.08382425
 10
212.57251225
 20
212.04634325
 10
212.52131225
 20
212.03262425
 10
212.47011225
 20
212.04634325
 10
212.43263125
 20
212.08382425
 10
212.41891225
 20
212.13502425000001
  0
LWPOLYLINE
  5
1B0
330
17
100
AcDbEntity
  8
OUTLINE
100
AcDbPolyline
 90
32
 70
0
 10
211.7786089
 20
117.86497575
 10
211.79381204999999
 20
118.01448085
 10
211.83879919999998
 20
118.15786514999999
 10
211.9117285
 20
118.28925855
 10
212.0096142
 20
118.4032818
 10
212.1284489
 20
118.4952667
 10
212.26336750000002
 20
118.56144739999999
 10
212.40884635
 20
118.5991145
 10
212.55892955000002
 20
118.60672585
 10
212.70747275
 20
118.5839699
 10
212.84839449999998
 20
118.53177819999999
 10
212.97592545
 20
118.45228755
 10
213.0848445
 20
118.3487523
 10
213.17069245
 20
118.22541115
 10
213.2299547
 20
118.08731374999999
 10
213.2602051
 20
117.9401138
 10
213.2602051
 20
117.78983769999999
 10
213.2299547
 20
117.64263775
 10
213.17069245
 20
117.5045403
 10
213.0848445
 20
117.3811992
 10
212.97592545
 20
117.2776639
 10
212.84839449999998
 20
117.19817325
 10
212.70747275
 20
117.1459816
 10
212.55892955000002
 20
117.1232256
 10
212.40884635
 20
117.13083695
 10
212.26336750000002
 20
117.16850405
 10
212.1284489
 20
117.23468475
 10
212.0096142
 20
117.3266697
 10
211.9117285
 20
117.4406929
 10
211.83879919999998
 20
117.5720863
 10
211.79381204999999
 20
117.71547065
 10
211.7786089
 20
117.86497575
  0
LWPOLYLINE
  5
1B1
330
17
100
AcDbEntity
  8
OUTLINE
100
AcDbPolyline
 90
43
 70
0
 10
213.89631225
 20
117.86497575
 10
213.88095465
 20
118.06990884999999
 10
213.83522485
 20
118.27026409999999
 10
213.76014444999998
 20
118.4615659
 10
213.65739059999999
 20
118.63954079999999
 10
213.5292586
 20
118.80021325
 10
213.37861075
 20
118.939994
 10
213.20881225
 20
119.05576065
 10
213.02365615
 20
119.14492715
 10
212.82727855000002
 20
119.20550159999999
 10
212.62406615
 20
119.23613095
 10
212.4185584
 20
119.23613095
 10
212.215346
 20
119.20550159999999
 10
212.01896835
 20
119.14492715
 10
211.83381225
 20
119.05576065
 10
211.6640138
 20
118.939994
 10
211.51336595
 20
118.80021325
 10
211.38523394999999
 20
118.63954079999999
 10
211.28248005
 20
118.4615659
 10
211.20739965
 20
118.27026409999999
 10
211.1616699
 20
118.06990884999999
 10
211.14631225
 20
117.86497575
 10
211.1616699
 20
117.6600426
 10
211.20739965
 20
117.45968735
 10
211.28248005
 20
117.2683856
 10
211.38523394999999
 20
117.09041065
 10
211.51336595
 20
116.9297382
 10
211.6640138
 20
116.78995745
 10
211.83381225
 20
116.67419079999999
 10
212.01896835
 20
116.58502435
 10
212.215346
 20
116.52444985
 10
212.4185584
 20
116.4938205
 10
212.62406615
 20
116.4938205
 10
212.82727855000002
 20
116.52444985
 10
213.02365615
 20
116.58502435
 10
213.20881225
 20
116.67419079999999
 10
213.37861075
 20
116.78995745
 10
213.5292586
 20
116.9297382
 10
213.65739059999999
 20
117.09041065
 10
213.76014444999998
 20
117.2683856
 10
213.83522485
 20
117.45968735
 10
213.88095465
 20
117.6600426
 10
213.89631225
 20
117.86497575
  0
LWPOLYLINE
  5
1B2
330
17
100
AcDbEntity
  8
OUTLINE
100
AcDbPolyline
 90
15
 70
0
 10
212.89081645
 20
118.50497575
 10
212.8339035
 20
118.50497575
 10
212.7789164
 20
118.50497575
 10
212.72551645
 20
118.50497575
 10
212.67337465
 20
118.50497575
 10
212.6221697
 20
118.50497575
 10
212.5715861
 20
118.50497575
 10
212.52131225
 20
118.50497575
 10
212.47103845
 20
118.50497575
 10
212.42045485
 20
118.50497575
 10
212.3692499
 20
118.50497575
 10
212.31710805
 20
118.50497575
 10
212.2637081
 20
118.50497575
 10
212.20872105
 20
118.50497575
 10
212.15180809999998
 20
118.50497575
  0
LWPOLYLINE
  5
1B3
330
17
100
AcDbEntity
  8
OUTLINE
100
AcDbPolyline
 90
15
 70
0
 10
213.2603206
 20
117.86497575
 10
213.23186415
 20
117.9142638
 10
213.2043706
 20
117.961884
 10
213.17767065
 20
118.0081297
 10
213.1515997
 20
118.05328585000001
 10
213.12599725
 20
118.09763065
 10
213.10070545
 20
118.1414373
 10
213.0755685
 20
118.18497575
 10
213.0504316
 20
118.22851415
 10
213.0251398
 20
118.2723208
 10
212.99953735
 20
118.3166656
 10
212.9734664
 20
118.36182174999999
 10
212.94676644999998
 20
118.4080675
 10
212.9192729
 20
118.45568765
 10
212.89081645
 20
118.50497575
  0
LWPOLYLINE
  5
1B4
330
17
100
AcDbEntity
  8
OUTLINE
100
AcDbPolyline
 90
15
 70
0
 10
212.89081645
 20
117.22497575
 10
212.9192729
 20
117.2742638
 10
212.94676644999998
 20
117.321884
 10
212.9734664
 20
117.3681297
 10
212.99953735
 20
117.41328585
 10
213.0251398
 20
117.45763065
 10
213.0504316
 20
117.50143729999999
 10
213.0755685
 20
117.54497574999999
 10
213.10070545
 20
117.58851415000001
 10
213.12599725
 20
117.6323208
 10
213.1515997
 20
117.6766656
 10
213.17767065
 20
117.72182175
 10
213.2043706
 20
117.7680675
 10
213.23186415
 20
117.81568765
 10
213.2603206
 20
117.86497575
  0
LWPOLYLINE
  5
1B5
330
17
100
AcDbEntity
  8
OUTLINE
100
AcDbPolyline
 90
15
 70
0
 10
212.15180809999998
 20
117.22497575
 10
212.20872105
 20
117.22497575
 10
212.2637081
 20
117.22497575
 10
212.31710805
 20
117.22497575
 10
212.3692499
 20
117.22497575
 10
212.42045485
 20
117.22497575
 10
212.47103845
 20
117.22497575
 10
212.52131225
 20
117.22497575
 10
212.5715861
 20
117.22497575
 10
212.6221697
 20
117.22497575
 10
212.67337465
 20
117.22497575
 10
212.72551645
 20
117.22497575
 10
212.7789164
 20
117.22497575
 10
212.8339035
 20
117.22497575
 10
212.89081645
 20
117.22497575
  0
LWPOLYLINE
  5
1B6
330
17
100
AcDbEntity
  8
OUTLINE
100
AcDbPolyline
 90
15
 70
0
 10
211.7823039
 20
117.86497575
 10
211.8107604
 20
117.81568765
 10
211.83825395
 20
117.7680675
 10
211.8649539
 20
117.72182175
 10
211.8910248
 20
117.6766656
 10
211.91662730000002
 20
117.6323208
 10
211.9419191
 20
117.58851415000001
 10
211.967056
 20
117.54497574999999
 10
211.99219295
 20
117.50143729999999
 10
212.0174847
 20
117.45763065
 10
212.0430872
 20
117.41328585
 10
212.0691581
 20
117.3681297
 10
212.0958581
 20
117.321884
 10
212.1233516
 20
117.2742638
 10
212.15180809999998
 20
117.22497575
  0
LWPOLYLINE
  5
1B7
330
17
100
AcDbEntity
  8
OUTLINE
100
AcDbPolyline
 90
15
 70
0
 10
212.15180809999998
 20
118.50497575
 10
212.1233516
 20
118.45568765
 10
212.0958581
 20
118.4080675
 10
212.0691581
 20
118.36182174999999
 10
212.0430872
 20
118.3166656
 10
212.0174847
 20
118.2723208
 10
211.99219295
 20
118.22851415
 10
211.967056
 20
118.18497575
 10
211.9419191
 20
118.1414373
 10
211.91662730000002
 20
118.09763065
 10
211.8910248
 20
118.05328585000001
 10
211.8649539
 20
118.0081297
 10
211.83825395
 20
117.961884
 10
211.8107604
 20
117.9142638
 10
211.7823039
 20
117.86497575
  0
LWPOLYLINE
  5
1B8
330
17
100
AcDbEntity
  8
OUTLINE
100
AcDbPolyline
 90
15
 70
0
 10
212.89081645
 20
118.50497575
 10
212.8339035
 20
118.50497575
 10
212.7789164
 20
118.50497575
 10
212.72551645
 20
118.50497575
 10
212.67337465
 20
118.50497575
 10
212.6221697
 20
118.50497575
 10
212.5715861
 20
118.50497575
 10
212.52131225
 20
118.50497575
 10
212.47103845
 20
118.50497575
 10
212.42045485
 20
118.50497575
 10
212.3692499
 20
118.50497575
 10
212.31710805
 20
118.50497575
 10
212.2637081
 20
118.50497575
 10
212.20872105
 20
118.50497575
 10
212.15180809999998
 20
118.50497575
  0
LWPOLYLINE
  5
1B9
330
17
100
AcDbEntity
  8
OUTLINE
100
AcDbPolyline
 90
15
 70
0
 10
213.2603206
 20
117.86497575
 10
213.23186415
 20
117.9142638
 10
213.2043706
 20
117.961884
 10
213.17767065
 20
118.0081297
 10
213.1515997
 20
118.05328585000001
 10
213.12599725
 20
118.09763065
 10
213.10070545
 20
118.1414373
 10
213.0755685
 20
118.18497575
 10
213.0504316
 20
118.22851415
 10
213.0251398
 20
118.2723208
 10
212.99953735
 20
118.3166656
 10
212.9734664
 20
118.36182174999999
 10
212.94676644999998
 20
118.4080675
 10
212.9192729
 20
118.45568765
 10
212.89081645
 20
118.50497575
  0
LWPOLYLINE
  5
1BA
330
17
100
AcDbEntity
  8
OUTLINE
100
AcDbPolyline
 90
15
 70
0
 10
212.89081645
 20
117.22497575
 10
212.9192729
 20
117.2742638
 10
212.94676644999998
 20
117.321884
 10
212.9734664
 20
117.3681297
 10
212.99953735
 20
117.41328585
 10
213.0251398
 20
117.45763065
 10
213.0504316
 20
117.50143729999999
 10
213.0755685
 20
117.54497574999999
 10
213.10070545
 20
117.58851415000001
 10
213.12599725
 20
117.6323208
 10
213.1515997
 20
117.6766656
 10
213.17767065
 20
117.72182175
 10
213.2043706
 20
117.7680675
 10
213.23186415
 20
117.81568765
 10
213.2603206
 20
117.86497575
  0
LWPOLYLINE
  5
1BB
330
17
100
AcDbEntity
  8
OUTLINE
100
AcDbPolyline
 90
15
 70
0
 10
212.15180809999998
 20
117.22497575
 10
212.20872105
 20
117.22497575
 10
212.2637081
 20
117.22497575
 10
212.31710805
 20
117.22497575
 10
212.3692499
 20
117.22497575
 10
212.42045485
 20
117.22497575
 10
212.47103845
 20
117.22497575
 10
212.52131225
 20
117.22497575
 10
212.5715861
 20
117.22497575
 10
212.6221697
 20
117.22497575
 10
212.67337465
 20
117.22497575
 10
212.72551645
 20
117.22497575
 10
212.7789164
 20
117.22497575
 10
212.8339035
 20
117.22497575
 10
212.89081645
 20
117.22497575
  0
LWPOLYLINE
  5
1BC
330
17
100
AcDbEntity
  8
OUTLINE
100
AcDbPolyline
 90
15
 70
0
 10
211.7823039
 20
117.86497575
 10
211.8107604
 20
117.81568765
 10
211.83825395
 20
117.7680675
 10
211.8649539
 20
117.72182175
 10
211.8910248
 20
117.6766656
 10
211.91662730000002
 20
117.6323208
 10
211.9419191
 20
117.58851415000001
 10
211.967056
 20
117.54497574999999
 10
211.99219295
 20
117.50143729999999
 10
212.0174847
 20
117.45763065
 10
212.0430872
 20
117.41328585
 10
212.0691581
 20
117.3681297
 10
212.0958581
 20
117.321884
 10
212.1233516
 20
117.2742638
 10
212.15180809999998
 20
117.22497575
  0
LWPOLYLINE
  5
1BD
330
17
100
AcDbEntity
  8
OUTLINE
100
AcDbPolyline
 90
13
 70
0
 10
212.41891225
 20
117.86497575
 10
212.43263125
 20
117.91617575000001
 10
212.47011225
 20
117.95365675
 10
212.52131225
 20
117.96737575
 10
212.57251225
 20
117.95365675
 10
212.60999325
 20
117.91617575000001
 10
212.62371224999998
 20
117.86497575
 10
212.60999325
 20
117.81377574999999
 10
212.57251225
 20
117.77629475
 10
212.52131225
 20
117.76257575
 10
212.47011225
 20
117.77629475
 10
212.43263125
 20
117.81377574999999
 10
212.41891225
 20
117.86497575
  0
LWPOLYLINE
  5
1BE
330
17
100
AcDbEntity
  8
OUTLINE
100
AcDbPolyline
 90
32
 70
0
 10
214.93327929999998
 20
122.370312
 10
214.94848245
 20
122.51981705
 10
214.9934696
 20
122.66320139999999
 10
215.0663989
 20
122.7945948
 10
215.1642846
 20
122.90861805
 10
215.2831193
 20
123.00060295
 10
215.4180379
 20
123.06678364999999
 10
215.56351675000002
 20
123.10445075
 10
215.71359995
 20
123.1120621
 10
215.86214315
 20
123.08930615
 10
216.0030649
 20
123.03711444999999
 10
216.13059585000002
 20
122.9576238
 10
216.23951490000002
 20
122.85408855
 10
216.32536285
 20
122.7307474
 10
216.3846251
 20
122.59264999999999
 10
216.4148755
 20
122.44545005
 10
216.4148755
 20
122.29517390000001
 10
216.3846251
 20
122.14797395
 10
216.32536285
 20
122.00987655
 10
216.23951490000002
 20
121.88653545
 10
216.13059585000002
 20
121.78300014999999
 10
216.0030649
 20
121.7035095
 10
215.86214315
 20
121.6513178
 10
215.71359995
 20
121.62856185
 10
215.56351675000002
 20
121.6361732
 10
215.4180379
 20
121.6738403
 10
215.2831193
 20
121.740021
 10
215.1642846
 20
121.8320059
 10
215.0663989
 20
121.94602915
 10
214.9934696
 20
122.07742255
 10
214.94848245
 20
122.2208069
 10
214.93327929999998
 20
122.370312
  0
LWPOLYLINE
  5
1BF
330
17
100
AcDbEntity
  8
OUTLINE
100
AcDbPolyline
 90
43
 70
0
 10
217.05098264999998
 20
122.370312
 10
217.03562505
 20
122.57524509999999
 10
216.98989525000002
 20
122.77560034999999
 10
216.91481485
 20
122.9669021
 10
216.812061
 20
123.14487704999999
 10
216.683929
 20
123.3055495
 10
216.53328115
 20
123.44533025
 10
216.36348264999998
 20
123.5610969
 10
216.17832655
 20
123.6502634
 10
215.98194895
 20
123.71083784999999
 10
215.77873655000002
 20
123.7414672
 10
215.57322879999998
 20
123.7414672
 10
215.3700164
 20
123.71083784999999
 10
215.17363875
 20
123.6502634
 10
214.98848264999998
 20
123.5610969
 10
214.8186842
 20
123.44533025
 10
214.66803635
 20
123.3055495
 10
214.53990435
 20
123.14487704999999
 10
214.43715045
 20
122.9669021
 10
214.36207005
 20
122.77560034999999
 10
214.31634029999998
 20
122.57524509999999
 10
214.30098264999998
 20
122.370312
 10
214.31634029999998
 20
122.16537885
 10
214.36207005
 20
121.9650236
 10
214.43715045
 20
121.77372185
 10
214.53990435
 20
121.5957469
 10
214.66803635
 20
121.43507445
 10
214.8186842
 20
121.2952937
 10
214.98848264999998
 20
121.17952704999999
 10
215.17363875
 20
121.09036055
 10
215.3700164
 20
121.0297861
 10
215.57322879999998
 20
120.99915675
 10
215.77873655000002
 20
120.99915675
 10
215.98194895
 20
121.0297861
 10
216.17832655
 20
121.09036055
 10
216.36348264999998
 20
121.17952704999999
 10
216.53328115
 20
121.2952937
 10
216.683929
 20
121.43507445
 10
216.812061
 20
121.5957469
 10
216.91481485
 20
121.77372185
 10
216.98989525000002
 20
121.9650236
 10
217.03562505
 20
122.16537885
 10
217.05098264999998
 20
122.370312
  0
LWPOLYLINE
  5
1C0
330
17
100
AcDbEntity
  8
OUTLINE
100
AcDbPolyline
 90
15
 70
0
 10
216.04548685
 20
123.010312
 10
215.9885739
 20
123.010312
 10
215.9335868
 20
123.010312
 10
215.88018685
 20
123.010312
 10
215.82804505000001
 20
123.010312
 10
215.77684010000002
 20
123.010312
 10
215.7262565
 20
123.010312
 10
215.67598264999998
 20
123.010312
 10
215.62570885
 20
123.010312
 10
215.57512524999999
 20
123.010312
 10
215.5239203
 20
123.010312
 10
215.47177845
 20
123.010312
 10
215.41837850000002
 20
123.010312
 10
215.36339145
 20
123.010312
 10
215.3064785
 20
123.010312
  0
LWPOLYLINE
  5
1C1
330
17
100
AcDbEntity
  8
OUTLINE
100
AcDbPolyline
 90
15
 70
0
 10
216.414991
 20
122.370312
 10
216.38653455
 20
122.41960005
 10
216.359041
 20
122.46722025
 10
216.33234105
 20
122.51346595
 10
216.3062701
 20
122.55862210000001
 10
216.28066765
 20
122.6029669
 10
216.25537585
 20
122.64677355
 10
216.23023890000002
 20
122.690312
 10
216.205102
 20
122.7338504
 10
216.17981020000002
 20
122.77765705
 10
216.15420775
 20
122.82200184999999
 10
216.1281368
 20
122.867158
 10
216.10143685
 20
122.9134037
 10
216.0739433
 20
122.9610239
 10
216.04548685
 20
123.010312
  0
LWPOLYLINE
  5
1C2
330
17
100
AcDbEntity
  8
OUTLINE
100
AcDbPolyline
 90
15
 70
0
 10
216.04548685
 20
121.730312
 10
216.0739433
 20
121.77960005
 10
216.10143685
 20
121.82722025000001
 10
216.1281368
 20
121.87346595
 10
216.15420775
 20
121.9186221
 10
216.17981020000002
 20
121.9629669
 10
216.205102
 20
122.00677354999999
 10
216.23023890000002
 20
122.05031199999999
 10
216.25537585
 20
122.09385040000001
 10
216.28066765
 20
122.13765705
 10
216.3062701
 20
122.18200185
 10
216.33234105
 20
122.227158
 10
216.359041
 20
122.2734037
 10
216.38653455
 20
122.3210239
 10
216.414991
 20
122.370312
  0
LWPOLYLINE
  5
1C3
330
17
100
AcDbEntity
  8
OUTLINE
100
AcDbPolyline
 90
15
 70
0
 10
215.3064785
 20
121.730312
 10
215.36339145
 20
121.730312
 10
215.41837850000002
 20
121.730312
 10
215.47177845
 20
121.730312
 10
215.5239203
 20
121.730312
 10
215.57512524999999
 20
121.730312
 10
215.62570885
 20
121.730312
 10
215.67598264999998
 20
121.730312
 10
215.7262565
 20
121.730312
 10
215.77684010000002
 20
121.730312
 10
215.82804505000001
 20
121.730312
 10
215.88018685
 20
121.730312
 10
215.9335868
 20
121.730312
 10
215.9885739
 20
121.730312
 10
216.04548685
 20
121.730312
  0
LWPOLYLINE
  5
1C4
330
17
100
AcDbEntity
  8
OUTLINE
100
AcDbPolyline
 90
15
 70
0
 10
214.9369743
 20
122.370312
 10
214.96543079999998
 20
122.3210239
 10
214.99292435
 20
122.2734037
 10
215.0196243
 20
122.227158
 10
215.0456952
 20
122.18200185
 10
215.0712977
 20
122.13765705
 10
215.0965895
 20
122.09385040000001
 10
215.1217264
 20
122.05031199999999
 10
215.14686335
 20
122.00677354999999
 10
215.1721551
 20
121.9629669
 10
215.1977576
 20
121.9186221
 10
215.2238285
 20
121.87346595
 10
215.2505285
 20
121.82722025000001
 10
215.27802200000002
 20
121.77960005
 10
215.3064785
 20
121.730312
  0
LWPOLYLINE
  5
1C5
330
17
100
AcDbEntity
  8
OUTLINE
100
AcDbPolyline
 90
15
 70
0
 10
215.3064785
 20
123.010312
 10
215.27802200000002
 20
122.9610239
 10
215.2505285
 20
122.9134037
 10
215.2238285
 20
122.867158
 10
215.1977576
 20
122.82200184999999
 10
215.1721551
 20
122.77765705
 10
215.14686335
 20
122.7338504
 10
215.1217264
 20
122.690312
 10
215.0965895
 20
122.64677355
 10
215.0712977
 20
122.6029669
 10
215.0456952
 20
122.55862210000001
 10
215.0196243
 20
122.51346595
 10
214.99292435
 20
122.46722025
 10
214.96543079999998
 20
122.41960005
 10
214.9369743
 20
122.370312
  0
LWPOLYLINE
  5
1C6
330
17
100
AcDbEntity
  8
OUTLINE
100
AcDbPolyline
 90
15
 70
0
 10
216.04548685
 20
123.010312
 10
215.9885739
 20
123.010312
 10
215.9335868
 20
123.010312
 10
215.88018685
 20
123.010312
 10
215.82804505000001
 20
123.010312
 10
215.77684010000002
 20
123.010312
 10
215.7262565
 20
123.010312
 10
215.67598264999998
 20
123.010312
 10
215.62570885
 20
123.010312
 10
215.57512524999999
 20
123.010312
 10
215.5239203
 20
123.010312
 10
215.47177845
 20
123.010312
 10
215.41837850000002
 20
123.010312
 10
215.36339145
 20
123.010312
 10
215.3064785
 20
123.010312
  0
LWPOLYLINE
  5
1C7
330
17
100
AcDbEntity
  8
OUTLINE
100
AcDbPolyline
 90
15
 70
0
 10
216.414991
 20
122.370312
 10
216.38653455
 20
122.41960005
 10
216.359041
 20
122.46722025
 10
216.33234105
 20
122.51346595
 10
216.3062701
 20
122.55862210000001
 10
216.28066765
 20
122.6029669
 10
216.25537585
 20
122.64677355
 10
216.23023890000002
 20
122.690312
 10
216.205102
 20
122.7338504
 10
216.17981020000002
 20
122.77765705
 10
216.15420775
 20
122.82200184999999
 10
216.1281368
 20
122.867158
 10
216.10143685
 20
122.9134037
 10
216.0739433
 20
122.9610239
 10
216.04548685
 20
123.010312
  0
LWPOLYLINE
  5
1C8
330
17
100
AcDbEntity
  8
OUTLINE
100
AcDbPolyline
 90
15
 70
0
 10
216.04548685
 20
121.730312
 10
216.0739433
 20
121.77960005
 10
216.10143685
 20
121.82722025000001
 10
216.1281368
 20
121.87346595
 10
216.15420775
 20
121.9186221
 10
216.17981020000002
 20
121.9629669
 10
216.205102
 20
122.00677354999999
 10
216.23023890000002
 20
122.05031199999999
 10
216.25537585
 20
122.09385040000001
 10
216.28066765
 20
122.13765705
 10
216.3062701
 20
122.18200185
 10
216.33234105
 20
122.227158
 10
216.359041
 20
122.2734037
 10
216.38653455
 20
122.3210239
 10
216.414991
 20
122.370312
  0
LWPOLYLINE
  5
1C9
330
17
100
AcDbEntity
  8
OUTLINE
100
AcDbPolyline
 90
15
 70
0
 10
215.3064785
 20
121.730312
 10
215.36339145
 20
121.730312
 10
215.41837850000002
 20
121.730312
 10
215.47177845
 20
121.730312
 10
215.5239203
 20
121.730312
 10
215.57512524999999
 20
121.730312
 10
215.62570885
 20
121.730312
 10
215.67598264999998
 20
121.730312
 10
215.7262565
 20
121.730312
 10
215.77684010000002
 20
121.730312
 10
215.82804505000001
 20
121.730312
 10
215.88018685
 20
121.730312
 10
215.9335868
 20
121.730312
 10
215.9885739
 20
121.730312
 10
216.04548685
 20
121.730312
  0
LWPOLYLINE
  5
1CA
330
17
100
AcDbEntity
  8
OUTLINE
100
AcDbPolyline
 90
15
 70
0
 10
214.9369743
 20
122.370312
 10
214.96543079999998
 20
122.3210239
 10
214.99292435
 20
122.2734037
 10
215.0196243
 20
122.227158
 10
215.0456952
 20
122.18200185
 10
215.0712977
 20
122.13765705
 10
215.0965895
 20
122.09385040000001
 10
215.1217264
 20
122.05031199999999
 10
215.14686335
 20
122.00677354999999
 10
215.1721551
 20
121.9629669
 10
215.1977576
 20
121.9186221
 10
215.2238285
 20
121.87346595
 10
215.2505285
 20
121.82722025000001
 10
215.27802200000002
 20
121.77960005
 10
215.3064785
 20
121.730312
  0
LWPOLYLINE
  5
1CB
330
17
100
AcDbEntity
  8
OUTLINE
100
AcDbPolyline
 90
13
 70
0
 10
215.57358265
 20
122.370312
 10
215.58730165
 20
122.421512
 10
215.62478265
 20
122.45899299999999
 10
215.67598264999998
 20
122.472712
 10
215.72718265
 20
122.45899299999999
 10
215.76466365
 20
122.421512
 10
215.77838265
 20
122.370312
 10
215.76466365
 20
122.31911199999999
 10
215.72718265
 20
122.281631
 10
215.67598264999998
 20
122.267912
 10
215.62478265
 20
122.281631
 10
215.58730165
 20
122.31911199999999
 10
215.57358265
 20
122.370312
  0
LWPOLYLINE
  5
1CC
330
17
100
AcDbEntity
  8
OUTLINE
100
AcDbPolyline
 90
32
 70
0
 10
86.73598435
 20
212.13502425000001
 10
86.75118755
 20
212.28452935
 10
86.79617465
 20
212.4279137
 10
86.86910395000001
 20
212.5593071
 10
86.96698965
 20
212.6733303
 10
87.08582435
 20
212.76531525000001
 10
87.22074295
 20
212.83149595
 10
87.3662218
 20
212.86916305
 10
87.51630505
 20
212.8767744
 10
87.6648482
 20
212.8540184
 10
87.80576995
 20
212.80182675
 10
87.9333009
 20
212.7223361
 10
88.04221995
 20
212.6188008
 10
88.12806795
 20
212.4954597
 10
88.18733019999999
 20
212.35736225
 10
88.21758055000001
 20
212.2101623
 10
88.21758055000001
 20
212.0598862
 10
88.18733019999999
 20
211.91268625
 10
88.12806795
 20
211.77458885
 10
88.04221995
 20
211.6512477
 10
87.9333009
 20
211.54771245
 10
87.80576995
 20
211.4682218
 10
87.6648482
 20
211.4160301
 10
87.51630505
 20
211.39327415
 10
87.3662218
 20
211.40088550000002
 10
87.22074295
 20
211.4385526
 10
87.08582435
 20
211.5047333
 10
86.96698965
 20
211.5967182
 10
86.86910395000001
 20
211.71074145
 10
86.79617465
 20
211.84213485
 10
86.75118755
 20
211.98551915000002
 10
86.73598435
 20
212.13502425000001
  0
LWPOLYLINE
  5
1CD
330
17
100
AcDbEntity
  8
OUTLINE
100
AcDbPolyline
 90
43
 70
0
 10
88.85368775
 20
212.13502425000001
 10
88.83833010000001
 20
212.3399574
 10
88.79260035
 20
212.54031265
 10
88.71751995
 20
212.7316144
 10
88.61476605
 20
212.90958935
 10
88.48663404999999
 20
213.0702618
 10
88.33598620000001
 20
213.21004255
 10
88.16618775
 20
213.3258092
 10
87.98103165
 20
213.41497565
 10
87.784654
 20
213.47555015
 10
87.5814416
 20
213.5061795
 10
87.37593385
 20
213.5061795
 10
87.17272145
 20
213.47555015
 10
86.97634385
 20
213.41497565
 10
86.79118775
 20
213.3258092
 10
86.62138925
 20
213.21004255
 10
86.47074140000001
 20
213.0702618
 10
86.3426094
 20
212.90958935
 10
86.23985555
 20
212.7316144
 10
86.16477515
 20
212.54031265
 10
86.11904535
 20
212.3399574
 10
86.10368775
 20
212.13502425000001
 10
86.11904535
 20
211.93009115
 10
86.16477515
 20
211.7297359
 10
86.23985555
 20
211.53843410000002
 10
86.3426094
 20
211.3604592
 10
86.47074140000001
 20
211.19978675
 10
86.62138925
 20
211.060006
 10
86.79118775
 20
210.94423935
 10
86.97634385
 20
210.85507285
 10
87.17272145
 20
210.7944984
 10
87.37593385
 20
210.76386904999998
 10
87.5814416
 20
210.76386904999998
 10
87.784654
 20
210.7944984
 10
87.98103165
 20
210.85507285
 10
88.16618775
 20
210.94423935
 10
88.33598620000001
 20
211.060006
 10
88.48663404999999
 20
211.19978675
 10
88.61476605
 20
211.3604592
 10
88.71751995
 20
211.53843410000002
 10
88.79260035
 20
211.7297359
 10
88.83833010000001
 20
211.93009115
 10
88.85368775
 20
212.13502425000001
  0
LWPOLYLINE
  5
1CE
330
17
100
AcDbEntity
  8
OUTLINE
100
AcDbPolyline
 90
15
 70
0
 10
87.8481919
 20
212.77502425
 10
87.79127894999999
 20
212.77502425
 10
87.7362919
 20
212.77502425
 10
87.68289195
 20
212.77502425
 10
87.6307501
 20
212.77502425
 10
87.57954515
 20
212.77502425
 10
87.52896154999999
 20
212.77502425
 10
87.47868775
 20
212.77502425
 10
87.42841390000001
 20
212.77502425
 10
87.3778303
 20
212.77502425
 10
87.32662535
 20
212.77502425
 10
87.27448355
 20
212.77502425
 10
87.2210836
 20
212.77502425
 10
87.16609650000001
 20
212.77502425
 10
87.10918355
 20
212.77502425
  0
LWPOLYLINE
  5
1CF
330
17
100
AcDbEntity
  8
OUTLINE
100
AcDbPolyline
 90
15
 70
0
 10
88.2176961
 20
212.13502425000001
 10
88.18923960000001
 20
212.18431235
 10
88.16174605
 20
212.2319325
 10
88.1350461
 20
212.27817825
 10
88.1089752
 20
212.3233344
 10
88.0833727
 20
212.3676792
 10
88.0580809
 20
212.41148585
 10
88.032944
 20
212.45502425
 10
88.00780705
 20
212.4985627
 10
87.9825153
 20
212.54236935
 10
87.9569128
 20
212.58671415
 10
87.93084189999999
 20
212.6318703
 10
87.9041419
 20
212.678116
 10
87.8766484
 20
212.7257362
 10
87.8481919
 20
212.77502425
  0
LWPOLYLINE
  5
1D0
330
17
100
AcDbEntity
  8
OUTLINE
100
AcDbPolyline
 90
15
 70
0
 10
87.8481919
 20
211.49502425
 10
87.8766484
 20
211.54431234999998
 10
87.9041419
 20
211.59193249999998
 10
87.93084189999999
 20
211.63817825
 10
87.9569128
 20
211.6833344
 10
87.9825153
 20
211.7276792
 10
88.00780705
 20
211.77148585
 10
88.032944
 20
211.81502425
 10
88.0580809
 20
211.8585627
 10
88.0833727
 20
211.90236935000001
 10
88.1089752
 20
211.94671415
 10
88.1350461
 20
211.99187030000002
 10
88.16174605
 20
212.038116
 10
88.18923960000001
 20
212.08573619999999
 10
88.2176961
 20
212.13502425000001
  0
LWPOLYLINE
  5
1D1
330
17
100
AcDbEntity
  8
OUTLINE
100
AcDbPolyline
 90
15
 70
0
 10
87.10918355
 20
211.49502425
 10
87.16609650000001
 20
211.49502425
 10
87.2210836
 20
211.49502425
 10
87.27448355
 20
211.49502425
 10
87.32662535
 20
211.49502425
 10
87.3778303
 20
211.49502425
 10
87.42841390000001
 20
211.49502425
 10
87.47868775
 20
211.49502425
 10
87.52896154999999
 20
211.49502425
 10
87.57954515
 20
211.49502425
 10
87.6307501
 20
211.49502425
 10
87.68289195
 20
211.49502425
 10
87.7362919
 20
211.49502425
 10
87.79127894999999
 20
211.49502425
 10
87.8481919
 20
211.49502425
  0
LWPOLYLINE
  5
1D2
330
17
100
AcDbEntity
  8
OUTLINE
100
AcDbPolyline
 90
15
 70
0
 10
86.7396794
 20
212.13502425000001
 10
86.76813585
 20
212.08573619999999
 10
86.7956294
 20
212.038116
 10
86.82232934999999
 20
211.99187030000002
 10
86.84840030000001
 20
211.94671415
 10
86.87400275
 20
211.90236935000001
 10
86.89929455000001
 20
211.8585627
 10
86.9244315
 20
211.81502425
 10
86.9495684
 20
211.77148585
 10
86.9748602
 20
211.7276792
 10
87.00046265
 20
211.6833344
 10
87.0265336
 20
211.63817825
 10
87.05323355
 20
211.59193249999998
 10
87.08072709999999
 20
211.54431234999998
 10
87.10918355
 20
211.49502425
  0
LWPOLYLINE
  5
1D3
330
17
100
AcDbEntity
  8
OUTLINE
100
AcDbPolyline
 90
15
 70
0
 10
87.10918355
 20
212.77502425
 10
87.08072709999999
 20
212.7257362
 10
87.05323355
 20
212.678116
 10
87.0265336
 20
212.6318703
 10
87.00046265
 20
212.58671415
 10
86.9748602
 20
212.54236935
 10
86.9495684
 20
212.4985627
 10
86.9244315
 20
212.45502425
 10
86.89929455000001
 20
212.41148585
 10
86.87400275
 20
212.3676792
 10
86.84840030000001
 20
212.3233344
 10
86.82232934999999
 20
212.27817825
 10
86.7956294
 20
212.2319325
 10
86.76813585
 20
212.18431235
 10
86.7396794
 20
212.13502425000001
  0
LWPOLYLINE
  5
1D4
330
17
100
AcDbEntity
  8
OUTLINE
100
AcDbPolyline
 90
15
 70
0
 10
87.8481919
 20
212.77502425
 10
87.79127894999999
 20
212.77502425
 10
87.7362919
 20
212.77502425
 10
87.68289195
 20
212.77502425
 10
87.6307501
 20
212.77502425
 10
87.57954515
 20
212.77502425
 10
87.52896154999999
 20
212.77502425
 10
87.47868775
 20
212.77502425
 10
87.42841390000001
 20
212.77502425
 10
87.3778303
 20
212.77502425
 10
87.32662535
 20
212.77502425
 10
87.27448355
 20
212.77502425
 10
87.2210836
 20
212.77502425
 10
87.16609650000001
 20
212.77502425
 10
87.10918355
 20
212.77502425
  0
LWPOLYLINE
  5
1D5
330
17
100
AcDbEntity
  8
OUTLINE
100
AcDbPolyline
 90
15
 70
0
 10
88.2176961
 20
212.13502425000001
 10
88.18923960000001
 20
212.18431235
 10
88.16174605
 20
212.2319325
 10
88.1350461
 20
212.27817825
 10
88.1089752
 20
212.3233344
 10
88.0833727
 20
212.3676792
 10
88.0580809
 20
212.41148585
 10
88.032944
 20
212.45502425
 10
88.00780705
 20
212.4985627
 10
87.9825153
 20
212.54236935
 10
87.9569128
 20
212.58671415
 10
87.93084189999999
 20
212.6318703
 10
87.9041419
 20
212.678116
 10
87.8766484
 20
212.7257362
 10
87.8481919
 20
212.77502425
  0
LWPOLYLINE
  5
1D6
330
17
100
AcDbEntity
  8
OUTLINE
100
AcDbPolyline
 90
15
 70
0
 10
87.8481919
 20
211.49502425
 10
87.8766484
 20
211.54431234999998
 10
87.9041419
 20
211.59193249999998
 10
87.93084189999999
 20
211.63817825
 10
87.9569128
 20
211.6833344
 10
87.9825153
 20
211.7276792
 10
88.00780705
 20
211.77148585
 10
88.032944
 20
211.81502425
 10
88.0580809
 20
211.8585627
 10
88.0833727
 20
211.90236935000001
 10
88.1089752
 20
211.94671415
 10
88.1350461
 20
211.99187030000002
 10
88.16174605
 20
212.038116
 10
88.18923960000001
 20
212.08573619999999
 10
88.2176961
 20
212.13502425000001
  0
LWPOLYLINE
  5
1D7
330
17
100
AcDbEntity
  8
OUTLINE
100
AcDbPolyline
 90
15
 70
0
 10
87.10918355
 20
211.49502425
 10
87.16609650000001
 20
211.49502425
 10
87.2210836
 20
211.49502425
 10
87.27448355
 20
211.49502425
 10
87.32662535
 20
211.49502425
 10
87.3778303
 20
211.49502425
 10
87.42841390000001
 20
211.49502425
 10
87.47868775
 20
211.49502425
 10
87.52896154999999
 20
211.49502425
 10
87.57954515
 20
211.49502425
 10
87.6307501
 20
211.49502425
 10
87.68289195
 20
211.49502425
 10
87.7362919
 20
211.49502425
 10
87.79127894999999
 20
211.49502425
 10
87.8481919
 20
211.49502425
  0
LWPOLYLINE
  5
1D8
330
17
100
AcDbEntity
  8
OUTLINE
100
AcDbPolyline
 90
15
 70
0
 10
86.7396794
 20
212.13502425000001
 10
86.76813585
 20
212.08573619999999
 10
86.7956294
 20
212.038116
 10
86.82232934999999
 20
211.99187030000002
 10
86.84840030000001
 20
211.94671415
 10
86.87400275
 20
211.90236935000001
 10
86.89929455000001
 20
211.8585627
 10
86.9244315
 20
211.81502425
 10
86.9495684
 20
211.77148585
 10
86.9748602
 20
211.7276792
 10
87.00046265
 20
211.6833344
 10
87.0265336
 20
211.63817825
 10
87.05323355
 20
211.59193249999998
 10
87.08072709999999
 20
211.54431234999998
 10
87.10918355
 20
211.49502425
  0
LWPOLYLINE
  5
1D9
330
17
100
AcDbEntity
  8
OUTLINE
100
AcDbPolyline
 90
13
 70
0
 10
87.37628775
 20
212.13502425000001
 10
87.39000675
 20
212.18622425
 10
87.42748775
 20
212.22370525
 10
87.47868775
 20
212.23742425
 10
87.52988775
 20
212.22370525
 10
87.56736875
 20
212.18622425
 10
87.58108775
 20
212.13502425000001
 10
87.56736875
 20
212.08382425
 10
87.52988775
 20
212.04634325
 10
87.47868775
 20
212.03262425
 10
87.42748775
 20
212.04634325
 10
87.39000675
 20
212.08382425
 10
87.37628775
 20
212.13502425000001
  0
LWPOLYLINE
  5
1DA
330
17
100
AcDbEntity
  8
OUTLINE
100
AcDbPolyline
 90
32
 70
0
 10
83.58131395
 20
207.629688
 10
83.59651715
 20
207.7791931
 10
83.64150425
 20
207.92257745
 10
83.71443355
 20
208.05397084999998
 10
83.81231925
 20
208.1679941
 10
83.93115395
 20
208.259979
 10
84.06607255
 20
208.3261597
 10
84.2115514
 20
208.3638268
 10
84.36163465
 20
208.37143815000002
 10
84.5101778
 20
208.34868219999998
 10
84.65109955
 20
208.2964905
 10
84.7786305
 20
208.21699985
 10
84.88754955
 20
208.11346455
 10
84.97339755
 20
207.99012345
 10
85.0326598
 20
207.85202605
 10
85.06291015
 20
207.7048261
 10
85.06291015
 20
207.55454995
 10
85.0326598
 20
207.40735
 10
84.97339755
 20
207.26925260000002
 10
84.88754955
 20
207.14591145
 10
84.7786305
 20
207.0423762
 10
84.65109955
 20
206.96288555
 10
84.5101778
 20
206.91069385
 10
84.36163465
 20
206.8879379
 10
84.2115514
 20
206.89554925
 10
84.06607255
 20
206.93321635
 10
83.93115395
 20
206.99939705
 10
83.81231925
 20
207.09138195
 10
83.71443355
 20
207.2054052
 10
83.64150425
 20
207.3367986
 10
83.59651715
 20
207.48018295
 10
83.58131395
 20
207.629688
  0
LWPOLYLINE
  5
1DB
330
17
100
AcDbEntity
  8
OUTLINE
100
AcDbPolyline
 90
43
 70
0
 10
85.69901735
 20
207.629688
 10
85.6836597
 20
207.83462115
 10
85.63792995
 20
208.0349764
 10
85.56284955
 20
208.22627814999998
 10
85.46009565
 20
208.4042531
 10
85.33196365
 20
208.56492555
 10
85.1813158
 20
208.7047063
 10
85.01151735
 20
208.82047295
 10
84.82636125
 20
208.90963945
 10
84.6299836
 20
208.9702139
 10
84.4267712
 20
209.00084325
 10
84.22126345
 20
209.00084325
 10
84.01805105
 20
208.9702139
 10
83.82167345
 20
208.90963945
 10
83.63651735
 20
208.82047295
 10
83.46671885
 20
208.7047063
 10
83.316071
 20
208.56492555
 10
83.187939
 20
208.4042531
 10
83.08518515
 20
208.22627814999998
 10
83.01010475
 20
208.0349764
 10
82.96437495
 20
207.83462115
 10
82.94901735
 20
207.629688
 10
82.96437495
 20
207.4247549
 10
83.01010475
 20
207.22439965
 10
83.08518515
 20
207.0330979
 10
83.187939
 20
206.85512295
 10
83.316071
 20
206.69445050000002
 10
83.46671885
 20
206.55466975000002
 10
83.63651735
 20
206.4389031
 10
83.82167345
 20
206.3497366
 10
84.01805105
 20
206.28916215
 10
84.22126345
 20
206.2585328
 10
84.4267712
 20
206.2585328
 10
84.6299836
 20
206.28916215
 10
84.82636125
 20
206.3497366
 10
85.01151735
 20
206.4389031
 10
85.1813158
 20
206.55466975000002
 10
85.33196365
 20
206.69445050000002
 10
85.46009565
 20
206.85512295
 10
85.56284955
 20
207.0330979
 10
85.63792995
 20
207.22439965
 10
85.6836597
 20
207.4247549
 10
85.69901735
 20
207.629688
  0
LWPOLYLINE
  5
1DC
330
17
100
AcDbEntity
  8
OUTLINE
100
AcDbPolyline
 90
15
 70
0
 10
84.6935215
 20
208.269688
 10
84.63660855
 20
208.269688
 10
84.5816215
 20
208.269688
 10
84.52822155
 20
208.269688
 10
84.4760797
 20
208.269688
 10
84.42487475
 20
208.269688
 10
84.37429115
 20
208.269688
 10
84.32401735
 20
208.269688
 10
84.2737435
 20
208.269688
 10
84.2231599
 20
208.269688
 10
84.17195495
 20
208.269688
 10
84.11981315
 20
208.269688
 10
84.0664132
 20
208.269688
 10
84.0114261
 20
208.269688
 10
83.95451315
 20
208.269688
  0
LWPOLYLINE
  5
1DD
330
17
100
AcDbEntity
  8
OUTLINE
100
AcDbPolyline
 90
15
 70
0
 10
85.0630257
 20
207.629688
 10
85.0345692
 20
207.6789761
 10
85.00707565
 20
207.72659629999998
 10
84.9803757
 20
207.772842
 10
84.9543048
 20
207.81799815
 10
84.9287023
 20
207.86234295
 10
84.9034105
 20
207.9061496
 10
84.8782736
 20
207.949688
 10
84.85313665
 20
207.99322645
 10
84.8278449
 20
208.0370331
 10
84.8022424
 20
208.0813779
 10
84.7761715
 20
208.12653405
 10
84.7494715
 20
208.17277975
 10
84.721978
 20
208.22039995
 10
84.6935215
 20
208.269688
  0
LWPOLYLINE
  5
1DE
330
17
100
AcDbEntity
  8
OUTLINE
100
AcDbPolyline
 90
15
 70
0
 10
84.6935215
 20
206.989688
 10
84.721978
 20
207.0389761
 10
84.7494715
 20
207.0865963
 10
84.7761715
 20
207.13284199999998
 10
84.8022424
 20
207.17799815
 10
84.8278449
 20
207.22234294999998
 10
84.85313665
 20
207.2661496
 10
84.8782736
 20
207.309688
 10
84.9034105
 20
207.35322645
 10
84.9287023
 20
207.3970331
 10
84.9543048
 20
207.4413779
 10
84.9803757
 20
207.48653405
 10
85.00707565
 20
207.53277975
 10
85.0345692
 20
207.58039995000001
 10
85.0630257
 20
207.629688
  0
LWPOLYLINE
  5
1DF
330
17
100
AcDbEntity
  8
OUTLINE
100
AcDbPolyline
 90
15
 70
0
 10
83.95451315
 20
206.989688
 10
84.0114261
 20
206.989688
 10
84.0664132
 20
206.989688
 10
84.11981315
 20
206.989688
 10
84.17195495
 20
206.989688
 10
84.2231599
 20
206.989688
 10
84.2737435
 20
206.989688
 10
84.32401735
 20
206.989688
 10
84.37429115
 20
206.989688
 10
84.42487475
 20
206.989688
 10
84.4760797
 20
206.989688
 10
84.52822155
 20
206.989688
 10
84.5816215
 20
206.989688
 10
84.63660855
 20
206.989688
 10
84.6935215
 20
206.989688
  0
LWPOLYLINE
  5
1E0
330
17
100
AcDbEntity
  8
OUTLINE
100
AcDbPolyline
 90
15
 70
0
 10
83.585009
 20
207.629688
 10
83.61346545
 20
207.58039995000001
 10
83.640959
 20
207.53277975
 10
83.66765895
 20
207.48653405
 10
83.6937299
 20
207.4413779
 10
83.71933235
 20
207.3970331
 10
83.74462415
 20
207.35322645
 10
83.7697611
 20
207.309688
 10
83.794898
 20
207.2661496
 10
83.8201898
 20
207.22234294999998
 10
83.84579225
 20
207.17799815
 10
83.8718632
 20
207.13284199999998
 10
83.89856315
 20
207.0865963
 10
83.9260567
 20
207.0389761
 10
83.95451315
 20
206.989688
  0
LWPOLYLINE
  5
1E1
330
17
100
AcDbEntity
  8
OUTLINE
100
AcDbPolyline
 90
15
 70
0
 10
83.95451315
 20
208.269688
 10
83.9260567
 20
208.22039995
 10
83.89856315
 20
208.17277975
 10
83.8718632
 20
208.12653405
 10
83.84579225
 20
208.0813779
 10
83.8201898
 20
208.0370331
 10
83.794898
 20
207.99322645
 10
83.7697611
 20
207.949688
 10
83.74462415
 20
207.9061496
 10
83.71933235
 20
207.86234295
 10
83.6937299
 20
207.81799815
 10
83.66765895
 20
207.772842
 10
83.640959
 20
207.72659629999998
 10
83.61346545
 20
207.6789761
 10
83.585009
 20
207.629688
  0
LWPOLYLINE
  5
1E2
330
17
100
AcDbEntity
  8
OUTLINE
100
AcDbPolyline
 90
15
 70
0
 10
84.6935215
 20
208.269688
 10
84.63660855
 20
208.269688
 10
84.5816215
 20
208.269688
 10
84.52822155
 20
208.269688
 10
84.4760797
 20
208.269688
 10
84.42487475
 20
208.269688
 10
84.37429115
 20
208.269688
 10
84.32401735
 20
208.269688
 10
84.2737435
 20
208.269688
 10
84.2231599
 20
208.269688
 10
84.17195495
 20
208.269688
 10
84.11981315
 20
208.269688
 10
84.0664132
 20
208.269688
 10
84.0114261
 20
208.269688
 10
83.95451315
 20
208.269688
  0
LWPOLYLINE
  5
1E3
330
17
100
AcDbEntity
  8
OUTLINE
100
AcDbPolyline
 90
15
 70
0
 10
85.0630257
 20
207.629688
 10
85.0345692
 20
207.6789761
 10
85.00707565
 20
207.72659629999998
 10
84.9803757
 20
207.772842
 10
84.9543048
 20
207.81799815
 10
84.9287023
 20
207.86234295
 10
84.9034105
 20
207.9061496
 10
84.8782736
 20
207.949688
 10
84.85313665
 20
207.99322645
 10
84.8278449
 20
208.0370331
 10
84.8022424
 20
208.0813779
 10
84.7761715
 20
208.12653405
 10
84.7494715
 20
208.17277975
 10
84.721978
 20
208.22039995
 10
84.6935215
 20
208.269688
  0
LWPOLYLINE
  5
1E4
330
17
100
AcDbEntity
  8
OUTLINE
100
AcDbPolyline
 90
15
 70
0
 10
84.6935215
 20
206.989688
 10
84.721978
 20
207.0389761
 10
84.7494715
 20
207.0865963
 10
84.7761715
 20
207.13284199999998
 10
84.8022424
 20
207.17799815
 10
84.8278449
 20
207.22234294999998
 10
84.85313665
 20
207.2661496
 10
84.8782736
 20
207.309688
 10
84.9034105
 20
207.35322645
 10
84.9287023
 20
207.3970331
 10
84.9543048
 20
207.4413779
 10
84.9803757
 20
207.48653405
 10
85.00707565
 20
207.53277975
 10
85.0345692
 20
207.58039995000001
 10
85.0630257
 20
207.629688
  0
LWPOLYLINE
  5
1E5
330
17
100
AcDbEntity
  8
OUTLINE
100
AcDbPolyline
 90
15
 70
0
 10
83.95451315
 20
206.989688
 10
84.0114261
 20
206.989688
 10
84.0664132
 20
206.989688
 10
84.11981315
 20
206.989688
 10
84.17195495
 20
206.989688
 10
84.2231599
 20
206.989688
 10
84.2737435
 20
206.989688
 10
84.32401735
 20
206.989688
 10
84.37429115
 20
206.989688
 10
84.42487475
 20
206.989688
 10
84.4760797
 20
206.989688
 10
84.52822155
 20
206.989688
 10
84.5816215
 20
206.989688
 10
84.63660855
 20
206.989688
 10
84.6935215
 20
206.989688
  0
LWPOLYLINE
  5
1E6
330
17
100
AcDbEntity
  8
OUTLINE
100
AcDbPolyline
 90
15
 70
0
 10
83.585009
 20
207.629688
 10
83.61346545
 20
207.58039995000001
 10
83.640959
 20
207.53277975
 10
83.66765895
 20
207.48653405
 10
83.6937299
 20
207.4413779
 10
83.71933235
 20
207.3970331
 10
83.74462415
 20
207.35322645
 10
83.7697611
 20
207.309688
 10
83.794898
 20
207.2661496
 10
83.8201898
 20
207.22234294999998
 10
83.84579225
 20
207.17799815
 10
83.8718632
 20
207.13284199999998
 10
83.89856315
 20
207.0865963
 10
83.9260567
 20
207.0389761
 10
83.95451315
 20
206.989688
  0
LWPOLYLINE
  5
1E7
330
17
100
AcDbEntity
  8
OUTLINE
100
AcDbPolyline
 90
13
 70
0
 10
84.22161735
 20
207.629688
 10
84.23533635
 20
207.680888
 10
84.27281735
 20
207.718369
 10
84.32401735
 20
207.732088
 10
84.37521735
 20
207.718369
 10
84.41269835
 20
207.680888
 10
84.42641735
 20
207.629688
 10
84.41269835
 20
207.578488
 10
84.37521735
 20
207.541007
 10
84.32401735
 20
207.527288
 10
84.27281735
 20
207.541007
 10
84.23533635
 20
207.578488
 10
84.22161735
 20
207.629688
  0
LWPOLYLINE
  5
1E8
330
17
100
AcDbEntity
  8
OUTLINE
100
AcDbPolyline
 90
32
 70
0
 10
83.58131395
 20
122.370312
 10
83.59651715
 20
122.51981705
 10
83.64150425
 20
122.66320139999999
 10
83.71443355
 20
122.7945948
 10
83.81231925
 20
122.90861805
 10
83.93115395
 20
123.00060295
 10
84.06607255
 20
123.06678364999999
 10
84.2115514
 20
123.10445075
 10
84.36163465
 20
123.1120621
 10
84.5101778
 20
123.08930615
 10
84.65109955
 20
123.03711444999999
 10
84.7786305
 20
122.9576238
 10
84.88754955
 20
122.85408855
 10
84.97339755
 20
122.7307474
 10
85.0326598
 20
122.59264999999999
 10
85.06291015
 20
122.44545005
 10
85.06291015
 20
122.29517390000001
 10
85.0326598
 20
122.14797395
 10
84.97339755
 20
122.00987655
 10
84.88754955
 20
121.88653545
 10
84.7786305
 20
121.78300014999999
 10
84.65109955
 20
121.7035095
 10
84.5101778
 20
121.6513178
 10
84.36163465
 20
121.62856185
 10
84.2115514
 20
121.6361732
 10
84.06607255
 20
121.6738403
 10
83.93115395
 20
121.740021
 10
83.81231925
 20
121.8320059
 10
83.71443355
 20
121.94602915
 10
83.64150425
 20
122.07742255
 10
83.59651715
 20
122.2208069
 10
83.58131395
 20
122.370312
  0
LWPOLYLINE
  5
1E9
330
17
100
AcDbEntity
  8
OUTLINE
100
AcDbPolyline
 90
43
 70
0
 10
85.69901735
 20
122.370312
 10
85.6836597
 20
122.57524509999999
 10
85.63792995
 20
122.77560034999999
 10
85.56284955
 20
122.9669021
 10
85.46009565
 20
123.14487704999999
 10
85.33196365
 20
123.3055495
 10
85.1813158
 20
123.44533025
 10
85.01151735
 20
123.5610969
 10
84.82636125
 20
123.6502634
 10
84.6299836
 20
123.71083784999999
 10
84.4267712
 20
123.7414672
 10
84.22126345
 20
123.7414672
 10
84.01805105
 20
123.71083784999999
 10
83.82167345
 20
123.6502634
 10
83.63651735
 20
123.5610969
 10
83.46671885
 20
123.44533025
 10
83.316071
 20
123.3055495
 10
83.187939
 20
123.14487704999999
 10
83.08518515
 20
122.9669021
 10
83.01010475
 20
122.77560034999999
 10
82.96437495
 20
122.57524509999999
 10
82.94901735
 20
122.370312
 10
82.96437495
 20
122.16537885
 10
83.01010475
 20
121.9650236
 10
83.08518515
 20
121.77372185
 10
83.187939
 20
121.5957469
 10
83.316071
 20
121.43507445
 10
83.46671885
 20
121.2952937
 10
83.63651735
 20
121.17952704999999
 10
83.82167345
 20
121.09036055
 10
84.01805105
 20
121.0297861
 10
84.22126345
 20
120.99915675
 10
84.4267712
 20
120.99915675
 10
84.6299836
 20
121.0297861
 10
84.82636125
 20
121.09036055
 10
85.01151735
 20
121.17952704999999
 10
85.1813158
 20
121.2952937
 10
85.33196365
 20
121.43507445
 10
85.46009565
 20
121.5957469
 10
85.56284955
 20
121.77372185
 10
85.63792995
 20
121.9650236
 10
85.6836597
 20
122.16537885
 10
85.69901735
 20
122.370312
  0
LWPOLYLINE
  5
1EA
330
17
100
AcDbEntity
  8
OUTLINE
100
AcDbPolyline
 90
15
 70
0
 10
84.6935215
 20
123.010312
 10
84.63660855
 20
123.010312
 10
84.5816215
 20
123.010312
 10
84.52822155
 20
123.010312
 10
84.4760797
 20
123.010312
 10
84.42487475
 20
123.010312
 10
84.37429115
 20
123.010312
 10
84.32401735
 20
123.010312
 10
84.2737435
 20
123.010312
 10
84.2231599
 20
123.010312
 10
84.17195495
 20
123.010312
 10
84.11981315
 20
123.010312
 10
84.0664132
 20
123.010312
 10
84.0114261
 20
123.010312
 10
83.95451315
 20
123.010312
  0
LWPOLYLINE
  5
1EB
330
17
100
AcDbEntity
  8
OUTLINE
100
AcDbPolyline
 90
15
 70
0
 10
85.0630257
 20
122.370312
 10
85.0345692
 20
122.41960005
 10
85.00707565
 20
122.46722025
 10
84.9803757
 20
122.51346595
 10
84.9543048
 20
122.55862210000001
 10
84.9287023
 20
122.6029669
 10
84.9034105
 20
122.64677355
 10
84.8782736
 20
122.690312
 10
84.85313665
 20
122.7338504
 10
84.8278449
 20
122.77765705
 10
84.8022424
 20
122.82200184999999
 10
84.7761715
 20
122.867158
 10
84.7494715
 20
122.9134037
 10
84.721978
 20
122.9610239
 10
84.6935215
 20
123.010312
  0
LWPOLYLINE
  5
1EC
330
17
100
AcDbEntity
  8
OUTLINE
100
AcDbPolyline
 90
15
 70
0
 10
84.6935215
 20
121.730312
 10
84.721978
 20
121.77960005
 10
84.7494715
 20
121.82722025000001
 10
84.7761715
 20
121.87346595
 10
84.8022424
 20
121.9186221
 10
84.8278449
 20
121.9629669
 10
84.85313665
 20
122.00677354999999
 10
84.8782736
 20
122.05031199999999
 10
84.9034105
 20
122.09385040000001
 10
84.9287023
 20
122.13765705
 10
84.9543048
 20
122.18200185
 10
84.9803757
 20
122.227158
 10
85.00707565
 20
122.2734037
 10
85.0345692
 20
122.3210239
 10
85.0630257
 20
122.370312
  0
LWPOLYLINE
  5
1ED
330
17
100
AcDbEntity
  8
OUTLINE
100
AcDbPolyline
 90
15
 70
0
 10
83.95451315
 20
121.730312
 10
84.0114261
 20
121.730312
 10
84.0664132
 20
121.730312
 10
84.11981315
 20
121.730312
 10
84.17195495
 20
121.730312
 10
84.2231599
 20
121.730312
 10
84.2737435
 20
121.730312
 10
84.32401735
 20
121.730312
 10
84.37429115
 20
121.730312
 10
84.42487475
 20
121.730312
 10
84.4760797
 20
121.730312
 10
84.52822155
 20
121.730312
 10
84.5816215
 20
121.730312
 10
84.63660855
 20
121.730312
 10
84.6935215
 20
121.730312
  0
LWPOLYLINE
  5
1EE
330
17
100
AcDbEntity
  8
OUTLINE
100
AcDbPolyline
 90
15
 70
0
 10
83.585009
 20
122.370312
 10
83.61346545
 20
122.3210239
 10
83.640959
 20
122.2734037
 10
83.66765895
 20
122.227158
 10
83.6937299
 20
122.18200185
 10
83.71933235
 20
122.13765705
 10
83.74462415
 20
122.09385040000001
 10
83.7697611
 20
122.05031199999999
 10
83.794898
 20
122.00677354999999
 10
83.8201898
 20
121.9629669
 10
83.84579225
 20
121.9186221
 10
83.8718632
 20
121.87346595
 10
83.89856315
 20
121.82722025000001
 10
83.9260567
 20
121.77960005
 10
83.95451315
 20
121.730312
  0
LWPOLYLINE
  5
1EF
330
17
100
AcDbEntity
  8
OUTLINE
100
AcDbPolyline
 90
15
 70
0
 10
83.95451315
 20
123.010312
 10
83.9260567
 20
122.9610239
 10
83.89856315
 20
122.9134037
 10
83.8718632
 20
122.867158
 10
83.84579225
 20
122.82200184999999
 10
83.8201898
 20
122.77765705
 10
83.794898
 20
122.7338504
 10
83.7697611
 20
122.690312
 10
83.74462415
 20
122.64677355
 10
83.71933235
 20
122.6029669
 10
83.6937299
 20
122.55862210000001
 10
83.66765895
 20
122.51346595
 10
83.640959
 20
122.46722025
 10
83.61346545
 20
122.41960005
 10
83.585009
 20
122.370312
  0
LWPOLYLINE
  5
1F0
330
17
100
AcDbEntity
  8
OUTLINE
100
AcDbPolyline
 90
15
 70
0
 10
84.6935215
 20
123.010312
 10
84.63660855
 20
123.010312
 10
84.5816215
 20
123.010312
 10
84.52822155
 20
123.010312
 10
84.4760797
 20
123.010312
 10
84.42487475
 20
123.010312
 10
84.37429115
 20
123.010312
 10
84.32401735
 20
123.010312
 10
84.2737435
 20
123.010312
 10
84.2231599
 20
123.010312
 10
84.17195495
 20
123.010312
 10
84.11981315
 20
123.010312
 10
84.0664132
 20
123.010312
 10
84.0114261
 20
123.010312
 10
83.95451315
 20
123.010312
  0
LWPOLYLINE
  5
1F1
330
17
100
AcDbEntity
  8
OUTLINE
100
AcDbPolyline
 90
15
 70
0
 10
85.0630257
 20
122.370312
 10
85.0345692
 20
122.41960005
 10
85.00707565
 20
122.46722025
 10
84.9803757
 20
122.51346595
 10
84.9543048
 20
122.55862210000001
 10
84.9287023
 20
122.6029669
 10
84.9034105
 20
122.64677355
 10
84.8782736
 20
122.690312
 10
84.85313665
 20
122.7338504
 10
84.8278449
 20
122.77765705
 10
84.8022424
 20
122.82200184999999
 10
84.7761715
 20
122.867158
 10
84.7494715
 20
122.9134037
 10
84.721978
 20
122.9610239
 10
84.6935215
 20
123.010312
  0
LWPOLYLINE
  5
1F2
330
17
100
AcDbEntity
  8
OUTLINE
100
AcDbPolyline
 90
15
 70
0
 10
84.6935215
 20
121.730312
 10
84.721978
 20
121.77960005
 10
84.7494715
 20
121.82722025000001
 10
84.7761715
 20
121.87346595
 10
84.8022424
 20
121.9186221
 10
84.8278449
 20
121.9629669
 10
84.85313665
 20
122.00677354999999
 10
84.8782736
 20
122.05031199999999
 10
84.9034105
 20
122.09385040000001
 10
84.9287023
 20
122.13765705
 10
84.9543048
 20
122.18200185
 10
84.9803757
 20
122.227158
 10
85.00707565
 20
122.2734037
 10
85.0345692
 20
122.3210239
 10
85.0630257
 20
122.370312
  0
LWPOLYLINE
  5
1F3
330
17
100
AcDbEntity
  8
OUTLINE
100
AcDbPolyline
 90
15
 70
0
 10
83.95451315
 20
121.730312
 10
84.0114261
 20
121.730312
 10
84.0664132
 20
121.730312
 10
84.11981315
 20
121.730312
 10
84.17195495
 20
121.730312
 10
84.2231599
 20
121.730312
 10
84.2737435
 20
121.730312
 10
84.32401735
 20
121.730312
 10
84.37429115
 20
121.730312
 10
84.42487475
 20
121.730312
 10
84.4760797
 20
121.730312
 10
84.52822155
 20
121.730312
 10
84.5816215
 20
121.730312
 10
84.63660855
 20
121.730312
 10
84.6935215
 20
121.730312
  0
LWPOLYLINE
  5
1F4
330
17
100
AcDbEntity
  8
OUTLINE
100
AcDbPolyline
 90
15
 70
0
 10
83.585009
 20
122.370312
 10
83.61346545
 20
122.3210239
 10
83.640959
 20
122.2734037
 10
83.66765895
 20
122.227158
 10
83.6937299
 20
122.18200185
 10
83.71933235
 20
122.13765705
 10
83.74462415
 20
122.09385040000001
 10
83.7697611
 20
122.05031199999999
 10
83.794898
 20
122.00677354999999
 10
83.8201898
 20
121.9629669
 10
83.84579225
 20
121.9186221
 10
83.8718632
 20
121.87346595
 10
83.89856315
 20
121.82722025000001
 10
83.9260567
 20
121.77960005
 10
83.95451315
 20
121.730312
  0
LWPOLYLINE
  5
1F5
330
17
100
AcDbEntity
  8
OUTLINE
100
AcDbPolyline
 90
13
 70
0
 10
84.22161735
 20
122.370312
 10
84.23533635
 20
122.421512
 10
84.27281735
 20
122.45899299999999
 10
84.32401735
 20
122.472712
 10
84.37521735
 20
122.45899299999999
 10
84.41269835
 20
122.421512
 10
84.42641735
 20
122.370312
 10
84.41269835
 20
122.31911199999999
 10
84.37521735
 20
122.281631
 10
84.32401735
 20
122.267912
 10
84.27281735
 20
122.281631
 10
84.23533635
 20
122.31911199999999
 10
84.22161735
 20
122.370312
  0
LWPOLYLINE
  5
1F6
330
17
100
AcDbEntity
  8
OUTLINE
100
AcDbPolyline
 90
32
 70
0
 10
86.73598435
 20
117.86497575
 10
86.75118755
 20
118.01448085
 10
86.79617465
 20
118.15786514999999
 10
86.86910395000001
 20
118.28925855
 10
86.96698965
 20
118.4032818
 10
87.08582435
 20
118.4952667
 10
87.22074295
 20
118.56144739999999
 10
87.3662218
 20
118.5991145
 10
87.51630505
 20
118.60672585
 10
87.6648482
 20
118.5839699
 10
87.80576995
 20
118.53177819999999
 10
87.9333009
 20
118.45228755
 10
88.04221995
 20
118.3487523
 10
88.12806795
 20
118.22541115
 10
88.18733019999999
 20
118.08731374999999
 10
88.21758055000001
 20
117.9401138
 10
88.21758055000001
 20
117.78983769999999
 10
88.18733019999999
 20
117.64263775
 10
88.12806795
 20
117.5045403
 10
88.04221995
 20
117.3811992
 10
87.9333009
 20
117.2776639
 10
87.80576995
 20
117.19817325
 10
87.6648482
 20
117.1459816
 10
87.51630505
 20
117.1232256
 10
87.3662218
 20
117.13083695
 10
87.22074295
 20
117.16850405
 10
87.08582435
 20
117.23468475
 10
86.96698965
 20
117.3266697
 10
86.86910395000001
 20
117.4406929
 10
86.79617465
 20
117.5720863
 10
86.75118755
 20
117.71547065
 10
86.73598435
 20
117.86497575
  0
LWPOLYLINE
  5
1F7
330
17
100
AcDbEntity
  8
OUTLINE
100
AcDbPolyline
 90
43
 70
0
 10
88.85368775
 20
117.86497575
 10
88.83833010000001
 20
118.06990884999999
 10
88.79260035
 20
118.27026409999999
 10
88.71751995
 20
118.4615659
 10
88.61476605
 20
118.63954079999999
 10
88.48663404999999
 20
118.80021325
 10
88.33598620000001
 20
118.939994
 10
88.16618775
 20
119.05576065
 10
87.98103165
 20
119.14492715
 10
87.784654
 20
119.20550159999999
 10
87.5814416
 20
119.23613095
 10
87.37593385
 20
119.23613095
 10
87.17272145
 20
119.20550159999999
 10
86.97634385
 20
119.14492715
 10
86.79118775
 20
119.05576065
 10
86.62138925
 20
118.939994
 10
86.47074140000001
 20
118.80021325
 10
86.3426094
 20
118.63954079999999
 10
86.23985555
 20
118.4615659
 10
86.16477515
 20
118.27026409999999
 10
86.11904535
 20
118.06990884999999
 10
86.10368775
 20
117.86497575
 10
86.11904535
 20
117.6600426
 10
86.16477515
 20
117.45968735
 10
86.23985555
 20
117.2683856
 10
86.3426094
 20
117.09041065
 10
86.47074140000001
 20
116.9297382
 10
86.62138925
 20
116.78995745
 10
86.79118775
 20
116.67419079999999
 10
86.97634385
 20
116.58502435
 10
87.17272145
 20
116.52444985
 10
87.37593385
 20
116.4938205
 10
87.5814416
 20
116.4938205
 10
87.784654
 20
116.52444985
 10
87.98103165
 20
116.58502435
 10
88.16618775
 20
116.67419079999999
 10
88.33598620000001
 20
116.78995745
 10
88.48663404999999
 20
116.9297382
 10
88.61476605
 20
117.09041065
 10
88.71751995
 20
117.2683856
 10
88.79260035
 20
117.45968735
 10
88.83833010000001
 20
117.6600426
 10
88.85368775
 20
117.86497575
  0
LWPOLYLINE
  5
1F8
330
17
100
AcDbEntity
  8
OUTLINE
100
AcDbPolyline
 90
15
 70
0
 10
87.8481919
 20
118.50497575
 10
87.79127894999999
 20
118.50497575
 10
87.7362919
 20
118.50497575
 10
87.68289195
 20
118.50497575
 10
87.6307501
 20
118.50497575
 10
87.57954515
 20
118.50497575
 10
87.52896154999999
 20
118.50497575
 10
87.47868775
 20
118.50497575
 10
87.42841390000001
 20
118.50497575
 10
87.3778303
 20
118.50497575
 10
87.32662535
 20
118.50497575
 10
87.27448355
 20
118.50497575
 10
87.2210836
 20
118.50497575
 10
87.16609650000001
 20
118.50497575
 10
87.10918355
 20
118.50497575
  0
LWPOLYLINE
  5
1F9
330
17
100
AcDbEntity
  8
OUTLINE
100
AcDbPolyline
 90
15
 70
0
 10
88.2176961
 20
117.86497575
 10
88.18923960000001
 20
117.9142638
 10
88.16174605
 20
117.961884
 10
88.1350461
 20
118.0081297
 10
88.1089752
 20
118.05328585000001
 10
88.0833727
 20
118.09763065
 10
88.0580809
 20
118.1414373
 10
88.032944
 20
118.18497575
 10
88.00780705
 20
118.22851415
 10
87.9825153
 20
118.2723208
 10
87.9569128
 20
118.3166656
 10
87.93084189999999
 20
118.36182174999999
 10
87.9041419
 20
118.4080675
 10
87.8766484
 20
118.45568765
 10
87.8481919
 20
118.50497575
  0
LWPOLYLINE
  5
1FA
330
17
100
AcDbEntity
  8
OUTLINE
100
AcDbPolyline
 90
15
 70
0
 10
87.8481919
 20
117.22497575
 10
87.8766484
 20
117.2742638
 10
87.9041419
 20
117.321884
 10
87.93084189999999
 20
117.3681297
 10
87.9569128
 20
117.41328585
 10
87.9825153
 20
117.45763065
 10
88.00780705
 20
117.50143729999999
 10
88.032944
 20
117.54497574999999
 10
88.0580809
 20
117.58851415000001
 10
88.0833727
 20
117.6323208
 10
88.1089752
 20
117.6766656
 10
88.1350461
 20
117.72182175
 10
88.16174605
 20
117.7680675
 10
88.18923960000001
 20
117.81568765
 10
88.2176961
 20
117.86497575
  0
LWPOLYLINE
  5
1FB
330
17
100
AcDbEntity
  8
OUTLINE
100
AcDbPolyline
 90
15
 70
0
 10
87.10918355
 20
117.22497575
 10
87.16609650000001
 20
117.22497575
 10
87.2210836
 20
117.22497575
 10
87.27448355
 20
117.22497575
 10
87.32662535
 20
117.22497575
 10
87.3778303
 20
117.22497575
 10
87.42841390000001
 20
117.22497575
 10
87.47868775
 20
117.22497575
 10
87.52896154999999
 20
117.22497575
 10
87.57954515
 20
117.22497575
 10
87.6307501
 20
117.22497575
 10
87.68289195
 20
117.22497575
 10
87.7362919
 20
117.22497575
 10
87.79127894999999
 20
117.22497575
 10
87.8481919
 20
117.22497575
  0
LWPOLYLINE
  5
1FC
330
17
100
AcDbEntity
  8
OUTLINE
100
AcDbPolyline
 90
15
 70
0
 10
86.7396794
 20
117.86497575
 10
86.76813585
 20
117.81568765
 10
86.7956294
 20
117.7680675
 10
86.82232934999999
 20
117.72182175
 10
86.84840030000001
 20
117.6766656
 10
86.87400275
 20
117.6323208
 10
86.89929455000001
 20
117.58851415000001
 10
86.9244315
 20
117.54497574999999
 10
86.9495684
 20
117.50143729999999
 10
86.9748602
 20
117.45763065
 10
87.00046265
 20
117.41328585
 10
87.0265336
 20
117.3681297
 10
87.05323355
 20
117.321884
 10
87.08072709999999
 20
117.2742638
 10
87.10918355
 20
117.22497575
  0
LWPOLYLINE
  5
1FD
330
17
100
AcDbEntity
  8
OUTLINE
100
AcDbPolyline
 90
15
 70
0
 10
87.10918355
 20
118.50497575
 10
87.08072709999999
 20
118.45568765
 10
87.05323355
 20
118.4080675
 10
87.0265336
 20
118.36182174999999
 10
87.00046265
 20
118.3166656
 10
86.9748602
 20
118.2723208
 10
86.9495684
 20
118.22851415
 10
86.9244315
 20
118.18497575
 10
86.89929455000001
 20
118.1414373
 10
86.87400275
 20
118.09763065
 10
86.84840030000001
 20
118.05328585000001
 10
86.82232934999999
 20
118.0081297
 10
86.7956294
 20
117.961884
 10
86.76813585
 20
117.9142638
 10
86.7396794
 20
117.86497575
  0
LWPOLYLINE
  5
1FE
330
17
100
AcDbEntity
  8
OUTLINE
100
AcDbPolyline
 90
15
 70
0
 10
87.8481919
 20
118.50497575
 10
87.79127894999999
 20
118.50497575
 10
87.7362919
 20
118.50497575
 10
87.68289195
 20
118.50497575
 10
87.6307501
 20
118.50497575
 10
87.57954515
 20
118.50497575
 10
87.52896154999999
 20
118.50497575
 10
87.47868775
 20
118.50497575
 10
87.42841390000001
 20
118.50497575
 10
87.3778303
 20
118.50497575
 10
87.32662535
 20
118.50497575
 10
87.27448355
 20
118.50497575
 10
87.2210836
 20
118.50497575
 10
87.16609650000001
 20
118.50497575
 10
87.10918355
 20
118.50497575
  0
LWPOLYLINE
  5
1FF
330
17
100
AcDbEntity
  8
OUTLINE
100
AcDbPolyline
 90
15
 70
0
 10
88.2176961
 20
117.86497575
 10
88.18923960000001
 20
117.9142638
 10
88.16174605
 20
117.961884
 10
88.1350461
 20
118.0081297
 10
88.1089752
 20
118.05328585000001
 10
88.0833727
 20
118.09763065
 10
88.0580809
 20
118.1414373
 10
88.032944
 20
118.18497575
 10
88.00780705
 20
118.22851415
 10
87.9825153
 20
118.2723208
 10
87.9569128
 20
118.3166656
 10
87.93084189999999
 20
118.36182174999999
 10
87.9041419
 20
118.4080675
 10
87.8766484
 20
118.45568765
 10
87.8481919
 20
118.50497575
  0
LWPOLYLINE
  5
200
330
17
100
AcDbEntity
  8
OUTLINE
100
AcDbPolyline
 90
15
 70
0
 10
87.8481919
 20
117.22497575
 10
87.8766484
 20
117.2742638
 10
87.9041419
 20
117.321884
 10
87.93084189999999
 20
117.3681297
 10
87.9569128
 20
117.41328585
 10
87.9825153
 20
117.45763065
 10
88.00780705
 20
117.50143729999999
 10
88.032944
 20
117.54497574999999
 10
88.0580809
 20
117.58851415000001
 10
88.0833727
 20
117.6323208
 10
88.1089752
 20
117.6766656
 10
88.1350461
 20
117.72182175
 10
88.16174605
 20
117.7680675
 10
88.18923960000001
 20
117.81568765
 10
88.2176961
 20
117.86497575
  0
LWPOLYLINE
  5
201
330
17
100
AcDbEntity
  8
OUTLINE
100
AcDbPolyline
 90
15
 70
0
 10
87.10918355
 20
117.22497575
 10
87.16609650000001
 20
117.22497575
 10
87.2210836
 20
117.22497575
 10
87.27448355
 20
117.22497575
 10
87.32662535
 20
117.22497575
 10
87.3778303
 20
117.22497575
 10
87.42841390000001
 20
117.22497575
 10
87.47868775
 20
117.22497575
 10
87.52896154999999
 20
117.22497575
 10
87.57954515
 20
117.22497575
 10
87.6307501
 20
117.22497575
 10
87.68289195
 20
117.22497575
 10
87.7362919
 20
117.22497575
 10
87.79127894999999
 20
117.22497575
 10
87.8481919
 20
117.22497575
  0
LWPOLYLINE
  5
202
330
17
100
AcDbEntity
  8
OUTLINE
100
AcDbPolyline
 90
15
 70
0
 10
86.7396794
 20
117.86497575
 10
86.76813585
 20
117.81568765
 10
86.7956294
 20
117.7680675
 10
86.82232934999999
 20
117.72182175
 10
86.84840030000001
 20
117.6766656
 10
86.87400275
 20
117.6323208
 10
86.89929455000001
 20
117.58851415000001
 10
86.9244315
 20
117.54497574999999
 10
86.9495684
 20
117.50143729999999
 10
86.9748602
 20
117.45763065
 10
87.00046265
 20
117.41328585
 10
87.0265336
 20
117.3681297
 10
87.05323355
 20
117.321884
 10
87.08072709999999
 20
117.2742638
 10
87.10918355
 20
117.22497575
  0
LWPOLYLINE
  5
203
330
17
100
AcDbEntity
  8
OUTLINE
100
AcDbPolyline
 90
13
 70
0
 10
87.37628775
 20
117.86497575
 10
87.39000675
 20
117.91617575000001
 10
87.42748775
 20
117.95365675
 10
87.47868775
 20
117.96737575
 10
87.52988775
 20
117.95365675
 10
87.56736875
 20
117.91617575000001
 10
87.58108775
 20
117.86497575
 10
87.56736875
 20
117.81377574999999
 10
87.52988775
 20
117.77629475
 10
87.47868775
 20
117.76257575
 10
87.42748775
 20
117.77629475
 10
87.39000675
 20
117.81377574999999
 10
87.37628775
 20
117.86497575
  0
LWPOLYLINE
  5
204
330
17
100
AcDbEntity
  8
OUTLINE
100
AcDbPolyline
 90
15
 70
0
 10
24.5
 20
79.0
 10
24.5
 20
79.17354495
 10
24.5
 20
79.34490745
 10
24.5
 20
79.51193255
 10
24.5
 20
79.6725198
 10
24.5
 20
79.8246497
 10
24.5
 20
79.9664092
 10
24.5
 20
80.0960155
 10
24.5
 20
80.2118388
 10
24.5
 20
80.3124225
 10
24.5
 20
80.39650175
 10
24.5
 20
80.46301915
 10
24.5
 20
80.51113825
 10
24.5
 20
80.54025395
 10
24.5
 20
80.55
  0
LWPOLYLINE
  5
205
330
17
100
AcDbEntity
  8
OUTLINE
100
AcDbPolyline
 90
15
 70
0
 10
24.5
 20
80.55
 10
24.5
 20
80.5463502
 10
24.5
 20
80.53541805
 10
24.5
 20
80.517255
 10
24.5
 20
80.49194655
 10
24.5
 20
80.45961195
 10
24.5
 20
80.4204035
 10
24.5
 20
80.37450575
 10
24.5
 20
80.3221349
 10
24.5
 20
80.2635376
 10
24.5
 20
80.1989898
 10
24.5
 20
80.1287955
 10
24.5
 20
80.05328525
 10
24.5
 20
79.9728146
 10
24.5
 20
79.88776265
  0
LWPOLYLINE
  5
206
330
17
100
AcDbEntity
  8
OUTLINE
100
AcDbPolyline
 90
15
 70
0
 10
24.5
 20
78.11223735
 10
24.5
 20
78.0271854
 10
24.5
 20
77.94671475
 10
24.5
 20
77.8712045
 10
24.5
 20
77.8010102
 10
24.5
 20
77.7364624
 10
24.5
 20
77.6778651
 10
24.5
 20
77.62549425
 10
24.5
 20
77.5795965
 10
24.5
 20
77.54038805
 10
24.5
 20
77.50805345
 10
24.5
 20
77.482745
 10
24.5
 20
77.46458195
 10
24.5
 20
77.4536498
 10
24.5
 20
77.45
  0
LWPOLYLINE
  5
207
330
17
100
AcDbEntity
  8
OUTLINE
100
AcDbPolyline
 90
15
 70
0
 10
24.5
 20
77.45
 10
24.5
 20
77.45974605
 10
24.5
 20
77.48886175
 10
24.5
 20
77.53698085
 10
24.5
 20
77.60349825
 10
24.5
 20
77.6875775
 10
24.5
 20
77.7881612
 10
24.5
 20
77.9039845
 10
24.5
 20
78.0335908
 10
24.5
 20
78.1753503
 10
24.5
 20
78.3274802
 10
24.5
 20
78.48806745
 10
24.5
 20
78.65509255
 10
24.5
 20
78.82645505
 10
24.5
 20
79.0
  0
LWPOLYLINE
  5
208
330
17
100
AcDbEntity
  8
OUTLINE
100
AcDbPolyline
 90
15
 70
0
 10
26.382499999999993
 20
79.0
 10
26.382499999999993
 20
79.19593785
 10
26.382499999999993
 20
79.38941165
 10
26.382499999999993
 20
79.57798835
 10
26.382499999999993
 20
79.75929655
 10
26.382499999999993
 20
79.93105615
 10
26.382499999999993
 20
80.09110715
 10
26.382499999999993
 20
80.23743685
 10
26.382499999999993
 20
80.3682051
 10
26.382499999999993
 20
80.48176735
 10
26.382499999999993
 20
80.5766955
 10
26.382499999999993
 20
80.65179585
 10
26.382499999999993
 20
80.70612385
 10
26.382499999999993
 20
80.73899635
 10
26.382499999999993
 20
80.75
  0
LWPOLYLINE
  5
209
330
17
100
AcDbEntity
  8
OUTLINE
100
AcDbPolyline
 90
15
 70
0
 10
26.382499999999993
 20
77.25
 10
26.382499999999993
 20
77.26100365
 10
26.382499999999993
 20
77.29387615
 10
26.382499999999993
 20
77.34820415
 10
26.382499999999993
 20
77.4233045
 10
26.382499999999993
 20
77.51823265
 10
26.382499999999993
 20
77.6317949
 10
26.382499999999993
 20
77.76256315
 10
26.382499999999993
 20
77.90889285
 10
26.382499999999993
 20
78.06894385
 10
26.382499999999993
 20
78.24070345
 10
26.382499999999993
 20
78.42201165
 10
26.382499999999993
 20
78.61058835
 10
26.382499999999993
 20
78.80406215
 10
26.382499999999993
 20
79.0
  0
LWPOLYLINE
  5
20A
330
17
100
AcDbEntity
  8
OUTLINE
100
AcDbPolyline
 90
15
 70
0
 10
275.5
 20
79.88776265
 10
275.5
 20
79.9728146
 10
275.5
 20
80.05328525
 10
275.5
 20
80.1287955
 10
275.5
 20
80.1989898
 10
275.5
 20
80.2635376
 10
275.5
 20
80.3221349
 10
275.5
 20
80.37450575
 10
275.5
 20
80.4204035
 10
275.5
 20
80.45961195
 10
275.5
 20
80.49194655
 10
275.5
 20
80.517255
 10
275.5
 20
80.53541805
 10
275.5
 20
80.5463502
 10
275.5
 20
80.55
  0
LWPOLYLINE
  5
20B
330
17
100
AcDbEntity
  8
OUTLINE
100
AcDbPolyline
 90
15
 70
0
 10
275.5
 20
80.55
 10
275.5
 20
80.51113825
 10
275.5
 20
80.39650175
 10
275.5
 20
80.2118388
 10
275.5
 20
79.9664092
 10
275.5
 20
79.6725198
 10
275.5
 20
79.34490745
 10
275.5
 20
79.0
 10
275.5
 20
78.65509255
 10
275.5
 20
78.3274802
 10
275.5
 20
78.0335908
 10
275.5
 20
77.7881612
 10
275.5
 20
77.60349825
 10
275.5
 20
77.48886175
 10
275.5
 20
77.45
  0
LWPOLYLINE
  5
20C
330
17
100
AcDbEntity
  8
OUTLINE
100
AcDbPolyline
 90
15
 70
0
 10
275.5
 20
77.45
 10
275.5
 20
77.4536498
 10
275.5
 20
77.46458195
 10
275.5
 20
77.482745
 10
275.5
 20
77.50805345
 10
275.5
 20
77.54038805
 10
275.5
 20
77.5795965
 10
275.5
 20
77.62549425
 10
275.5
 20
77.6778651
 10
275.5
 20
77.7364624
 10
275.5
 20
77.8010102
 10
275.5
 20
77.8712045
 10
275.5
 20
77.94671475
 10
275.5
 20
78.0271854
 10
275.5
 20
78.11223735
  0
LWPOLYLINE
  5
20D
330
17
100
AcDbEntity
  8
OUTLINE
100
AcDbPolyline
 90
15
 70
0
 10
275.5
 20
78.11223735
 10
275.5
 20
78.1178194
 10
275.5
 20
78.1344954
 10
275.5
 20
78.16205565
 10
275.5
 20
78.2001535
 10
275.5
 20
78.2483099
 10
275.5
 20
78.3059192
 10
275.5
 20
78.372257
 10
275.5
 20
78.44648905
 10
275.5
 20
78.5276818
 10
275.5
 20
78.61481425
 10
275.5
 20
78.7067906
 10
275.5
 20
78.80245425
 10
275.5
 20
78.9006021
 10
275.5
 20
79.0
  0
LWPOLYLINE
  5
20E
330
17
100
AcDbEntity
  8
OUTLINE
100
AcDbPolyline
 90
15
 70
0
 10
273.6175
 20
80.75
 10
273.6175
 20
80.70612385
 10
273.6175
 20
80.5766955
 10
273.6175
 20
80.3682051
 10
273.6175
 20
80.09110715
 10
273.6175
 20
79.75929655
 10
273.6175
 20
79.38941165
 10
273.6175
 20
79.0
 10
273.6175
 20
78.61058835
 10
273.6175
 20
78.24070345
 10
273.6175
 20
77.90889285
 10
273.6175
 20
77.6317949
 10
273.6175
 20
77.4233045
 10
273.6175
 20
77.29387615
 10
273.6175
 20
77.25
  0
LWPOLYLINE
  5
20F
330
17
100
AcDbEntity
  8
OUTLINE
100
AcDbPolyline
 90
15
 70
0
 10
24.5
 20
251.0
 10
24.5
 20
251.17354495
 10
24.5
 20
251.34490745
 10
24.5
 20
251.51193254999998
 10
24.5
 20
251.6725198
 10
24.5
 20
251.8246497
 10
24.5
 20
251.9664092
 10
24.5
 20
252.0960155
 10
24.5
 20
252.2118388
 10
24.5
 20
252.3124225
 10
24.5
 20
252.39650175
 10
24.5
 20
252.46301914999998
 10
24.5
 20
252.51113825
 10
24.5
 20
252.54025395
 10
24.5
 20
252.55
  0
LWPOLYLINE
  5
210
330
17
100
AcDbEntity
  8
OUTLINE
100
AcDbPolyline
 90
15
 70
0
 10
24.5
 20
252.55
 10
24.5
 20
252.5463502
 10
24.5
 20
252.53541805
 10
24.5
 20
252.517255
 10
24.5
 20
252.49194655
 10
24.5
 20
252.45961195
 10
24.5
 20
252.42040350000002
 10
24.5
 20
252.37450575
 10
24.5
 20
252.32213489999998
 10
24.5
 20
252.2635376
 10
24.5
 20
252.1989898
 10
24.5
 20
252.1287955
 10
24.5
 20
252.05328525
 10
24.5
 20
251.9728146
 10
24.5
 20
251.88776265
  0
LWPOLYLINE
  5
211
330
17
100
AcDbEntity
  8
OUTLINE
100
AcDbPolyline
 90
15
 70
0
 10
24.5
 20
250.11223735
 10
24.5
 20
250.0271854
 10
24.5
 20
249.94671475
 10
24.5
 20
249.8712045
 10
24.5
 20
249.8010102
 10
24.5
 20
249.7364624
 10
24.5
 20
249.67786510000002
 10
24.5
 20
249.62549425
 10
24.5
 20
249.57959649999998
 10
24.5
 20
249.54038805
 10
24.5
 20
249.50805345
 10
24.5
 20
249.482745
 10
24.5
 20
249.46458195
 10
24.5
 20
249.4536498
 10
24.5
 20
249.45
  0
LWPOLYLINE
  5
212
330
17
100
AcDbEntity
  8
OUTLINE
100
AcDbPolyline
 90
15
 70
0
 10
24.5
 20
249.45
 10
24.5
 20
249.45974605
 10
24.5
 20
249.48886175
 10
24.5
 20
249.53698085000002
 10
24.5
 20
249.60349825
 10
24.5
 20
249.6875775
 10
24.5
 20
249.7881612
 10
24.5
 20
249.9039845
 10
24.5
 20
250.0335908
 10
24.5
 20
250.1753503
 10
24.5
 20
250.3274802
 10
24.5
 20
250.48806745000002
 10
24.5
 20
250.65509255
 10
24.5
 20
250.82645505
 10
24.5
 20
251.0
  0
LWPOLYLINE
  5
213
330
17
100
AcDbEntity
  8
OUTLINE
100
AcDbPolyline
 90
15
 70
0
 10
26.382499999999993
 20
251.0
 10
26.382499999999993
 20
251.19593785
 10
26.382499999999993
 20
251.38941165
 10
26.382499999999993
 20
251.57798835
 10
26.382499999999993
 20
251.75929655
 10
26.382499999999993
 20
251.93105615000002
 10
26.382499999999993
 20
252.09110715
 10
26.382499999999993
 20
252.23743685
 10
26.382499999999993
 20
252.3682051
 10
26.382499999999993
 20
252.48176734999998
 10
26.382499999999993
 20
252.5766955
 10
26.382499999999993
 20
252.65179584999998
 10
26.382499999999993
 20
252.70612384999998
 10
26.382499999999993
 20
252.73899634999998
 10
26.382499999999993
 20
252.75
  0
LWPOLYLINE
  5
214
330
17
100
AcDbEntity
  8
OUTLINE
100
AcDbPolyline
 90
15
 70
0
 10
26.382499999999993
 20
249.25
 10
26.382499999999993
 20
249.26100365000002
 10
26.382499999999993
 20
249.29387615000002
 10
26.382499999999993
 20
249.34820415000002
 10
26.382499999999993
 20
249.4233045
 10
26.382499999999993
 20
249.51823265000002
 10
26.382499999999993
 20
249.6317949
 10
26.382499999999993
 20
249.76256315
 10
26.382499999999993
 20
249.90889285
 10
26.382499999999993
 20
250.06894384999998
 10
26.382499999999993
 20
250.24070345
 10
26.382499999999993
 20
250.42201165
 10
26.382499999999993
 20
250.61058835
 10
26.382499999999993
 20
250.80406215
 10
26.382499999999993
 20
251.0
  0
LWPOLYLINE
  5
215
330
17
100
AcDbEntity
  8
OUTLINE
100
AcDbPolyline
 90
15
 70
0
 10
275.5
 20
251.88776265
 10
275.5
 20
251.9728146
 10
275.5
 20
252.05328525
 10
275.5
 20
252.1287955
 10
275.5
 20
252.1989898
 10
275.5
 20
252.2635376
 10
275.5
 20
252.32213489999998
 10
275.5
 20
252.37450575
 10
275.5
 20
252.42040350000002
 10
275.5
 20
252.45961195
 10
275.5
 20
252.49194655
 10
275.5
 20
252.517255
 10
275.5
 20
252.53541805
 10
275.5
 20
252.5463502
 10
275.5
 20
252.55
  0
LWPOLYLINE
  5
216
330
17
100
AcDbEntity
  8
OUTLINE
100
AcDbPolyline
 90
15
 70
0
 10
275.5
 20
252.55
 10
275.5
 20
252.51113825
 10
275.5
 20
252.39650175
 10
275.5
 20
252.2118388
 10
275.5
 20
251.9664092
 10
275.5
 20
251.6725198
 10
275.5
 20
251.34490745
 10
275.5
 20
251.0
 10
275.5
 20
250.65509255
 10
275.5
 20
250.3274802
 10
275.5
 20
250.0335908
 10
275.5
 20
249.7881612
 10
275.5
 20
249.60349825
 10
275.5
 20
249.48886175
 10
275.5
 20
249.45
  0
LWPOLYLINE
  5
217
330
17
100
AcDbEntity
  8
OUTLINE
100
AcDbPolyline
 90
15
 70
0
 10
275.5
 20
249.45
 10
275.5
 20
249.4536498
 10
275.5
 20
249.46458195
 10
275.5
 20
249.482745
 10
275.5
 20
249.50805345
 10
275.5
 20
249.54038805
 10
275.5
 20
249.57959649999998
 10
275.5
 20
249.62549425
 10
275.5
 20
249.67786510000002
 10
275.5
 20
249.7364624
 10
275.5
 20
249.8010102
 10
275.5
 20
249.8712045
 10
275.5
 20
249.94671475
 10
275.5
 20
250.0271854
 10
275.5
 20
250.11223735
  0
LWPOLYLINE
  5
218
330
17
100
AcDbEntity
  8
OUTLINE
100
AcDbPolyline
 90
15
 70
0
 10
275.5
 20
250.11223735
 10
275.5
 20
250.1178194
 10
275.5
 20
250.1344954
 10
275.5
 20
250.16205565
 10
275.5
 20
250.2001535
 10
275.5
 20
250.24830989999998
 10
275.5
 20
250.3059192
 10
275.5
 20
250.372257
 10
275.5
 20
250.44648905
 10
275.5
 20
250.52768179999998
 10
275.5
 20
250.61481425
 10
275.5
 20
250.7067906
 10
275.5
 20
250.80245424999998
 10
275.5
 20
250.90060210000001
 10
275.5
 20
251.0
  0
LWPOLYLINE
  5
219
330
17
100
AcDbEntity
  8
OUTLINE
100
AcDbPolyline
 90
15
 70
0
 10
273.6175
 20
252.75
 10
273.6175
 20
252.70612384999998
 10
273.6175
 20
252.5766955
 10
273.6175
 20
252.3682051
 10
273.6175
 20
252.09110715
 10
273.6175
 20
251.75929655
 10
273.6175
 20
251.38941165
 10
273.6175
 20
251.0
 10
273.6175
 20
250.61058835
 10
273.6175
 20
250.24070345
 10
273.6175
 20
249.90889285
 10
273.6175
 20
249.6317949
 10
273.6175
 20
249.4233045
 10
273.6175
 20
249.29387615000002
 10
273.6175
 20
249.25
  0
LWPOLYLINE
  5
21A
330
17
100
AcDbEntity
  8
OUTLINE
100
AcDbPolyline
 90
22
 70
0
 10
52.5
 20
163.615
 10
52.70642355
 20
163.6304693
 10
52.908235899999994
 20
163.67653165
 10
53.100928999999994
 20
163.7521581
 10
53.280198299999995
 20
163.8556593
 10
53.44203924999999
 20
163.98472315
 10
53.58283659999999
 20
164.1364666
 10
53.6994452
 20
164.3075
 10
53.789260150000004
 20
164.4940027
 10
53.85027515
 20
164.6918085
 10
53.881127250000006
 20
164.8964988
 10
53.881127250000006
 20
165.1035012
 10
53.85027515
 20
165.3081915
 10
53.789260150000004
 20
165.5059973
 10
53.6994452
 20
165.6925
 10
53.58283659999999
 20
165.8635334
 10
53.44203924999999
 20
166.01527685
 10
53.280198299999995
 20
166.1443407
 10
53.100928999999994
 20
166.2478419
 10
52.908235899999994
 20
166.32346835
 10
52.70642355
 20
166.3695307
 10
52.5
 20
166.385
  0
LWPOLYLINE
  5
21B
330
17
100
AcDbEntity
  8
OUTLINE
100
AcDbPolyline
 90
2
 70
0
 10
52.5
 20
163.615
 10
48.185
 20
163.615
  0
LWPOLYLINE
  5
21C
330
17
100
AcDbEntity
  8
OUTLINE
100
AcDbPolyline
 90
2
 70
0
 10
48.185
 20
166.385
 10
48.185
 20
163.615
  0
LWPOLYLINE
  5
21D
330
17
100
AcDbEntity
  8
OUTLINE
100
AcDbPolyline
 90
2
 70
0
 10
52.5
 20
166.385
 10
48.185
 20
166.385
  0
LWPOLYLINE
  5
21E
330
17
100
AcDbEntity
  8
OUTLINE
100
AcDbPolyline
 90
32
 70
0
 10
51.757296600000004
 20
165.0
 10
51.772499800000006
 20
165.1495051
 10
51.817486900000006
 20
165.29288945
 10
51.890416200000004
 20
165.42428285
 10
51.98830194999999
 20
165.53830605
 10
52.10713665
 20
165.63029095
 10
52.242055199999996
 20
165.6964717
 10
52.387534099999996
 20
165.73413875
 10
52.537617299999994
 20
165.74175015
 10
52.6861605
 20
165.71899415
 10
52.827082250000004
 20
165.66680245
 10
52.9546132
 20
165.5873118
 10
53.063532249999994
 20
165.48377655
 10
53.149380199999996
 20
165.3604354
 10
53.20864245
 20
165.222338
 10
53.2388928
 20
165.07513805
 10
53.2388928
 20
164.92486195
 10
53.20864245
 20
164.777662
 10
53.149380199999996
 20
164.6395646
 10
53.063532249999994
 20
164.51622345
 10
52.9546132
 20
164.4126882
 10
52.827082250000004
 20
164.33319755
 10
52.6861605
 20
164.28100585
 10
52.537617299999994
 20
164.25824985
 10
52.387534099999996
 20
164.26586125
 10
52.242055199999996
 20
164.3035283
 10
52.10713665
 20
164.36970905
 10
51.98830194999999
 20
164.46169395
 10
51.890416200000004
 20
164.57571715
 10
51.817486900000006
 20
164.70711055
 10
51.772499800000006
 20
164.8504949
 10
51.757296600000004
 20
165.0
  0
LWPOLYLINE
  5
21F
330
17
100
AcDbEntity
  8
OUTLINE
100
AcDbPolyline
 90
43
 70
0
 10
53.875
 20
165.0
 10
53.8596424
 20
165.2049331
 10
53.813912599999995
 20
165.40528835
 10
53.738832200000004
 20
165.59659015
 10
53.636078299999994
 20
165.7745651
 10
53.5079463
 20
165.9352375
 10
53.3572985
 20
166.0750183
 10
53.1875
 20
166.19078495
 10
53.0023439
 20
166.2799514
 10
52.805966299999994
 20
166.3405259
 10
52.602753899999996
 20
166.3711552
 10
52.397246100000004
 20
166.3711552
 10
52.194033700000006
 20
166.3405259
 10
51.9976561
 20
166.2799514
 10
51.8125
 20
166.19078495
 10
51.6427015
 20
166.0750183
 10
51.4920537
 20
165.9352375
 10
51.363921700000006
 20
165.7745651
 10
51.261167799999996
 20
165.59659015
 10
51.186087400000005
 20
165.40528835
 10
51.1403576
 20
165.2049331
 10
51.125
 20
165.0
 10
51.1403576
 20
164.7950669
 10
51.186087400000005
 20
164.59471165
 10
51.261167799999996
 20
164.40340985
 10
51.363921700000006
 20
164.2254349
 10
51.4920537
 20
164.0647625
 10
51.6427015
 20
163.9249817
 10
51.8125
 20
163.80921505
 10
51.9976561
 20
163.7200486
 10
52.194033700000006
 20
163.6594741
 10
52.397246100000004
 20
163.6288448
 10
52.602753899999996
 20
163.6288448
 10
52.805966299999994
 20
163.6594741
 10
53.0023439
 20
163.7200486
 10
53.1875
 20
163.80921505
 10
53.3572985
 20
163.9249817
 10
53.5079463
 20
164.0647625
 10
53.636078299999994
 20
164.2254349
 10
53.738832200000004
 20
164.40340985
 10
53.813912599999995
 20
164.59471165
 10
53.8596424
 20
164.7950669
 10
53.875
 20
165.0
  0
LWPOLYLINE
  5
220
330
17
100
AcDbEntity
  8
OUTLINE
100
AcDbPolyline
 90
15
 70
0
 10
52.86950415
 20
165.64
 10
52.8125912
 20
165.64
 10
52.757604150000006
 20
165.64
 10
52.70420420000001
 20
165.64
 10
52.652062400000005
 20
165.64
 10
52.600857399999995
 20
165.64
 10
52.550273849999996
 20
165.64
 10
52.5
 20
165.64
 10
52.449726150000004
 20
165.64
 10
52.399142600000005
 20
165.64
 10
52.347937599999995
 20
165.64
 10
52.29579579999999
 20
165.64
 10
52.242395849999994
 20
165.64
 10
52.1874088
 20
165.64
 10
52.13049585
 20
165.64
  0
LWPOLYLINE
  5
221
330
17
100
AcDbEntity
  8
OUTLINE
100
AcDbPolyline
 90
15
 70
0
 10
53.239008350000006
 20
165.0
 10
53.21055185
 20
165.04928805
 10
53.183058349999996
 20
165.09690825
 10
53.156358350000005
 20
165.14315395
 10
53.13028745
 20
165.1883101
 10
53.104684950000006
 20
165.2326549
 10
53.0793932
 20
165.2764616
 10
53.054256249999995
 20
165.32
 10
53.02911935
 20
165.3635384
 10
53.00382755
 20
165.4073451
 10
52.978225050000006
 20
165.4516899
 10
52.95215415
 20
165.49684605
 10
52.925454200000004
 20
165.54309175
 10
52.89796065
 20
165.59071195
 10
52.86950415
 20
165.64
  0
LWPOLYLINE
  5
222
330
17
100
AcDbEntity
  8
OUTLINE
100
AcDbPolyline
 90
15
 70
0
 10
52.86950415
 20
164.36
 10
52.89796065
 20
164.40928805
 10
52.925454200000004
 20
164.45690825
 10
52.95215415
 20
164.50315395
 10
52.978225050000006
 20
164.5483101
 10
53.00382755
 20
164.5926549
 10
53.02911935
 20
164.6364616
 10
53.054256249999995
 20
164.68
 10
53.0793932
 20
164.7235384
 10
53.104684950000006
 20
164.7673451
 10
53.13028745
 20
164.8116899
 10
53.156358350000005
 20
164.85684605
 10
53.183058349999996
 20
164.90309175
 10
53.21055185
 20
164.95071195
 10
53.239008350000006
 20
165.0
  0
LWPOLYLINE
  5
223
330
17
100
AcDbEntity
  8
OUTLINE
100
AcDbPolyline
 90
15
 70
0
 10
52.13049585
 20
164.36
 10
52.1874088
 20
164.36
 10
52.242395849999994
 20
164.36
 10
52.29579579999999
 20
164.36
 10
52.347937599999995
 20
164.36
 10
52.399142600000005
 20
164.36
 10
52.449726150000004
 20
164.36
 10
52.5
 20
164.36
 10
52.550273849999996
 20
164.36
 10
52.600857399999995
 20
164.36
 10
52.652062400000005
 20
164.36
 10
52.70420420000001
 20
164.36
 10
52.757604150000006
 20
164.36
 10
52.8125912
 20
164.36
 10
52.86950415
 20
164.36
  0
LWPOLYLINE
  5
224
330
17
100
AcDbEntity
  8
OUTLINE
100
AcDbPolyline
 90
15
 70
0
 10
51.760991649999994
 20
165.0
 10
51.78944815
 20
164.95071195
 10
51.816941650000004
 20
164.90309175
 10
51.843641649999995
 20
164.85684605
 10
51.86971255
 20
164.8116899
 10
51.895315049999994
 20
164.7673451
 10
51.9206068
 20
164.7235384
 10
51.945743750000005
 20
164.68
 10
51.97088065
 20
164.6364616
 10
51.99617245
 20
164.5926549
 10
52.021774949999994
 20
164.5483101
 10
52.04784585
 20
164.50315395
 10
52.074545799999996
 20
164.45690825
 10
52.10203935
 20
164.40928805
 10
52.13049585
 20
164.36
  0
LWPOLYLINE
  5
225
330
17
100
AcDbEntity
  8
OUTLINE
100
AcDbPolyline
 90
15
 70
0
 10
52.13049585
 20
165.64
 10
52.10203935
 20
165.59071195
 10
52.074545799999996
 20
165.54309175
 10
52.04784585
 20
165.49684605
 10
52.021774949999994
 20
165.4516899
 10
51.99617245
 20
165.4073451
 10
51.97088065
 20
165.3635384
 10
51.945743750000005
 20
165.32
 10
51.9206068
 20
165.2764616
 10
51.895315049999994
 20
165.2326549
 10
51.86971255
 20
165.1883101
 10
51.843641649999995
 20
165.14315395
 10
51.816941650000004
 20
165.09690825
 10
51.78944815
 20
165.04928805
 10
51.760991649999994
 20
165.0
  0
LWPOLYLINE
  5
226
330
17
100
AcDbEntity
  8
OUTLINE
100
AcDbPolyline
 90
15
 70
0
 10
52.86950415
 20
165.64
 10
52.8125912
 20
165.64
 10
52.757604150000006
 20
165.64
 10
52.70420420000001
 20
165.64
 10
52.652062400000005
 20
165.64
 10
52.600857399999995
 20
165.64
 10
52.550273849999996
 20
165.64
 10
52.5
 20
165.64
 10
52.449726150000004
 20
165.64
 10
52.399142600000005
 20
165.64
 10
52.347937599999995
 20
165.64
 10
52.29579579999999
 20
165.64
 10
52.242395849999994
 20
165.64
 10
52.1874088
 20
165.64
 10
52.13049585
 20
165.64
  0
LWPOLYLINE
  5
227
330
17
100
AcDbEntity
  8
OUTLINE
100
AcDbPolyline
 90
15
 70
0
 10
53.239008350000006
 20
165.0
 10
53.21055185
 20
165.04928805
 10
53.183058349999996
 20
165.09690825
 10
53.156358350000005
 20
165.14315395
 10
53.13028745
 20
165.1883101
 10
53.104684950000006
 20
165.2326549
 10
53.0793932
 20
165.2764616
 10
53.054256249999995
 20
165.32
 10
53.02911935
 20
165.3635384
 10
53.00382755
 20
165.4073451
 10
52.978225050000006
 20
165.4516899
 10
52.95215415
 20
165.49684605
 10
52.925454200000004
 20
165.54309175
 10
52.89796065
 20
165.59071195
 10
52.86950415
 20
165.64
  0
LWPOLYLINE
  5
228
330
17
100
AcDbEntity
  8
OUTLINE
100
AcDbPolyline
 90
15
 70
0
 10
52.86950415
 20
164.36
 10
52.89796065
 20
164.40928805
 10
52.925454200000004
 20
164.45690825
 10
52.95215415
 20
164.50315395
 10
52.978225050000006
 20
164.5483101
 10
53.00382755
 20
164.5926549
 10
53.02911935
 20
164.6364616
 10
53.054256249999995
 20
164.68
 10
53.0793932
 20
164.7235384
 10
53.104684950000006
 20
164.7673451
 10
53.13028745
 20
164.8116899
 10
53.156358350000005
 20
164.85684605
 10
53.183058349999996
 20
164.90309175
 10
53.21055185
 20
164.95071195
 10
53.239008350000006
 20
165.0
  0
LWPOLYLINE
  5
229
330
17
100
AcDbEntity
  8
OUTLINE
100
AcDbPolyline
 90
15
 70
0
 10
52.13049585
 20
164.36
 10
52.1874088
 20
164.36
 10
52.242395849999994
 20
164.36
 10
52.29579579999999
 20
164.36
 10
52.347937599999995
 20
164.36
 10
52.399142600000005
 20
164.36
 10
52.449726150000004
 20
164.36
 10
52.5
 20
164.36
 10
52.550273849999996
 20
164.36
 10
52.600857399999995
 20
164.36
 10
52.652062400000005
 20
164.36
 10
52.70420420000001
 20
164.36
 10
52.757604150000006
 20
164.36
 10
52.8125912
 20
164.36
 10
52.86950415
 20
164.36
  0
LWPOLYLINE
  5
22A
330
17
100
AcDbEntity
  8
OUTLINE
100
AcDbPolyline
 90
15
 70
0
 10
51.760991649999994
 20
165.0
 10
51.78944815
 20
164.95071195
 10
51.816941650000004
 20
164.90309175
 10
51.843641649999995
 20
164.85684605
 10
51.86971255
 20
164.8116899
 10
51.895315049999994
 20
164.7673451
 10
51.9206068
 20
164.7235384
 10
51.945743750000005
 20
164.68
 10
51.97088065
 20
164.6364616
 10
51.99617245
 20
164.5926549
 10
52.021774949999994
 20
164.5483101
 10
52.04784585
 20
164.50315395
 10
52.074545799999996
 20
164.45690825
 10
52.10203935
 20
164.40928805
 10
52.13049585
 20
164.36
  0
LWPOLYLINE
  5
22B
330
17
100
AcDbEntity
  8
OUTLINE
100
AcDbPolyline
 90
13
 70
0
 10
52.3976
 20
165.0
 10
52.411319000000006
 20
165.0512
 10
52.448800000000006
 20
165.088681
 10
52.5
 20
165.1024
 10
52.551199999999994
 20
165.088681
 10
52.588680999999994
 20
165.0512
 10
52.6024
 20
165.0
 10
52.588680999999994
 20
164.9488
 10
52.551199999999994
 20
164.911319
 10
52.5
 20
164.8976
 10
52.448800000000006
 20
164.911319
 10
52.411319000000006
 20
164.9488
 10
52.3976
 20
165.0
  0
LWPOLYLINE
  5
22C
330
17
100
AcDbEntity
  8
OUTLINE
100
AcDbPolyline
 90
22
 70
0
 10
247.5
 20
166.385
 10
247.29357645
 20
166.3695307
 10
247.0917641
 20
166.32346835
 10
246.899071
 20
166.2478419
 10
246.7198017
 20
166.1443407
 10
246.55796075
 20
166.01527685
 10
246.4171634
 20
165.8635334
 10
246.3005548
 20
165.6925
 10
246.21073984999998
 20
165.5059973
 10
246.14972484999998
 20
165.3081915
 10
246.11887274999998
 20
165.1035012
 10
246.11887274999998
 20
164.8964988
 10
246.14972484999998
 20
164.6918085
 10
246.21073984999998
 20
164.4940027
 10
246.3005548
 20
164.3075
 10
246.4171634
 20
164.1364666
 10
246.55796075
 20
163.98472315
 10
246.7198017
 20
163.8556593
 10
246.899071
 20
163.7521581
 10
247.0917641
 20
163.67653165
 10
247.29357645
 20
163.6304693
 10
247.5
 20
163.615
  0
LWPOLYLINE
  5
22D
330
17
100
AcDbEntity
  8
OUTLINE
100
AcDbPolyline
 90
2
 70
0
 10
247.5
 20
166.385
 10
251.815
 20
166.385
  0
LWPOLYLINE
  5
22E
330
17
100
AcDbEntity
  8
OUTLINE
100
AcDbPolyline
 90
2
 70
0
 10
251.815
 20
163.615
 10
251.815
 20
166.385
  0
LWPOLYLINE
  5
22F
330
17
100
AcDbEntity
  8
OUTLINE
100
AcDbPolyline
 90
2
 70
0
 10
247.5
 20
163.615
 10
251.815
 20
163.615
  0
LWPOLYLINE
  5
230
330
17
100
AcDbEntity
  8
OUTLINE
100
AcDbPolyline
 90
32
 70
0
 10
246.75729660000002
 20
165.0
 10
246.7724998
 20
165.1495051
 10
246.8174869
 20
165.29288945
 10
246.8904162
 20
165.42428285
 10
246.98830195
 20
165.53830605
 10
247.10713665
 20
165.63029095
 10
247.24205519999998
 20
165.6964717
 10
247.38753409999998
 20
165.73413875
 10
247.5376173
 20
165.74175015
 10
247.6861605
 20
165.71899415
 10
247.82708225
 20
165.66680245
 10
247.95461319999998
 20
165.5873118
 10
248.06353224999998
 20
165.48377655
 10
248.1493802
 20
165.3604354
 10
248.20864245
 20
165.222338
 10
248.2388928
 20
165.07513805
 10
248.2388928
 20
164.92486195
 10
248.20864245
 20
164.777662
 10
248.1493802
 20
164.6395646
 10
248.06353224999998
 20
164.51622345
 10
247.95461319999998
 20
164.4126882
 10
247.82708225
 20
164.33319755
 10
247.6861605
 20
164.28100585
 10
247.5376173
 20
164.25824985
 10
247.38753409999998
 20
164.26586125
 10
247.24205519999998
 20
164.3035283
 10
247.10713665
 20
164.36970905
 10
246.98830195
 20
164.46169395
 10
246.8904162
 20
164.57571715
 10
246.8174869
 20
164.70711055
 10
246.7724998
 20
164.8504949
 10
246.75729660000002
 20
165.0
  0
LWPOLYLINE
  5
231
330
17
100
AcDbEntity
  8
OUTLINE
100
AcDbPolyline
 90
43
 70
0
 10
248.875
 20
165.0
 10
248.85964239999998
 20
165.2049331
 10
248.81391259999998
 20
165.40528835
 10
248.7388322
 20
165.59659015
 10
248.6360783
 20
165.7745651
 10
248.50794630000001
 20
165.9352375
 10
248.3572985
 20
166.0750183
 10
248.1875
 20
166.19078495
 10
248.0023439
 20
166.2799514
 10
247.8059663
 20
166.3405259
 10
247.60275389999998
 20
166.3711552
 10
247.39724610000002
 20
166.3711552
 10
247.1940337
 20
166.3405259
 10
246.9976561
 20
166.2799514
 10
246.8125
 20
166.19078495
 10
246.6427015
 20
166.0750183
 10
246.49205369999999
 20
165.9352375
 10
246.3639217
 20
165.7745651
 10
246.2611678
 20
165.59659015
 10
246.18608740000002
 20
165.40528835
 10
246.14035760000002
 20
165.2049331
 10
246.125
 20
165.0
 10
246.14035760000002
 20
164.7950669
 10
246.18608740000002
 20
164.59471165
 10
246.2611678
 20
164.40340985
 10
246.3639217
 20
164.2254349
 10
246.49205369999999
 20
164.0647625
 10
246.6427015
 20
163.9249817
 10
246.8125
 20
163.80921505
 10
246.9976561
 20
163.7200486
 10
247.1940337
 20
163.6594741
 10
247.39724610000002
 20
163.6288448
 10
247.60275389999998
 20
163.6288448
 10
247.8059663
 20
163.6594741
 10
248.0023439
 20
163.7200486
 10
248.1875
 20
163.80921505
 10
248.3572985
 20
163.9249817
 10
248.50794630000001
 20
164.0647625
 10
248.6360783
 20
164.2254349
 10
248.7388322
 20
164.40340985
 10
248.81391259999998
 20
164.59471165
 10
248.85964239999998
 20
164.7950669
 10
248.875
 20
165.0
  0
LWPOLYLINE
  5
232
330
17
100
AcDbEntity
  8
OUTLINE
100
AcDbPolyline
 90
15
 70
0
 10
247.86950415
 20
165.64
 10
247.81259119999999
 20
165.64
 10
247.75760415000002
 20
165.64
 10
247.7042042
 20
165.64
 10
247.6520624
 20
165.64
 10
247.6008574
 20
165.64
 10
247.55027385
 20
165.64
 10
247.5
 20
165.64
 10
247.44972615
 20
165.64
 10
247.3991426
 20
165.64
 10
247.3479376
 20
165.64
 10
247.2957958
 20
165.64
 10
247.24239584999998
 20
165.64
 10
247.18740880000001
 20
165.64
 10
247.13049585
 20
165.64
  0
LWPOLYLINE
  5
233
330
17
100
AcDbEntity
  8
OUTLINE
100
AcDbPolyline
 90
15
 70
0
 10
248.23900835
 20
165.0
 10
248.21055185
 20
165.04928805
 10
248.18305835
 20
165.09690825
 10
248.15635835
 20
165.14315395
 10
248.13028745
 20
165.1883101
 10
248.10468495
 20
165.2326549
 10
248.0793932
 20
165.2764616
 10
248.05425624999998
 20
165.32
 10
248.02911935
 20
165.3635384
 10
248.00382754999998
 20
165.4073451
 10
247.97822505
 20
165.4516899
 10
247.95215415
 20
165.49684605
 10
247.9254542
 20
165.54309175
 10
247.89796065000002
 20
165.59071195
 10
247.86950415
 20
165.64
  0
LWPOLYLINE
  5
234
330
17
100
AcDbEntity
  8
OUTLINE
100
AcDbPolyline
 90
15
 70
0
 10
247.86950415
 20
164.36
 10
247.89796065000002
 20
164.40928805
 10
247.9254542
 20
164.45690825
 10
247.95215415
 20
164.50315395
 10
247.97822505
 20
164.5483101
 10
248.00382754999998
 20
164.5926549
 10
248.02911935
 20
164.6364616
 10
248.05425624999998
 20
164.68
 10
248.0793932
 20
164.7235384
 10
248.10468495
 20
164.7673451
 10
248.13028745
 20
164.8116899
 10
248.15635835
 20
164.85684605
 10
248.18305835
 20
164.90309175
 10
248.21055185
 20
164.95071195
 10
248.23900835
 20
165.0
  0
LWPOLYLINE
  5
235
330
17
100
AcDbEntity
  8
OUTLINE
100
AcDbPolyline
 90
15
 70
0
 10
247.13049585
 20
164.36
 10
247.18740880000001
 20
164.36
 10
247.24239584999998
 20
164.36
 10
247.2957958
 20
164.36
 10
247.3479376
 20
164.36
 10
247.3991426
 20
164.36
 10
247.44972615
 20
164.36
 10
247.5
 20
164.36
 10
247.55027385
 20
164.36
 10
247.6008574
 20
164.36
 10
247.6520624
 20
164.36
 10
247.7042042
 20
164.36
 10
247.75760415000002
 20
164.36
 10
247.81259119999999
 20
164.36
 10
247.86950415
 20
164.36
  0
LWPOLYLINE
  5
236
330
17
100
AcDbEntity
  8
OUTLINE
100
AcDbPolyline
 90
15
 70
0
 10
246.76099165
 20
165.0
 10
246.78944815
 20
164.95071195
 10
246.81694165
 20
164.90309175
 10
246.84364165
 20
164.85684605
 10
246.86971255
 20
164.8116899
 10
246.89531505
 20
164.7673451
 10
246.9206068
 20
164.7235384
 10
246.94574375000002
 20
164.68
 10
246.97088065
 20
164.6364616
 10
246.99617245000002
 20
164.5926549
 10
247.02177495
 20
164.5483101
 10
247.04784585
 20
164.50315395
 10
247.0745458
 20
164.45690825
 10
247.10203934999998
 20
164.40928805
 10
247.13049585
 20
164.36
  0
LWPOLYLINE
  5
237
330
17
100
AcDbEntity
  8
OUTLINE
100
AcDbPolyline
 90
15
 70
0
 10
247.13049585
 20
165.64
 10
247.10203934999998
 20
165.59071195
 10
247.0745458
 20
165.54309175
 10
247.04784585
 20
165.49684605
 10
247.02177495
 20
165.4516899
 10
246.99617245000002
 20
165.4073451
 10
246.97088065
 20
165.3635384
 10
246.94574375000002
 20
165.32
 10
246.9206068
 20
165.2764616
 10
246.89531505
 20
165.2326549
 10
246.86971255
 20
165.1883101
 10
246.84364165
 20
165.14315395
 10
246.81694165
 20
165.09690825
 10
246.78944815
 20
165.04928805
 10
246.76099165
 20
165.0
  0
LWPOLYLINE
  5
238
330
17
100
AcDbEntity
  8
OUTLINE
100
AcDbPolyline
 90
15
 70
0
 10
247.86950415
 20
165.64
 10
247.81259119999999
 20
165.64
 10
247.75760415000002
 20
165.64
 10
247.7042042
 20
165.64
 10
247.6520624
 20
165.64
 10
247.6008574
 20
165.64
 10
247.55027385
 20
165.64
 10
247.5
 20
165.64
 10
247.44972615
 20
165.64
 10
247.3991426
 20
165.64
 10
247.3479376
 20
165.64
 10
247.2957958
 20
165.64
 10
247.24239584999998
 20
165.64
 10
247.18740880000001
 20
165.64
 10
247.13049585
 20
165.64
  0
LWPOLYLINE
  5
239
330
17
100
AcDbEntity
  8
OUTLINE
100
AcDbPolyline
 90
15
 70
0
 10
248.23900835
 20
165.0
 10
248.21055185
 20
165.04928805
 10
248.18305835
 20
165.09690825
 10
248.15635835
 20
165.14315395
 10
248.13028745
 20
165.1883101
 10
248.10468495
 20
165.2326549
 10
248.0793932
 20
165.2764616
 10
248.05425624999998
 20
165.32
 10
248.02911935
 20
165.3635384
 10
248.00382754999998
 20
165.4073451
 10
247.97822505
 20
165.4516899
 10
247.95215415
 20
165.49684605
 10
247.9254542
 20
165.54309175
 10
247.89796065000002
 20
165.59071195
 10
247.86950415
 20
165.64
  0
LWPOLYLINE
  5
23A
330
17
100
AcDbEntity
  8
OUTLINE
100
AcDbPolyline
 90
15
 70
0
 10
247.86950415
 20
164.36
 10
247.89796065000002
 20
164.40928805
 10
247.9254542
 20
164.45690825
 10
247.95215415
 20
164.50315395
 10
247.97822505
 20
164.5483101
 10
248.00382754999998
 20
164.5926549
 10
248.02911935
 20
164.6364616
 10
248.05425624999998
 20
164.68
 10
248.0793932
 20
164.7235384
 10
248.10468495
 20
164.7673451
 10
248.13028745
 20
164.8116899
 10
248.15635835
 20
164.85684605
 10
248.18305835
 20
164.90309175
 10
248.21055185
 20
164.95071195
 10
248.23900835
 20
165.0
  0
LWPOLYLINE
  5
23B
330
17
100
AcDbEntity
  8
OUTLINE
100
AcDbPolyline
 90
15
 70
0
 10
247.13049585
 20
164.36
 10
247.18740880000001
 20
164.36
 10
247.24239584999998
 20
164.36
 10
247.2957958
 20
164.36
 10
247.3479376
 20
164.36
 10
247.3991426
 20
164.36
 10
247.44972615
 20
164.36
 10
247.5
 20
164.36
 10
247.55027385
 20
164.36
 10
247.6008574
 20
164.36
 10
247.6520624
 20
164.36
 10
247.7042042
 20
164.36
 10
247.75760415000002
 20
164.36
 10
247.81259119999999
 20
164.36
 10
247.86950415
 20
164.36
  0
LWPOLYLINE
  5
23C
330
17
100
AcDbEntity
  8
OUTLINE
100
AcDbPolyline
 90
15
 70
0
 10
246.76099165
 20
165.0
 10
246.78944815
 20
164.95071195
 10
246.81694165
 20
164.90309175
 10
246.84364165
 20
164.85684605
 10
246.86971255
 20
164.8116899
 10
246.89531505
 20
164.7673451
 10
246.9206068
 20
164.7235384
 10
246.94574375000002
 20
164.68
 10
246.97088065
 20
164.6364616
 10
246.99617245000002
 20
164.5926549
 10
247.02177495
 20
164.5483101
 10
247.04784585
 20
164.50315395
 10
247.0745458
 20
164.45690825
 10
247.10203934999998
 20
164.40928805
 10
247.13049585
 20
164.36
  0
LWPOLYLINE
  5
23D
330
17
100
AcDbEntity
  8
OUTLINE
100
AcDbPolyline
 90
13
 70
0
 10
247.3976
 20
165.0
 10
247.411319
 20
165.0512
 10
247.4488
 20
165.088681
 10
247.5
 20
165.1024
 10
247.5512
 20
165.088681
 10
247.588681
 20
165.0512
 10
247.6024
 20
165.0
 10
247.588681
 20
164.9488
 10
247.5512
 20
164.911319
 10
247.5
 20
164.8976
 10
247.4488
 20
164.911319
 10
247.411319
 20
164.9488
 10
247.3976
 20
165.0
  0
LWPOLYLINE
  5
23E
330
17
100
AcDbEntity
  8
OUTLINE
100
AcDbPolyline
 90
22
 70
0
 10
232.5
 20
80.385
 10
232.29357645
 20
80.3695307
 10
232.0917641
 20
80.32346835
 10
231.899071
 20
80.2478419
 10
231.7198017
 20
80.1443407
 10
231.55796075
 20
80.01527685
 10
231.4171634
 20
79.8635334
 10
231.3005548
 20
79.6925
 10
231.21073984999998
 20
79.5059973
 10
231.14972484999998
 20
79.3081915
 10
231.11887274999998
 20
79.1035012
 10
231.11887274999998
 20
78.8964988
 10
231.14972484999998
 20
78.6918085
 10
231.21073984999998
 20
78.4940027
 10
231.3005548
 20
78.3075
 10
231.4171634
 20
78.1364666
 10
231.55796075
 20
77.98472315
 10
231.7198017
 20
77.8556593
 10
231.899071
 20
77.7521581
 10
232.0917641
 20
77.67653165
 10
232.29357645
 20
77.6304693
 10
232.5
 20
77.615
  0
LWPOLYLINE
  5
23F
330
17
100
AcDbEntity
  8
OUTLINE
100
AcDbPolyline
 90
2
 70
0
 10
232.5
 20
80.385
 10
236.815
 20
80.385
  0
LWPOLYLINE
  5
240
330
17
100
AcDbEntity
  8
OUTLINE
100
AcDbPolyline
 90
2
 70
0
 10
236.815
 20
77.615
 10
236.815
 20
80.385
  0
LWPOLYLINE
  5
241
330
17
100
AcDbEntity
  8
OUTLINE
100
AcDbPolyline
 90
2
 70
0
 10
232.5
 20
77.615
 10
236.815
 20
77.615
  0
LWPOLYLINE
  5
242
330
17
100
AcDbEntity
  8
OUTLINE
100
AcDbPolyline
 90
32
 70
0
 10
231.75729660000002
 20
79.0
 10
231.7724998
 20
79.1495051
 10
231.8174869
 20
79.29288945
 10
231.8904162
 20
79.42428285
 10
231.98830195
 20
79.53830605
 10
232.10713665
 20
79.63029095
 10
232.24205519999998
 20
79.6964717
 10
232.38753409999998
 20
79.73413875
 10
232.5376173
 20
79.74175015
 10
232.6861605
 20
79.71899415
 10
232.82708225
 20
79.66680245
 10
232.95461319999998
 20
79.5873118
 10
233.06353224999998
 20
79.48377655
 10
233.1493802
 20
79.3604354
 10
233.20864245
 20
79.222338
 10
233.2388928
 20
79.07513805
 10
233.2388928
 20
78.92486195
 10
233.20864245
 20
78.777662
 10
233.1493802
 20
78.6395646
 10
233.06353224999998
 20
78.51622345
 10
232.95461319999998
 20
78.4126882
 10
232.82708225
 20
78.33319755
 10
232.6861605
 20
78.28100585
 10
232.5376173
 20
78.25824985
 10
232.38753409999998
 20
78.26586125
 10
232.24205519999998
 20
78.3035283
 10
232.10713665
 20
78.36970905
 10
231.98830195
 20
78.46169395
 10
231.8904162
 20
78.57571715
 10
231.8174869
 20
78.70711055
 10
231.7724998
 20
78.8504949
 10
231.75729660000002
 20
79.0
  0
LWPOLYLINE
  5
243
330
17
100
AcDbEntity
  8
OUTLINE
100
AcDbPolyline
 90
43
 70
0
 10
233.875
 20
79.0
 10
233.85964239999998
 20
79.2049331
 10
233.81391259999998
 20
79.40528835
 10
233.7388322
 20
79.59659015
 10
233.6360783
 20
79.7745651
 10
233.50794630000001
 20
79.9352375
 10
233.3572985
 20
80.0750183
 10
233.1875
 20
80.19078495
 10
233.0023439
 20
80.2799514
 10
232.8059663
 20
80.3405259
 10
232.60275389999998
 20
80.3711552
 10
232.39724610000002
 20
80.3711552
 10
232.1940337
 20
80.3405259
 10
231.9976561
 20
80.2799514
 10
231.8125
 20
80.19078495
 10
231.6427015
 20
80.0750183
 10
231.49205369999999
 20
79.9352375
 10
231.3639217
 20
79.7745651
 10
231.2611678
 20
79.59659015
 10
231.18608740000002
 20
79.40528835
 10
231.14035760000002
 20
79.2049331
 10
231.125
 20
79.0
 10
231.14035760000002
 20
78.7950669
 10
231.18608740000002
 20
78.59471165
 10
231.2611678
 20
78.40340985
 10
231.3639217
 20
78.2254349
 10
231.49205369999999
 20
78.0647625
 10
231.6427015
 20
77.9249817
 10
231.8125
 20
77.80921505
 10
231.9976561
 20
77.7200486
 10
232.1940337
 20
77.6594741
 10
232.39724610000002
 20
77.6288448
 10
232.60275389999998
 20
77.6288448
 10
232.8059663
 20
77.6594741
 10
233.0023439
 20
77.7200486
 10
233.1875
 20
77.80921505
 10
233.3572985
 20
77.9249817
 10
233.50794630000001
 20
78.0647625
 10
233.6360783
 20
78.2254349
 10
233.7388322
 20
78.40340985
 10
233.81391259999998
 20
78.59471165
 10
233.85964239999998
 20
78.7950669
 10
233.875
 20
79.0
  0
LWPOLYLINE
  5
244
330
17
100
AcDbEntity
  8
OUTLINE
100
AcDbPolyline
 90
15
 70
0
 10
232.86950415
 20
79.64
 10
232.81259119999999
 20
79.64
 10
232.75760415000002
 20
79.64
 10
232.7042042
 20
79.64
 10
232.6520624
 20
79.64
 10
232.6008574
 20
79.64
 10
232.55027385
 20
79.64
 10
232.5
 20
79.64
 10
232.44972615
 20
79.64
 10
232.3991426
 20
79.64
 10
232.3479376
 20
79.64
 10
232.2957958
 20
79.64
 10
232.24239584999998
 20
79.64
 10
232.18740880000001
 20
79.64
 10
232.13049585
 20
79.64
  0
LWPOLYLINE
  5
245
330
17
100
AcDbEntity
  8
OUTLINE
100
AcDbPolyline
 90
15
 70
0
 10
233.23900835
 20
79.0
 10
233.21055185
 20
79.04928805
 10
233.18305835
 20
79.09690825
 10
233.15635835
 20
79.14315395
 10
233.13028745
 20
79.1883101
 10
233.10468495
 20
79.2326549
 10
233.0793932
 20
79.2764616
 10
233.05425624999998
 20
79.32
 10
233.02911935
 20
79.3635384
 10
233.00382754999998
 20
79.4073451
 10
232.97822505
 20
79.4516899
 10
232.95215415
 20
79.49684605
 10
232.9254542
 20
79.54309175
 10
232.89796065000002
 20
79.59071195
 10
232.86950415
 20
79.64
  0
LWPOLYLINE
  5
246
330
17
100
AcDbEntity
  8
OUTLINE
100
AcDbPolyline
 90
15
 70
0
 10
232.86950415
 20
78.36
 10
232.89796065000002
 20
78.40928805
 10
232.9254542
 20
78.45690825
 10
232.95215415
 20
78.50315395
 10
232.97822505
 20
78.5483101
 10
233.00382754999998
 20
78.5926549
 10
233.02911935
 20
78.6364616
 10
233.05425624999998
 20
78.68
 10
233.0793932
 20
78.7235384
 10
233.10468495
 20
78.7673451
 10
233.13028745
 20
78.8116899
 10
233.15635835
 20
78.85684605
 10
233.18305835
 20
78.90309175
 10
233.21055185
 20
78.95071195
 10
233.23900835
 20
79.0
  0
LWPOLYLINE
  5
247
330
17
100
AcDbEntity
  8
OUTLINE
100
AcDbPolyline
 90
15
 70
0
 10
232.13049585
 20
78.36
 10
232.18740880000001
 20
78.36
 10
232.24239584999998
 20
78.36
 10
232.2957958
 20
78.36
 10
232.3479376
 20
78.36
 10
232.3991426
 20
78.36
 10
232.44972615
 20
78.36
 10
232.5
 20
78.36
 10
232.55027385
 20
78.36
 10
232.6008574
 20
78.36
 10
232.6520624
 20
78.36
 10
232.7042042
 20
78.36
 10
232.75760415000002
 20
78.36
 10
232.81259119999999
 20
78.36
 10
232.86950415
 20
78.36
  0
LWPOLYLINE
  5
248
330
17
100
AcDbEntity
  8
OUTLINE
100
AcDbPolyline
 90
15
 70
0
 10
231.76099165
 20
79.0
 10
231.78944815
 20
78.95071195
 10
231.81694165
 20
78.90309175
 10
231.84364165
 20
78.85684605
 10
231.86971255
 20
78.8116899
 10
231.89531505
 20
78.7673451
 10
231.9206068
 20
78.7235384
 10
231.94574375000002
 20
78.68
 10
231.97088065
 20
78.6364616
 10
231.99617245000002
 20
78.5926549
 10
232.02177495
 20
78.5483101
 10
232.04784585
 20
78.50315395
 10
232.0745458
 20
78.45690825
 10
232.10203934999998
 20
78.40928805
 10
232.13049585
 20
78.36
  0
LWPOLYLINE
  5
249
330
17
100
AcDbEntity
  8
OUTLINE
100
AcDbPolyline
 90
15
 70
0
 10
232.13049585
 20
79.64
 10
232.10203934999998
 20
79.59071195
 10
232.0745458
 20
79.54309175
 10
232.04784585
 20
79.49684605
 10
232.02177495
 20
79.4516899
 10
231.99617245000002
 20
79.4073451
 10
231.97088065
 20
79.3635384
 10
231.94574375000002
 20
79.32
 10
231.9206068
 20
79.2764616
 10
231.89531505
 20
79.2326549
 10
231.86971255
 20
79.1883101
 10
231.84364165
 20
79.14315395
 10
231.81694165
 20
79.09690825
 10
231.78944815
 20
79.04928805
 10
231.76099165
 20
79.0
  0
LWPOLYLINE
  5
24A
330
17
100
AcDbEntity
  8
OUTLINE
100
AcDbPolyline
 90
15
 70
0
 10
232.86950415
 20
79.64
 10
232.81259119999999
 20
79.64
 10
232.75760415000002
 20
79.64
 10
232.7042042
 20
79.64
 10
232.6520624
 20
79.64
 10
232.6008574
 20
79.64
 10
232.55027385
 20
79.64
 10
232.5
 20
79.64
 10
232.44972615
 20
79.64
 10
232.3991426
 20
79.64
 10
232.3479376
 20
79.64
 10
232.2957958
 20
79.64
 10
232.24239584999998
 20
79.64
 10
232.18740880000001
 20
79.64
 10
232.13049585
 20
79.64
  0
LWPOLYLINE
  5
24B
330
17
100
AcDbEntity
  8
OUTLINE
100
AcDbPolyline
 90
15
 70
0
 10
233.23900835
 20
79.0
 10
233.21055185
 20
79.04928805
 10
233.18305835
 20
79.09690825
 10
233.15635835
 20
79.14315395
 10
233.13028745
 20
79.1883101
 10
233.10468495
 20
79.2326549
 10
233.0793932
 20
79.2764616
 10
233.05425624999998
 20
79.32
 10
233.02911935
 20
79.3635384
 10
233.00382754999998
 20
79.4073451
 10
232.97822505
 20
79.4516899
 10
232.95215415
 20
79.49684605
 10
232.9254542
 20
79.54309175
 10
232.89796065000002
 20
79.59071195
 10
232.86950415
 20
79.64
  0
LWPOLYLINE
  5
24C
330
17
100
AcDbEntity
  8
OUTLINE
100
AcDbPolyline
 90
15
 70
0
 10
232.86950415
 20
78.36
 10
232.89796065000002
 20
78.40928805
 10
232.9254542
 20
78.45690825
 10
232.95215415
 20
78.50315395
 10
232.97822505
 20
78.5483101
 10
233.00382754999998
 20
78.5926549
 10
233.02911935
 20
78.6364616
 10
233.05425624999998
 20
78.68
 10
233.0793932
 20
78.7235384
 10
233.10468495
 20
78.7673451
 10
233.13028745
 20
78.8116899
 10
233.15635835
 20
78.85684605
 10
233.18305835
 20
78.90309175
 10
233.21055185
 20
78.95071195
 10
233.23900835
 20
79.0
  0
LWPOLYLINE
  5
24D
330
17
100
AcDbEntity
  8
OUTLINE
100
AcDbPolyline
 90
15
 70
0
 10
232.13049585
 20
78.36
 10
232.18740880000001
 20
78.36
 10
232.24239584999998
 20
78.36
 10
232.2957958
 20
78.36
 10
232.3479376
 20
78.36
 10
232.3991426
 20
78.36
 10
232.44972615
 20
78.36
 10
232.5
 20
78.36
 10
232.55027385
 20
78.36
 10
232.6008574
 20
78.36
 10
232.6520624
 20
78.36
 10
232.7042042
 20
78.36
 10
232.75760415000002
 20
78.36
 10
232.81259119999999
 20
78.36
 10
232.86950415
 20
78.36
  0
LWPOLYLINE
  5
24E
330
17
100
AcDbEntity
  8
OUTLINE
100
AcDbPolyline
 90
15
 70
0
 10
231.76099165
 20
79.0
 10
231.78944815
 20
78.95071195
 10
231.81694165
 20
78.90309175
 10
231.84364165
 20
78.85684605
 10
231.86971255
 20
78.8116899
 10
231.89531505
 20
78.7673451
 10
231.9206068
 20
78.7235384
 10
231.94574375000002
 20
78.68
 10
231.97088065
 20
78.6364616
 10
231.99617245000002
 20
78.5926549
 10
232.02177495
 20
78.5483101
 10
232.04784585
 20
78.50315395
 10
232.0745458
 20
78.45690825
 10
232.10203934999998
 20
78.40928805
 10
232.13049585
 20
78.36
  0
LWPOLYLINE
  5
24F
330
17
100
AcDbEntity
  8
OUTLINE
100
AcDbPolyline
 90
13
 70
0
 10
232.3976
 20
79.0
 10
232.411319
 20
79.0512
 10
232.4488
 20
79.088681
 10
232.5
 20
79.1024
 10
232.5512
 20
79.088681
 10
232.588681
 20
79.0512
 10
232.6024
 20
79.0
 10
232.588681
 20
78.9488
 10
232.5512
 20
78.911319
 10
232.5
 20
78.8976
 10
232.4488
 20
78.911319
 10
232.411319
 20
78.9488
 10
232.3976
 20
79.0
  0
LWPOLYLINE
  5
250
330
17
100
AcDbEntity
  8
OUTLINE
100
AcDbPolyline
 90
22
 70
0
 10
232.5
 20
252.385
 10
232.29357645
 20
252.36953069999998
 10
232.0917641
 20
252.32346834999998
 10
231.899071
 20
252.2478419
 10
231.7198017
 20
252.1443407
 10
231.55796075
 20
252.01527685000002
 10
231.4171634
 20
251.8635334
 10
231.3005548
 20
251.6925
 10
231.21073984999998
 20
251.5059973
 10
231.14972484999998
 20
251.30819150000002
 10
231.11887274999998
 20
251.10350119999998
 10
231.11887274999998
 20
250.89649880000002
 10
231.14972484999998
 20
250.69180849999998
 10
231.21073984999998
 20
250.4940027
 10
231.3005548
 20
250.3075
 10
231.4171634
 20
250.1364666
 10
231.55796075
 20
249.98472314999998
 10
231.7198017
 20
249.8556593
 10
231.899071
 20
249.7521581
 10
232.0917641
 20
249.67653165000002
 10
232.29357645
 20
249.63046930000002
 10
232.5
 20
249.615
  0
LWPOLYLINE
  5
251
330
17
100
AcDbEntity
  8
OUTLINE
100
AcDbPolyline
 90
2
 70
0
 10
232.5
 20
252.385
 10
236.815
 20
252.385
  0
LWPOLYLINE
  5
252
330
17
100
AcDbEntity
  8
OUTLINE
100
AcDbPolyline
 90
2
 70
0
 10
236.815
 20
249.615
 10
236.815
 20
252.385
  0
LWPOLYLINE
  5
253
330
17
100
AcDbEntity
  8
OUTLINE
100
AcDbPolyline
 90
2
 70
0
 10
232.5
 20
249.615
 10
236.815
 20
249.615
  0
LWPOLYLINE
  5
254
330
17
100
AcDbEntity
  8
OUTLINE
100
AcDbPolyline
 90
32
 70
0
 10
231.75729660000002
 20
251.0
 10
231.7724998
 20
251.1495051
 10
231.8174869
 20
251.29288945000002
 10
231.8904162
 20
251.42428285
 10
231.98830195
 20
251.53830605000002
 10
232.10713665
 20
251.63029095000002
 10
232.24205519999998
 20
251.69647170000002
 10
232.38753409999998
 20
251.73413875
 10
232.5376173
 20
251.74175015
 10
232.6861605
 20
251.71899415000001
 10
232.82708225
 20
251.66680245
 10
232.95461319999998
 20
251.5873118
 10
233.06353224999998
 20
251.48377655000002
 10
233.1493802
 20
251.3604354
 10
233.20864245
 20
251.22233799999998
 10
233.2388928
 20
251.07513805000002
 10
233.2388928
 20
250.92486194999998
 10
233.20864245
 20
250.77766200000002
 10
233.1493802
 20
250.6395646
 10
233.06353224999998
 20
250.51622344999998
 10
232.95461319999998
 20
250.4126882
 10
232.82708225
 20
250.33319755
 10
232.6861605
 20
250.28100584999999
 10
232.5376173
 20
250.25824985
 10
232.38753409999998
 20
250.26586125
 10
232.24205519999998
 20
250.30352829999998
 10
232.10713665
 20
250.36970904999998
 10
231.98830195
 20
250.46169394999998
 10
231.8904162
 20
250.57571715
 10
231.8174869
 20
250.70711054999998
 10
231.7724998
 20
250.8504949
 10
231.75729660000002
 20
251.0
  0
LWPOLYLINE
  5
255
330
17
100
AcDbEntity
  8
OUTLINE
100
AcDbPolyline
 90
43
 70
0
 10
233.875
 20
251.0
 10
233.85964239999998
 20
251.2049331
 10
233.81391259999998
 20
251.40528835
 10
233.7388322
 20
251.59659015
 10
233.6360783
 20
251.77456510000002
 10
233.50794630000001
 20
251.9352375
 10
233.3572985
 20
252.0750183
 10
233.1875
 20
252.19078495
 10
233.0023439
 20
252.27995140000002
 10
232.8059663
 20
252.3405259
 10
232.60275389999998
 20
252.3711552
 10
232.39724610000002
 20
252.3711552
 10
232.1940337
 20
252.3405259
 10
231.9976561
 20
252.27995140000002
 10
231.8125
 20
252.19078495
 10
231.6427015
 20
252.0750183
 10
231.49205369999999
 20
251.9352375
 10
231.3639217
 20
251.77456510000002
 10
231.2611678
 20
251.59659015
 10
231.18608740000002
 20
251.40528835
 10
231.14035760000002
 20
251.2049331
 10
231.125
 20
251.0
 10
231.14035760000002
 20
250.7950669
 10
231.18608740000002
 20
250.59471165
 10
231.2611678
 20
250.40340985
 10
231.3639217
 20
250.22543489999998
 10
231.49205369999999
 20
250.0647625
 10
231.6427015
 20
249.9249817
 10
231.8125
 20
249.80921505
 10
231.9976561
 20
249.72004859999998
 10
232.1940337
 20
249.6594741
 10
232.39724610000002
 20
249.6288448
 10
232.60275389999998
 20
249.6288448
 10
232.8059663
 20
249.6594741
 10
233.0023439
 20
249.72004859999998
 10
233.1875
 20
249.80921505
 10
233.3572985
 20
249.9249817
 10
233.50794630000001
 20
250.0647625
 10
233.6360783
 20
250.22543489999998
 10
233.7388322
 20
250.40340985
 10
233.81391259999998
 20
250.59471165
 10
233.85964239999998
 20
250.7950669
 10
233.875
 20
251.0
  0
LWPOLYLINE
  5
256
330
17
100
AcDbEntity
  8
OUTLINE
100
AcDbPolyline
 90
15
 70
0
 10
232.86950415
 20
251.64
 10
232.81259119999999
 20
251.64
 10
232.75760415000002
 20
251.64
 10
232.7042042
 20
251.64
 10
232.6520624
 20
251.64
 10
232.6008574
 20
251.64
 10
232.55027385
 20
251.64
 10
232.5
 20
251.64
 10
232.44972615
 20
251.64
 10
232.3991426
 20
251.64
 10
232.3479376
 20
251.64
 10
232.2957958
 20
251.64
 10
232.24239584999998
 20
251.64
 10
232.18740880000001
 20
251.64
 10
232.13049585
 20
251.64
  0
LWPOLYLINE
  5
257
330
17
100
AcDbEntity
  8
OUTLINE
100
AcDbPolyline
 90
15
 70
0
 10
233.23900835
 20
251.0
 10
233.21055185
 20
251.04928805
 10
233.18305835
 20
251.09690825
 10
233.15635835
 20
251.14315395
 10
233.13028745
 20
251.1883101
 10
233.10468495
 20
251.2326549
 10
233.0793932
 20
251.2764616
 10
233.05425624999998
 20
251.32
 10
233.02911935
 20
251.36353839999998
 10
233.00382754999998
 20
251.4073451
 10
232.97822505
 20
251.45168990000002
 10
232.95215415
 20
251.49684605
 10
232.9254542
 20
251.54309175
 10
232.89796065000002
 20
251.59071195
 10
232.86950415
 20
251.64
  0
LWPOLYLINE
  5
258
330
17
100
AcDbEntity
  8
OUTLINE
100
AcDbPolyline
 90
15
 70
0
 10
232.86950415
 20
250.36
 10
232.89796065000002
 20
250.40928805
 10
232.9254542
 20
250.45690825
 10
232.95215415
 20
250.50315395
 10
232.97822505
 20
250.54831009999998
 10
233.00382754999998
 20
250.5926549
 10
233.02911935
 20
250.63646160000002
 10
233.05425624999998
 20
250.68
 10
233.0793932
 20
250.7235384
 10
233.10468495
 20
250.7673451
 10
233.13028745
 20
250.8116899
 10
233.15635835
 20
250.85684605
 10
233.18305835
 20
250.90309175
 10
233.21055185
 20
250.95071195
 10
233.23900835
 20
251.0
  0
LWPOLYLINE
  5
259
330
17
100
AcDbEntity
  8
OUTLINE
100
AcDbPolyline
 90
15
 70
0
 10
232.13049585
 20
250.36
 10
232.18740880000001
 20
250.36
 10
232.24239584999998
 20
250.36
 10
232.2957958
 20
250.36
 10
232.3479376
 20
250.36
 10
232.3991426
 20
250.36
 10
232.44972615
 20
250.36
 10
232.5
 20
250.36
 10
232.55027385
 20
250.36
 10
232.6008574
 20
250.36
 10
232.6520624
 20
250.36
 10
232.7042042
 20
250.36
 10
232.75760415000002
 20
250.36
 10
232.81259119999999
 20
250.36
 10
232.86950415
 20
250.36
  0
LWPOLYLINE
  5
25A
330
17
100
AcDbEntity
  8
OUTLINE
100
AcDbPolyline
 90
15
 70
0
 10
231.76099165
 20
251.0
 10
231.78944815
 20
250.95071195
 10
231.81694165
 20
250.90309175
 10
231.84364165
 20
250.85684605
 10
231.86971255
 20
250.8116899
 10
231.89531505
 20
250.7673451
 10
231.9206068
 20
250.7235384
 10
231.94574375000002
 20
250.68
 10
231.97088065
 20
250.63646160000002
 10
231.99617245000002
 20
250.5926549
 10
232.02177495
 20
250.54831009999998
 10
232.04784585
 20
250.50315395
 10
232.0745458
 20
250.45690825
 10
232.10203934999998
 20
250.40928805
 10
232.13049585
 20
250.36
  0
LWPOLYLINE
  5
25B
330
17
100
AcDbEntity
  8
OUTLINE
100
AcDbPolyline
 90
15
 70
0
 10
232.13049585
 20
251.64
 10
232.10203934999998
 20
251.59071195
 10
232.0745458
 20
251.54309175
 10
232.04784585
 20
251.49684605
 10
232.02177495
 20
251.45168990000002
 10
231.99617245000002
 20
251.4073451
 10
231.97088065
 20
251.36353839999998
 10
231.94574375000002
 20
251.32
 10
231.9206068
 20
251.2764616
 10
231.89531505
 20
251.2326549
 10
231.86971255
 20
251.1883101
 10
231.84364165
 20
251.14315395
 10
231.81694165
 20
251.09690825
 10
231.78944815
 20
251.04928805
 10
231.76099165
 20
251.0
  0
LWPOLYLINE
  5
25C
330
17
100
AcDbEntity
  8
OUTLINE
100
AcDbPolyline
 90
15
 70
0
 10
232.86950415
 20
251.64
 10
232.81259119999999
 20
251.64
 10
232.75760415000002
 20
251.64
 10
232.7042042
 20
251.64
 10
232.6520624
 20
251.64
 10
232.6008574
 20
251.64
 10
232.55027385
 20
251.64
 10
232.5
 20
251.64
 10
232.44972615
 20
251.64
 10
232.3991426
 20
251.64
 10
232.3479376
 20
251.64
 10
232.2957958
 20
251.64
 10
232.24239584999998
 20
251.64
 10
232.18740880000001
 20
251.64
 10
232.13049585
 20
251.64
  0
LWPOLYLINE
  5
25D
330
17
100
AcDbEntity
  8
OUTLINE
100
AcDbPolyline
 90
15
 70
0
 10
233.23900835
 20
251.0
 10
233.21055185
 20
251.04928805
 10
233.18305835
 20
251.09690825
 10
233.15635835
 20
251.14315395
 10
233.13028745
 20
251.1883101
 10
233.10468495
 20
251.2326549
 10
233.0793932
 20
251.2764616
 10
233.05425624999998
 20
251.32
 10
233.02911935
 20
251.36353839999998
 10
233.00382754999998
 20
251.4073451
 10
232.97822505
 20
251.45168990000002
 10
232.95215415
 20
251.49684605
 10
232.9254542
 20
251.54309175
 10
232.89796065000002
 20
251.59071195
 10
232.86950415
 20
251.64
  0
LWPOLYLINE
  5
25E
330
17
100
AcDbEntity
  8
OUTLINE
100
AcDbPolyline
 90
15
 70
0
 10
232.86950415
 20
250.36
 10
232.89796065000002
 20
250.40928805
 10
232.9254542
 20
250.45690825
 10
232.95215415
 20
250.50315395
 10
232.97822505
 20
250.54831009999998
 10
233.00382754999998
 20
250.5926549
 10
233.02911935
 20
250.63646160000002
 10
233.05425624999998
 20
250.68
 10
233.0793932
 20
250.7235384
 10
233.10468495
 20
250.7673451
 10
233.13028745
 20
250.8116899
 10
233.15635835
 20
250.85684605
 10
233.18305835
 20
250.90309175
 10
233.21055185
 20
250.95071195
 10
233.23900835
 20
251.0
  0
LWPOLYLINE
  5
25F
330
17
100
AcDbEntity
  8
OUTLINE
100
AcDbPolyline
 90
15
 70
0
 10
232.13049585
 20
250.36
 10
232.18740880000001
 20
250.36
 10
232.24239584999998
 20
250.36
 10
232.2957958
 20
250.36
 10
232.3479376
 20
250.36
 10
232.3991426
 20
250.36
 10
232.44972615
 20
250.36
 10
232.5
 20
250.36
 10
232.55027385
 20
250.36
 10
232.6008574
 20
250.36
 10
232.6520624
 20
250.36
 10
232.7042042
 20
250.36
 10
232.75760415000002
 20
250.36
 10
232.81259119999999
 20
250.36
 10
232.86950415
 20
250.36
  0
LWPOLYLINE
  5
260
330
17
100
AcDbEntity
  8
OUTLINE
100
AcDbPolyline
 90
15
 70
0
 10
231.76099165
 20
251.0
 10
231.78944815
 20
250.95071195
 10
231.81694165
 20
250.90309175
 10
231.84364165
 20
250.85684605
 10
231.86971255
 20
250.8116899
 10
231.89531505
 20
250.7673451
 10
231.9206068
 20
250.7235384
 10
231.94574375000002
 20
250.68
 10
231.97088065
 20
250.63646160000002
 10
231.99617245000002
 20
250.5926549
 10
232.02177495
 20
250.54831009999998
 10
232.04784585
 20
250.50315395
 10
232.0745458
 20
250.45690825
 10
232.10203934999998
 20
250.40928805
 10
232.13049585
 20
250.36
  0
LWPOLYLINE
  5
261
330
17
100
AcDbEntity
  8
OUTLINE
100
AcDbPolyline
 90
13
 70
0
 10
232.3976
 20
251.0
 10
232.411319
 20
251.0512
 10
232.4488
 20
251.088681
 10
232.5
 20
251.1024
 10
232.5512
 20
251.088681
 10
232.588681
 20
251.0512
 10
232.6024
 20
251.0
 10
232.588681
 20
250.9488
 10
232.5512
 20
250.911319
 10
232.5
 20
250.8976
 10
232.4488
 20
250.911319
 10
232.411319
 20
250.9488
 10
232.3976
 20
251.0
  0
LWPOLYLINE
  5
262
330
17
100
AcDbEntity
  8
OUTLINE
100
AcDbPolyline
 90
2
 70
0
 10
47.0
 20
74.0
 10
57.0
 20
74.0
  0
LWPOLYLINE
  5
263
330
17
100
AcDbEntity
  8
OUTLINE
100
AcDbPolyline
 90
2
 70
0
 10
47.0
 20
84.0
 10
48.0
 20
84.0
  0
LWPOLYLINE
  5
264
330
17
100
AcDbEntity
  8
OUTLINE
100
AcDbPolyline
 90
2
 70
0
 10
47.0
 20
246.0
 10
48.0
 20
246.0
  0
LWPOLYLINE
  5
265
330
17
100
AcDbEntity
  8
OUTLINE
100
AcDbPolyline
 90
2
 70
0
 10
47.0
 20
256.0
 10
57.0
 20
256.0
  0
LWPOLYLINE
  5
266
330
17
100
AcDbEntity
  8
OUTLINE
100
AcDbPolyline
 90
2
 70
0
 10
243.0
 20
74.0
 10
253.0
 20
74.0
  0
LWPOLYLINE
  5
267
330
17
100
AcDbEntity
  8
OUTLINE
100
AcDbPolyline
 90
2
 70
0
 10
252.0
 20
84.0
 10
253.0
 20
84.0
  0
LWPOLYLINE
  5
268
330
17
100
AcDbEntity
  8
OUTLINE
100
AcDbPolyline
 90
2
 70
0
 10
252.0
 20
246.0
 10
253.0
 20
246.0
  0
LWPOLYLINE
  5
269
330
17
100
AcDbEntity
  8
OUTLINE
100
AcDbPolyline
 90
2
 70
0
 10
243.0
 20
256.0
 10
253.0
 20
256.0
  0
LWPOLYLINE
  5
26A
330
17
100
AcDbEntity
  8
OUTLINE
100
AcDbPolyline
 90
2
 70
0
 10
57.0
 20
75.5
 10
243.0
 20
75.5
  0
LWPOLYLINE
  5
26B
330
17
100
AcDbEntity
  8
OUTLINE
100
AcDbPolyline
 90
2
 70
0
 10
57.0
 20
82.5
 10
243.0
 20
82.5
  0
LWPOLYLINE
  5
26C
330
17
100
AcDbEntity
  8
OUTLINE
100
AcDbPolyline
 90
2
 70
0
 10
32.0
 20
75.57
 10
47.0
 20
75.57
  0
LWPOLYLINE
  5
26D
330
17
100
AcDbEntity
  8
OUTLINE
100
AcDbPolyline
 90
2
 70
0
 10
32.0
 20
82.43
 10
47.0
 20
82.43
  0
LWPOLYLINE
  5
26E
330
17
100
AcDbEntity
  8
OUTLINE
100
AcDbPolyline
 90
2
 70
0
 10
253.0
 20
75.57
 10
268.0
 20
75.57
  0
LWPOLYLINE
  5
26F
330
17
100
AcDbEntity
  8
OUTLINE
100
AcDbPolyline
 90
2
 70
0
 10
253.0
 20
82.43
 10
268.0
 20
82.43
  0
LWPOLYLINE
  5
270
330
17
100
AcDbEntity
  8
OUTLINE
100
AcDbPolyline
 90
2
 70
0
 10
26.5
 20
74.0
 10
31.5
 20
74.0
  0
LWPOLYLINE
  5
271
330
17
100
AcDbEntity
  8
OUTLINE
100
AcDbPolyline
 90
2
 70
0
 10
26.5
 20
84.0
 10
31.5
 20
84.0
  0
LWPOLYLINE
  5
272
330
17
100
AcDbEntity
  8
OUTLINE
100
AcDbPolyline
 90
2
 70
0
 10
268.5
 20
74.0
 10
273.5
 20
74.0
  0
LWPOLYLINE
  5
273
330
17
100
AcDbEntity
  8
OUTLINE
100
AcDbPolyline
 90
2
 70
0
 10
268.5
 20
84.0
 10
273.5
 20
84.0
  0
LWPOLYLINE
  5
274
330
17
100
AcDbEntity
  8
OUTLINE
100
AcDbPolyline
 90
2
 70
0
 10
57.0
 20
247.5
 10
243.0
 20
247.5
  0
LWPOLYLINE
  5
275
330
17
100
AcDbEntity
  8
OUTLINE
100
AcDbPolyline
 90
2
 70
0
 10
57.0
 20
254.5
 10
243.0
 20
254.5
  0
LWPOLYLINE
  5
276
330
17
100
AcDbEntity
  8
OUTLINE
100
AcDbPolyline
 90
2
 70
0
 10
32.0
 20
247.57
 10
47.0
 20
247.57
  0
LWPOLYLINE
  5
277
330
17
100
AcDbEntity
  8
OUTLINE
100
AcDbPolyline
 90
2
 70
0
 10
32.0
 20
254.43
 10
47.0
 20
254.43
  0
LWPOLYLINE
  5
278
330
17
100
AcDbEntity
  8
OUTLINE
100
AcDbPolyline
 90
2
 70
0
 10
253.0
 20
247.57
 10
268.0
 20
247.57
  0
LWPOLYLINE
  5
279
330
17
100
AcDbEntity
  8
OUTLINE
100
AcDbPolyline
 90
2
 70
0
 10
253.0
 20
254.43
 10
268.0
 20
254.43
  0
LWPOLYLINE
  5
27A
330
17
100
AcDbEntity
  8
OUTLINE
100
AcDbPolyline
 90
2
 70
0
 10
26.5
 20
246.0
 10
31.5
 20
246.0
  0
LWPOLYLINE
  5
27B
330
17
100
AcDbEntity
  8
OUTLINE
100
AcDbPolyline
 90
2
 70
0
 10
26.5
 20
256.0
 10
31.5
 20
256.0
  0
LWPOLYLINE
  5
27C
330
17
100
AcDbEntity
  8
OUTLINE
100
AcDbPolyline
 90
2
 70
0
 10
268.5
 20
246.0
 10
273.5
 20
246.0
  0
LWPOLYLINE
  5
27D
330
17
100
AcDbEntity
  8
OUTLINE
100
AcDbPolyline
 90
2
 70
0
 10
268.5
 20
256.0
 10
273.5
 20
256.0
  0
LWPOLYLINE
  5
27E
330
17
100
AcDbEntity
  8
OUTLINE
100
AcDbPolyline
 90
5
 70
0
 10
24.700000000000003
 20
80.75
 10
24.61201165
 20
80.72960655
 10
24.551522849999998
 20
80.68399475
 10
24.512360900000004
 20
80.6192237
 10
24.5
 20
80.55
  0
LWPOLYLINE
  5
27F
330
17
100
AcDbEntity
  8
OUTLINE
100
AcDbPolyline
 90
5
 70
0
 10
24.700000000000003
 20
77.25
 10
24.61201165
 20
77.27039345
 10
24.551522849999998
 20
77.31600525
 10
24.512360900000004
 20
77.3807763
 10
24.5
 20
77.45
  0
LWPOLYLINE
  5
280
330
17
100
AcDbEntity
  8
OUTLINE
100
AcDbPolyline
 90
2
 70
0
 10
24.700000000000003
 20
77.25
 10
26.382499999999993
 20
77.25
  0
LWPOLYLINE
  5
281
330
17
100
AcDbEntity
  8
OUTLINE
100
AcDbPolyline
 90
2
 70
0
 10
24.700000000000003
 20
80.75
 10
26.382499999999993
 20
80.75
  0
LWPOLYLINE
  5
282
330
17
100
AcDbEntity
  8
OUTLINE
100
AcDbPolyline
 90
2
 70
0
 10
26.5
 20
80.6325
 10
26.382499999999993
 20
80.75
  0
LWPOLYLINE
  5
283
330
17
100
AcDbEntity
  8
OUTLINE
100
AcDbPolyline
 90
2
 70
0
 10
26.5
 20
77.3675
 10
26.382499999999993
 20
77.25
  0
LWPOLYLINE
  5
284
330
17
100
AcDbEntity
  8
OUTLINE
100
AcDbPolyline
 90
5
 70
0
 10
275.3
 20
80.75
 10
275.38798835
 20
80.72960655
 10
275.44847715000003
 20
80.68399475
 10
275.4876391
 20
80.6192237
 10
275.5
 20
80.55
  0
LWPOLYLINE
  5
285
330
17
100
AcDbEntity
  8
OUTLINE
100
AcDbPolyline
 90
5
 70
0
 10
275.3
 20
77.25
 10
275.38798835
 20
77.27039345
 10
275.44847715000003
 20
77.31600525
 10
275.4876391
 20
77.3807763
 10
275.5
 20
77.45
  0
LWPOLYLINE
  5
286
330
17
100
AcDbEntity
  8
OUTLINE
100
AcDbPolyline
 90
2
 70
0
 10
275.3
 20
80.75
 10
273.6175
 20
80.75
  0
LWPOLYLINE
  5
287
330
17
100
AcDbEntity
  8
OUTLINE
100
AcDbPolyline
 90
2
 70
0
 10
275.3
 20
77.25
 10
273.6175
 20
77.25
  0
LWPOLYLINE
  5
288
330
17
100
AcDbEntity
  8
OUTLINE
100
AcDbPolyline
 90
2
 70
0
 10
273.5
 20
77.3675
 10
273.6175
 20
77.25
  0
LWPOLYLINE
  5
289
330
17
100
AcDbEntity
  8
OUTLINE
100
AcDbPolyline
 90
2
 70
0
 10
273.5
 20
80.6325
 10
273.6175
 20
80.75
  0
LWPOLYLINE
  5
28A
330
17
100
AcDbEntity
  8
OUTLINE
100
AcDbPolyline
 90
5
 70
0
 10
24.700000000000003
 20
252.75
 10
24.61201165
 20
252.72960655
 10
24.551522849999998
 20
252.68399475
 10
24.512360900000004
 20
252.61922370000002
 10
24.5
 20
252.55
  0
LWPOLYLINE
  5
28B
330
17
100
AcDbEntity
  8
OUTLINE
100
AcDbPolyline
 90
5
 70
0
 10
24.700000000000003
 20
249.25
 10
24.61201165
 20
249.27039345
 10
24.551522849999998
 20
249.31600525
 10
24.512360900000004
 20
249.38077629999998
 10
24.5
 20
249.45
  0
LWPOLYLINE
  5
28C
330
17
100
AcDbEntity
  8
OUTLINE
100
AcDbPolyline
 90
2
 70
0
 10
24.700000000000003
 20
249.25
 10
26.382499999999993
 20
249.25
  0
LWPOLYLINE
  5
28D
330
17
100
AcDbEntity
  8
OUTLINE
100
AcDbPolyline
 90
2
 70
0
 10
24.700000000000003
 20
252.75
 10
26.382499999999993
 20
252.75
  0
LWPOLYLINE
  5
28E
330
17
100
AcDbEntity
  8
OUTLINE
100
AcDbPolyline
 90
2
 70
0
 10
26.5
 20
252.6325
 10
26.382499999999993
 20
252.75
  0
LWPOLYLINE
  5
28F
330
17
100
AcDbEntity
  8
OUTLINE
100
AcDbPolyline
 90
2
 70
0
 10
26.5
 20
249.3675
 10
26.382499999999993
 20
249.25
  0
LWPOLYLINE
  5
290
330
17
100
AcDbEntity
  8
OUTLINE
100
AcDbPolyline
 90
5
 70
0
 10
275.3
 20
252.75
 10
275.38798835
 20
252.72960655
 10
275.44847715000003
 20
252.68399475
 10
275.4876391
 20
252.61922370000002
 10
275.5
 20
252.55
  0
LWPOLYLINE
  5
291
330
17
100
AcDbEntity
  8
OUTLINE
100
AcDbPolyline
 90
5
 70
0
 10
275.3
 20
249.25
 10
275.38798835
 20
249.27039345
 10
275.44847715000003
 20
249.31600525
 10
275.4876391
 20
249.38077629999998
 10
275.5
 20
249.45
  0
LWPOLYLINE
  5
292
330
17
100
AcDbEntity
  8
OUTLINE
100
AcDbPolyline
 90
2
 70
0
 10
275.3
 20
252.75
 10
273.6175
 20
252.75
  0
LWPOLYLINE
  5
293
330
17
100
AcDbEntity
  8
OUTLINE
100
AcDbPolyline
 90
2
 70
0
 10
275.3
 20
249.25
 10
273.6175
 20
249.25
  0
LWPOLYLINE
  5
294
330
17
100
AcDbEntity
  8
OUTLINE
100
AcDbPolyline
 90
2
 70
0
 10
273.5
 20
249.3675
 10
273.6175
 20
249.25
  0
LWPOLYLINE
  5
295
330
17
100
AcDbEntity
  8
OUTLINE
100
AcDbPolyline
 90
2
 70
0
 10
273.5
 20
252.6325
 10
273.6175
 20
252.75
  0
LINE
  5
296
330
17
100
AcDbEntity
  8
DIM
100
AcDbLine
 10
22.5
 20
256.0
 30
0.0
 11
22.5
 21
267.5
 31
0.0
  0
LINE
  5
297
330
17
100
AcDbEntity
  8
DIM
100
AcDbLine
 10
277.5
 20
256.0
 30
0.0
 11
277.5
 21
267.5
 31
0.0
  0
LINE
  5
298
330
17
100
AcDbEntity
  8
DIM
100
AcDbLine
 10
22.5
 20
266.0
 30
0.0
 11
277.5
 21
266.0
 31
0.0
  0
LINE
  5
299
330
17
100
AcDbEntity
  8
DIM
100
AcDbLine
 10
22.5
 20
266.0
 30
0.0
 11
24.378745425694756
 21
265.3142043850891
 31
0.0
  0
LINE
  5
29A
330
17
100
AcDbEntity
  8
DIM
100
AcDbLine
 10
22.5
 20
266.0
 30
0.0
 11
24.378745425694756
 21
266.6857956149109
 31
0.0
  0
LINE
  5
29B
330
17
100
AcDbEntity
  8
DIM
100
AcDbLine
 10
277.5
 20
266.0
 30
0.0
 11
275.6212545743052
 21
266.6857956149109
 31
0.0
  0
LINE
  5
29C
330
17
100
AcDbEntity
  8
DIM
100
AcDbLine
 10
277.5
 20
266.0
 30
0.0
 11
275.6212545743052
 21
265.3142043850891
 31
0.0
  0
TEXT
  5
29D
330
17
100
AcDbEntity
  8
TEXT
100
AcDbText
 10
150.0
 20
267.8
 30
0.0
 40
2.8
  1
510 REF
  7
CJK
 72
1
 11
150.0
 21
267.8
 31
0.0
100
AcDbText
  0
LINE
  5
29E
330
17
100
AcDbEntity
  8
DIM
100
AcDbLine
 10
22.5
 20
74.0
 30
0.0
 11
17.5
 21
74.0
 31
0.0
  0
LINE
  5
29F
330
17
100
AcDbEntity
  8
DIM
100
AcDbLine
 10
22.5
 20
256.0
 30
0.0
 11
17.5
 21
256.0
 31
0.0
  0
LINE
  5
2A0
330
17
100
AcDbEntity
  8
DIM
100
AcDbLine
 10
16.0
 20
74.0
 30
0.0
 11
16.0
 21
256.0
 31
0.0
  0
LINE
  5
2A1
330
17
100
AcDbEntity
  8
DIM
100
AcDbLine
 10
16.0
 20
74.0
 30
0.0
 11
16.6857956149109
 21
75.87874542569476
 31
0.0
  0
LINE
  5
2A2
330
17
100
AcDbEntity
  8
DIM
100
AcDbLine
 10
16.0
 20
74.0
 30
0.0
 11
15.314204385089097
 21
75.87874542569476
 31
0.0
  0
LINE
  5
2A3
330
17
100
AcDbEntity
  8
DIM
100
AcDbLine
 10
16.0
 20
256.0
 30
0.0
 11
15.314204385089097
 21
254.12125457430525
 31
0.0
  0
LINE
  5
2A4
330
17
100
AcDbEntity
  8
DIM
100
AcDbLine
 10
16.0
 20
256.0
 30
0.0
 11
16.6857956149109
 21
254.12125457430525
 31
0.0
  0
TEXT
  5
2A5
330
17
100
AcDbEntity
  8
TEXT
100
AcDbText
 10
14.2
 20
165.0
 30
0.0
 40
2.8
  1
364 REF
 50
90.0
  7
CJK
 72
1
 11
14.2
 21
165.0
 31
0.0
100
AcDbText
  0
LINE
  5
2A6
330
17
100
AcDbEntity
  8
DIM
100
AcDbLine
 10
277.5
 20
79.0
 30
0.0
 11
286.5
 21
79.0
 31
0.0
  0
LINE
  5
2A7
330
17
100
AcDbEntity
  8
DIM
100
AcDbLine
 10
277.5
 20
251.0
 30
0.0
 11
286.5
 21
251.0
 31
0.0
  0
LINE
  5
2A8
330
17
100
AcDbEntity
  8
DIM
100
AcDbLine
 10
285.0
 20
79.0
 30
0.0
 11
285.0
 21
251.0
 31
0.0
  0
LINE
  5
2A9
330
17
100
AcDbEntity
  8
DIM
100
AcDbLine
 10
285.0
 20
79.0
 30
0.0
 11
285.6857956149109
 21
80.87874542569476
 31
0.0
  0
LINE
  5
2AA
330
17
100
AcDbEntity
  8
DIM
100
AcDbLine
 10
285.0
 20
79.0
 30
0.0
 11
284.3142043850891
 21
80.87874542569476
 31
0.0
  0
LINE
  5
2AB
330
17
100
AcDbEntity
  8
DIM
100
AcDbLine
 10
285.0
 20
251.0
 30
0.0
 11
284.3142043850891
 21
249.12125457430525
 31
0.0
  0
LINE
  5
2AC
330
17
100
AcDbEntity
  8
DIM
100
AcDbLine
 10
285.0
 20
251.0
 30
0.0
 11
285.6857956149109
 21
249.12125457430525
 31
0.0
  0
TEXT
  5
2AD
330
17
100
AcDbEntity
  8
TEXT
100
AcDbText
 10
283.2
 20
165.0
 30
0.0
 40
2.8
  1
344 导杆中心距
 50
90.0
  7
CJK
 72
1
 11
283.2
 21
165.0
 31
0.0
100
AcDbText
  0
LWPOLYLINE
  5
2AE
330
17
100
AcDbEntity
  8
DIM
100
AcDbPolyline
 90
3
 70
0
 10
150.0
 20
220.0
 10
177.0
 20
202.0
 10
180.0
 20
202.0
  0
LINE
  5
2AF
330
17
100
AcDbEntity
  8
DIM
100
AcDbLine
 10
150.0
 20
220.0
 30
0.0
 11
151.18279972227373
 21
218.38724310046766
 31
0.0
  0
LINE
  5
2B0
330
17
100
AcDbEntity
  8
DIM
100
AcDbLine
 10
150.0
 20
220.0
 30
0.0
 11
151.94362164659668
 21
219.5284759869521
 31
0.0
  0
TEXT
  5
2B1
330
17
100
AcDbEntity
  8
TEXT
100
AcDbText
 10
181.0
 20
203.0
 30
0.0
 40
2.8
  1
Ø300 × 0.50–0.90 晶圆
  7
CJK
 11
181.0
 21
203.0
 31
0.0
100
AcDbText
  0
LWPOLYLINE
  5
2B2
330
17
100
AcDbEntity
  8
DIM
100
AcDbPolyline
 90
3
 70
0
 10
214.0
 20
210.0
 10
189.0
 20
239.0
 10
192.0
 20
239.0
  0
LINE
  5
2B3
330
17
100
AcDbEntity
  8
DIM
100
AcDbLine
 10
214.0
 20
210.0
 30
0.0
 11
213.29272110213765
 21
211.87076363034956
 31
0.0
  0
LINE
  5
2B4
330
17
100
AcDbEntity
  8
DIM
100
AcDbLine
 10
214.0
 20
210.0
 30
0.0
 11
212.2538642414266
 21
210.9751973711159
 31
0.0
  0
TEXT
  5
2B5
330
17
100
AcDbEntity
  8
TEXT
100
AcDbText
 10
193.0
 20
240.0
 30
0.0
 40
2.8
  1
4× SX natural 槽块
  7
CJK
 11
193.0
 21
240.0
 31
0.0
100
AcDbText
  0
LWPOLYLINE
  5
2B6
330
17
100
AcDbEntity
  8
TANGENT
100
AcDbPolyline
 90
6
 70
0
 10
331.3238058281991
 20
238.13071192998598
 10
331.37260452710143
 20
238.11590176638873
 10
331.4178956407632
 20
238.1112224474931
 10
331.45835159665415
 20
238.1157747354865
 10
331.4932833325774
 20
238.12848619228035
 10
331.5180105795872
 20
238.14467543032134
  0
LWPOLYLINE
  5
2B7
330
17
100
AcDbEntity
  8
TANGENT
100
AcDbPolyline
 90
2
 70
0
 10
331.3238058281991
 20
238.13071192998598
 10
332.55428477846345
 20
239.13866127169624
  0
LWPOLYLINE
  5
2B8
330
17
100
AcDbEntity
  8
TANGENT
100
AcDbPolyline
 90
6
 70
0
 10
332.7484895298516
 20
239.152624787355
 10
332.7186696155037
 20
239.1339461573618
 10
332.6837608799887
 20
239.12262568128568
 10
332.64406571508266
 20
239.11920648135808
 10
332.60011835545095
 20
239.12447290061414
 10
332.55428477846345
 20
239.13866127169624
  0
LWPOLYLINE
  5
2B9
330
17
100
AcDbEntity
  8
TANGENT
100
AcDbPolyline
 90
5
 70
0
 10
331.3238058281991
 20
238.13071192998598
 10
331.2864301341747
 20
238.10583592350704
 10
331.25348535157235
 20
238.09407172802975
 10
331.22547065514124
 20
238.09311683566506
 10
331.20958886559504
 20
238.097366839146
  0
LWPOLYLINE
  5
2BA
330
17
100
AcDbEntity
  8
TANGENT
100
AcDbPolyline
 90
2
 70
0
 10
326.2337257526008
 20
241.67714027832065
 10
332.55428477846345
 20
239.13866127169624
  0
LWPOLYLINE
  5
2BB
330
17
100
AcDbEntity
  8
TANGENT
100
AcDbPolyline
 90
2
 70
0
 10
325.00324680233643
 20
240.66919093661042
 10
331.3238058281991
 20
238.13071192998598
  0
LWPOLYLINE
  5
2BC
330
17
100
AcDbEntity
  8
TANGENT
100
AcDbPolyline
 90
6
 70
0
 10
332.70651706403294
 20
239.38888453633976
 10
332.6803837887365
 20
239.31809573094762
 10
332.6463691423751
 20
239.25129492971598
 10
332.60744713442955
 20
239.1939654698083
 10
332.5811827215624
 20
239.16365122290242
 10
332.55428477846345
 20
239.13866127169624
  0
LWPOLYLINE
  5
2BD
330
17
100
AcDbEntity
  8
TANGENT
100
AcDbPolyline
 90
2
 70
0
 10
321.7297932290556
 20
230.24404485623225
 10
331.2919964015242
 20
238.0769431355414
  0
LWPOLYLINE
  5
2BE
330
17
100
AcDbEntity
  8
TANGENT
100
AcDbPolyline
 90
2
 70
0
 10
319.74937858250036
 20
231.07352653732977
 10
324.1965242780208
 20
234.71641502744123
  0
LWPOLYLINE
  5
2BF
330
17
100
AcDbEntity
  8
TANGENT
100
AcDbPolyline
 90
2
 70
0
 10
324.7625211433071
 20
235.18005252166222
 10
329.27326548062604
 20
238.87503796308715
  0
LWPOLYLINE
  5
2C0
330
17
100
AcDbEntity
  8
TANGENT
100
AcDbPolyline
 90
8
 70
0
 10
313.50894524060743
 20
231.5335072424628
 10
313.57817789446216
 20
231.51049799263444
 10
313.64440242897
 20
231.4977221163095
 10
313.70650613617374
 20
231.49466393544782
 10
313.76372044080637
 20
231.50062657292375
 10
313.81557977231273
 20
231.5148668596508
 10
313.84673328128315
 20
231.52845993235886
 10
313.87567317334936
 20
231.5453763878375
  0
LWPOLYLINE
  5
2C1
330
17
100
AcDbEntity
  8
TANGENT
100
AcDbPolyline
 90
8
 70
0
 10
326.35624540287506
 20
241.76886264246937
 10
326.31226188004314
 20
241.7448456192578
 10
326.26312016705805
 20
241.72820500012065
 10
326.20901450321
 20
241.71935888375123
 10
326.15024332684067
 20
241.7188629115905
 10
326.08730694663
 20
241.72733412590273
 10
326.03864799704354
 20
241.7396711250177
 10
325.9895174701331
 20
241.75699349709467
  0
LWPOLYLINE
  5
2C2
330
17
100
AcDbEntity
  8
TANGENT
100
AcDbPolyline
 90
2
 70
0
 10
313.50894524060743
 20
231.5335072424628
 10
325.9895174701331
 20
241.75699349709467
  0
LWPOLYLINE
  5
2C3
330
17
100
AcDbEntity
  8
TANGENT
100
AcDbPolyline
 90
2
 70
0
 10
326.55177515246396
 20
242.01503926033925
 10
330.72171770607616
 20
240.3402963156087
  0
LWPOLYLINE
  5
2C4
330
17
100
AcDbEntity
  8
TANGENT
100
AcDbPolyline
 90
6
 70
0
 10
320.24949526049653
 20
229.05916779330016
 10
320.29829395939885
 20
229.04435762970292
 10
320.34358508838403
 20
229.0396783108073
 10
320.38404104427497
 20
229.04423059880068
 10
320.4189727801982
 20
229.0569420555945
 10
320.44370001188463
 20
229.07313129363553
  0
LWPOLYLINE
  5
2C5
330
17
100
AcDbEntity
  8
TANGENT
100
AcDbPolyline
 90
2
 70
0
 10
320.24949526049653
 20
229.05916779330016
 10
321.4799742107609
 20
230.0671171350104
  0
LWPOLYLINE
  5
2C6
330
17
100
AcDbEntity
  8
TANGENT
100
AcDbPolyline
 90
6
 70
0
 10
321.674178962149
 20
230.08108065066918
 10
321.6443590478011
 20
230.062402020676
 10
321.60945032760947
 20
230.05108154459987
 10
321.5697551473801
 20
230.04766234467226
 10
321.52580778774836
 20
230.05292876392832
 10
321.4799742107609
 20
230.0671171350104
  0
LWPOLYLINE
  5
2C7
330
17
100
AcDbEntity
  8
TANGENT
100
AcDbPolyline
 90
6
 70
0
 10
321.63220651165375
 20
230.31734039965394
 10
321.6060732210339
 20
230.2465515942618
 10
321.5720585746725
 20
230.17975079303017
 10
321.53313656672697
 20
230.12242133312247
 10
321.50687215385983
 20
230.0921070862166
 10
321.4799742107609
 20
230.0671171350104
  0
LWPOLYLINE
  5
2C8
330
17
100
AcDbEntity
  8
TANGENT
100
AcDbPolyline
 90
2
 70
0
 10
319.6474071383736
 20
231.26875217892288
 10
329.0449221319756
 20
238.96674580066224
  0
LWPOLYLINE
  5
2C9
330
17
100
AcDbEntity
  8
TANGENT
100
AcDbPolyline
 90
2
 70
0
 10
315.54931294127124
 20
232.91463920376387
 10
319.6474071383736
 20
231.26875217892288
  0
LWPOLYLINE
  5
2CA
330
17
100
AcDbEntity
  8
TANGENT
100
AcDbPolyline
 90
2
 70
0
 10
315.1594151848982
 20
232.60559614163483
 10
321.4799742107609
 20
230.0671171350104
  0
LWPOLYLINE
  5
2CB
330
17
100
AcDbEntity
  8
TANGENT
100
AcDbPolyline
 90
6
 70
0
 10
313.50894524060743
 20
231.5335072424628
 10
313.4558849690648
 20
231.49579417336307
 10
313.40686069453983
 20
231.47151740336938
 10
313.36252602090514
 20
231.4591843730124
 10
313.3229497961515
 20
231.45716922465408
 10
313.2805113307227
 20
231.46681706078283
  0
LWPOLYLINE
  5
2CC
330
17
100
AcDbEntity
  8
TANGENT
100
AcDbPolyline
 90
5
 70
0
 10
320.24949526049653
 20
229.05916779330016
 10
320.2121195664721
 20
229.03429177149783
 10
320.17917478386977
 20
229.02252759134393
 10
320.15116008743865
 20
229.02157269897924
 10
320.13527831321585
 20
229.02582270246018
  0
LWPOLYLINE
  5
2CD
330
17
100
AcDbEntity
  8
TANGENT
100
AcDbPolyline
 90
2
 70
0
 10
313.92893623463385
 20
231.59764679992458
 10
320.24949526049653
 20
229.05916779330016
  0
LWPOLYLINE
  5
2CE
330
17
100
AcDbEntity
  8
TANGENT
100
AcDbPolyline
 90
2
 70
0
 10
316.57752783387895
 20
233.75690353412466
 10
319.6474071383736
 20
232.52397078814286
  0
LWPOLYLINE
  5
2CF
330
17
100
AcDbEntity
  8
TANGENT
100
AcDbPolyline
 90
8
 70
0
 10
326.34108289325053
 20
242.54706646873686
 10
326.4119969826785
 20
242.5137909307636
 10
326.4716049387232
 20
242.47619438072064
 10
326.51948233413145
 20
242.43570829904516
 10
326.55582497117933
 20
242.39357924350514
 10
326.58124403859614
 20
242.3507629952219
 10
326.5965203243906
 20
242.30787739327602
 10
326.6024530659329
 20
242.25908094691204
  0
LWPOLYLINE
  5
2D0
330
17
100
AcDbEntity
  8
TANGENT
100
AcDbPolyline
 90
11
 70
0
 10
326.34108289325053
 20
242.54706646873686
 10
326.336634589781
 20
242.4638048223783
 10
326.32267360248153
 20
242.37164397942777
 10
326.2987138274546
 20
242.2734026008394
 10
326.26498598898183
 20
242.1727691644715
 10
326.22250932234203
 20
242.07394290741428
 10
326.1730268324891
 20
241.98114300248812
 10
326.11880700938633
 20
241.89808598467826
 10
326.06235187145927
 20
241.8275489272587
 10
326.0261338135712
 20
241.78971852696256
 10
325.9895174701331
 20
241.75699349709467
  0
LWPOLYLINE
  5
2D1
330
17
100
AcDbEntity
  8
TANGENT
100
AcDbPolyline
 90
2
 70
0
 10
312.2537266313874
 20
232.0376313393545
 10
324.7342988609131
 20
242.26111759398637
  0
LWPOLYLINE
  5
2D2
330
17
100
AcDbEntity
  8
TANGENT
100
AcDbPolyline
 90
2
 70
0
 10
312.2537266313874
 20
232.0376313393545
 10
313.50894524060743
 20
231.5335072424628
  0
LWPOLYLINE
  5
2D3
330
17
100
AcDbEntity
  8
TANGENT
100
AcDbPolyline
 90
2
 70
0
 10
324.7342988609131
 20
242.26111759398637
 10
325.9895174701331
 20
241.75699349709467
  0
LWPOLYLINE
  5
2D4
330
17
100
AcDbEntity
  8
TANGENT
100
AcDbPolyline
 90
2
 70
0
 10
326.6024530659329
 20
243.24990446966748
 10
330.72171770607616
 20
241.59551494015207
  0
LWPOLYLINE
  5
2D5
330
17
100
AcDbEntity
  8
TANGENT
100
AcDbPolyline
 90
2
 70
0
 10
319.6474071383736
 20
232.52397078814286
 10
328.01670723936786
 20
239.37970007952146
  0
LWPOLYLINE
  5
2D6
330
17
100
AcDbEntity
  8
TANGENT
100
AcDbPolyline
 90
6
 70
0
 10
312.2537266313874
 20
232.0376313393545
 10
312.20066634452144
 20
231.99991827025477
 10
312.15164208531985
 20
231.97564150026108
 10
312.10730741168516
 20
231.9633084699041
 10
312.0677311716081
 20
231.96129332154578
 10
312.0252927061793
 20
231.9709411576745
  0
LWPOLYLINE
  5
2D7
330
17
100
AcDbEntity
  8
TANGENT
100
AcDbPolyline
 90
2
 70
0
 10
326.34108289325053
 20
243.55124136837156
 10
326.34108289325053
 20
242.54706646873686
  0
LWPOLYLINE
  5
2D8
330
17
100
AcDbEntity
  8
TANGENT
100
AcDbPolyline
 90
9
 70
0
 10
326.6024530659329
 20
243.26325583122335
 10
326.5980007477351
 20
243.30555350534576
 10
326.58457935828744
 20
243.347537233856
 10
326.5618379306677
 20
243.38910240397126
 10
326.5292030176558
 20
243.42991859743523
 10
326.48607231808853
 20
243.46936327088665
 10
326.43203328033974
 20
243.50651568779688
 10
326.3884677795842
 20
243.53015612337842
 10
326.34108289325053
 20
243.55124136837156
  0
LWPOLYLINE
  5
2D9
330
17
100
AcDbEntity
  8
TANGENT
100
AcDbPolyline
 90
11
 70
0
 10
325.08586426870716
 20
243.05119056562853
 10
325.0814159652376
 20
242.96792891927
 10
325.06745499326155
 20
242.87576807631945
 10
325.0434952182346
 20
242.7775266977311
 10
325.00976737976185
 20
242.6768932613632
 10
324.96729071312205
 20
242.57806700430595
 10
324.9178082232691
 20
242.48526709937983
 10
324.86358838484296
 20
242.40221008156996
 10
324.8071332469159
 20
242.3316730241504
 10
324.77091518902785
 20
242.29384260853087
 10
324.7342988609131
 20
242.26111759398637
  0
LWPOLYLINE
  5
2DA
330
17
100
AcDbEntity
  8
TANGENT
100
AcDbPolyline
 90
2
 70
0
 10
325.08586426870716
 20
243.05119056562853
 10
326.34108289325053
 20
242.54706646873686
  0
LWPOLYLINE
  5
2DB
330
17
100
AcDbEntity
  8
TANGENT
100
AcDbPolyline
 90
12
 70
0
 10
312.2537266313874
 20
232.0376313393545
 10
312.18449397753267
 20
232.0702328780232
 10
312.115101056343
 20
232.1128229530716
 10
312.0473043726787
 20
232.16493096787258
 10
311.98297903443785
 20
232.22562437156392
 10
311.92398310990893
 20
232.29352077984967
 10
311.8720116418353
 20
232.36685627134878
 10
311.82846187820115
 20
232.44360330108057
 10
311.7943304369619
 20
232.52162218749706
 10
311.770158708806
 20
232.59882366300295
 10
311.75603392979195
 20
232.67331784795238
 10
311.75163918157006
 20
232.74136842486385
  0
LWPOLYLINE
  5
2DC
330
17
100
AcDbEntity
  8
TANGENT
100
AcDbPolyline
 90
2
 70
0
 10
311.75163918157006
 20
232.74136842486385
 10
324.2322114110957
 20
242.96485467949572
  0
LWPOLYLINE
  5
2DD
330
17
100
AcDbEntity
  8
TANGENT
100
AcDbPolyline
 90
12
 70
0
 10
324.2322114110957
 20
242.96485467949572
 10
324.23666253406907
 20
242.89635949442643
 10
324.25040004505024
 20
242.82363275523767
 10
324.2738192108817
 20
242.7480183385466
 10
324.30699025865925
 20
242.67119486042262
 10
324.3495783569903
 20
242.59510013207526
 10
324.4008049244344
 20
242.52181240358243
 10
324.45946024065273
 20
242.45340129795352
 10
324.5239690764876
 20
242.3917690301633
 10
324.5925023401808
 20
242.3385049268883
 10
324.663118496939
 20
242.29477641591106
 10
324.7342988609131
 20
242.26111759398637
  0
LWPOLYLINE
  5
2DE
330
17
100
AcDbEntity
  8
TANGENT
100
AcDbPolyline
 90
8
 70
0
 10
326.2179513953412
 20
243.8320334627207
 10
326.24844411376915
 20
243.8149889190259
 10
326.27548470230465
 20
243.7895653005623
 10
326.29897213383805
 20
243.75502046491047
 10
326.31830862760626
 20
243.71035791670218
 10
326.33246224524004
 20
243.65468483862517
 10
326.3401217029726
 20
243.5875559789393
 10
326.34108289325053
 20
243.55124136837156
  0
LWPOLYLINE
  5
2DF
330
17
100
AcDbEntity
  8
TANGENT
100
AcDbPolyline
 90
6
 70
0
 10
311.75163918157006
 20
232.74136842486385
 10
311.70829548688323
 20
232.7001099983675
 10
311.67628536977094
 20
232.65761857530325
 10
311.65490159449587
 20
232.6147206227051
 10
311.6433650586222
 20
232.57190452765576
 10
311.64079103558765
 20
232.53971878917184
  0
LWPOLYLINE
  5
2E0
330
17
100
AcDbEntity
  8
TANGENT
100
AcDbPolyline
 90
2
 70
0
 10
325.08586426870716
 20
244.05536546526324
 10
325.08586426870716
 20
243.05119056562853
  0
LWPOLYLINE
  5
2E1
330
17
100
AcDbEntity
  8
TANGENT
100
AcDbPolyline
 90
2
 70
0
 10
325.08586426870716
 20
244.05536546526324
 10
326.34108289325053
 20
243.55124136837156
  0
LWPOLYLINE
  5
2E2
330
17
100
AcDbEntity
  8
TANGENT
100
AcDbPolyline
 90
11
 70
0
 10
325.08586426870716
 20
243.05119056562853
 10
325.0070947660367
 20
243.07803133715979
 10
324.9198660472683
 20
243.09827131331954
 10
324.8264036815502
 20
243.11077850932608
 10
324.72951836167397
 20
243.11475975587166
 10
324.632387377211
 20
243.10987688106465
 10
324.5382661976678
 20
243.09630495463466
 10
324.4501789553337
 20
243.07471878802585
 10
324.3706441566017
 20
243.04620867107604
 10
324.3014838444706
 20
243.0121406533476
 10
324.2322114110957
 20
242.96485467949572
  0
LWPOLYLINE
  5
2E3
330
17
100
AcDbEntity
  8
TANGENT
100
AcDbPolyline
 90
2
 70
0
 10
311.75163918157006
 20
233.74554332449856
 10
311.75163918157006
 20
232.74136842486385
  0
LWPOLYLINE
  5
2E4
330
17
100
AcDbEntity
  8
TANGENT
100
AcDbPolyline
 90
2
 70
0
 10
311.75163918157006
 20
233.74554332449856
 10
324.2322114110957
 20
243.96902956380703
  0
LWPOLYLINE
  5
2E5
330
17
100
AcDbEntity
  8
TANGENT
100
AcDbPolyline
 90
2
 70
0
 10
324.2322114110957
 20
243.96902956380703
 10
324.2322114110957
 20
242.96485467949572
  0
LWPOLYLINE
  5
2E6
330
17
100
AcDbEntity
  8
TANGENT
100
AcDbPolyline
 90
8
 70
0
 10
324.9627327707978
 20
244.33615755961236
 10
324.9932254892258
 20
244.3191130159176
 10
325.0202660930847
 20
244.293689397454
 10
325.04375352461807
 20
244.25914456180217
 10
325.0630900030628
 20
244.2144819982705
 10
325.07724363602006
 20
244.15880893551687
 10
325.0849030937526
 20
244.09168007583096
 10
325.08586426870716
 20
244.05536546526324
  0
LWPOLYLINE
  5
2E7
330
17
100
AcDbEntity
  8
TANGENT
100
AcDbPolyline
 90
8
 70
0
 10
311.86531714393453
 20
234.01805410730637
 10
311.82985915683213
 20
233.9832532331328
 10
311.8004446687341
 20
233.9418754221058
 10
311.77743011701284
 20
233.89403546173904
 10
311.7613387034929
 20
233.83986150154226
 10
311.7528288589147
 20
233.77960850739987
 10
311.7519366851849
 20
233.7627055671511
 10
311.75163918157006
 20
233.74554332449856
  0
LWPOLYLINE
  5
2E8
330
17
100
AcDbEntity
  8
TANGENT
100
AcDbPolyline
 90
8
 70
0
 10
324.34588937346024
 20
244.24154036193823
 10
324.3104313863578
 20
244.20673948776468
 10
324.2810168982598
 20
244.16536167673766
 10
324.2580023465385
 20
244.1175217163709
 10
324.2419109330186
 20
244.06334775617412
 10
324.233401073117
 20
244.00309476203174
 10
324.23250891471054
 20
243.986191821783
 10
324.2322114110957
 20
243.96902956380703
  0
LWPOLYLINE
  5
2E9
330
17
100
AcDbEntity
  8
TANGENT
100
AcDbPolyline
 90
6
 70
0
 10
311.75163918157006
 20
233.74554332449856
 10
311.70829548688323
 20
233.70428488267882
 10
311.67628536977094
 20
233.66179347493795
 10
311.65490159449587
 20
233.6188955223398
 10
311.6433650586222
 20
233.57607942729047
 10
311.64079103558765
 20
233.54389368880655
  0
LWPOLYLINE
  5
2EA
330
17
100
AcDbEntity
  8
TANGENT
100
AcDbPolyline
 90
12
 70
0
 10
324.2322114110957
 20
243.96902956380703
 10
324.28498084469817
 20
244.00650240812337
 10
324.3486950708266
 20
244.0406575086766
 10
324.42286078359024
 20
244.07018068557915
 10
324.50630067162
 20
244.09371764230872
 10
324.59711586044017
 20
244.1100268624926
 10
324.6927524925972
 20
244.1181367819179
 10
324.79017503519975
 20
244.11748146182566
 10
324.8861266243127
 20
244.10798891293013
 10
324.97743541016814
 20
244.09010253284129
 10
325.0331877254943
 20
244.0743132659233
 10
325.08586426870716
 20
244.05536546526324
  0
LWPOLYLINE
  5
2EB
330
17
100
AcDbEntity
  8
TANGENT
100
AcDbPolyline
 90
5
 70
0
 10
368.4498901058478
 20
209.7008025676644
 10
368.41251441182345
 20
209.6759265611855
 10
368.37956962922107
 20
209.66416236570817
 10
368.35155494811335
 20
209.66320747334348
 10
368.3356731585672
 20
209.6674574768244
  0
LWPOLYLINE
  5
2EC
330
17
100
AcDbEntity
  8
TANGENT
100
AcDbPolyline
 90
2
 70
0
 10
368.4498901058478
 20
209.7008025676644
 10
373.7662742473992
 20
207.56562284774736
  0
LWPOLYLINE
  5
2ED
330
17
100
AcDbEntity
  8
TANGENT
100
AcDbPolyline
 90
6
 70
0
 10
368.4498901058478
 20
209.7008025676644
 10
368.4010914069455
 20
209.7251897273589
 10
368.352782275027
 20
209.7593453182606
 10
368.3075137633653
 20
209.8022624557429
 10
368.267881746149
 20
209.8520406410507
 10
368.23247987330035
 20
209.91364128136416
  0
LWPOLYLINE
  5
2EE
330
17
100
AcDbEntity
  8
TANGENT
100
AcDbPolyline
 90
6
 70
0
 10
369.46295882356475
 20
210.92159063839782
 10
369.49298851512026
 20
210.8679845936773
 10
369.5314300581756
 20
210.81752352149886
 10
369.5764046825425
 20
210.77304546690488
 10
369.6254180468138
 20
210.7369094197996
 10
369.6803690561122
 20
210.70875192469805
  0
LWPOLYLINE
  5
2EF
330
17
100
AcDbEntity
  8
TANGENT
100
AcDbPolyline
 90
2
 70
0
 10
368.4498901058478
 20
209.7008025676644
 10
369.6803690561122
 20
210.70875192469805
  0
LWPOLYLINE
  5
2F0
330
17
100
AcDbEntity
  8
TANGENT
100
AcDbPolyline
 90
2
 70
0
 10
381.9713744033757
 20
219.7572787820992
 10
386.10928630653314
 20
218.0954000836831
  0
LWPOLYLINE
  5
2F1
330
17
100
AcDbEntity
  8
TANGENT
100
AcDbPolyline
 90
2
 70
0
 10
380.7546796238148
 20
219.78029606138386
 10
386.07106376536615
 20
217.64511632614344
  0
LWPOLYLINE
  5
2F2
330
17
100
AcDbEntity
  8
TANGENT
100
AcDbPolyline
 90
6
 70
0
 10
380.90691192470763
 20
220.030519310704
 10
380.88077863408785
 20
219.95973050531185
 10
380.8467639877264
 20
219.89292970408025
 10
380.8078419797809
 20
219.83560024417253
 10
380.78157756691377
 20
219.80528599726665
 10
380.7546796238148
 20
219.78029606138386
  0
LWPOLYLINE
  5
2F3
330
17
100
AcDbEntity
  8
TANGENT
100
AcDbPolyline
 90
6
 70
0
 10
369.83260135700505
 20
210.95897517401818
 10
369.80646806638526
 20
210.88818636862604
 10
369.7724534200238
 20
210.82138556739443
 10
369.7335314120783
 20
210.7640561074867
 10
369.70726699921113
 20
210.73374186058084
 10
369.6803690561122
 20
210.70875192469805
  0
LWPOLYLINE
  5
2F4
330
17
100
AcDbEntity
  8
TANGENT
100
AcDbPolyline
 90
6
 70
0
 10
380.53726939126733
 20
219.99313477508363
 10
380.56729908282284
 20
219.93952873036312
 10
380.6057406105548
 20
219.88906765818467
 10
380.65071525024507
 20
219.84458960359072
 10
380.6997286145164
 20
219.8084535564854
 10
380.7546796238148
 20
219.78029606138386
  0
LWPOLYLINE
  5
2F5
330
17
100
AcDbEntity
  8
TANGENT
100
AcDbPolyline
 90
2
 70
0
 10
370.8970638356731
 20
210.6857346454134
 10
375.01849146424047
 20
209.03047640227803
  0
LWPOLYLINE
  5
2F6
330
17
100
AcDbEntity
  8
TANGENT
100
AcDbPolyline
 90
2
 70
0
 10
369.6803690561122
 20
210.70875192469805
 10
374.99675319766357
 20
208.5735721894576
  0
LWPOLYLINE
  5
2F7
330
17
100
AcDbEntity
  8
TANGENT
100
AcDbPolyline
 90
6
 70
0
 10
379.5242006735504
 20
218.7723467043502
 10
379.4754019746481
 20
218.7967338640447
 10
379.42709284272956
 20
218.83088947026982
 10
379.3818243310679
 20
218.87380659242874
 10
379.34219229852823
 20
218.92358477773652
 10
379.30679044100293
 20
218.98518541804998
  0
LWPOLYLINE
  5
2F8
330
17
100
AcDbEntity
  8
TANGENT
100
AcDbPolyline
 90
2
 70
0
 10
379.5242006735504
 20
218.7723467043502
 10
380.7546796238148
 20
219.78029606138386
  0
LWPOLYLINE
  5
2F9
330
17
100
AcDbEntity
  8
TANGENT
100
AcDbPolyline
 90
5
 70
0
 10
379.5242006735504
 20
218.7723467043502
 10
379.48682497952603
 20
218.7474706978713
 10
379.45388019692365
 20
218.735706502394
 10
379.42586550049253
 20
218.7347516100293
 10
379.4099837109464
 20
218.73900161351023
  0
LWPOLYLINE
  5
2FA
330
17
100
AcDbEntity
  8
TANGENT
100
AcDbPolyline
 90
2
 70
0
 10
379.5242006735504
 20
218.7723467043502
 10
384.8405848151018
 20
216.63716698443318
  0
LWPOLYLINE
  5
2FB
330
17
100
AcDbEntity
  8
TANGENT
100
AcDbPolyline
 90
2
 70
0
 10
382.99958929598347
 20
220.5995431277834
 10
386.10928630653314
 20
219.3506186929031
  0
LWPOLYLINE
  5
2FC
330
17
100
AcDbEntity
  8
TANGENT
100
AcDbPolyline
 90
8
 70
0
 10
374.0104825298669
 20
207.23472590406465
 10
373.9412498760122
 20
207.26732744273338
 10
373.87185695482253
 20
207.30991751778177
 10
373.8040602711582
 20
207.36202551725935
 10
373.7397349329174
 20
207.42271892095073
 10
373.680738993065
 20
207.49061534455984
 10
373.66178966006595
 20
207.5156013883016
 10
373.64375459712494
 20
207.54116745299766
  0
LWPOLYLINE
  5
2FD
330
17
100
AcDbEntity
  8
TANGENT
100
AcDbPolyline
 90
6
 70
0
 10
374.0104825298669
 20
207.23472590406465
 10
373.9574222430009
 20
207.19701281964154
 10
373.9083979837994
 20
207.17273606497125
 10
373.8640633101646
 20
207.16040301929087
 10
373.82448707008757
 20
207.15838787093256
 10
373.7820486046588
 20
207.16803572238467
  0
LWPOLYLINE
  5
2FE
330
17
100
AcDbEntity
  8
TANGENT
100
AcDbPolyline
 90
2
 70
0
 10
375.00254808999034
 20
209.16240147265287
 10
384.29724160505793
 20
216.77616867208255
  0
LWPOLYLINE
  5
2FF
330
17
100
AcDbEntity
  8
TANGENT
100
AcDbPolyline
 90
8
 70
0
 10
386.12432682665064
 20
217.76465370762952
 10
386.1784629074276
 20
217.69293368451008
 10
386.2394827452939
 20
217.62682153174373
 10
386.3057022077597
 20
217.56811920336517
 10
386.3752331620455
 20
217.51827019334928
 10
386.44613084012286
 20
217.47826840741143
 10
386.4685702437278
 20
217.46774614203835
 10
386.49105475939257
 20
217.45821215869654
  0
LWPOLYLINE
  5
300
330
17
100
AcDbEntity
  8
TANGENT
100
AcDbPolyline
 90
2
 70
0
 10
374.0104825298669
 20
207.23472590406465
 10
386.49105475939257
 20
217.45821215869654
  0
LWPOLYLINE
  5
301
330
17
100
AcDbEntity
  8
TANGENT
100
AcDbPolyline
 90
11
 70
0
 10
386.8426201671867
 20
218.2482851303387
 10
386.7638506645162
 20
218.27512590186996
 10
386.67662194574774
 20
218.2953658780297
 10
386.5831595800297
 20
218.30787307403625
 10
386.4862742601535
 20
218.3118543205818
 10
386.3891432756905
 20
218.30697144577482
 10
386.2950220961473
 20
218.29339950402144
 10
386.2069348538132
 20
218.27181335273602
 10
386.1274000550812
 20
218.24330322046282
 10
386.10985337922295
 20
218.2356016847016
 10
386.09280203194305
 20
218.2275424090799
  0
LWPOLYLINE
  5
302
330
17
100
AcDbEntity
  8
TANGENT
100
AcDbPolyline
 90
11
 70
0
 10
386.8426201671867
 20
218.2482851303387
 10
386.8381718637171
 20
218.16502348398018
 10
386.8242108917411
 20
218.07286264102962
 10
386.80025111671415
 20
217.97462126244127
 10
386.766523262918
 20
217.87398782607337
 10
386.7240466116016
 20
217.77516156901612
 10
386.6745641217486
 20
217.6823616487666
 10
386.6203442833224
 20
217.59930463095674
 10
386.56388914539536
 20
217.52876757353718
 10
386.5276710875074
 20
217.49093717324104
 10
386.49105475939257
 20
217.45821215869654
  0
LWPOLYLINE
  5
303
330
17
100
AcDbEntity
  8
TANGENT
100
AcDbPolyline
 90
2
 70
0
 10
371.9252787436043
 20
211.52799897577418
 10
375.01849146424047
 20
210.28569501149804
  0
LWPOLYLINE
  5
304
330
17
100
AcDbEntity
  8
TANGENT
100
AcDbPolyline
 90
11
 70
0
 10
386.09280203194305
 20
219.2317172933912
 10
386.16509384735645
 20
219.26220405102052
 10
386.2469333145754
 20
219.28695238301484
 10
386.3365538306258
 20
219.30468776641965
 10
386.4315131383027
 20
219.31437719022856
 10
386.52884764803025
 20
219.3153709733568
 10
386.6253191291156
 20
219.3075015545359
 10
386.71771638132543
 20
219.29111836834898
 10
386.80315897512094
 20
219.26704952143277
 10
386.82313319772976
 20
219.25997155569993
 10
386.8426201671867
 20
219.25246001465
  0
LWPOLYLINE
  5
305
330
17
100
AcDbEntity
  8
TANGENT
100
AcDbPolyline
 90
8
 70
0
 10
386.7194886692773
 20
219.53325212432253
 10
386.7499813877053
 20
219.51620758062776
 10
386.7770219915642
 20
219.49078396216416
 10
386.8005094230976
 20
219.45623912651234
 10
386.81984590154235
 20
219.41157656298066
 10
386.8339995344995
 20
219.35590348490365
 10
386.8416589922321
 20
219.28877462521777
 10
386.8426201671867
 20
219.25246001465
  0
LWPOLYLINE
  5
306
330
17
100
AcDbEntity
  8
TANGENT
100
AcDbPolyline
 90
2
 70
0
 10
386.8426201671867
 20
219.25246001465
 10
386.8426201671867
 20
218.2482851303387
  0
LWPOLYLINE
  5
307
330
17
100
AcDbEntity
  8
TANGENT
100
AcDbPolyline
 90
2
 70
0
 10
374.0104825298669
 20
207.23472590406465
 10
375.2657011390869
 20
206.73060180717297
  0
LWPOLYLINE
  5
308
330
17
100
AcDbEntity
  8
TANGENT
100
AcDbPolyline
 90
6
 70
0
 10
375.2657011390869
 20
206.73060180717297
 10
375.2126408522209
 20
206.69288872274987
 10
375.16361659301936
 20
206.66861196807957
 10
375.11928191938466
 20
206.65627893772256
 10
375.07970567930755
 20
206.65426377404088
 10
375.0372672292022
 20
206.663911625493
  0
LWPOLYLINE
  5
309
330
17
100
AcDbEntity
  8
TANGENT
100
AcDbPolyline
 90
2
 70
0
 10
375.00254808999034
 20
210.16657637228758
 10
383.4746696848424
 20
217.10653210129925
  0
LWPOLYLINE
  5
30A
330
17
100
AcDbEntity
  8
TANGENT
100
AcDbPolyline
 90
2
 70
0
 10
386.49105475939257
 20
217.45821215869654
 10
387.7462733686126
 20
216.95408806180484
  0
LWPOLYLINE
  5
30B
330
17
100
AcDbEntity
  8
TANGENT
100
AcDbPolyline
 90
2
 70
0
 10
375.2657011390869
 20
206.73060180717297
 10
387.7462733686126
 20
216.95408806180484
  0
LWPOLYLINE
  5
30C
330
17
100
AcDbEntity
  8
TANGENT
100
AcDbPolyline
 90
2
 70
0
 10
386.8426201671867
 20
218.2482851303387
 10
388.09783877640666
 20
217.74416103344703
  0
LWPOLYLINE
  5
30D
330
17
100
AcDbEntity
  8
TANGENT
100
AcDbPolyline
 90
11
 70
0
 10
388.09783877640666
 20
217.74416103344703
 10
388.09339048826047
 20
217.66089938708848
 10
388.07942950096106
 20
217.56873854413794
 10
388.05546972593413
 20
217.4704971655496
 10
388.02174188746136
 20
217.36986372918167
 10
387.97926522082156
 20
217.27103747212445
 10
387.92978273096855
 20
217.17823756719832
 10
387.87556290786586
 20
217.09518053406504
 10
387.81910776993874
 20
217.02464349196887
 10
387.78288971205075
 20
216.98681307634934
 10
387.7462733686126
 20
216.95408806180484
  0
LWPOLYLINE
  5
30E
330
17
100
AcDbEntity
  8
TANGENT
100
AcDbPolyline
 90
2
 70
0
 10
386.8426201671867
 20
219.25246001465
 10
388.09783877640666
 20
218.74833591775834
  0
LWPOLYLINE
  5
30F
330
17
100
AcDbEntity
  8
TANGENT
100
AcDbPolyline
 90
8
 70
0
 10
387.9747072938207
 20
219.02912802743086
 10
388.0052000122487
 20
219.01208348373606
 10
388.0322406007842
 20
218.98665986527246
 10
388.0557280323176
 20
218.95211502962064
 10
388.0750645260857
 20
218.90745246608896
 10
388.08921814371956
 20
218.85177940333534
 10
388.0968776014521
 20
218.78465052832607
 10
388.09783877640666
 20
218.74833591775834
  0
LWPOLYLINE
  5
310
330
17
100
AcDbEntity
  8
TANGENT
100
AcDbPolyline
 90
2
 70
0
 10
388.09783877640666
 20
218.74833591775834
 10
388.09783877640666
 20
217.74416103344703
  0
LWPOLYLINE
  5
311
330
17
100
AcDbEntity
  8
TANGENT
100
AcDbPolyline
 90
8
 70
0
 10
375.2657011390869
 20
206.73060180717297
 10
375.3349337929417
 20
206.7075925573446
 10
375.4011583274495
 20
206.69481668101966
 10
375.4632620346532
 20
206.691758500158
 10
375.5204763392859
 20
206.69772112231053
 10
375.57233567079226
 20
206.71196142436096
 10
375.6185961574222
 20
206.73380755227936
 10
375.65411062653976
 20
206.75852882316713
  0
LWPOLYLINE
  5
312
330
17
100
AcDbEntity
  8
TANGENT
100
AcDbPolyline
 90
8
 70
0
 10
388.13468285606547
 20
216.982015077799
 10
388.0935821225745
 20
216.95410272628897
 10
388.0472230299306
 20
216.9334104496297
 10
387.99578829423484
 20
216.92026512637437
 10
387.9395065711112
 20
216.9151544847
 10
387.8787574515742
 20
216.91867383830396
 10
387.8141597247545
 20
216.9314339315373
 10
387.7462733686126
 20
216.95408806180484
  0
LWPOLYLINE
  5
313
330
17
100
AcDbEntity
  8
TANGENT
100
AcDbPolyline
 90
8
 70
0
 10
388.09783877640666
 20
217.74416103344703
 10
388.16875288115796
 20
217.71088549547378
 10
388.22836083720273
 20
217.67328894543078
 10
388.276238232611
 20
217.63280286375533
 10
388.31258086965886
 20
217.59067379289195
 10
388.33799993707567
 20
217.54785755993208
 10
388.3532762228701
 20
217.50497195798619
 10
388.35920896441235
 20
217.4561754962988
  0
LWPOLYLINE
  5
314
330
17
100
AcDbEntity
  8
TANGENT
100
AcDbPolyline
 90
9
 70
0
 10
388.35920896441235
 20
218.46035039593352
 10
388.35475664621464
 20
218.50264807005593
 10
388.3413352414436
 20
218.54463179856617
 10
388.3185938291472
 20
218.58619696868143
 10
388.2859589161353
 20
218.6270131621454
 10
388.242828216568
 20
218.66645783559682
 10
388.18878917881926
 20
218.70361023718368
 10
388.1452236780637
 20
218.7272506727652
 10
388.09783877640666
 20
218.74833591775834
  0
LWPOLYLINE
  5
315
330
17
100
AcDbEntity
  8
TANGENT
100
AcDbPolyline
 90
5
 70
0
 10
375.7104792179607
 20
206.8081894933978
 10
375.74944790095185
 20
206.81511218722082
 10
375.7827880116901
 20
206.8299138310133
 10
375.79102690808816
 20
206.83530931918244
 10
375.7988409635014
 20
206.8412587325729
  0
LWPOLYLINE
  5
316
330
17
100
AcDbEntity
  8
TANGENT
100
AcDbPolyline
 90
5
 70
0
 10
377.02931991376573
 20
207.84920808960652
 10
376.9994999994179
 20
207.83052945961336
 10
376.9645912792262
 20
207.81920898353724
 10
376.95294223902397
 20
207.81729146049594
 10
376.94095816822505
 20
207.81613883510803
  0
LWPOLYLINE
  5
317
330
17
100
AcDbEntity
  8
TANGENT
100
AcDbPolyline
 90
5
 70
0
 10
386.7847897703399
 20
215.87973363008362
 10
386.82375845333104
 20
215.88665632390664
 10
386.8570985793927
 20
215.90145796769912
 10
386.86533747579074
 20
215.90685345586826
 10
386.873151531204
 20
215.9128028692587
  0
LWPOLYLINE
  5
318
330
17
100
AcDbEntity
  8
TANGENT
100
AcDbPolyline
 90
5
 70
0
 10
388.1036304814683
 20
216.92075222629236
 10
388.07381056712046
 20
216.90207359629918
 10
388.0389018469288
 20
216.89075312022305
 10
388.02725280672655
 20
216.88883559718175
 10
388.01526873592763
 20
216.88768297179388
  0
LWPOLYLINE
  5
319
330
17
100
AcDbEntity
  8
TANGENT
100
AcDbPolyline
 90
2
 70
0
 10
372.86544808882184
 20
226.91871819104094
 10
374.76259807031073
 20
226.91871819104094
  0
LWPOLYLINE
  5
31A
330
17
100
AcDbEntity
  8
TANGENT
100
AcDbPolyline
 90
2
 70
0
 10
374.76259807031073
 20
226.91871819104094
 10
374.76259807031073
 20
226.01496077524033
  0
LWPOLYLINE
  5
31B
330
17
100
AcDbEntity
  8
TANGENT
100
AcDbPolyline
 90
2
 70
0
 10
372.83185094354144
 20
226.01496077524033
 10
374.76259807031073
 20
226.01496077524033
  0
LWPOLYLINE
  5
31C
330
17
100
AcDbEntity
  8
TANGENT
100
AcDbPolyline
 90
2
 70
0
 10
372.83185094354144
 20
226.39152637026504
 10
372.83185094354144
 20
226.01496077524033
  0
LWPOLYLINE
  5
31D
330
17
100
AcDbEntity
  8
TANGENT
100
AcDbPolyline
 90
2
 70
0
 10
372.86274484364026
 20
226.93377038758155
 10
374.76259807031073
 20
226.93377038758155
  0
LWPOLYLINE
  5
31E
330
17
100
AcDbEntity
  8
TANGENT
100
AcDbPolyline
 90
15
 70
0
 10
372.83185094354144
 20
224.0662987975238
 10
372.83185094354144
 20
224.06481307228637
 10
372.83185094354144
 20
224.06342576918223
 10
372.83185094354144
 20
224.06213949318766
 10
372.83185094354144
 20
224.06095671136845
 10
372.83185094354144
 20
224.05987967626288
 10
372.83185094354144
 20
224.05891044120526
 10
372.83185094354144
 20
224.05805082967893
 10
372.83185094354144
 20
224.05730251193341
 10
372.83185094354144
 20
224.05666688239717
 10
372.83185094354144
 20
224.0561451669414
 10
372.83185094354144
 20
224.0557383615865
 10
372.83185094354144
 20
224.05544721717848
 10
372.83185094354144
 20
224.0552723160062
 10
372.83185094354144
 20
224.0552139798609
  0
LWPOLYLINE
  5
31F
330
17
100
AcDbEntity
  8
TANGENT
100
AcDbPolyline
 90
15
 70
0
 10
372.83185094354144
 20
224.0552139798609
 10
372.83185094354144
 20
224.0552723160062
 10
372.83185094354144
 20
224.05544721717848
 10
372.83185094354144
 20
224.0557383615865
 10
372.83185094354144
 20
224.0561451669414
 10
372.83185094354144
 20
224.05666688239717
 10
372.83185094354144
 20
224.05730251193341
 10
372.83185094354144
 20
224.05805082967893
 10
372.83185094354144
 20
224.05891044120526
 10
372.83185094354144
 20
224.05987967626288
 10
372.83185094354144
 20
224.06095671136845
 10
372.83185094354144
 20
224.06213949318766
 10
372.83185094354144
 20
224.06342576918223
 10
372.83185094354144
 20
224.06481307228637
 10
372.83185094354144
 20
224.0662987975238
  0
LWPOLYLINE
  5
320
330
17
100
AcDbEntity
  8
TANGENT
100
AcDbPolyline
 90
2
 70
0
 10
372.83185094354144
 20
224.0662987975238
 10
373.5970047886855
 20
224.0662987975238
  0
LWPOLYLINE
  5
321
330
17
100
AcDbEntity
  8
TANGENT
100
AcDbPolyline
 90
2
 70
0
 10
374.36520553667634
 20
224.0662987975238
 10
374.76259807031073
 20
224.0662987975238
  0
LWPOLYLINE
  5
322
330
17
100
AcDbEntity
  8
TANGENT
100
AcDbPolyline
 90
15
 70
0
 10
374.76259807031073
 20
224.0662987975238
 10
374.76259807031073
 20
224.06481307228637
 10
374.76259807031073
 20
224.06342576918223
 10
374.76259807031073
 20
224.06213949318766
 10
374.76259807031073
 20
224.06095671136845
 10
374.76259807031073
 20
224.05987967626288
 10
374.76259807031073
 20
224.05891044120526
 10
374.76259807031073
 20
224.05805082967893
 10
374.76259807031073
 20
224.05730251193341
 10
374.76259807031073
 20
224.05666688239717
 10
374.76259807031073
 20
224.0561451669414
 10
374.76259807031073
 20
224.0557383615865
 10
374.76259807031073
 20
224.05544721717848
 10
374.76259807031073
 20
224.0552723160062
 10
374.76259807031073
 20
224.0552139798609
  0
LWPOLYLINE
  5
323
330
17
100
AcDbEntity
  8
TANGENT
100
AcDbPolyline
 90
15
 70
0
 10
374.76259807031073
 20
224.0552139798609
 10
374.76259807031073
 20
224.0552723160062
 10
374.76259807031073
 20
224.05544721717848
 10
374.76259807031073
 20
224.0557383615865
 10
374.76259807031073
 20
224.0561451669414
 10
374.76259807031073
 20
224.05666688239717
 10
374.76259807031073
 20
224.05730251193341
 10
374.76259807031073
 20
224.05805082967893
 10
374.76259807031073
 20
224.05891044120526
 10
374.76259807031073
 20
224.05987967626288
 10
374.76259807031073
 20
224.06095671136845
 10
374.76259807031073
 20
224.06213949318766
 10
374.76259807031073
 20
224.06342576918223
 10
374.76259807031073
 20
224.06481307228637
 10
374.76259807031073
 20
224.0662987975238
  0
LWPOLYLINE
  5
324
330
17
100
AcDbEntity
  8
TANGENT
100
AcDbPolyline
 90
15
 70
0
 10
374.76259807031073
 20
226.93377038758155
 10
374.76259807031073
 20
226.935256112819
 10
374.76259807031073
 20
226.93664341592313
 10
374.76259807031073
 20
226.9379296919177
 10
374.76259807031073
 20
226.9391124737369
 10
374.76259807031073
 20
226.94018950884248
 10
374.76259807031073
 20
226.9411587439001
 10
374.76259807031073
 20
226.94201835542643
 10
374.76259807031073
 20
226.94276667317195
 10
374.76259807031073
 20
226.9434023027082
 10
374.76259807031073
 20
226.94392401816395
 10
374.76259807031073
 20
226.94433082351887
 10
374.76259807031073
 20
226.94462196792688
 10
374.76259807031073
 20
226.94479686909915
 10
374.76259807031073
 20
226.94485520524447
  0
LWPOLYLINE
  5
325
330
17
100
AcDbEntity
  8
TANGENT
100
AcDbPolyline
 90
15
 70
0
 10
374.76259807031073
 20
226.94485520524447
 10
374.76259807031073
 20
226.94471118070285
 10
374.76259807031073
 20
226.94427978130713
 10
374.76259807031073
 20
226.9435630297448
 10
374.76259807031073
 20
226.94256431248502
 10
374.76259807031073
 20
226.94128830316168
 10
374.76259807031073
 20
226.93974100854362
 10
374.76259807031073
 20
226.9379296919177
 10
374.76259807031073
 20
226.93586287308867
 10
374.76259807031073
 20
226.9335502670857
 10
374.76259807031073
 20
226.9310027381923
 10
374.76259807031073
 20
226.92823226929926
 10
374.76259807031073
 20
226.9252518546413
 10
374.76259807031073
 20
226.92207551512013
 10
374.76259807031073
 20
226.91871819104094
  0
LWPOLYLINE
  5
326
330
17
100
AcDbEntity
  8
TANGENT
100
AcDbPolyline
 90
5
 70
0
 10
374.8238916298907
 20
226.8835616456645
 10
374.8194876876349
 20
226.8966471310823
 10
374.80585875819446
 20
226.9084671036988
 10
374.7823825587058
 20
226.91683637149808
 10
374.76259807031073
 20
226.91871819104094
  0
LWPOLYLINE
  5
327
330
17
100
AcDbEntity
  8
TANGENT
100
AcDbPolyline
 90
5
 70
0
 10
374.76259807031073
 20
226.01496077524033
 10
374.7921761202725
 20
226.01059647459417
 10
374.81367698156976
 20
225.9992369391972
 10
374.82128242435294
 20
225.9899525892002
 10
374.8238916298907
 20
225.9798042451873
  0
LWPOLYLINE
  5
328
330
17
100
AcDbEntity
  8
TANGENT
100
AcDbPolyline
 90
15
 70
0
 10
372.83185094354144
 20
226.01496077524033
 10
372.83185094354144
 20
226.00911813523066
 10
372.83185094354144
 20
226.0029068297835
 10
372.83185094354144
 20
225.99640502351073
 10
372.83185094354144
 20
225.98969443605063
 10
372.83185094354144
 20
225.98285946863473
 10
372.83185094354144
 20
225.97598608548037
 10
372.83185094354144
 20
225.96916072582997
 10
372.83185094354144
 20
225.9624692006669
 10
372.83185094354144
 20
225.95599568137186
 10
372.83185094354144
 20
225.94982158111537
 10
372.83185094354144
 20
225.94402451286723
 10
372.83185094354144
 20
225.93867740064
 10
372.83185094354144
 20
225.93384748346847
 10
372.83185094354144
 20
225.92959548794684
  0
LWPOLYLINE
  5
329
330
17
100
AcDbEntity
  8
TANGENT
100
AcDbPolyline
 90
2
 70
0
 10
372.83185094354144
 20
225.92959548794684
 10
374.76259807031073
 20
225.92959548794684
  0
LWPOLYLINE
  5
32A
330
17
100
AcDbEntity
  8
TANGENT
100
AcDbPolyline
 90
15
 70
0
 10
374.76259807031073
 20
226.01496077524033
 10
374.76259807031073
 20
226.00911813523066
 10
374.76259807031073
 20
226.0029068297835
 10
374.76259807031073
 20
225.99640502351073
 10
374.76259807031073
 20
225.98969443605063
 10
374.76259807031073
 20
225.98285946863473
 10
374.76259807031073
 20
225.97598608548037
 10
374.76259807031073
 20
225.96916072582997
 10
374.76259807031073
 20
225.9624692006669
 10
374.76259807031073
 20
225.95599568137186
 10
374.76259807031073
 20
225.94982158111537
 10
374.76259807031073
 20
225.94402451286723
 10
374.76259807031073
 20
225.93867740064
 10
374.76259807031073
 20
225.93384748346847
 10
374.76259807031073
 20
225.92959548794684
  0
LWPOLYLINE
  5
32B
330
17
100
AcDbEntity
  8
TANGENT
100
AcDbPolyline
 90
5
 70
0
 10
372.83185094354144
 20
226.01496077524033
 10
372.8022728935797
 20
226.01059647459417
 10
372.7807720322824
 20
225.9992369391972
 10
372.7731665894992
 20
225.9899525892002
 10
372.77055738396143
 20
225.9798042451873
  0
LWPOLYLINE
  5
32C
330
17
100
AcDbEntity
  8
TANGENT
100
AcDbPolyline
 90
5
 70
0
 10
374.76259807031073
 20
226.93377038758155
 10
374.78766877578164
 20
226.92937824433596
 10
374.8081108981009
 20
226.91719162896942
 10
374.8205220624229
 20
226.8999797078868
 10
374.8238916298907
 20
226.8835616456645
  0
LWPOLYLINE
  5
32D
330
17
100
AcDbEntity
  8
TANGENT
100
AcDbPolyline
 90
5
 70
0
 10
374.76259807031073
 20
224.0662987975238
 10
374.78766877578164
 20
224.0706909407694
 10
374.8081108981009
 20
224.08287755613594
 10
374.8205220624229
 20
224.10008947721855
 10
374.8238916298907
 20
224.11650753944085
  0
LWPOLYLINE
  5
32E
330
17
100
AcDbEntity
  8
TANGENT
100
AcDbPolyline
 90
5
 70
0
 10
372.83185094354144
 20
224.0662987975238
 10
372.80678023807053
 20
224.0706909407694
 10
372.7863381157513
 20
224.08287755613594
 10
372.7739269514292
 20
224.10008947721855
 10
372.77055738396143
 20
224.11650753944085
  0
LWPOLYLINE
  5
32F
330
17
100
AcDbEntity
  8
TANGENT
100
AcDbPolyline
 90
2
 70
0
 10
372.83185094354144
 20
224.0662987975238
 10
372.83185094354144
 20
225.92959548794684
  0
LWPOLYLINE
  5
330
330
17
100
AcDbEntity
  8
TANGENT
100
AcDbPolyline
 90
2
 70
0
 10
374.76259807031073
 20
224.0662987975238
 10
374.76259807031073
 20
225.92959548794684
  0
LWPOLYLINE
  5
331
330
17
100
AcDbEntity
  8
TANGENT
100
AcDbPolyline
 90
5
 70
0
 10
374.8238916298907
 20
225.9798042451873
 10
374.8194876876349
 20
225.9611162219561
 10
374.8066402817259
 20
225.94488505912034
 10
374.78643774060765
 20
225.93354883059942
 10
374.76259807031073
 20
225.92959548794684
  0
LWPOLYLINE
  5
332
330
17
100
AcDbEntity
  8
TANGENT
100
AcDbPolyline
 90
5
 70
0
 10
372.77055738396143
 20
225.9798042451873
 10
372.7749613262173
 20
225.9611162219561
 10
372.7878087321263
 20
225.94488505912034
 10
372.8080112732445
 20
225.93354883059942
 10
372.83185094354144
 20
225.92959548794684
  0
LWPOLYLINE
  5
333
330
17
100
AcDbEntity
  8
TANGENT
100
AcDbPolyline
 90
2
 70
0
 10
356.2472223238158
 20
212.37648288621267
 10
356.8853869310275
 20
211.37080673874655
  0
LWPOLYLINE
  5
334
330
17
100
AcDbEntity
  8
TANGENT
100
AcDbPolyline
 90
2
 70
0
 10
356.2250325229088
 20
212.78801711588352
 10
356.2250325229088
 20
212.43550001831323
  0
LWPOLYLINE
  5
335
330
17
100
AcDbEntity
  8
TANGENT
100
AcDbPolyline
 90
2
 70
0
 10
359.68192130866197
 20
213.52103511550118
 10
360.0532277477174
 20
212.93589763533976
  0
LWPOLYLINE
  5
336
330
17
100
AcDbEntity
  8
TANGENT
100
AcDbPolyline
 90
2
 70
0
 10
360.0532277477174
 20
212.93589763533976
 10
360.0532277477174
 20
212.03214023486254
  0
LWPOLYLINE
  5
337
330
17
100
AcDbEntity
  8
TANGENT
100
AcDbPolyline
 90
2
 70
0
 10
359.39287333959874
 20
213.0727850169748
 10
360.0532277477174
 20
212.03214023486254
  0
LWPOLYLINE
  5
338
330
17
100
AcDbEntity
  8
TANGENT
100
AcDbPolyline
 90
2
 70
0
 10
359.39287333959874
 20
213.4493506119995
 10
359.39287333959874
 20
213.0727850169748
  0
LWPOLYLINE
  5
339
330
17
100
AcDbEntity
  8
TANGENT
100
AcDbPolyline
 90
5
 70
0
 10
356.2826296364678
 20
212.37326702766896
 10
356.2588336531555
 20
212.37278466267847
 10
356.240069058945
 20
212.38076119199474
 10
356.2349900907175
 20
212.38531150327083
 10
356.23087645008326
 20
212.39063512474138
  0
LWPOLYLINE
  5
33A
330
17
100
AcDbEntity
  8
TANGENT
100
AcDbPolyline
 90
2
 70
0
 10
356.23087645008326
 20
212.39063512474138
 10
356.2250325229088
 20
212.4114515208588
  0
LWPOLYLINE
  5
33B
330
17
100
AcDbEntity
  8
TANGENT
100
AcDbPolyline
 90
2
 70
0
 10
356.2826296364678
 20
212.37326702766896
 10
356.94298404458647
 20
211.3326222302333
  0
LWPOLYLINE
  5
33C
330
17
100
AcDbEntity
  8
TANGENT
100
AcDbPolyline
 90
5
 70
0
 10
356.94298404458647
 20
211.3326222302333
 10
356.9191880612741
 20
211.33213986524282
 10
356.9004234670636
 20
211.34011640988248
 10
356.89534449883615
 20
211.3446667058352
 10
356.8912308582019
 20
211.34999034262913
  0
LWPOLYLINE
  5
33D
330
17
100
AcDbEntity
  8
TANGENT
100
AcDbPolyline
 90
2
 70
0
 10
356.8912308582019
 20
211.34999034262913
 10
356.8853869310275
 20
211.37080673874655
  0
LWPOLYLINE
  5
33E
330
17
100
AcDbEntity
  8
TANGENT
100
AcDbPolyline
 90
2
 70
0
 10
356.2616659978969
 20
212.8330777044677
 10
356.2616659978969
 20
212.45651210944303
  0
LWPOLYLINE
  5
33F
330
17
100
AcDbEntity
  8
TANGENT
100
AcDbPolyline
 90
5
 70
0
 10
356.2616659978969
 20
212.45651210944303
 10
356.2368873715607
 20
212.44687702237468
 10
356.2238573721378
 20
212.433455357106
 10
356.22196966841324
 20
212.42851768585672
 10
356.22133607688784
 20
212.42347576958602
  0
LWPOLYLINE
  5
340
330
17
100
AcDbEntity
  8
TANGENT
100
AcDbPolyline
 90
2
 70
0
 10
356.22133607688784
 20
212.42347576958602
 10
356.2250325229088
 20
212.4114515208588
  0
LWPOLYLINE
  5
341
330
17
100
AcDbEntity
  8
TANGENT
100
AcDbPolyline
 90
2
 70
0
 10
360.03103794681044
 20
212.9708662699859
 10
360.04738383586636
 20
212.95671403145718
  0
LWPOLYLINE
  5
342
330
17
100
AcDbEntity
  8
TANGENT
100
AcDbPolyline
 90
2
 70
0
 10
360.04738383586636
 20
212.95671403145718
 10
360.0532277477174
 20
212.93589763533976
  0
LWPOLYLINE
  5
343
330
17
100
AcDbEntity
  8
TANGENT
100
AcDbPolyline
 90
2
 70
0
 10
360.0532277477174
 20
212.91184913788533
 10
360.0569241937384
 20
212.92387338661254
  0
LWPOLYLINE
  5
344
330
17
100
AcDbEntity
  8
TANGENT
100
AcDbPolyline
 90
2
 70
0
 10
360.0569241937384
 20
212.92387338661254
 10
360.0532277477174
 20
212.93589763533976
  0
LWPOLYLINE
  5
345
330
17
100
AcDbEntity
  8
TANGENT
100
AcDbPolyline
 90
2
 70
0
 10
360.0532277477174
 20
212.03214023486254
 10
360.0569241937384
 20
212.02011598613532
  0
LWPOLYLINE
  5
346
330
17
100
AcDbEntity
  8
TANGENT
100
AcDbPolyline
 90
3
 70
0
 10
360.0569241937384
 20
212.02011598613532
 10
360.0525202514826
 20
212.00703050071755
 10
360.0376039274401
 20
211.994496029077
  0
LWPOLYLINE
  5
347
330
17
100
AcDbEntity
  8
TANGENT
100
AcDbPolyline
 90
5
 70
0
 10
359.39287333959874
 20
213.0727850169748
 10
359.38847282978224
 20
213.05261825597196
 10
359.37510200752126
 20
213.032803197414
 10
359.3541013629637
 20
213.01723956741222
 10
359.33527622603975
 20
213.01055202633052
  0
LWPOLYLINE
  5
348
330
17
100
AcDbEntity
  8
TANGENT
100
AcDbPolyline
 90
2
 70
0
 10
359.33527622603975
 20
213.01055202633052
 10
359.99563063415843
 20
211.9699072442183
  0
LWPOLYLINE
  5
349
330
17
100
AcDbEntity
  8
TANGENT
100
AcDbPolyline
 90
5
 70
0
 10
360.0532277477174
 20
212.03214023486254
 10
360.0488272379009
 20
212.01197345853632
 10
360.0354564156399
 20
211.99215839997836
 10
360.0144557710824
 20
211.9765947699766
 10
359.99563063415843
 20
211.9699072442183
  0
LWPOLYLINE
  5
34A
330
17
100
AcDbEntity
  8
TANGENT
100
AcDbPolyline
 90
2
 70
0
 10
359.3143126027922
 20
213.4703627031293
 10
359.3143126027922
 20
213.09379712342798
  0
LWPOLYLINE
  5
34B
330
17
100
AcDbEntity
  8
TANGENT
100
AcDbPolyline
 90
5
 70
0
 10
359.39287333959874
 20
213.0727850169748
 10
359.3800651768913
 20
213.08476102767062
 10
359.35736510710086
 20
213.09355501386761
 10
359.3358771327745
 20
213.09591562805113
 10
359.3143126027922
 20
213.09379712342798
  0
LWPOLYLINE
  5
34C
330
17
100
AcDbEntity
  8
TANGENT
100
AcDbPolyline
 90
3
 70
0
 10
356.94298404458647
 20
211.3326222302333
 10
356.94958234224544
 20
211.32477591908437
 10
356.95550993512865
 20
211.32283095185178
  0
LWPOLYLINE
  5
34D
330
17
100
AcDbEntity
  8
TANGENT
100
AcDbPolyline
 90
3
 70
0
 10
356.95550993512865
 20
211.32283095185178
 10
356.96086673173835
 20
211.32844815414933
 10
356.9630721812757
 20
211.33681593557978
  0
LWPOLYLINE
  5
34E
330
17
100
AcDbEntity
  8
TANGENT
100
AcDbPolyline
 90
3
 70
0
 10
356.2826296364678
 20
212.37326702766896
 10
356.2712168829377
 20
212.39934484761736
 10
356.2616659978969
 20
212.45651210944303
  0
LWPOLYLINE
  5
34F
330
17
100
AcDbEntity
  8
TANGENT
100
AcDbPolyline
 90
2
 70
0
 10
356.2826296364678
 20
212.37326702766896
 10
359.33527622603975
 20
213.01055202633052
  0
LWPOLYLINE
  5
350
330
17
100
AcDbEntity
  8
TANGENT
100
AcDbPolyline
 90
2
 70
0
 10
356.94298404458647
 20
211.3326222302333
 10
357.1297499337629
 20
211.3716123659703
  0
LWPOLYLINE
  5
351
330
17
100
AcDbEntity
  8
TANGENT
100
AcDbPolyline
 90
2
 70
0
 10
357.8234403459514
 20
211.51643047530922
 10
358.7136703344462
 20
211.70227912168997
  0
LWPOLYLINE
  5
352
330
17
100
AcDbEntity
  8
TANGENT
100
AcDbPolyline
 90
2
 70
0
 10
359.40736074663465
 20
211.84709721570553
 10
359.99563063415843
 20
211.9699072442183
  0
LWPOLYLINE
  5
353
330
17
100
AcDbEntity
  8
TANGENT
100
AcDbPolyline
 90
2
 70
0
 10
356.2616659978969
 20
212.45651210944303
 10
359.3143126027922
 20
213.09379712342798
  0
LWPOLYLINE
  5
354
330
17
100
AcDbEntity
  8
TANGENT
100
AcDbPolyline
 90
3
 70
0
 10
360.0161486379044
 20
211.97748452261084
 10
360.01329707763205
 20
211.96524554722103
 10
360.0081565247006
 20
211.96011596583674
  0
LWPOLYLINE
  5
355
330
17
100
AcDbEntity
  8
TANGENT
100
AcDbPolyline
 90
3
 70
0
 10
360.0081565247006
 20
211.96011596583674
 10
360.00099975077353
 20
211.96312076000802
 10
359.99563063415843
 20
211.9699072442183
  0
LWPOLYLINE
  5
356
330
17
100
AcDbEntity
  8
TANGENT
100
AcDbPolyline
 90
3
 70
0
 10
359.3143126027922
 20
213.09379712342798
 10
359.3186145525649
 20
213.0565467900563
 10
359.33527622603975
 20
213.01055202633052
  0
LWPOLYLINE
  5
357
330
17
100
AcDbEntity
  8
TANGENT
100
AcDbPolyline
 90
2
 70
0
 10
343.7749674770912
 20
238.58861766424656
 10
343.7749674770912
 20
238.2663416597188
  0
LWPOLYLINE
  5
358
330
17
100
AcDbEntity
  8
TANGENT
100
AcDbPolyline
 90
2
 70
0
 10
343.7749674770912
 20
238.56456916679213
 10
343.77866392311216
 20
238.57659341551934
  0
LWPOLYLINE
  5
359
330
17
100
AcDbEntity
  8
TANGENT
100
AcDbPolyline
 90
2
 70
0
 10
343.77866392311216
 20
238.57659341551934
 10
343.7749674770912
 20
238.58861766424656
  0
LWPOLYLINE
  5
35A
330
17
100
AcDbEntity
  8
TANGENT
100
AcDbPolyline
 90
2
 70
0
 10
343.7749674770912
 20
238.58861766424656
 10
343.1146130689725
 20
239.6292624463588
  0
LWPOLYLINE
  5
35B
330
17
100
AcDbEntity
  8
TANGENT
100
AcDbPolyline
 90
2
 70
0
 10
343.1146130689725
 20
239.6292624463588
 10
343.1146130689725
 20
238.7255050458816
  0
LWPOLYLINE
  5
35C
330
17
100
AcDbEntity
  8
TANGENT
100
AcDbPolyline
 90
2
 70
0
 10
343.7749674770912
 20
237.68486024844597
 10
343.1146130689725
 20
238.7255050458816
  0
LWPOLYLINE
  5
35D
330
17
100
AcDbEntity
  8
TANGENT
100
AcDbPolyline
 90
2
 70
0
 10
343.7749674770912
 20
238.06142584347066
 10
343.7749674770912
 20
237.68486024844597
  0
LWPOLYLINE
  5
35E
330
17
100
AcDbEntity
  8
TANGENT
100
AcDbPolyline
 90
2
 70
0
 10
343.7527776761842
 20
238.6235862988927
 10
343.76912354991674
 20
238.60943406036398
  0
LWPOLYLINE
  5
35F
330
17
100
AcDbEntity
  8
TANGENT
100
AcDbPolyline
 90
2
 70
0
 10
343.76912354991674
 20
238.60943406036398
 10
343.7749674770912
 20
238.58861766424656
  0
LWPOLYLINE
  5
360
330
17
100
AcDbEntity
  8
TANGENT
100
AcDbPolyline
 90
2
 70
0
 10
339.9467722522826
 20
238.96792895024282
 10
339.9467722522826
 20
238.08822004722003
  0
LWPOLYLINE
  5
361
330
17
100
AcDbEntity
  8
TANGENT
100
AcDbPolyline
 90
2
 70
0
 10
340.60712666040126
 20
237.02352676765335
 10
339.96896205318956
 20
238.02920291511947
  0
LWPOLYLINE
  5
362
330
17
100
AcDbEntity
  8
TANGENT
100
AcDbPolyline
 90
2
 70
0
 10
343.0369278187243
 20
239.66325324952558
 10
340.00436936584157
 20
239.03016194088707
  0
LWPOLYLINE
  5
363
330
17
100
AcDbEntity
  8
TANGENT
100
AcDbPolyline
 90
5
 70
0
 10
343.05701595541353
 20
239.66744695487205
 10
343.0808119387259
 20
239.66792931986254
 10
343.0995765329364
 20
239.65995277522288
 10
343.10465550116385
 20
239.65540247927015
 10
343.1087691417981
 20
239.65007884247623
  0
LWPOLYLINE
  5
364
330
17
100
AcDbEntity
  8
TANGENT
100
AcDbPolyline
 90
2
 70
0
 10
343.1087691417981
 20
239.65007884247623
 10
343.1146130689725
 20
239.6292624463588
  0
LWPOLYLINE
  5
365
330
17
100
AcDbEntity
  8
TANGENT
100
AcDbPolyline
 90
2
 70
0
 10
343.036052332166
 20
239.65027455281196
 10
343.036052332166
 20
238.74651713701138
  0
LWPOLYLINE
  5
366
330
17
100
AcDbEntity
  8
TANGENT
100
AcDbPolyline
 90
5
 70
0
 10
343.036052332166
 20
239.65027455281196
 10
343.06583157823707
 20
239.65202921886547
 10
343.0939218343038
 20
239.64530747597752
 10
343.10629409253886
 20
239.63814477189857
 10
343.1146130689725
 20
239.6292624463588
  0
LWPOLYLINE
  5
367
330
17
100
AcDbEntity
  8
TANGENT
100
AcDbPolyline
 90
5
 70
0
 10
343.036052332166
 20
238.74651713701138
 10
343.06583157823707
 20
238.74827181838825
 10
343.0939218343038
 20
238.7415500755003
 10
343.10629409253886
 20
238.73438737142135
 10
343.1146130689725
 20
238.7255050458816
  0
LWPOLYLINE
  5
368
330
17
100
AcDbEntity
  8
TANGENT
100
AcDbPolyline
 90
5
 70
0
 10
343.7173703635322
 20
237.6226272578017
 10
343.7411663468445
 20
237.6320804255852
 10
343.7610412585634
 20
237.64921651121122
 10
343.77268257577714
 20
237.67038169832944
 10
343.7749674770912
 20
237.68486024844597
  0
LWPOLYLINE
  5
369
330
17
100
AcDbEntity
  8
TANGENT
100
AcDbPolyline
 90
2
 70
0
 10
343.7173703635322
 20
237.6226272578017
 10
343.05701595541353
 20
238.66327205523734
  0
LWPOLYLINE
  5
36A
330
17
100
AcDbEntity
  8
TANGENT
100
AcDbPolyline
 90
5
 70
0
 10
343.05701595541353
 20
238.66327205523734
 10
343.0808119387259
 20
238.67272520769745
 10
343.1006868504448
 20
238.68986130864684
 10
343.1123281676585
 20
238.7110264804417
 10
343.1146130689725
 20
238.7255050458816
  0
LWPOLYLINE
  5
36B
330
17
100
AcDbEntity
  8
TANGENT
100
AcDbPolyline
 90
3
 70
0
 10
343.75934365681394
 20
237.6472160579838
 10
343.7746231298735
 20
237.66028238916422
 10
343.77866392311216
 20
237.67283601504212
  0
LWPOLYLINE
  5
36C
330
17
100
AcDbEntity
  8
TANGENT
100
AcDbPolyline
 90
2
 70
0
 10
343.77866392311216
 20
237.67283601504212
 10
343.7749674770912
 20
237.68486024844597
  0
LWPOLYLINE
  5
36D
330
17
100
AcDbEntity
  8
TANGENT
100
AcDbPolyline
 90
2
 70
0
 10
339.9838513620956
 20
239.02258466249452
 10
339.9623960725599
 20
239.00557315602836
  0
LWPOLYLINE
  5
36E
330
17
100
AcDbEntity
  8
TANGENT
100
AcDbPolyline
 90
2
 70
0
 10
339.9834057272707
 20
239.01298953882701
 10
339.9834057272707
 20
238.10923213834982
  0
LWPOLYLINE
  5
36F
330
17
100
AcDbEntity
  8
TANGENT
100
AcDbPolyline
 90
5
 70
0
 10
339.9834057272707
 20
239.01298953882701
 10
339.9586270856111
 20
239.00335445175867
 10
339.9455970861882
 20
238.98993278649
 10
339.943709397787
 20
238.98499511524074
 10
339.9430758062616
 20
238.97995319897004
  0
LWPOLYLINE
  5
370
330
17
100
AcDbEntity
  8
TANGENT
100
AcDbPolyline
 90
2
 70
0
 10
339.9430758062616
 20
238.97995319897004
 10
339.9467722522826
 20
238.96792895024282
  0
LWPOLYLINE
  5
371
330
17
100
AcDbEntity
  8
TANGENT
100
AcDbPolyline
 90
2
 70
0
 10
339.9467722522826
 20
238.0641715497656
 10
339.9430758062616
 20
238.07619579849282
  0
LWPOLYLINE
  5
372
330
17
100
AcDbEntity
  8
TANGENT
100
AcDbPolyline
 90
5
 70
0
 10
339.9430758062616
 20
238.07619579849282
 10
339.9474797485174
 20
238.0892812839106
 10
339.96110867795784
 20
238.10110125652713
 10
339.97148426784287
 20
238.10586401128074
 10
339.9834057272707
 20
238.10923213834982
  0
LWPOLYLINE
  5
373
330
17
100
AcDbEntity
  8
TANGENT
100
AcDbPolyline
 90
2
 70
0
 10
340.60712666040126
 20
237.02352676765335
 10
340.61297058757566
 20
237.00271035621253
  0
LWPOLYLINE
  5
374
330
17
100
AcDbEntity
  8
TANGENT
100
AcDbPolyline
 90
5
 70
0
 10
340.61297058757566
 20
237.00271035621253
 10
340.62609808972854
 20
236.99024234211396
 10
340.6452511012261
 20
236.98423355058767
 10
340.6548408617071
 20
236.98402371208644
 10
340.66472377396025
 20
236.98534225914014
  0
LWPOLYLINE
  5
375
330
17
100
AcDbEntity
  8
TANGENT
100
AcDbPolyline
 90
2
 70
0
 10
340.66472377396025
 20
236.98534225914014
 10
340.00436936584157
 20
238.02598705657576
  0
LWPOLYLINE
  5
376
330
17
100
AcDbEntity
  8
TANGENT
100
AcDbPolyline
 90
2
 70
0
 10
339.9467722522826
 20
238.0641715497656
 10
339.95261616413364
 20
238.04335515364818
  0
LWPOLYLINE
  5
377
330
17
100
AcDbEntity
  8
TANGENT
100
AcDbPolyline
 90
5
 70
0
 10
339.95261616413364
 20
238.04335515364818
 10
339.9657436816099
 20
238.0308871395496
 10
339.98489669310743
 20
238.0248783480233
 10
339.9944864535885
 20
238.0246684941987
 10
340.00436936584157
 20
238.02598705657576
  0
LWPOLYLINE
  5
378
330
17
100
AcDbEntity
  8
TANGENT
100
AcDbPolyline
 90
3
 70
0
 10
343.05701595541353
 20
239.66744695487205
 10
343.05041765775456
 20
239.675293266021
 10
343.04449006487135
 20
239.67723823325358
  0
LWPOLYLINE
  5
379
330
17
100
AcDbEntity
  8
TANGENT
100
AcDbPolyline
 90
3
 70
0
 10
343.04449006487135
 20
239.67723823325358
 10
343.03913326826165
 20
239.67162103095603
 10
343.036052332166
 20
239.65027455281196
  0
LWPOLYLINE
  5
37A
330
17
100
AcDbEntity
  8
TANGENT
100
AcDbPolyline
 90
2
 70
0
 10
343.036052332166
 20
239.65027455281196
 10
339.9834057272707
 20
239.01298953882701
  0
LWPOLYLINE
  5
37B
330
17
100
AcDbEntity
  8
TANGENT
100
AcDbPolyline
 90
3
 70
0
 10
340.00436936584157
 20
239.03016194088707
 10
339.99777105285926
 20
239.03800825203604
 10
339.9918434752994
 20
239.03995321926863
  0
LWPOLYLINE
  5
37C
330
17
100
AcDbEntity
  8
TANGENT
100
AcDbPolyline
 90
3
 70
0
 10
339.9918434752994
 20
239.03995321926863
 10
339.98648666336635
 20
239.03433603229448
 10
339.9834057272707
 20
239.01298953882701
  0
LWPOLYLINE
  5
37D
330
17
100
AcDbEntity
  8
TANGENT
100
AcDbPolyline
 90
2
 70
0
 10
343.036052332166
 20
238.74651713701138
 10
339.9834057272707
 20
238.10923213834982
  0
LWPOLYLINE
  5
37E
330
17
100
AcDbEntity
  8
TANGENT
100
AcDbPolyline
 90
3
 70
0
 10
343.05701595541353
 20
238.66327205523734
 10
343.04560320188347
 20
238.6893498751857
 10
343.036052332166
 20
238.74651713701138
  0
LWPOLYLINE
  5
37F
330
17
100
AcDbEntity
  8
TANGENT
100
AcDbPolyline
 90
3
 70
0
 10
343.7173703635322
 20
237.6226272578017
 10
343.7239686765145
 20
237.61478094665273
 10
343.7298962540744
 20
237.61283599474353
  0
LWPOLYLINE
  5
380
330
17
100
AcDbEntity
  8
TANGENT
100
AcDbPolyline
 90
3
 70
0
 10
343.7298962540744
 20
237.61283599474353
 10
343.73525306600743
 20
237.61845318171768
 10
343.7378883672782
 20
237.63020453619424
  0
LWPOLYLINE
  5
381
330
17
100
AcDbEntity
  8
TANGENT
100
AcDbPolyline
 90
2
 70
0
 10
343.7173703635322
 20
237.6226272578017
 10
340.66472377396025
 20
236.98534225914014
  0
LWPOLYLINE
  5
382
330
17
100
AcDbEntity
  8
TANGENT
100
AcDbPolyline
 90
2
 70
0
 10
343.05701595541353
 20
238.66327205523734
 10
340.00436936584157
 20
238.02598705657576
  0
LWPOLYLINE
  5
383
330
17
100
AcDbEntity
  8
TANGENT
100
AcDbPolyline
 90
3
 70
0
 10
339.9834057272707
 20
238.10923213834982
 10
339.9877076770433
 20
238.07198180497815
 10
340.00436936584157
 20
238.02598705657576
  0
LWPOLYLINE
  5
384
330
17
100
AcDbEntity
  8
TANGENT
100
AcDbPolyline
 90
3
 70
0
 10
340.6848119106495
 20
236.9895359491632
 10
340.68190397562574
 20
236.97970507514216
 10
340.6772496645024
 20
236.97555098075858
  0
LWPOLYLINE
  5
385
330
17
100
AcDbEntity
  8
TANGENT
100
AcDbPolyline
 90
3
 70
0
 10
340.6772496645024
 20
236.97555098075858
 10
340.6700928905754
 20
236.97855579025327
 10
340.66472377396025
 20
236.98534225914014
  0
LWPOLYLINE
  5
386
330
17
100
AcDbEntity
  8
TANGENT
100
AcDbPolyline
 90
2
 70
0
 10
327.13455191117816
 20
226.91871819104094
 10
325.23740192968927
 20
226.91871819104094
  0
LWPOLYLINE
  5
387
330
17
100
AcDbEntity
  8
TANGENT
100
AcDbPolyline
 90
2
 70
0
 10
325.23740192968927
 20
226.91871819104094
 10
325.23740192968927
 20
226.01496077524033
  0
LWPOLYLINE
  5
388
330
17
100
AcDbEntity
  8
TANGENT
100
AcDbPolyline
 90
2
 70
0
 10
327.16814905645856
 20
226.01496077524033
 10
325.23740192968927
 20
226.01496077524033
  0
LWPOLYLINE
  5
389
330
17
100
AcDbEntity
  8
TANGENT
100
AcDbPolyline
 90
2
 70
0
 10
327.16814905645856
 20
226.39152637026504
 10
327.16814905645856
 20
226.01496077524033
  0
LWPOLYLINE
  5
38A
330
17
100
AcDbEntity
  8
TANGENT
100
AcDbPolyline
 90
2
 70
0
 10
327.13725515635974
 20
226.93377038758155
 10
325.23740192968927
 20
226.93377038758155
  0
LWPOLYLINE
  5
38B
330
17
100
AcDbEntity
  8
TANGENT
100
AcDbPolyline
 90
15
 70
0
 10
325.23740192968927
 20
226.93377038758155
 10
325.23740192968927
 20
226.935256112819
 10
325.23740192968927
 20
226.93664341592313
 10
325.23740192968927
 20
226.9379296919177
 10
325.23740192968927
 20
226.9391124737369
 10
325.23740192968927
 20
226.94018950884248
 10
325.23740192968927
 20
226.9411587439001
 10
325.23740192968927
 20
226.94201835542643
 10
325.23740192968927
 20
226.94276667317195
 10
325.23740192968927
 20
226.9434023027082
 10
325.23740192968927
 20
226.94392401816395
 10
325.23740192968927
 20
226.94433082351887
 10
325.23740192968927
 20
226.94462196792688
 10
325.23740192968927
 20
226.94479686909915
 10
325.23740192968927
 20
226.94485520524447
  0
LWPOLYLINE
  5
38C
330
17
100
AcDbEntity
  8
TANGENT
100
AcDbPolyline
 90
15
 70
0
 10
325.23740192968927
 20
226.94485520524447
 10
325.23740192968927
 20
226.94471118070285
 10
325.23740192968927
 20
226.94427978130713
 10
325.23740192968927
 20
226.9435630297448
 10
325.23740192968927
 20
226.94256431248502
 10
325.23740192968927
 20
226.94128830316168
 10
325.23740192968927
 20
226.93974100854362
 10
325.23740192968927
 20
226.9379296919177
 10
325.23740192968927
 20
226.93586287308867
 10
325.23740192968927
 20
226.9335502670857
 10
325.23740192968927
 20
226.9310027381923
 10
325.23740192968927
 20
226.92823226929926
 10
325.23740192968927
 20
226.9252518546413
 10
325.23740192968927
 20
226.92207551512013
 10
325.23740192968927
 20
226.91871819104094
  0
LWPOLYLINE
  5
38D
330
17
100
AcDbEntity
  8
TANGENT
100
AcDbPolyline
 90
5
 70
0
 10
325.1761083701093
 20
226.8835616456645
 10
325.1805123123651
 20
226.8966471310823
 10
325.19414124180554
 20
226.9084671036988
 10
325.2176174412942
 20
226.91683637149808
 10
325.23740192968927
 20
226.91871819104094
  0
LWPOLYLINE
  5
38E
330
17
100
AcDbEntity
  8
TANGENT
100
AcDbPolyline
 90
5
 70
0
 10
325.1761083701093
 20
225.9798042451873
 10
325.1805123123651
 20
225.99288973060507
 10
325.19414124180554
 20
226.0047097032216
 10
325.2176174412942
 20
226.0130789710209
 10
325.23740192968927
 20
226.01496077524033
  0
LWPOLYLINE
  5
38F
330
17
100
AcDbEntity
  8
TANGENT
100
AcDbPolyline
 90
15
 70
0
 10
327.16814905645856
 20
225.92959548794684
 10
327.16814905645856
 20
225.93384748346847
 10
327.16814905645856
 20
225.93867740064
 10
327.16814905645856
 20
225.94402451286723
 10
327.16814905645856
 20
225.94982158111537
 10
327.16814905645856
 20
225.95599568137186
 10
327.16814905645856
 20
225.9624692006669
 10
327.16814905645856
 20
225.96916072582997
 10
327.16814905645856
 20
225.97598608548037
 10
327.16814905645856
 20
225.98285946863473
 10
327.16814905645856
 20
225.98969443605063
 10
327.16814905645856
 20
225.99640502351073
 10
327.16814905645856
 20
226.0029068297835
 10
327.16814905645856
 20
226.00911813523066
 10
327.16814905645856
 20
226.01496077524033
  0
LWPOLYLINE
  5
390
330
17
100
AcDbEntity
  8
TANGENT
100
AcDbPolyline
 90
2
 70
0
 10
327.16814905645856
 20
225.92959548794684
 10
325.23740192968927
 20
225.92959548794684
  0
LWPOLYLINE
  5
391
330
17
100
AcDbEntity
  8
TANGENT
100
AcDbPolyline
 90
15
 70
0
 10
325.23740192968927
 20
225.92959548794684
 10
325.23740192968927
 20
225.93384748346847
 10
325.23740192968927
 20
225.93867740064
 10
325.23740192968927
 20
225.94402451286723
 10
325.23740192968927
 20
225.94982158111537
 10
325.23740192968927
 20
225.95599568137186
 10
325.23740192968927
 20
225.9624692006669
 10
325.23740192968927
 20
225.96916072582997
 10
325.23740192968927
 20
225.97598608548037
 10
325.23740192968927
 20
225.98285946863473
 10
325.23740192968927
 20
225.98969443605063
 10
325.23740192968927
 20
225.99640502351073
 10
325.23740192968927
 20
226.0029068297835
 10
325.23740192968927
 20
226.00911813523066
 10
325.23740192968927
 20
226.01496077524033
  0
LWPOLYLINE
  5
392
330
17
100
AcDbEntity
  8
TANGENT
100
AcDbPolyline
 90
5
 70
0
 10
327.22944261603857
 20
225.9798042451873
 10
327.2250386737827
 20
225.99288973060507
 10
327.2114097443423
 20
226.0047097032216
 10
327.1879335448537
 20
226.0130789710209
 10
327.16814905645856
 20
226.01496077524033
  0
LWPOLYLINE
  5
393
330
17
100
AcDbEntity
  8
TANGENT
100
AcDbPolyline
 90
15
 70
0
 10
327.16814905645856
 20
224.0662987975238
 10
327.16814905645856
 20
224.06481307228637
 10
327.16814905645856
 20
224.06342576918223
 10
327.16814905645856
 20
224.06213949318766
 10
327.16814905645856
 20
224.06095671136845
 10
327.16814905645856
 20
224.05987967626288
 10
327.16814905645856
 20
224.05891044120526
 10
327.16814905645856
 20
224.05805082967893
 10
327.16814905645856
 20
224.05730251193341
 10
327.16814905645856
 20
224.05666688239717
 10
327.16814905645856
 20
224.0561451669414
 10
327.16814905645856
 20
224.0557383615865
 10
327.16814905645856
 20
224.05544721717848
 10
327.16814905645856
 20
224.0552723160062
 10
327.16814905645856
 20
224.0552139798609
  0
LWPOLYLINE
  5
394
330
17
100
AcDbEntity
  8
TANGENT
100
AcDbPolyline
 90
15
 70
0
 10
327.16814905645856
 20
224.0552139798609
 10
327.16814905645856
 20
224.0552723160062
 10
327.16814905645856
 20
224.05544721717848
 10
327.16814905645856
 20
224.0557383615865
 10
327.16814905645856
 20
224.0561451669414
 10
327.16814905645856
 20
224.05666688239717
 10
327.16814905645856
 20
224.05730251193341
 10
327.16814905645856
 20
224.05805082967893
 10
327.16814905645856
 20
224.05891044120526
 10
327.16814905645856
 20
224.05987967626288
 10
327.16814905645856
 20
224.06095671136845
 10
327.16814905645856
 20
224.06213949318766
 10
327.16814905645856
 20
224.06342576918223
 10
327.16814905645856
 20
224.06481307228637
 10
327.16814905645856
 20
224.0662987975238
  0
LWPOLYLINE
  5
395
330
17
100
AcDbEntity
  8
TANGENT
100
AcDbPolyline
 90
2
 70
0
 10
327.16814905645856
 20
224.0662987975238
 10
326.4029951653443
 20
224.0662987975238
  0
LWPOLYLINE
  5
396
330
17
100
AcDbEntity
  8
TANGENT
100
AcDbPolyline
 90
2
 70
0
 10
325.63479441735353
 20
224.0662987975238
 10
325.23740192968927
 20
224.0662987975238
  0
LWPOLYLINE
  5
397
330
17
100
AcDbEntity
  8
TANGENT
100
AcDbPolyline
 90
15
 70
0
 10
325.23740192968927
 20
224.0662987975238
 10
325.23740192968927
 20
224.06481307228637
 10
325.23740192968927
 20
224.06342576918223
 10
325.23740192968927
 20
224.06213949318766
 10
325.23740192968927
 20
224.06095671136845
 10
325.23740192968927
 20
224.05987967626288
 10
325.23740192968927
 20
224.05891044120526
 10
325.23740192968927
 20
224.05805082967893
 10
325.23740192968927
 20
224.05730251193341
 10
325.23740192968927
 20
224.05666688239717
 10
325.23740192968927
 20
224.0561451669414
 10
325.23740192968927
 20
224.0557383615865
 10
325.23740192968927
 20
224.05544721717848
 10
325.23740192968927
 20
224.0552723160062
 10
325.23740192968927
 20
224.0552139798609
  0
LWPOLYLINE
  5
398
330
17
100
AcDbEntity
  8
TANGENT
100
AcDbPolyline
 90
15
 70
0
 10
325.23740192968927
 20
224.0552139798609
 10
325.23740192968927
 20
224.0552723160062
 10
325.23740192968927
 20
224.05544721717848
 10
325.23740192968927
 20
224.0557383615865
 10
325.23740192968927
 20
224.0561451669414
 10
325.23740192968927
 20
224.05666688239717
 10
325.23740192968927
 20
224.05730251193341
 10
325.23740192968927
 20
224.05805082967893
 10
325.23740192968927
 20
224.05891044120526
 10
325.23740192968927
 20
224.05987967626288
 10
325.23740192968927
 20
224.06095671136845
 10
325.23740192968927
 20
224.06213949318766
 10
325.23740192968927
 20
224.06342576918223
 10
325.23740192968927
 20
224.06481307228637
 10
325.23740192968927
 20
224.0662987975238
  0
LWPOLYLINE
  5
399
330
17
100
AcDbEntity
  8
TANGENT
100
AcDbPolyline
 90
5
 70
0
 10
325.23740192968927
 20
226.93377038758155
 10
325.21233122421836
 20
226.92937824433596
 10
325.1918891018991
 20
226.91719162896942
 10
325.1794779375771
 20
226.8999797078868
 10
325.1761083701093
 20
226.8835616456645
  0
LWPOLYLINE
  5
39A
330
17
100
AcDbEntity
  8
TANGENT
100
AcDbPolyline
 90
5
 70
0
 10
325.23740192968927
 20
225.92959548794684
 10
325.21233122421836
 20
225.93398763119245
 10
325.1918891018991
 20
225.9461742618824
 10
325.1794779375771
 20
225.963386182965
 10
325.1761083701093
 20
225.9798042451873
  0
LWPOLYLINE
  5
39B
330
17
100
AcDbEntity
  8
TANGENT
100
AcDbPolyline
 90
5
 70
0
 10
327.16814905645856
 20
225.92959548794684
 10
327.19321976192947
 20
225.93398763119245
 10
327.2136618842487
 20
225.9461742618824
 10
327.2260730485708
 20
225.963386182965
 10
327.22944261603857
 20
225.9798042451873
  0
LWPOLYLINE
  5
39C
330
17
100
AcDbEntity
  8
TANGENT
100
AcDbPolyline
 90
2
 70
0
 10
327.16814905645856
 20
225.92959548794684
 10
327.16814905645856
 20
224.0662987975238
  0
LWPOLYLINE
  5
39D
330
17
100
AcDbEntity
  8
TANGENT
100
AcDbPolyline
 90
2
 70
0
 10
325.23740192968927
 20
225.92959548794684
 10
325.23740192968927
 20
224.0662987975238
  0
LWPOLYLINE
  5
39E
330
17
100
AcDbEntity
  8
TANGENT
100
AcDbPolyline
 90
5
 70
0
 10
325.1761083701093
 20
224.11650753944085
 10
325.1805123123651
 20
224.09781953153305
 10
325.1933597182741
 20
224.0815883686973
 10
325.21356225939235
 20
224.07025214017636
 10
325.23740192968927
 20
224.0662987975238
  0
LWPOLYLINE
  5
39F
330
17
100
AcDbEntity
  8
TANGENT
100
AcDbPolyline
 90
5
 70
0
 10
327.22944261603857
 20
224.11650753944085
 10
327.2250386737827
 20
224.09781953153305
 10
327.2121912678737
 20
224.0815883686973
 10
327.1919887267555
 20
224.07025214017636
 10
327.16814905645856
 20
224.0662987975238
  0
LWPOLYLINE
  5
3A0
330
17
100
AcDbEntity
  8
TANGENT
100
AcDbPolyline
 90
36
 70
0
 10
374.2886337452314
 20
224.01446871836873
 10
374.3214611506671
 20
224.04710698720302
 10
374.3430128090019
 20
224.08072094224212
 10
374.35426908007435
 20
224.11439137929636
 10
374.3561434984199
 20
224.14772536067866
 10
374.3490790325935
 20
224.18066228238203
 10
374.3329045969472
 20
224.21315842677507
 10
374.30699024692217
 20
224.2448882790862
 10
374.27061022080295
 20
224.27507385548714
 10
374.223384100112
 20
224.30246999263838
 10
374.1656909242218
 20
224.32548736386337
 10
374.09896597377013
 20
224.34242617616786
 10
374.02579277229336
 20
224.351781979132
 10
373.9497279552031
 20
224.35255951858204
 10
373.8748628369545
 20
224.34451046366138
 10
373.80521680401057
 20
224.32821786935554
 10
373.7441288536762
 20
224.30499200808762
 10
373.69382409539804
 20
224.2766044169634
 10
373.65526955766563
 20
224.24493783492915
 10
373.62833644738686
 20
224.2116489349599
 10
373.61219894111014
 20
224.17792678146475
 10
373.60584946465633
 20
224.14440743303487
 10
373.6085793572129
 20
224.11127866249004
 10
373.62026264519153
 20
224.07855058326757
 10
373.64134151565446
 20
224.04638070449218
 10
373.67254819678783
 20
224.01531545824756
 10
373.71448675194466
 20
223.9863800559346
 10
373.76719420243495
 20
223.9610193399865
 10
373.8297755243783
 20
223.9409142403046
 10
373.9002016098082
 20
223.927704803986
 10
373.9753498736553
 20
223.92267061070376
 10
374.05132058980826
 20
223.92644503745592
 10
374.12397909394184
 20
223.93884850943627
 10
374.18958652489187
 20
223.95890014581082
 10
374.2453381046953
 20
223.98501215224206
 10
374.2886337452314
 20
224.01446871836873
  0
LWPOLYLINE
  5
3A1
330
17
100
AcDbEntity
  8
TANGENT
100
AcDbPolyline
 90
5
 70
0
 10
374.32629030166913
 20
224.03700154868187
 10
374.36137038333004
 20
224.07148673037682
 10
374.38515777022064
 20
224.10701292188767
 10
374.3985627329943
 20
224.1426789853015
 10
374.40249840777835
 20
224.1756356741778
  0
LWPOLYLINE
  5
3A2
330
17
100
AcDbEntity
  8
TANGENT
100
AcDbPolyline
 90
20
 70
0
 10
374.40249840777835
 20
224.1756356741778
 10
374.398048541323
 20
224.21066837591712
 10
374.38460710888137
 20
224.2453162460426
 10
374.36169389073746
 20
224.27939514337788
 10
374.3286012680694
 20
224.3123572414108
 10
374.2847530660937
 20
224.34322427960717
 10
374.23007643741477
 20
224.37063947905543
 10
374.16531596087106
 20
224.3930193512906
 10
374.09222153694174
 20
224.40878261441594
 10
374.0135482958066
 20
224.41661948635672
 10
373.9328354195361
 20
224.41574594586896
 10
373.8539875990199
 20
224.4060773618703
 10
373.7807484763198
 20
224.38826893186587
 10
373.7161987270339
 20
224.36360501642648
 10
373.6624086943709
 20
224.33376476794024
 10
373.62032576223453
 20
224.3005258835156
 10
373.589905691998
 20
224.2654790689342
 10
373.5704357468273
 20
224.2298161927855
 10
373.5609618005271
 20
224.19423747269408
 10
373.55971196355364
 20
224.1756356741778
  0
LWPOLYLINE
  5
3A3
330
17
100
AcDbEntity
  8
TANGENT
100
AcDbPolyline
 90
6
 70
0
 10
373.55971196355364
 20
224.1756356741778
 10
373.56416183000897
 20
224.14060297243853
 10
373.5776032624507
 20
224.10595510231306
 10
373.60051648059454
 20
224.07187620497777
 10
373.6336091032626
 20
224.03891410694482
 10
373.69763306107103
 20
223.99679770852487
  0
LWPOLYLINE
  5
3A4
330
17
100
AcDbEntity
  8
TANGENT
100
AcDbPolyline
 90
3
 70
0
 10
374.26457731026096
 20
223.99679770852487
 10
374.2973815620546
 20
224.01591601254432
 10
374.32629030166913
 20
224.03700154868187
  0
LWPOLYLINE
  5
3A5
330
17
100
AcDbEntity
  8
TANGENT
100
AcDbPolyline
 90
36
 70
0
 10
374.2886337452314
 20
224.98127360895668
 10
374.3214611506671
 20
225.01391187779097
 10
374.3430128090019
 20
225.04752583283008
 10
374.35426908007435
 20
225.08119626988432
 10
374.3561434984199
 20
225.11453025126661
 10
374.3490790325935
 20
225.14746717296998
 10
374.3329045969472
 20
225.17996331736302
 10
374.30699024692217
 20
225.21169316967416
 10
374.27061022080295
 20
225.2418787460751
 10
374.223384100112
 20
225.2692748832263
 10
374.1656909242218
 20
225.29229225445133
 10
374.09896597377013
 20
225.3092310667558
 10
374.02579277229336
 20
225.31858686971995
 10
373.9497279552031
 20
225.31936440917
 10
373.8748628369545
 20
225.31131535424933
 10
373.80521680401057
 20
225.2950227599435
 10
373.7441288536762
 20
225.27179689867557
 10
373.69382409539804
 20
225.24340930755136
 10
373.65526955766563
 20
225.21174272551707
 10
373.62833644738686
 20
225.17845382554785
 10
373.61219894111014
 20
225.1447316720527
 10
373.60584946465633
 20
225.11121232362282
 10
373.6085793572129
 20
225.078083553078
 10
373.62026264519153
 20
225.04535547385552
 10
373.64134151565446
 20
225.01318559508013
 10
373.67254819678783
 20
224.9821203488355
 10
373.71448675194466
 20
224.95318494652255
 10
373.76719420243495
 20
224.92782423057446
 10
373.8297755243783
 20
224.90771913089256
 10
373.9002016098082
 20
224.89450969457394
 10
373.9753498736553
 20
224.8894755012917
 10
374.05132058980826
 20
224.89324992804387
 10
374.12397909394184
 20
224.90565340002422
 10
374.18958652489187
 20
224.92570503639877
 10
374.2453381046953
 20
224.95181704283002
 10
374.2886337452314
 20
224.98127360895668
  0
LWPOLYLINE
  5
3A6
330
17
100
AcDbEntity
  8
TANGENT
100
AcDbPolyline
 90
5
 70
0
 10
374.32629030166913
 20
225.00380643926982
 10
374.36137038333004
 20
225.03829162096477
 10
374.38515777022064
 20
225.07381781247562
 10
374.3985627329943
 20
225.10948387588945
 10
374.40249840777835
 20
225.14244056476576
  0
LWPOLYLINE
  5
3A7
330
17
100
AcDbEntity
  8
TANGENT
100
AcDbPolyline
 90
20
 70
0
 10
374.40249840777835
 20
225.14244056476576
 10
374.398048541323
 20
225.17747326650507
 10
374.38460710888137
 20
225.21212113663054
 10
374.36169389073746
 20
225.2462000339658
 10
374.3286012680694
 20
225.27916213199876
 10
374.2847530660937
 20
225.31002917019512
 10
374.23007643741477
 20
225.33744436964335
 10
374.16531596087106
 20
225.35982424187856
 10
374.09222153694174
 20
225.3755875050039
 10
374.0135482958066
 20
225.38342437694465
 10
373.9328354195361
 20
225.38255083645691
 10
373.8539875990199
 20
225.37288225245825
 10
373.7807484763198
 20
225.35507382245382
 10
373.7161987270339
 20
225.33040990701443
 10
373.6624086943709
 20
225.3005696585282
 10
373.62032576223453
 20
225.26733077410356
 10
373.589905691998
 20
225.23228395952216
 10
373.5704357468273
 20
225.19662108337346
 10
373.5609618005271
 20
225.16104236328204
 10
373.55971196355364
 20
225.14244056476576
  0
LWPOLYLINE
  5
3A8
330
17
100
AcDbEntity
  8
TANGENT
100
AcDbPolyline
 90
6
 70
0
 10
373.55971196355364
 20
225.14244056476576
 10
373.56416183000897
 20
225.10740786302648
 10
373.5776032624507
 20
225.072759992901
 10
373.60051648059454
 20
225.03868109556572
 10
373.6336091032626
 20
225.00571899753277
 10
373.69763306107103
 20
224.96360259911282
  0
LWPOLYLINE
  5
3A9
330
17
100
AcDbEntity
  8
TANGENT
100
AcDbPolyline
 90
3
 70
0
 10
374.26457731026096
 20
224.96360259911282
 10
374.2973815620546
 20
224.98272090313228
 10
374.32629030166913
 20
225.00380643926982
  0
LWPOLYLINE
  5
3AA
330
17
100
AcDbEntity
  8
TANGENT
100
AcDbPolyline
 90
36
 70
0
 10
357.7175893872645
 20
211.4070687441168
 10
357.7504167927003
 20
211.43970702827448
 10
357.7719684510351
 20
211.47332096799016
 10
357.78322472210755
 20
211.5069914050444
 10
357.78509914045304
 20
211.54032538642673
 10
357.7780346746267
 20
211.5732623081301
 10
357.7618602389804
 20
211.6057584525231
 10
357.73594588895537
 20
211.63748830483428
 10
357.69956586283615
 20
211.6676738812352
 10
357.6523397421452
 20
211.6950700337098
 10
357.59464656625494
 20
211.7180873896114
 10
357.52792161580334
 20
211.73502620191593
 10
357.45474841432656
 20
211.74438202020343
 10
357.3786835972363
 20
211.74515955965347
 10
357.3038184943111
 20
211.73711050473284
 10
357.2341724460437
 20
211.72081789510358
 10
357.17308449570936
 20
211.69759204915906
 10
357.12277973743124
 20
211.66920444271148
 10
357.08422519969884
 20
211.63753787600058
 10
357.05729208942006
 20
211.60424897603133
 10
357.04115458314334
 20
211.57052680721281
 10
357.0348051066895
 20
211.53700745878294
 10
357.0375349992461
 20
211.5038787035615
 10
357.04921828722473
 20
211.4711506090156
 10
357.07029717301106
 20
211.43898073024025
 10
357.10150383882103
 20
211.407915499319
 10
357.14344239397786
 20
211.37898008168264
 10
357.19614984446815
 20
211.35361936573457
 10
357.2587311664115
 20
211.33351428137607
 10
357.3291572518414
 20
211.32030482973403
 10
357.4043055156885
 20
211.31527063645183
 10
357.48027623184146
 20
211.319045063204
 10
357.55293473597504
 20
211.3314485505077
 10
357.618542166925
 20
211.35150017155888
 10
357.67429374672844
 20
211.3776121779901
 10
357.7175893872645
 20
211.4070687441168
  0
LWPOLYLINE
  5
3AB
330
17
100
AcDbEntity
  8
TANGENT
100
AcDbPolyline
 90
5
 70
0
 10
357.75524594370233
 20
211.4296015744299
 10
357.7903260253632
 20
211.46408675612489
 10
357.8141134122538
 20
211.49961294763574
 10
357.8275183750275
 20
211.53527901104957
 10
357.83145404981155
 20
211.56823569992588
  0
LWPOLYLINE
  5
3AC
330
17
100
AcDbEntity
  8
TANGENT
100
AcDbPolyline
 90
20
 70
0
 10
357.83145404981155
 20
211.56823569992588
 10
357.82700419867956
 20
211.60326841698856
 10
357.8135627509145
 20
211.63791627179063
 10
357.79064953277066
 20
211.67199516912592
 10
357.75755691010255
 20
211.70495726715887
 10
357.7137087081269
 20
211.7358243206786
 10
357.65903209477136
 20
211.76323952012686
 10
357.59427160290426
 20
211.78561939236207
 10
357.52117717897494
 20
211.80138264016398
 10
357.4425039378398
 20
211.80921952742816
 10
357.36179106156925
 20
211.80834598694042
 10
357.28294324105303
 20
211.79867738761837
 10
357.209704118353
 20
211.78086895761393
 10
357.1451543690671
 20
211.75620504217454
 10
357.0913643364041
 20
211.72636480901167
 10
357.0492814042677
 20
211.69312590926367
 10
357.0188613340312
 20
211.65807909468228
 10
356.99939138886043
 20
211.62241623385694
 10
356.9899174425602
 20
211.58683749844212
 10
356.98866760558684
 20
211.56823569992588
  0
LWPOLYLINE
  5
3AD
330
17
100
AcDbEntity
  8
TANGENT
100
AcDbPolyline
 90
6
 70
0
 10
356.98866760558684
 20
211.56823569992588
 10
356.9931174720422
 20
211.5332029981866
 10
357.0065589198072
 20
211.4985551433845
 10
357.02947213795113
 20
211.46447623072584
 10
357.0625647452958
 20
211.43151413269288
 10
357.12658870310423
 20
211.38939773427293
  0
LWPOLYLINE
  5
3AE
330
17
100
AcDbEntity
  8
TANGENT
100
AcDbPolyline
 90
3
 70
0
 10
357.69353295229416
 20
211.38939773427293
 10
357.7263372194112
 20
211.40851603829236
 10
357.75524594370233
 20
211.4296015744299
  0
LWPOLYLINE
  5
3AF
330
17
100
AcDbEntity
  8
TANGENT
100
AcDbPolyline
 90
36
 70
0
 10
359.30150980327124
 20
211.73773548451308
 10
359.3343371933836
 20
211.77037376867077
 10
359.35588885171836
 20
211.80398772370987
 10
359.3671451227908
 20
211.8376581607641
 10
359.3690195564597
 20
211.8709921421464
 10
359.3619550906334
 20
211.90392904852638
 10
359.34578065498704
 20
211.9364252082428
 10
359.31986630496203
 20
211.96815504523056
 10
359.2834862635194
 20
211.99834062163148
 10
359.2362601428285
 20
212.02573677410612
 10
359.17856696693826
 20
212.04875414533112
 10
359.1118420164866
 20
212.0656929576356
 10
359.0386688150098
 20
212.0750487605997
 10
358.9626039979196
 20
212.07582630004978
 10
358.88773889499436
 20
212.06777724512912
 10
358.81809284672704
 20
212.05148465082328
 10
358.75700489639263
 20
212.02825878955537
 10
358.7067001381145
 20
211.99987119843115
 10
358.6681456157055
 20
211.96820461639686
 10
358.6412124901033
 20
211.93491571642764
 10
358.6250749838266
 20
211.9011935476091
 10
358.61872550737274
 20
211.8676742145026
 10
358.62145541525274
 20
211.83454544395778
 10
358.6331387032314
 20
211.8018173647353
 10
358.6542175736943
 20
211.76964748595992
 10
358.6854242548277
 20
211.7385822397153
 10
358.72736279466113
 20
211.70964683740235
 10
358.7800702604748
 20
211.68428612145425
 10
358.84265158241817
 20
211.66418102177235
 10
358.9130776678481
 20
211.65097158545373
 10
358.9882259316952
 20
211.64593737684814
 10
359.0641966325247
 20
211.64971181892366
 10
359.1368551366583
 20
211.662115290904
 10
359.2024625829317
 20
211.68216691195516
 10
359.2582141474117
 20
211.7082789183864
 10
359.30150980327124
 20
211.73773548451308
  0
LWPOLYLINE
  5
3B0
330
17
100
AcDbEntity
  8
TANGENT
100
AcDbPolyline
 90
5
 70
0
 10
359.339166359709
 20
211.76026833014961
 10
359.37424642604645
 20
211.79475349652117
 10
359.39803381293706
 20
211.83027970335542
 10
359.4114387757108
 20
211.86594576676924
 10
359.4153744504948
 20
211.89890245564555
  0
LWPOLYLINE
  5
3B1
330
17
100
AcDbEntity
  8
TANGENT
100
AcDbPolyline
 90
20
 70
0
 10
359.4153744504948
 20
211.89890245564555
 10
359.41092459936283
 20
211.93393515738487
 10
359.39748315159784
 20
211.96858302751033
 10
359.3745699334539
 20
212.0026619248456
 10
359.3414773107859
 20
212.03562402287855
 10
359.29762910881016
 20
212.0664910610749
 10
359.24295249545463
 20
212.09390626052317
 10
359.1781920189109
 20
212.11628613275835
 10
359.1050975796582
 20
212.13204939588368
 10
359.02642433852304
 20
212.13988626782447
 10
358.9457114622526
 20
212.1390127273367
 10
358.8668636417363
 20
212.12934414333805
 10
358.79362451903626
 20
212.11153569801021
 10
358.72907478507375
 20
212.08687178257085
 10
358.6752847370874
 20
212.05703154940798
 10
358.63320182027434
 20
212.02379264965995
 10
358.6027817347145
 20
211.98874585040195
 10
358.5833117895437
 20
211.95308297425325
 10
358.5738378585669
 20
211.91750425416183
 10
358.5725880062701
 20
211.89890245564555
  0
LWPOLYLINE
  5
3B2
330
17
100
AcDbEntity
  8
TANGENT
100
AcDbPolyline
 90
6
 70
0
 10
358.5725880062701
 20
211.89890245564555
 10
358.57703787272544
 20
211.86386975390627
 10
358.5904793204905
 20
211.8292218837808
 10
358.6133925386344
 20
211.7951429864455
 10
358.64648514597906
 20
211.76218088841256
 10
358.7105091037875
 20
211.7200644899926
  0
LWPOLYLINE
  5
3B3
330
17
100
AcDbEntity
  8
TANGENT
100
AcDbPolyline
 90
3
 70
0
 10
359.2774533683008
 20
211.7200644899926
 10
359.3102576200945
 20
211.73918279401207
 10
359.339166359709
 20
211.76026833014961
  0
LWPOLYLINE
  5
3B4
330
17
100
AcDbEntity
  8
TANGENT
100
AcDbPolyline
 90
36
 70
0
 10
342.8974677318662
 20
237.58867356788525
 10
342.9302951219786
 20
237.62131185204294
 10
342.9518467803133
 20
237.654925807082
 10
342.96310305138576
 20
237.68859622881286
 10
342.9649774850547
 20
237.72193021019518
 10
342.95791301922833
 20
237.75486713189855
 10
342.941738583582
 20
237.78736329161495
 10
342.915824233557
 20
237.81909312860273
 10
342.8794442074378
 20
237.84927870500366
 10
342.8322180867468
 20
237.87667485747826
 10
342.7745249108566
 20
237.89969222870326
 10
342.70779996040494
 20
237.91663102568438
 10
342.6346267589282
 20
237.92598684397188
 10
342.5585619265145
 20
237.92676438342193
 10
342.4836968235893
 20
237.9187153285013
 10
342.414050775322
 20
237.90242271887203
 10
342.352962840311
 20
237.8791968729275
 10
342.30265808203285
 20
237.85080928180332
 10
342.26410354430044
 20
237.81914269976903
 10
342.23717043402166
 20
237.78585379979978
 10
342.22103292774494
 20
237.75213163098127
 10
342.21468343596774
 20
237.71861229787478
 10
342.2174133438477
 20
237.68548352732995
 10
342.22909663182634
 20
237.65275544810746
 10
342.25017550228927
 20
237.6205855540087
 10
342.28138218342264
 20
237.58952032308744
 10
342.3233207232561
 20
237.5605849207745
 10
342.37602818906976
 20
237.53522420482642
 10
342.4386095110131
 20
237.51511910514452
 10
342.5090355964431
 20
237.50190966882587
 10
342.5841838602902
 20
237.49687546022028
 10
342.66015457644306
 20
237.50064990229583
 10
342.73281308057665
 20
237.51305337427615
 10
342.7984205115267
 20
237.53310499532734
 10
342.8541720913301
 20
237.55921700175855
 10
342.8974677318662
 20
237.58867356788525
  0
LWPOLYLINE
  5
3B5
330
17
100
AcDbEntity
  8
TANGENT
100
AcDbPolyline
 90
5
 70
0
 10
342.935124288304
 20
237.61120641352176
 10
342.97020436996485
 20
237.64569157989334
 10
342.99399175685545
 20
237.6812177714042
 10
343.00739670430573
 20
237.71688385014141
 10
343.01133239441316
 20
237.74984053901773
  0
LWPOLYLINE
  5
3B6
330
17
100
AcDbEntity
  8
TANGENT
100
AcDbPolyline
 90
20
 70
0
 10
343.01133239441316
 20
237.74984053901773
 10
343.0068825279578
 20
237.784873240757
 10
342.9934410801928
 20
237.81952109555908
 10
342.97052786204887
 20
237.85360000821777
 10
342.9374352547042
 20
237.88656210625072
 10
342.8935870374051
 20
237.91742914444706
 10
342.8389104240496
 20
237.9448443438953
 10
342.77414994750586
 20
237.96722421613052
 10
342.70105552357654
 20
237.98298746393243
 10
342.62238228244144
 20
237.9908243511966
 10
342.5416693908475
 20
237.98995081070888
 10
342.4628215703313
 20
237.98028222671022
 10
342.3895824629546
 20
237.96247378138239
 10
342.3250327136687
 20
237.937809865943
 10
342.27124268100573
 20
237.90796963278012
 10
342.22915974886934
 20
237.87473073303212
 10
342.1987396786328
 20
237.83968391845073
 10
342.1792697181387
 20
237.8040210576254
 10
342.1697957871619
 20
237.76844233753397
 10
342.16854595018845
 20
237.74984053901773
  0
LWPOLYLINE
  5
3B7
330
17
100
AcDbEntity
  8
TANGENT
100
AcDbPolyline
 90
6
 70
0
 10
342.16854595018845
 20
237.74984053901773
 10
342.17299580132044
 20
237.71480783727844
 10
342.1864372490855
 20
237.68015996715295
 10
342.20935046722934
 20
237.64608106981768
 10
342.24244308989745
 20
237.61311897178473
 10
342.30646704770584
 20
237.57100255804139
  0
LWPOLYLINE
  5
3B8
330
17
100
AcDbEntity
  8
TANGENT
100
AcDbPolyline
 90
3
 70
0
 10
342.87341129689577
 20
237.57100255804139
 10
342.90621554868943
 20
237.59012086206081
 10
342.935124288304
 20
237.61120641352176
  0
LWPOLYLINE
  5
3B9
330
17
100
AcDbEntity
  8
TANGENT
100
AcDbPolyline
 90
36
 70
0
 10
341.3135473311829
 20
237.25800682748894
 10
341.3463747212953
 20
237.29064511164663
 10
341.36792637963003
 20
237.32425905136233
 10
341.3791826507025
 20
237.35792948841657
 10
341.38105708437143
 20
237.39126346979887
 10
341.37399261854506
 20
237.42420039150224
 10
341.3578181828987
 20
237.45669653589528
 10
341.3319038328737
 20
237.48842638820642
 10
341.29552379143115
 20
237.51861196460735
 10
341.24829767074016
 20
237.54600810175856
 10
341.19060449484994
 20
237.56902547298358
 10
341.1238795443983
 20
237.58596428528807
 10
341.05070634292156
 20
237.59532010357557
 10
340.97464152583126
 20
237.59609764302564
 10
340.89977642290603
 20
237.58804858810498
 10
340.8301303746387
 20
237.57175597847575
 10
340.7690424396277
 20
237.54853013253123
 10
340.7187376660262
 20
237.52014252608362
 10
340.68018314361717
 20
237.48847595937272
 10
340.6532500333384
 20
237.4551870594035
 10
340.6371125270617
 20
237.42146489058496
 10
340.6307630352844
 20
237.38794554215508
 10
340.6334929431644
 20
237.35481678693364
 10
340.64517623114307
 20
237.32208869238778
 10
340.666255101606
 20
237.2899188136124
 10
340.69746178273937
 20
237.25885356736777
 10
340.7394003225728
 20
237.2299181650548
 10
340.7921077883865
 20
237.20455744910672
 10
340.85468911032984
 20
237.18445234942482
 10
340.92511519575976
 20
237.1712429131062
 10
341.00026345960686
 20
237.16620871982397
 10
341.0762341757598
 20
237.16998314657613
 10
341.14889266457
 20
237.18238663387987
 10
341.21450011084335
 20
237.20243825493102
 10
341.27025167532344
 20
237.22855026136227
 10
341.3135473311829
 20
237.25800682748894
  0
LWPOLYLINE
  5
3BA
330
17
100
AcDbEntity
  8
TANGENT
100
AcDbPolyline
 90
5
 70
0
 10
341.3512038876207
 20
237.28053965780208
 10
341.3862839692815
 20
237.31502483949703
 10
341.4100713408488
 20
237.35055103100788
 10
341.42347630362246
 20
237.3862170944217
 10
341.4274119937299
 20
237.41917378329802
  0
LWPOLYLINE
  5
3BB
330
17
100
AcDbEntity
  8
TANGENT
100
AcDbPolyline
 90
20
 70
0
 10
341.4274119937299
 20
237.41917378329802
 10
341.42296212727456
 20
237.45420648503733
 10
341.4095206795095
 20
237.4888543551628
 10
341.3866074613656
 20
237.52293325249806
 10
341.35351485402094
 20
237.55589535053102
 10
341.30966663672183
 20
237.58676238872738
 10
341.2549900233663
 20
237.6141775881756
 10
341.1902295468226
 20
237.6365574757342
 10
341.1171351075699
 20
237.65232072353615
 10
341.0384618664348
 20
237.6601576108003
 10
340.95774899016425
 20
237.65928405498917
 10
340.87890116964803
 20
237.6496154709905
 10
340.80566204694793
 20
237.63180704098608
 10
340.7411123129854
 20
237.60714312554668
 10
340.68732226499907
 20
237.57730287706045
 10
340.64523934818607
 20
237.5440639926358
 10
340.61481927794955
 20
237.50901717805442
 10
340.59534931745543
 20
237.47335430190572
 10
340.5858753864786
 20
237.4377755818143
 10
340.5846255495052
 20
237.41917378329802
  0
LWPOLYLINE
  5
3BC
330
17
100
AcDbEntity
  8
TANGENT
100
AcDbPolyline
 90
6
 70
0
 10
340.5846255495052
 20
237.41917378329802
 10
340.58907540063717
 20
237.38414108155874
 10
340.60251684840216
 20
237.34949322675666
 10
340.6254300665461
 20
237.31541431409798
 10
340.6585226892141
 20
237.28245221606502
 10
340.7225466316992
 20
237.24033581764508
  0
LWPOLYLINE
  5
3BD
330
17
100
AcDbEntity
  8
TANGENT
100
AcDbPolyline
 90
3
 70
0
 10
341.2894908962125
 20
237.24033581764508
 10
341.32229514800616
 20
237.25945412166453
 10
341.3512038876207
 20
237.28053965780208
  0
LWPOLYLINE
  5
3BE
330
17
100
AcDbEntity
  8
TANGENT
100
AcDbPolyline
 90
36
 70
0
 10
326.3264233738994
 20
224.98127360895668
 10
326.3592507793351
 20
225.01391187779097
 10
326.3808024376699
 20
225.04752583283008
 10
326.39205870874235
 20
225.08119626988432
 10
326.39393312708785
 20
225.11453025126661
 10
326.38686866126153
 20
225.14746717296998
 10
326.3706942256152
 20
225.17996331736302
 10
326.3447798755902
 20
225.21169316967416
 10
326.30839984947096
 20
225.2418787460751
 10
326.26117372878
 20
225.2692748832263
 10
326.2034805528898
 20
225.29229225445133
 10
326.13675560243814
 20
225.3092310667558
 10
326.06358240096137
 20
225.31858686971995
 10
325.9875175838711
 20
225.31936440917
 10
325.9126524656225
 20
225.31131535424933
 10
325.8430064326785
 20
225.2950227599435
 10
325.78191848234417
 20
225.27179689867557
 10
325.73161372406605
 20
225.24340930755136
 10
325.69305918633364
 20
225.21174272551707
 10
325.66612607605487
 20
225.17845382554785
 10
325.64998856977815
 20
225.1447316720527
 10
325.6436390933243
 20
225.11121232362282
 10
325.6463689858809
 20
225.078083553078
 10
325.65805227385954
 20
225.04535547385552
 10
325.67913114432247
 20
225.01318559508013
 10
325.71033782545584
 20
224.9821203488355
 10
325.75227638061267
 20
224.95318494652255
 10
325.80498383110296
 20
224.92782423057446
 10
325.8675651530463
 20
224.90771913089256
 10
325.93799123847623
 20
224.89450969457394
 10
326.0131395023233
 20
224.8894755012917
 10
326.08911021847626
 20
224.89324992804387
 10
326.16176872260985
 20
224.90565340002422
 10
326.2273761535598
 20
224.92570503639877
 10
326.28312773336324
 20
224.95181704283002
 10
326.3264233738994
 20
224.98127360895668
  0
LWPOLYLINE
  5
3BF
330
17
100
AcDbEntity
  8
TANGENT
100
AcDbPolyline
 90
5
 70
0
 10
326.36407993033714
 20
225.00380643926982
 10
326.399160011998
 20
225.03829162096477
 10
326.4229473988886
 20
225.07381781247562
 10
326.43635236166233
 20
225.10948387588945
 10
326.44028803644636
 20
225.14244056476576
  0
LWPOLYLINE
  5
3C0
330
17
100
AcDbEntity
  8
TANGENT
100
AcDbPolyline
 90
20
 70
0
 10
326.44028803644636
 20
225.14244056476576
 10
326.43583816999103
 20
225.17747326650507
 10
326.4223967375493
 20
225.21212113663054
 10
326.39948351940546
 20
225.2462000339658
 10
326.3663908967374
 20
225.27916213199876
 10
326.3225426947617
 20
225.31002917019512
 10
326.2678660660828
 20
225.33744436964335
 10
326.20310558953906
 20
225.35982424187856
 10
326.13001116560974
 20
225.3755875050039
 10
326.0513379244746
 20
225.38342437694465
 10
325.97062504820406
 20
225.38255083645691
 10
325.89177722768784
 20
225.37288225245825
 10
325.8185381049878
 20
225.35507382245382
 10
325.7539883557019
 20
225.33040990701443
 10
325.70019832303893
 20
225.3005696585282
 10
325.6581153909025
 20
225.26733077410356
 10
325.627695320666
 20
225.23228395952216
 10
325.60822537549524
 20
225.19662108337346
 10
325.59875142919503
 20
225.16104236328204
 10
325.59750159222165
 20
225.14244056476576
  0
LWPOLYLINE
  5
3C1
330
17
100
AcDbEntity
  8
TANGENT
100
AcDbPolyline
 90
6
 70
0
 10
325.59750159222165
 20
225.14244056476576
 10
325.601951458677
 20
225.10740786302648
 10
325.61539289111863
 20
225.072759992901
 10
325.63830610926254
 20
225.03868109556572
 10
325.6713987319306
 20
225.00571899753277
 10
325.73542268973904
 20
224.96360259911282
  0
LWPOLYLINE
  5
3C2
330
17
100
AcDbEntity
  8
TANGENT
100
AcDbPolyline
 90
3
 70
0
 10
326.30236693892897
 20
224.96360259911282
 10
326.33517119072263
 20
224.98272090313228
 10
326.36407993033714
 20
225.00380643926982
  0
LWPOLYLINE
  5
3C3
330
17
100
AcDbEntity
  8
TANGENT
100
AcDbPolyline
 90
36
 70
0
 10
326.3264233738994
 20
224.01446871836873
 10
326.3592507793351
 20
224.04710698720302
 10
326.3808024376699
 20
224.08072094224212
 10
326.39205870874235
 20
224.11439137929636
 10
326.39393312708785
 20
224.14772536067866
 10
326.38686866126153
 20
224.18066228238203
 10
326.3706942256152
 20
224.21315842677507
 10
326.3447798755902
 20
224.2448882790862
 10
326.30839984947096
 20
224.27507385548714
 10
326.26117372878
 20
224.30246999263838
 10
326.2034805528898
 20
224.32548736386337
 10
326.13675560243814
 20
224.34242617616786
 10
326.06358240096137
 20
224.351781979132
 10
325.9875175838711
 20
224.35255951858204
 10
325.9126524656225
 20
224.34451046366138
 10
325.8430064326785
 20
224.32821786935554
 10
325.78191848234417
 20
224.30499200808762
 10
325.73161372406605
 20
224.2766044169634
 10
325.69305918633364
 20
224.24493783492915
 10
325.66612607605487
 20
224.2116489349599
 10
325.64998856977815
 20
224.17792678146475
 10
325.6436390933243
 20
224.14440743303487
 10
325.6463689858809
 20
224.11127866249004
 10
325.65805227385954
 20
224.07855058326757
 10
325.67913114432247
 20
224.04638070449218
 10
325.71033782545584
 20
224.01531545824756
 10
325.75227638061267
 20
223.9863800559346
 10
325.80498383110296
 20
223.9610193399865
 10
325.8675651530463
 20
223.9409142403046
 10
325.93799123847623
 20
223.927704803986
 10
326.0131395023233
 20
223.92267061070376
 10
326.08911021847626
 20
223.92644503745592
 10
326.16176872260985
 20
223.93884850943627
 10
326.2273761535598
 20
223.95890014581082
 10
326.28312773336324
 20
223.98501215224206
 10
326.3264233738994
 20
224.01446871836873
  0
LWPOLYLINE
  5
3C4
330
17
100
AcDbEntity
  8
TANGENT
100
AcDbPolyline
 90
5
 70
0
 10
326.36407993033714
 20
224.03700154868187
 10
326.399160011998
 20
224.07148673037682
 10
326.4229473988886
 20
224.10701292188767
 10
326.43635236166233
 20
224.1426789853015
 10
326.44028803644636
 20
224.1756356741778
  0
LWPOLYLINE
  5
3C5
330
17
100
AcDbEntity
  8
TANGENT
100
AcDbPolyline
 90
20
 70
0
 10
326.44028803644636
 20
224.1756356741778
 10
326.43583816999103
 20
224.21066837591712
 10
326.4223967375493
 20
224.2453162460426
 10
326.39948351940546
 20
224.27939514337788
 10
326.3663908967374
 20
224.3123572414108
 10
326.3225426947617
 20
224.34322427960717
 10
326.2678660660828
 20
224.37063947905543
 10
326.20310558953906
 20
224.3930193512906
 10
326.13001116560974
 20
224.40878261441594
 10
326.0513379244746
 20
224.41661948635672
 10
325.97062504820406
 20
224.41574594586896
 10
325.89177722768784
 20
224.4060773618703
 10
325.8185381049878
 20
224.38826893186587
 10
325.7539883557019
 20
224.36360501642648
 10
325.70019832303893
 20
224.33376476794024
 10
325.6581153909025
 20
224.3005258835156
 10
325.627695320666
 20
224.2654790689342
 10
325.60822537549524
 20
224.2298161927855
 10
325.59875142919503
 20
224.19423747269408
 10
325.59750159222165
 20
224.1756356741778
  0
LWPOLYLINE
  5
3C6
330
17
100
AcDbEntity
  8
TANGENT
100
AcDbPolyline
 90
6
 70
0
 10
325.59750159222165
 20
224.1756356741778
 10
325.601951458677
 20
224.14060297243853
 10
325.61539289111863
 20
224.10595510231306
 10
325.63830610926254
 20
224.07187620497777
 10
325.6713987319306
 20
224.03891410694482
 10
325.73542268973904
 20
223.99679770852487
  0
LWPOLYLINE
  5
3C7
330
17
100
AcDbEntity
  8
TANGENT
100
AcDbPolyline
 90
3
 70
0
 10
326.30236693892897
 20
223.99679770852487
 10
326.33517119072263
 20
224.01591601254432
 10
326.36407993033714
 20
224.03700154868187
  0
LWPOLYLINE
  5
3C8
330
17
100
AcDbEntity
  8
TANGENT
100
AcDbPolyline
 90
38
 70
0
 10
303.37669990453713
 20
225.3810538791747
 10
303.42335910577214
 20
225.42502301334343
 10
303.4710996633086
 20
225.48248285997576
 10
303.5176403227994
 20
225.55261053771088
 10
303.5603321604801
 20
225.63313053847278
 10
303.59654274055384
 20
225.72039405665967
 10
303.6240959118047
 20
225.80979604584675
 10
303.6416497743328
 20
225.89645649670095
 10
303.6488981514847
 20
225.97598720408786
 10
303.6465346565039
 20
226.0451262933239
 10
303.63599694515375
 20
226.10207334271337
 10
303.61907144887505
 20
226.14646920264394
 10
303.597460274494
 20
226.17906962270519
 10
303.5724037738055
 20
226.20121464866685
 10
303.5444546768065
 20
226.2142065081724
 10
303.5135069762857
 20
226.21874747218064
 10
303.47909477989685
 20
226.21464250458507
 10
303.4408046625805
 20
226.2008776413529
 10
303.3986201823392
 20
226.17598412023932
 10
303.35314036113084
 20
226.13853315772374
 10
303.3056785820267
 20
226.08766019282493
 10
303.25823457805484
 20
226.02354274701474
 10
303.21331819789293
 20
225.94773439750116
 10
303.1736238757734
 20
225.8632430031334
 10
303.14160523885624
 20
225.77427733215018
 10
303.11905100176745
 20
225.68567834988716
 10
303.1067852564155
 20
225.60216745326858
 10
303.1045842200144
 20
225.5276211994403
 10
303.1113314610231
 20
225.46457496584753
 10
303.1253572202916
 20
225.4140697010126
 10
303.1448654279669
 20
225.37583931427002
 10
303.16834951900137
 20
225.34875502342655
 10
303.19490576582905
 20
225.33141766507427
 10
303.22433999045325
 20
225.32277286740128
 10
303.25699152934317
 20
225.32256275307904
 10
303.293349688985
 20
225.33143197712045
 10
303.3336604251099
 20
225.35068344139805
 10
303.37669990453713
 20
225.3810538791747
  0
LWPOLYLINE
  5
3C9
330
17
100
AcDbEntity
  8
TANGENT
100
AcDbPolyline
 90
17
 70
0
 10
303.4269086464542
 20
225.3106801690914
 10
303.4765148420338
 20
225.35706497438355
 10
303.52731333525776
 20
225.4169868453937
 10
303.5771845335422
 20
225.48976793664642
 10
303.6236521924035
 20
225.57344386617416
 10
303.66419504723854
 20
225.66479476070504
 10
303.6966146819458
 20
225.7596455481347
 10
303.7193752944497
 20
225.8533958403489
 10
303.7318247825699
 20
225.9416613703244
 10
303.73423723578145
 20
226.02086524512822
 10
303.7276689106731
 20
226.08863354987443
 10
303.7136726642535
 20
226.14391813404742
 10
303.69394317150477
 20
226.18685096268098
 10
303.6699661576642
 20
226.21839204615202
 10
303.6427375358113
 20
226.23985064553997
 10
303.6348916996874
 20
226.24407478313876
 10
303.62678833867295
 20
226.2476871037492
  0
LWPOLYLINE
  5
3CA
330
17
100
AcDbEntity
  8
TANGENT
100
AcDbPolyline
 90
6
 70
0
 10
303.2270289695588
 20
225.25232626395228
 10
303.25875307559875
 20
225.24438229683952
 10
303.2937789737529
 20
225.24489920075087
 10
303.33256561487207
 20
225.25456986873053
 10
303.3753334872134
 20
225.2746508953669
 10
303.4269086464542
 20
225.3106801690914
  0
LWPOLYLINE
  5
3CB
330
17
100
AcDbEntity
  8
TANGENT
100
AcDbPolyline
 90
9
 70
0
 10
366.6608184603541
 20
200.70489788608876
 10
366.65884194226174
 20
200.63404464584212
 10
366.64756253287055
 20
200.55391791988185
 10
366.62633628204355
 20
200.4675361555197
 10
366.59541829357585
 20
200.3790531559948
 10
366.5560699429533
 20
200.29324611069404
 10
366.51044350755046
 20
200.21479478289135
 10
366.46125613086343
 20
200.14754053190595
 10
366.4180017868631
 20
200.1003086189736
  0
LWPOLYLINE
  5
3CC
330
17
100
AcDbEntity
  8
TANGENT
100
AcDbPolyline
 90
6
 70
0
 10
366.6381525923699
 20
200.6296693583254
 10
366.6209144223204
 20
200.5406253082029
 10
366.5937090307266
 20
200.44717783681978
 10
366.55720595778655
 20
200.35359043224017
 10
366.5129520384166
 20
200.26442172634086
 10
366.4536661800274
 20
200.17031665168042
  0
LWPOLYLINE
  5
3CD
330
17
100
AcDbEntity
  8
TANGENT
100
AcDbPolyline
 90
38
 70
0
 10
333.61132557243997
 20
250.14780930775103
 10
333.65798477367497
 20
250.19177844191978
 10
333.70572533121145
 20
250.2492382885521
 10
333.75226599070226
 20
250.31936595096383
 10
333.7949578283829
 20
250.39988596704913
 10
333.8311684084567
 20
250.48714948523602
 10
333.85872157970755
 20
250.5765514744231
 10
333.8762754422356
 20
250.6632119099539
 10
333.8835238193875
 20
250.7427426326642
 10
333.8811603397301
 20
250.81188170657686
 10
333.8706226130566
 20
250.8688287712897
 10
333.85369713210133
 20
250.9132246158969
 10
333.8320859423968
 20
250.94582503595814
 10
333.8070294417083
 20
250.9679700772432
 10
333.7790803447093
 20
250.98096192142532
 10
333.74813264418856
 20
250.98550290075698
 10
333.7137204477997
 20
250.98139793316142
 10
333.6754303304833
 20
250.96763305460587
 10
333.6332458502421
 20
250.94273953349227
 10
333.58776602903373
 20
250.90528857097672
 10
333.5403042499296
 20
250.85441560607788
 10
333.49286024595773
 20
250.7902981755911
 10
333.4479438657958
 20
250.71448981075412
 10
333.4082495436762
 20
250.62999843170974
 10
333.3762309067591
 20
250.54103276072652
 10
333.3536766849937
 20
250.4524337784635
 10
333.3414109243183
 20
250.36892288184492
 10
333.3392098879172
 20
250.29437662801664
 10
333.34595712892593
 20
250.23133039442388
 10
333.35998290351785
 20
250.18082511426556
 10
333.37949109586975
 20
250.14259474284637
 10
333.4029751869042
 20
250.1155104366795
 10
333.4295314337319
 20
250.09817309365062
 10
333.4589656583561
 20
250.08952829597763
 10
333.49161719724606
 20
250.089318166332
 10
333.52797535688785
 20
250.0981873903734
 10
333.5682860930128
 20
250.1174388699744
 10
333.61132557243997
 20
250.14780930775103
  0
LWPOLYLINE
  5
3CE
330
17
100
AcDbEntity
  8
TANGENT
100
AcDbPolyline
 90
17
 70
0
 10
333.6615343296804
 20
250.07743559766774
 10
333.7111405099366
 20
250.1238204029599
 10
333.7619390031606
 20
250.18374225864665
 10
333.81181020144504
 20
250.25652336522276
 10
333.8582778603064
 20
250.3401992794271
 10
333.89882071514137
 20
250.43155018928138
 10
333.931240365172
 20
250.52640097671105
 10
333.95400096235255
 20
250.62015125360185
 10
333.96645045047273
 20
250.70841679890074
 10
333.9688629036843
 20
250.78762067370457
 10
333.96229457857595
 20
250.85538896312738
 10
333.94829833215636
 20
250.91067356262377
 10
333.9285688394076
 20
250.95360639125732
 10
333.904591825567
 20
250.98514747472836
 10
333.87736320371414
 20
251.0066060741163
 10
333.8695173675903
 20
251.0108301963917
 10
333.86141400657584
 20
251.01444253232555
  0
LWPOLYLINE
  5
3CF
330
17
100
AcDbEntity
  8
TANGENT
100
AcDbPolyline
 90
6
 70
0
 10
333.4616546374616
 20
250.01908169252863
 10
333.4933787435016
 20
250.01113771009247
 10
333.52840464165575
 20
250.0116546293272
 10
333.5671912827749
 20
250.02132528198348
 10
333.60995917043965
 20
250.04140632394325
 10
333.6615343296804
 20
250.07743559766774
  0
LWPOLYLINE
  5
3D0
330
17
100
AcDbEntity
  8
TANGENT
100
AcDbPolyline
 90
9
 70
0
 10
396.89544412825694
 20
225.4716533146651
 10
396.893467625488
 20
225.40080007441847
 10
396.8821882007734
 20
225.3206733484582
 10
396.8609619499464
 20
225.23429158409604
 10
396.8300439614787
 20
225.14580856924775
 10
396.7906956108561
 20
225.060001523947
 10
396.7450691754533
 20
224.9815501961443
 10
396.69588179876627
 20
224.9142959604823
 10
396.65262745476593
 20
224.86706404754995
  0
LWPOLYLINE
  5
3D1
330
17
100
AcDbEntity
  8
TANGENT
100
AcDbPolyline
 90
6
 70
0
 10
396.87277826027275
 20
225.39642478690175
 10
396.85554009022326
 20
225.3073807367792
 10
396.8283346986294
 20
225.21393326539612
 10
396.7918316256894
 20
225.1203458608165
 10
396.7475777063194
 20
225.0311771549172
 10
396.68829184793026
 20
224.93707208025677
  0
LWPOLYLINE
  5
3D2
330
17
100
AcDbEntity
  8
TANGENT
100
AcDbPolyline
 90
36
 70
0
 10
325.8307655571884
 20
233.97180891341955
 10
325.8635929473008
 20
234.00444719757726
 10
325.88514460563556
 20
234.03806113729294
 10
325.896400876708
 20
234.07173157434718
 10
325.8982753103769
 20
234.1050655557295
 10
325.8912108445506
 20
234.13800247743285
 10
325.8750364089042
 20
234.17049862182589
 10
325.8491220588792
 20
234.20222847413703
 10
325.8127420174366
 20
234.23241405053795
 10
325.7655158967457
 20
234.2598101876892
 10
325.7078227361788
 20
234.2828275589142
 10
325.64109777040375
 20
234.29976637121868
 10
325.567924568927
 20
234.3091221895062
 10
325.4918597518367
 20
234.30989972895625
 10
325.4169946489115
 20
234.3018506740356
 10
325.3473486006442
 20
234.28555806440636
 10
325.2862606656332
 20
234.26233221846184
 10
325.23595589203165
 20
234.23394461201423
 10
325.19740136962264
 20
234.20227804530336
 10
325.17046825934386
 20
234.1689891453341
 10
325.15433075306714
 20
234.13526697651557
 10
325.14798126128994
 20
234.10174762808572
 10
325.1507111691699
 20
234.06861887286425
 10
325.16239445714854
 20
234.0358907783184
 10
325.1834733276115
 20
234.003720899543
 10
325.21468000874484
 20
233.97265565329838
 10
325.2566185485783
 20
233.94372025098542
 10
325.30932601439196
 20
233.91835953503733
 10
325.3719073363353
 20
233.89825443535545
 10
325.4423334217653
 20
233.8850449990368
 10
325.5174816856124
 20
233.8800108057546
 10
325.59345240176526
 20
233.88378523250677
 10
325.66611090589885
 20
233.89618871981048
 10
325.73171833684887
 20
233.91624034086163
 10
325.7874699013289
 20
233.94235234729288
 10
325.8307655571884
 20
233.97180891341955
  0
LWPOLYLINE
  5
3D3
330
17
100
AcDbEntity
  8
TANGENT
100
AcDbPolyline
 90
5
 70
0
 10
325.8684221136262
 20
233.9943417437327
 10
325.90350219528705
 20
234.02882692542764
 10
325.92728956685426
 20
234.06435311693852
 10
325.94069452962793
 20
234.10001918035232
 10
325.94463021973536
 20
234.13297586922866
  0
LWPOLYLINE
  5
3D4
330
17
100
AcDbEntity
  8
TANGENT
100
AcDbPolyline
 90
20
 70
0
 10
325.94463021973536
 20
234.13297586922866
 10
325.94018035328
 20
234.16800857096794
 10
325.926738905515
 20
234.2026564410934
 10
325.9038256873711
 20
234.2367353384287
 10
325.8707330800264
 20
234.26969743646166
 10
325.8268848627273
 20
234.300564474658
 10
325.7722082493718
 20
234.32797967410625
 10
325.70744777282806
 20
234.35035956166482
 10
325.6343533335754
 20
234.36612280946676
 10
325.55568009244024
 20
234.37395969673094
 10
325.4749672161697
 20
234.37308614091978
 10
325.3961193956535
 20
234.36341755692115
 10
325.3228802729534
 20
234.3456091269167
 10
325.25833053899095
 20
234.32094521147732
 10
325.20454050632793
 20
234.29110496299106
 10
325.16245757419154
 20
234.25786607856642
 10
325.132037503955
 20
234.22281926398506
 10
325.1125675434609
 20
234.18715638783632
 10
325.1030936124841
 20
234.1515776677449
 10
325.1018437755107
 20
234.13297586922866
  0
LWPOLYLINE
  5
3D5
330
17
100
AcDbEntity
  8
TANGENT
100
AcDbPolyline
 90
6
 70
0
 10
325.1018437755107
 20
234.13297586922866
 10
325.10629362664264
 20
234.09794316748935
 10
325.1197350744077
 20
234.06329531268727
 10
325.14264829255154
 20
234.02921640002862
 10
325.17574091521965
 20
233.99625430199566
 10
325.23976485770464
 20
233.9541379035757
  0
LWPOLYLINE
  5
3D6
330
17
100
AcDbEntity
  8
TANGENT
100
AcDbPolyline
 90
3
 70
0
 10
325.80670912221797
 20
233.9541379035757
 10
325.83951337401163
 20
233.97325620759514
 10
325.8684221136262
 20
233.9943417437327
  0
LWPOLYLINE
  5
3D7
330
17
100
AcDbEntity
  8
TANGENT
100
AcDbPolyline
 90
36
 70
0
 10
374.7842915619423
 20
214.31096922658412
 10
374.8171189673781
 20
214.3436075107418
 10
374.8386706257129
 20
214.3772214657809
 10
374.84992689678535
 20
214.41089188751175
 10
374.85180133045424
 20
214.44422586889405
 10
374.8447368646279
 20
214.47716279059742
 10
374.8285624289815
 20
214.50965895031382
 10
374.80264807895657
 20
214.5413887873016
 10
374.76626803751395
 20
214.57157436370252
 10
374.719041916823
 20
214.59897051617713
 10
374.66134874093274
 20
214.62198788740213
 10
374.59462379048114
 20
214.63892669970664
 10
374.52145058900436
 20
214.64828250267075
 10
374.44538577191406
 20
214.64906004212082
 10
374.37052066898883
 20
214.64101098720016
 10
374.3008746207215
 20
214.62471837757093
 10
374.23978667038716
 20
214.6014925316264
 10
374.18948191210904
 20
214.5731049405022
 10
374.1509273897
 20
214.5414383584679
 10
374.12399426409786
 20
214.50814945849868
 10
374.1078567578211
 20
214.47442728968014
 10
374.1015072813673
 20
214.44090795657365
 10
374.1042371892472
 20
214.40777918602882
 10
374.11592047722587
 20
214.37505110680635
 10
374.13699934768886
 20
214.34288121270757
 10
374.1682060288222
 20
214.31181598178634
 10
374.21014456865566
 20
214.28288057947339
 10
374.2628520344693
 20
214.2575198635253
 10
374.3254333410893
 20
214.2374147638434
 10
374.3958594265192
 20
214.22420532752474
 10
374.4710077056897
 20
214.21917111891915
 10
374.54697840651926
 20
214.2229455609947
 10
374.61963691065284
 20
214.23534903297505
 10
374.6852443569262
 20
214.2554006540262
 10
374.74099592140624
 20
214.28151266045745
 10
374.7842915619423
 20
214.31096922658412
  0
LWPOLYLINE
  5
3D8
330
17
100
AcDbEntity
  8
TANGENT
100
AcDbPolyline
 90
5
 70
0
 10
374.82194813370353
 20
214.33350207222065
 10
374.857028200041
 20
214.3679872385922
 10
374.8808155869316
 20
214.40351343010306
 10
374.8942205497053
 20
214.43917950884028
 10
374.8981562244893
 20
214.4721361977166
  0
LWPOLYLINE
  5
3D9
330
17
100
AcDbEntity
  8
TANGENT
100
AcDbPolyline
 90
20
 70
0
 10
374.8981562244893
 20
214.4721361977166
 10
374.89370637335736
 20
214.5071688994559
 10
374.8802649255923
 20
214.54181675425798
 10
374.85735170744846
 20
214.57589566691664
 10
374.82425908478035
 20
214.6088577649496
 10
374.78041088280463
 20
214.63972480314592
 10
374.72573426944916
 20
214.66714000259418
 10
374.6609737929054
 20
214.6895198748294
 10
374.58787935365274
 20
214.70528312263133
 10
374.5092061125176
 20
214.71312000989548
 10
374.42849323624705
 20
214.71224646940775
 10
374.34964541573083
 20
214.70257788540908
 10
374.2764062930308
 20
214.68476944008125
 10
374.2118565590683
 20
214.66010552464186
 10
374.1580665110819
 20
214.63026529147902
 10
374.1159835789455
 20
214.597026391731
 10
374.085563508709
 20
214.5619795771496
 10
374.06609356353823
 20
214.52631671632426
 10
374.0566196325614
 20
214.49073799623284
 10
374.05536978026464
 20
214.4721361977166
  0
LWPOLYLINE
  5
3DA
330
17
100
AcDbEntity
  8
TANGENT
100
AcDbPolyline
 90
6
 70
0
 10
374.05536978026464
 20
214.4721361977166
 10
374.05981964672
 20
214.4371034959773
 10
374.073261094485
 20
214.40245562585184
 10
374.0961743126289
 20
214.36837672851655
 10
374.1292669199736
 20
214.3354146304836
 10
374.19329087778203
 20
214.29329821674025
  0
LWPOLYLINE
  5
3DB
330
17
100
AcDbEntity
  8
TANGENT
100
AcDbPolyline
 90
3
 70
0
 10
374.76023514229536
 20
214.29329821674025
 10
374.79303939408896
 20
214.3124165207597
 10
374.82194813370353
 20
214.33350207222065
  0
LWPOLYLINE
  5
3DC
330
17
100
AcDbEntity
  8
TANGENT
100
AcDbPolyline
 90
36
 70
0
 10
355.90132289266927
 20
203.50272473036733
 10
355.9341502827816
 20
203.53536301452502
 10
355.9557019411164
 20
203.56897696956412
 10
355.96695821218884
 20
203.60264739129497
 10
355.9688326458578
 20
203.63598137267726
 10
355.9617681800314
 20
203.66891829438063
 10
355.94559374438506
 20
203.70141443877364
 10
355.91967939436006
 20
203.7331442910848
 10
355.88329935291745
 20
203.76332986748574
 10
355.8360732322265
 20
203.79072601996035
 10
355.7783800563363
 20
203.81374337586197
 10
355.71165510588463
 20
203.83068218816646
 10
355.63848190440785
 20
203.84003800645397
 10
355.5624170873176
 20
203.84081554590404
 10
355.4875519843924
 20
203.83276649098337
 10
355.41790593612507
 20
203.81647388135414
 10
355.35681800111405
 20
203.79324803540962
 10
355.30651322751254
 20
203.764860428962
 10
355.2679587051035
 20
203.7331938622511
 10
355.24102559482475
 20
203.69990496228186
 10
355.224888088548
 20
203.66618279346335
 10
355.21853859677077
 20
203.63266346035687
 10
355.22126850465077
 20
203.59953468981203
 10
355.2329517926294
 20
203.56680661058954
 10
355.25403066309235
 20
203.53463671649078
 10
355.2852373442257
 20
203.50357148556955
 10
355.32717588405916
 20
203.47463608325657
 10
355.37988334987284
 20
203.4492753673085
 10
355.4424646718162
 20
203.4291702676266
 10
355.5128907572461
 20
203.41596083130796
 10
355.5880390210932
 20
203.41092662270236
 10
355.66400973724615
 20
203.41470106477792
 10
355.73666822605634
 20
203.42710453675824
 10
355.8022756723297
 20
203.44715615780942
 10
355.85802723680973
 20
203.47326816424066
 10
355.90132289266927
 20
203.50272473036733
  0
LWPOLYLINE
  5
3DD
330
17
100
AcDbEntity
  8
TANGENT
100
AcDbPolyline
 90
5
 70
0
 10
355.938979449107
 20
203.52525757600387
 10
355.9740595307679
 20
203.55974274237542
 10
355.99784690233514
 20
203.59526893388627
 10
356.0112518651088
 20
203.6309350126235
 10
356.01518755521624
 20
203.6638917014998
  0
LWPOLYLINE
  5
3DE
330
17
100
AcDbEntity
  8
TANGENT
100
AcDbPolyline
 90
20
 70
0
 10
356.01518755521624
 20
203.6638917014998
 10
356.0107376887609
 20
203.69892440323912
 10
355.99729624099587
 20
203.7335722580412
 10
355.97438302285195
 20
203.76765117069985
 10
355.9412904155073
 20
203.8006132534094
 10
355.8974421982082
 20
203.83148030692914
 10
355.84276558485266
 20
203.8588955063774
 10
355.77800510830895
 20
203.8812753786126
 10
355.70491066905623
 20
203.89703862641454
 10
355.62623742792107
 20
203.9048755136787
 10
355.5455245516506
 20
203.90400197319096
 10
355.4666767311343
 20
203.8943333891923
 10
355.3934376084343
 20
203.87652494386447
 10
355.3288878744718
 20
203.85186102842508
 10
355.2750978264854
 20
203.82202079526223
 10
355.23301490967236
 20
203.7887818955142
 10
355.2025948394359
 20
203.7537350809328
 10
355.1831248789418
 20
203.71807222010747
 10
355.1736509479649
 20
203.68249350001605
 10
355.17240111099153
 20
203.6638917014998
  0
LWPOLYLINE
  5
3DF
330
17
100
AcDbEntity
  8
TANGENT
100
AcDbPolyline
 90
6
 70
0
 10
355.17240111099153
 20
203.6638917014998
 10
355.17685096212347
 20
203.62885898443713
 10
355.1902924098885
 20
203.59421112963506
 10
355.2132056280324
 20
203.56013221697637
 10
355.2462982507005
 20
203.5271701342668
 10
355.3103221931855
 20
203.48505372052347
  0
LWPOLYLINE
  5
3E0
330
17
100
AcDbEntity
  8
TANGENT
100
AcDbPolyline
 90
3
 70
0
 10
355.87726645769885
 20
203.48505372052347
 10
355.9100707094925
 20
203.50417202454292
 10
355.938979449107
 20
203.52525757600387
  0
LWPOLYLINE
  5
3E1
330
17
100
AcDbEntity
  8
TANGENT
100
AcDbPolyline
 90
36
 70
0
 10
386.1359485605721
 20
228.26948015894368
 10
386.16877595068445
 20
228.30211844310136
 10
386.1903276090192
 20
228.33573238281707
 10
386.2015838800917
 20
228.3694028198713
 10
386.2034583137606
 20
228.4027368012536
 10
386.19639384793425
 20
228.43567372295698
 10
386.1802194122879
 20
228.46816986734999
 10
386.1543050622629
 20
228.49989971966116
 10
386.1179250208203
 20
228.53008529606208
 10
386.07069890012934
 20
228.5574814485367
 10
386.0130057242391
 20
228.5804988044383
 10
385.94628077378746
 20
228.5974376167428
 10
385.8731075723107
 20
228.6067934350303
 10
385.79704275522045
 20
228.60757097448035
 10
385.7221776522952
 20
228.59952191955972
 10
385.6525316040279
 20
228.58322930993046
 10
385.59144366901694
 20
228.56000346398594
 10
385.5411388954154
 20
228.53161585753836
 10
385.50258437300636
 20
228.49994929082746
 10
385.4756512627276
 20
228.4666603908582
 10
385.45951375645086
 20
228.4329382220397
 10
385.45316426467366
 20
228.39941887360982
 10
385.4558941725536
 20
228.36629011838838
 10
385.46757746053225
 20
228.3335620238425
 10
385.4886563309952
 20
228.30139214506713
 10
385.51986301212855
 20
228.2703268988225
 10
385.561801551962
 20
228.24139149650952
 10
385.6145090177757
 20
228.21603078056145
 10
385.67709033971903
 20
228.19592568087955
 10
385.74751642514894
 20
228.1827162445609
 10
385.82266468899604
 20
228.1776820512787
 10
385.898635405149
 20
228.18145647803087
 10
385.97129390928256
 20
228.19385996533458
 10
386.03690134023253
 20
228.21391158638576
 10
386.0926529047126
 20
228.240023592817
 10
386.1359485605721
 20
228.26948015894368
  0
LWPOLYLINE
  5
3E2
330
17
100
AcDbEntity
  8
TANGENT
100
AcDbPolyline
 90
5
 70
0
 10
386.17360511700986
 20
228.2920129892568
 10
386.20868519867076
 20
228.32649817095177
 10
386.232472570238
 20
228.36202436246262
 10
386.24587753301165
 20
228.39769042587645
 10
386.2498132231191
 20
228.43064711475276
  0
LWPOLYLINE
  5
3E3
330
17
100
AcDbEntity
  8
TANGENT
100
AcDbPolyline
 90
20
 70
0
 10
386.2498132231191
 20
228.43064711475276
 10
386.24536335666374
 20
228.46567983181544
 10
386.2319219088987
 20
228.50032768661754
 10
386.2090086907548
 20
228.5344065839528
 10
386.17591608341013
 20
228.56736868198576
 10
386.132067866111
 20
228.5982357201821
 10
386.0773912527555
 20
228.62565093495374
 10
386.0126307762118
 20
228.64803080718895
 10
385.93953633695907
 20
228.66379405499086
 10
385.86086309582396
 20
228.67163094225504
 10
385.78015021955343
 20
228.6707574017673
 10
385.7013023990372
 20
228.66108880244525
 10
385.6280632763371
 20
228.6432803724408
 10
385.5635135423746
 20
228.61861645700142
 10
385.50972349438825
 20
228.58877622383855
 10
385.46764057757525
 20
228.55553732409055
 10
385.43722050733874
 20
228.52049050950916
 10
385.4177505468446
 20
228.48482764868382
 10
385.40827661586775
 20
228.449248913269
 10
385.40702677889436
 20
228.43064711475276
  0
LWPOLYLINE
  5
3E4
330
17
100
AcDbEntity
  8
TANGENT
100
AcDbPolyline
 90
6
 70
0
 10
385.40702677889436
 20
228.43064711475276
 10
385.4114766300263
 20
228.39561441301348
 10
385.42491807779135
 20
228.3609665582114
 10
385.44783129593526
 20
228.32688764555272
 10
385.4809239186033
 20
228.29392554751976
 10
385.54494786108836
 20
228.2518091490998
  0
LWPOLYLINE
  5
3E5
330
17
100
AcDbEntity
  8
TANGENT
100
AcDbPolyline
 90
3
 70
0
 10
386.1118921256017
 20
228.2518091490998
 10
386.14469637739535
 20
228.27092745311924
 10
386.17360511700986
 20
228.2920129892568
  0
LWPOLYLINE
  5
3E6
330
17
100
AcDbEntity
  8
OUTLINE
100
AcDbPolyline
 90
2
 70
0
 10
325.00324680233643
 20
240.66919093661042
 10
326.2337257526008
 20
241.67714027832065
  0
LWPOLYLINE
  5
3E7
330
17
100
AcDbEntity
  8
OUTLINE
100
AcDbPolyline
 90
2
 70
0
 10
312.2387517413488
 20
222.31620492179138
 10
313.20555663193676
 20
223.10816512213302
  0
LWPOLYLINE
  5
3E8
330
17
100
AcDbEntity
  8
OUTLINE
100
AcDbPolyline
 90
11
 70
0
 10
312.2387517413488
 20
222.31620492179138
 10
312.1758937402775
 20
222.1579397716501
 10
312.10510147179923
 20
222.00376376004263
 10
312.0276322200549
 20
221.85628379399827
 10
311.9449321146425
 20
221.71785751496284
 10
311.8585593144634
 20
221.59048267924715
 10
311.77010153723825
 20
221.47571563759263
 10
311.68109527459524
 20
221.37462516579774
 10
311.5929534656697
 20
221.2877838836194
 10
311.5643024654732
 20
221.26230949876506
 10
311.5356209104373
 20
221.238146413001
  0
LWPOLYLINE
  5
3E9
330
17
100
AcDbEntity
  8
OUTLINE
100
AcDbPolyline
 90
2
 70
0
 10
313.20555663193676
 20
223.18883916893355
 10
313.20555663193676
 20
223.10816512213302
  0
LWPOLYLINE
  5
3EA
330
17
100
AcDbEntity
  8
OUTLINE
100
AcDbPolyline
 90
9
 70
0
 10
311.5356209104373
 20
221.238146413001
 10
311.4515322300793
 20
221.17502298016993
 10
311.3710752850668
 20
221.12555205947632
 10
311.2948377886958
 20
221.08893009235408
 10
311.2231564111657
 20
221.06419187379709
 10
311.1561367612796
 20
221.05032006862683
 10
311.0936883390968
 20
221.04635293492336
 10
311.0355748426217
 20
221.05148283809885
 10
310.9645361127404
 20
221.07142095880107
  0
LWPOLYLINE
  5
3EB
330
17
100
AcDbEntity
  8
OUTLINE
100
AcDbPolyline
 90
2
 70
0
 10
340.1003108568406
 20
245.13905803208004
 10
341.0345059800995
 20
245.90430587089773
  0
LWPOLYLINE
  5
3EC
330
17
100
AcDbEntity
  8
OUTLINE
100
AcDbPolyline
 90
9
 70
0
 10
341.7702465783401
 20
246.00490184157735
 10
341.6861578979822
 20
245.94177839342288
 10
341.60570095296964
 20
245.89230748805267
 10
341.52946345659865
 20
245.85568552093042
 10
341.4577820943919
 20
245.83094728705004
 10
341.3907624291824
 20
245.81707548187978
 10
341.3283140069996
 20
245.8131083634997
 10
341.27020051052455
 20
245.8182382666752
 10
341.19916178064324
 20
245.83817638737742
  0
LWPOLYLINE
  5
3ED
330
17
100
AcDbEntity
  8
OUTLINE
100
AcDbPolyline
 90
26
 70
0
 10
342.341331376037
 20
248.68206452954067
 10
342.3905817471798
 20
248.65748300796875
 10
342.4364470742311
 20
248.62458851673202
 10
342.4789857699532
 20
248.5830173398479
 10
342.51806234493256
 20
248.53221610373717
 10
342.55333514886814
 20
248.4715280172621
 10
342.5842675413224
 20
248.40028655893246
 10
342.61015729730656
 20
248.3179095165492
 10
342.63017954341933
 20
248.22398916535394
 10
342.6434397308053
 20
248.11837550468306
 10
342.649033948018
 20
248.00124912068642
 10
342.646114213984
 20
247.8731791853583
 10
342.63395542589353
 20
247.7351610907829
 10
342.6120199319653
 20
247.588628462672
 10
342.5800150248055
 20
247.43543492553104
 10
342.537937670383
 20
247.27780322900463
 10
342.48610179898657
 20
247.1182428386857
 10
342.4251440974663
 20
246.95943996014623
 10
342.356006295395
 20
246.80412876116856
 10
342.279894680672
 20
246.6549541967591
 10
342.1982198939242
 20
246.51433941585546
 10
342.1125223495676
 20
246.38436993182242
 10
342.02439036293504
 20
246.26670497664114
 10
341.93537836934416
 20
246.16252324078576
 10
341.8469322072486
 20
246.07250592555405
 10
341.7702465783401
 20
246.00490184157735
  0
LWPOLYLINE
  5
3EE
330
17
100
AcDbEntity
  8
OUTLINE
100
AcDbPolyline
 90
5
 70
0
 10
332.8041037814348
 20
239.3155889929181
 10
332.78225967620386
 20
239.34213327217827
 10
332.7500008145034
 20
239.36700719467615
 10
332.729301106
 20
239.37862733496507
 10
332.70651706403294
 20
239.38888453633976
  0
LWPOLYLINE
  5
3EF
330
17
100
AcDbEntity
  8
OUTLINE
100
AcDbPolyline
 90
2
 70
0
 10
332.8360525743408
 20
239.26920049468896
 10
332.8360857035097
 20
239.2692452083407
  0
LWPOLYLINE
  5
3F0
330
17
100
AcDbEntity
  8
OUTLINE
100
AcDbPolyline
 90
4
 70
0
 10
332.8360857035097
 20
239.2692452083407
 10
332.83560068757276
 20
239.27037875610816
 10
332.82734066022005
 20
239.28154176902973
 10
332.8041037814348
 20
239.3155889929181
  0
LWPOLYLINE
  5
3F1
330
17
100
AcDbEntity
  8
OUTLINE
100
AcDbPolyline
 90
2
 70
0
 10
321.7617420066382
 20
230.19765635800314
 10
321.7617751358071
 20
230.19770107165485
  0
LWPOLYLINE
  5
3F2
330
17
100
AcDbEntity
  8
OUTLINE
100
AcDbPolyline
 90
4
 70
0
 10
321.7617751358071
 20
230.19770107165485
 10
321.7612901198702
 20
230.19883461942234
 10
321.75303009251746
 20
230.20999763234389
 10
321.7297932290556
 20
230.24404485623225
  0
LWPOLYLINE
  5
3F3
330
17
100
AcDbEntity
  8
OUTLINE
100
AcDbPolyline
 90
2
 70
0
 10
319.74937858250036
 20
231.07352653732977
 10
321.63220651165375
 20
230.31734039965394
  0
LWPOLYLINE
  5
3F4
330
17
100
AcDbEntity
  8
OUTLINE
100
AcDbPolyline
 90
5
 70
0
 10
321.7297932290556
 20
230.24404485623225
 10
321.7079491085013
 20
230.27058913549246
 10
321.6756902621242
 20
230.29546305799033
 10
321.6549905382974
 20
230.30708319827923
 10
321.63220651165375
 20
230.31734039965394
  0
LWPOLYLINE
  5
3F5
330
17
100
AcDbEntity
  8
OUTLINE
100
AcDbPolyline
 90
3
 70
0
 10
324.9468208554671
 20
240.61263566033037
 10
324.94682139178576
 20
240.6126354764497
 10
324.946844943836
 20
240.61264675446466
  0
LWPOLYLINE
  5
3F6
330
17
100
AcDbEntity
  8
OUTLINE
100
AcDbPolyline
 90
3
 70
0
 10
324.946844943836
 20
240.61264675446466
 10
324.9620268069019
 20
240.63122602759776
 10
325.00324680233643
 20
240.66919093661042
  0
LWPOLYLINE
  5
3F7
330
17
100
AcDbEntity
  8
OUTLINE
100
AcDbPolyline
 90
3
 70
0
 10
313.87567317334936
 20
231.5453763878375
 10
313.8925455740821
 20
231.564776994669
 10
313.92893623463385
 20
231.59764679992458
  0
LWPOLYLINE
  5
3F8
330
17
100
AcDbEntity
  8
OUTLINE
100
AcDbPolyline
 90
2
 70
0
 10
313.92893623463385
 20
231.59764679992458
 10
315.1594151848982
 20
232.60559614163483
  0
LWPOLYLINE
  5
3F9
330
17
100
AcDbEntity
  8
OUTLINE
100
AcDbPolyline
 90
3
 70
0
 10
315.32843675713355
 20
232.73370803240448
 10
315.22814707037116
 20
232.65769853275174
 10
315.1594151848982
 20
232.60559614163483
  0
LWPOLYLINE
  5
3FA
330
17
100
AcDbEntity
  8
OUTLINE
100
AcDbPolyline
 90
3
 70
0
 10
326.35624540287506
 20
241.76886264246937
 10
326.28952144844374
 20
241.71978511916453
 10
326.2337257526008
 20
241.67714027832065
  0
LWPOLYLINE
  5
3FB
330
17
100
AcDbEntity
  8
OUTLINE
100
AcDbPolyline
 90
8
 70
0
 10
330.72171770607616
 20
240.3402963156087
 10
330.7260822365732
 20
240.29546542463902
 10
330.73050847436133
 20
240.2752323746515
 10
330.73813193745104
 20
240.24994423027795
 10
330.7443894429187
 20
240.23372299699884
 10
330.76354933461835
 20
240.19745409610314
 10
330.7888155818677
 20
240.16735783974192
 10
330.82368915020294
 20
240.14507067401559
  0
LWPOLYLINE
  5
3FC
330
17
100
AcDbEntity
  8
OUTLINE
100
AcDbPolyline
 90
2
 70
0
 10
330.82368915020294
 20
240.14507067401559
 10
332.70651706403294
 20
239.38888453633976
  0
LWPOLYLINE
  5
3FD
330
17
100
AcDbEntity
  8
OUTLINE
100
AcDbPolyline
 90
4
 70
0
 10
326.5470686192279
 20
242.01692950774654
 10
326.52820695134244
 20
241.969231196796
 10
326.5110552818289
 20
241.93754421932974
 10
326.49043087246343
 20
241.90584473797736
  0
LWPOLYLINE
  5
3FE
330
17
100
AcDbEntity
  8
OUTLINE
100
AcDbPolyline
 90
5
 70
0
 10
326.49043087246343
 20
241.90584473797736
 10
326.4463439014264
 20
241.8509818228475
 10
326.3928048352431
 20
241.7985179069928
 10
326.3747780622561
 20
241.7833518116951
 10
326.35624540287506
 20
241.76886264246937
  0
LWPOLYLINE
  5
3FF
330
17
100
AcDbEntity
  8
OUTLINE
100
AcDbPolyline
 90
2
 70
0
 10
310.94616312308204
 20
224.0155884904087
 10
311.0716849778747
 20
223.96517608531656
  0
LWPOLYLINE
  5
400
330
17
100
AcDbEntity
  8
OUTLINE
100
AcDbPolyline
 90
2
 70
0
 10
309.9793582324941
 20
223.22362829006707
 10
310.94616312308204
 20
224.0155884904087
  0
LWPOLYLINE
  5
401
330
17
100
AcDbEntity
  8
OUTLINE
100
AcDbPolyline
 90
2
 70
0
 10
309.9793582324941
 20
223.22362829006707
 10
312.2387517413488
 20
222.31620492179138
  0
LWPOLYLINE
  5
402
330
17
100
AcDbEntity
  8
OUTLINE
100
AcDbPolyline
 90
2
 70
0
 10
313.0800347771441
 20
223.15857752722516
 10
313.20555663193676
 20
223.10816512213302
  0
LWPOLYLINE
  5
403
330
17
100
AcDbEntity
  8
OUTLINE
100
AcDbPolyline
 90
2
 70
0
 10
313.0800347771441
 20
223.15857752722516
 10
320.21768583382163
 20
229.00539899885558
  0
LWPOLYLINE
  5
404
330
17
100
AcDbEntity
  8
OUTLINE
100
AcDbPolyline
 90
2
 70
0
 10
311.0716849778747
 20
223.96517608531656
 10
318.19895492824685
 20
229.80349382640134
  0
LWPOLYLINE
  5
405
330
17
100
AcDbEntity
  8
OUTLINE
100
AcDbPolyline
 90
9
 70
0
 10
309.02518367667386
 20
222.24639460678438
 10
308.94109499631594
 20
222.18327115862994
 10
308.86063806662685
 20
222.1338002532597
 10
308.78440055493246
 20
222.09717828613745
 10
308.71271919272573
 20
222.07244005225706
 10
308.64569952751623
 20
222.05856824708684
 10
308.58325110533343
 20
222.05460112870674
 10
308.52513760885836
 20
222.05973103188222
 10
308.454098878977
 20
222.07966915258444
  0
LWPOLYLINE
  5
406
330
17
100
AcDbEntity
  8
OUTLINE
100
AcDbPolyline
 90
11
 70
0
 10
308.454098878977
 20
222.07966915258444
 10
308.40484852315757
 20
222.10425067415636
 10
308.35898319610624
 20
222.1371451653931
 10
308.31644448506074
 20
222.1787163422772
 10
308.2773679100814
 20
222.22951757838794
 10
308.2420951061458
 20
222.29020566486298
 10
308.21116271369164
 20
222.36144712319262
 10
308.1852729577074
 20
222.4438241655759
 10
308.1652507115947
 20
222.53774451677114
 10
308.1519905395321
 20
222.64335817744205
 10
308.1473124311843
 20
222.72139114605383
  0
LWPOLYLINE
  5
407
330
17
100
AcDbEntity
  8
OUTLINE
100
AcDbPolyline
 90
11
 70
0
 10
308.9308407676789
 20
224.6722984141215
 10
309.0179081771219
 20
224.75082910176047
 10
309.1022697057603
 20
224.81513989810432
 10
309.18306114505083
 20
224.86574087283253
 10
309.25967311442406
 20
224.90341692062225
 10
309.3317481345172
 20
224.92912379194806
 10
309.39916220845924
 20
224.94387860746102
 10
309.46199089588566
 20
224.9486518587367
 10
309.5204604619717
 20
224.94426769897723
 10
309.5591520980735
 20
224.93602832755408
 10
309.59626847437073
 20
224.9235572947477
  0
LWPOLYLINE
  5
408
330
17
100
AcDbEntity
  8
OUTLINE
100
AcDbPolyline
 90
26
 70
0
 10
309.59626847437073
 20
224.9235572947477
 10
309.6455188455136
 20
224.89897577317578
 10
309.69138417256494
 20
224.86608128193905
 10
309.733922868287
 20
224.82451010505494
 10
309.7729994432664
 20
224.7737088689442
 10
309.8082722472019
 20
224.71302078246916
 10
309.83920463965615
 20
224.64177932413952
 10
309.86509439564037
 20
224.55940228175623
 10
309.8851166417531
 20
224.46548193056097
 10
309.89837682913907
 20
224.3598682698901
 10
309.9039710463518
 20
224.24274188589345
 10
309.9010513276412
 20
224.11467195056534
 10
309.8888925242273
 20
223.97665385598992
 10
309.8669570456224
 20
223.83012122787903
 10
309.83495212313926
 20
223.6769276907381
 10
309.7928747687168
 20
223.51929599421166
 10
309.7410388973203
 20
223.35973558856935
 10
309.6800811958001
 20
223.20093272535325
 10
309.6109433937288
 20
223.04562152637558
 10
309.53483177900574
 20
222.89644696196612
 10
309.45315699225796
 20
222.7558321810625
 10
309.3674594632248
 20
222.62586269702945
 10
309.27932747659224
 20
222.50819774184816
 10
309.190315467678
 20
222.4040160059928
 10
309.10186930558234
 20
222.31399869076108
 10
309.02518367667386
 20
222.24639460678438
  0
LWPOLYLINE
  5
409
330
17
100
AcDbEntity
  8
OUTLINE
100
AcDbPolyline
 90
15
 70
0
 10
309.9793582324941
 20
224.72989062419575
 10
310.0189229953521
 20
224.68038681950742
 10
310.0547425991327
 20
224.62108851852565
 10
310.08630561037467
 20
224.55132492453444
 10
310.1129301688745
 20
224.47049690831224
 10
310.13380519228167
 20
224.37816782986405
 10
310.14804224577347
 20
224.27414790900596
 10
310.1547349201908
 20
224.15856883495076
 10
310.1530236653009
 20
224.03194397190668
 10
310.14216267639415
 20
223.895209211235
 10
310.121585125955
 20
223.74973870857127
 10
310.0909618828919
 20
223.5973310008343
 10
310.05024831017005
 20
223.44016266829493
 10
310.0168840344459
 20
223.33170138546288
 10
309.9793582324941
 20
223.22362829006707
  0
LWPOLYLINE
  5
40A
330
17
100
AcDbEntity
  8
OUTLINE
100
AcDbPolyline
 90
5
 70
0
 10
313.0800347771441
 20
223.15857752722516
 10
313.11432043297924
 20
223.14958087387342
 10
313.1444573576172
 20
223.15049715129558
 10
313.16201773258604
 20
223.1561230419552
 10
313.17713713751476
 20
223.16555929271624
  0
LWPOLYLINE
  5
40B
330
17
100
AcDbEntity
  8
OUTLINE
100
AcDbPolyline
 90
2
 70
0
 10
310.94616312308204
 20
225.52185083986078
 10
311.01224743324894
 20
225.49530988577618
  0
LWPOLYLINE
  5
40C
330
17
100
AcDbEntity
  8
OUTLINE
100
AcDbPolyline
 90
2
 70
0
 10
309.9793582324941
 20
224.72989062419575
 10
310.94616312308204
 20
225.52185083986078
  0
LWPOLYLINE
  5
40D
330
17
100
AcDbEntity
  8
OUTLINE
100
AcDbPolyline
 90
2
 70
0
 10
319.2653857269937
 20
228.1527605649786
 10
324.5631727743095
 20
226.0250498483811
  0
LWPOLYLINE
  5
40E
330
17
100
AcDbEntity
  8
OUTLINE
100
AcDbPolyline
 90
2
 70
0
 10
332.8041037814348
 20
239.3155889929181
 10
339.97478900204794
 20
245.1894704371722
  0
LWPOLYLINE
  5
40F
330
17
100
AcDbEntity
  8
OUTLINE
100
AcDbPolyline
 90
2
 70
0
 10
320.8841672840664
 20
229.43394096543867
 10
326.66348004449884
 20
227.11283866378463
  0
LWPOLYLINE
  5
410
330
17
100
AcDbEntity
  8
OUTLINE
100
AcDbPolyline
 90
2
 70
0
 10
326.48779624542186
 20
226.96892693295797
 10
326.66348004449884
 20
227.11283866378463
  0
LWPOLYLINE
  5
411
330
17
100
AcDbEntity
  8
OUTLINE
100
AcDbPolyline
 90
2
 70
0
 10
326.5552134606588
 20
226.96892693295797
 10
326.48779624542186
 20
226.96892693295797
  0
LWPOLYLINE
  5
412
330
17
100
AcDbEntity
  8
OUTLINE
100
AcDbPolyline
 90
2
 70
0
 10
326.5552134606588
 20
226.96892693295797
 10
326.5552134606588
 20
226.94485520524447
  0
LWPOLYLINE
  5
413
330
17
100
AcDbEntity
  8
OUTLINE
100
AcDbPolyline
 90
2
 70
0
 10
325.1761083701093
 20
225.0353171517821
 10
324.5631727743095
 20
225.0353171517821
  0
LWPOLYLINE
  5
414
330
17
100
AcDbEntity
  8
OUTLINE
100
AcDbPolyline
 90
2
 70
0
 10
324.5631727743095
 20
226.0250498483811
 10
324.5631727743095
 20
225.0353171517821
  0
LWPOLYLINE
  5
415
330
17
100
AcDbEntity
  8
OUTLINE
100
AcDbPolyline
 90
2
 70
0
 10
339.97478900204794
 20
245.1894704371722
 10
340.1003108568406
 20
245.13905803208004
  0
LWPOLYLINE
  5
416
330
17
100
AcDbEntity
  8
OUTLINE
100
AcDbPolyline
 90
2
 70
0
 10
326.66348004449884
 20
227.86596983851067
 10
326.66348004449884
 20
227.11283866378463
  0
LWPOLYLINE
  5
417
330
17
100
AcDbEntity
  8
OUTLINE
100
AcDbPolyline
 90
2
 70
0
 10
321.5010962165664
 20
229.93929956059048
 10
326.66348004449884
 20
227.86596983851067
  0
LWPOLYLINE
  5
418
330
17
100
AcDbEntity
  8
OUTLINE
100
AcDbPolyline
 90
2
 70
0
 10
330.82368915020294
 20
240.14507067401559
 10
337.9664392181019
 20
245.99606899526356
  0
LWPOLYLINE
  5
419
330
17
100
AcDbEntity
  8
OUTLINE
100
AcDbPolyline
 90
2
 70
0
 10
337.8409173479859
 20
246.04648140035573
 10
338.77511247124477
 20
246.81172923917342
  0
LWPOLYLINE
  5
41A
330
17
100
AcDbEntity
  8
OUTLINE
100
AcDbPolyline
 90
2
 70
0
 10
337.8409173479859
 20
246.04648140035573
 10
337.9664392181019
 20
245.99606899526356
  0
LWPOLYLINE
  5
41B
330
17
100
AcDbEntity
  8
OUTLINE
100
AcDbPolyline
 90
9
 70
0
 10
339.2598093445767
 20
247.01315003536072
 10
339.1757206642188
 20
246.95002658720625
 10
339.0952637345297
 20
246.90055566651264
 10
339.0190262228353
 20
246.8639336993904
 10
338.94734486062856
 20
246.8391954808334
 10
338.88032519541906
 20
246.82532367566318
 10
338.81787678855966
 20
246.82135655728308
 10
338.7597632767612
 20
246.82648644513517
 10
338.6887245468798
 20
246.8464245811608
  0
LWPOLYLINE
  5
41C
330
17
100
AcDbEntity
  8
OUTLINE
100
AcDbPolyline
 90
11
 70
0
 10
338.6887245468798
 20
246.8464245811608
 10
338.6394741910604
 20
246.8710061027327
 10
338.59360886400907
 20
246.90390059396944
 10
338.55107015296363
 20
246.94547177085354
 10
338.51199357798424
 20
246.9962730069643
 10
338.4767207740487
 20
247.05696109343933
 10
338.44578838159447
 20
247.12820253644557
 10
338.41989862561024
 20
247.21057957882886
 10
338.3998763794975
 20
247.3044999453475
 10
338.38661620743494
 20
247.4101136060184
 10
338.3819380990871
 20
247.48814657463018
  0
LWPOLYLINE
  5
41D
330
17
100
AcDbEntity
  8
OUTLINE
100
AcDbPolyline
 90
11
 70
0
 10
339.1654664355817
 20
249.43905384269783
 10
339.25253384502474
 20
249.51758451501343
 10
339.33689537366314
 20
249.58189532668067
 10
339.41768682827706
 20
249.63249630140885
 10
339.4942987823269
 20
249.6701723491986
 10
339.56637380242006
 20
249.695879205201
 10
339.6337878763621
 20
249.71063403603736
 10
339.6966165637885
 20
249.71540728731304
 10
339.75508612987454
 20
249.71102312755357
 10
339.79377776597636
 20
249.70278374080704
 10
339.83089414227356
 20
249.69031272332404
  0
LWPOLYLINE
  5
41E
330
17
100
AcDbEntity
  8
OUTLINE
100
AcDbPolyline
 90
26
 70
0
 10
339.83089414227356
 20
249.69031272332404
 10
339.88014451341644
 20
249.66573118642873
 10
339.92600984046777
 20
249.632836695192
 10
339.9685485361898
 20
249.5912655183079
 10
340.0076251111692
 20
249.54046429752054
 10
340.04289791510473
 20
249.47977621104548
 10
340.073830307559
 20
249.40853475271587
 10
340.0997200635432
 20
249.32615771033258
 10
340.1197423096559
 20
249.23223735913732
 10
340.1330024970419
 20
249.12662369846643
 10
340.1385967142546
 20
249.0094973144698
 10
340.13567699554403
 20
248.8814273638183
 10
340.1235181921301
 20
248.7434092692429
 10
340.10158271352526
 20
248.59687665645538
 10
340.0695777910421
 20
248.44368310399102
 10
340.0275004366196
 20
248.286051422788
 10
339.97566456522316
 20
248.12649101714567
 10
339.9147068637029
 20
247.9676881539296
 10
339.84556906163164
 20
247.81237695495193
 10
339.76945744690863
 20
247.66320239054247
 10
339.68778266016085
 20
247.52258760963883
 10
339.60208513112764
 20
247.3926181256058
 10
339.5139531444951
 20
247.2749531704245
 10
339.4249411355808
 20
247.17077143456913
 10
339.3364949734852
 20
247.08075411933743
 10
339.2598093445767
 20
247.01315003536072
  0
LWPOLYLINE
  5
41F
330
17
100
AcDbEntity
  8
OUTLINE
100
AcDbPolyline
 90
2
 70
0
 10
337.8409173479859
 20
247.55274373448438
 10
337.9659928324309
 20
247.6551995816125
  0
LWPOLYLINE
  5
420
330
17
100
AcDbEntity
  8
OUTLINE
100
AcDbPolyline
 90
2
 70
0
 10
334.3826985686068
 20
240.53613827926677
 10
339.9430758062616
 20
238.30296541967766
  0
LWPOLYLINE
  5
421
330
17
100
AcDbEntity
  8
OUTLINE
100
AcDbPolyline
 90
2
 70
0
 10
341.2625299739811
 20
240.45749361625377
 10
341.2625299739811
 20
239.70436244152773
  0
LWPOLYLINE
  5
422
330
17
100
AcDbEntity
  8
OUTLINE
100
AcDbPolyline
 90
2
 70
0
 10
335.9647429266653
 20
241.8320731581252
 10
341.2625299739811
 20
239.70436244152773
  0
LWPOLYLINE
  5
423
330
17
100
AcDbEntity
  8
OUTLINE
100
AcDbPolyline
 90
2
 70
0
 10
336.5816718744886
 20
242.337431753277
 10
341.2625299739811
 20
240.45749361625377
  0
LWPOLYLINE
  5
424
330
17
100
AcDbEntity
  8
OUTLINE
100
AcDbPolyline
 90
2
 70
0
 10
342.88401310598584
 20
240.04287095734958
 10
341.2625299739811
 20
239.70436244152773
  0
LWPOLYLINE
  5
425
330
17
100
AcDbEntity
  8
OUTLINE
100
AcDbPolyline
 90
2
 70
0
 10
343.5653311526754
 20
238.96918983538032
 10
342.88401310598584
 20
240.04287095734958
  0
LWPOLYLINE
  5
426
330
17
100
AcDbEntity
  8
OUTLINE
100
AcDbPolyline
 90
2
 70
0
 10
343.5653311526754
 20
238.96918983538032
 10
343.54370134505217
 20
238.96467429287588
  0
LWPOLYLINE
  5
427
330
17
100
AcDbEntity
  8
OUTLINE
100
AcDbPolyline
 90
8
 70
0
 10
319.6474071383736
 20
231.26875217892288
 10
319.6517716688706
 20
231.22392128795317
 10
319.65619790665875
 20
231.20368823796568
 10
319.66382136974846
 20
231.17840009359213
 10
319.6700788752161
 20
231.16217886031302
 10
319.68923876691576
 20
231.12590995941733
 10
319.7145050141651
 20
231.0958137030561
 10
319.74937858250036
 20
231.07352653732977
  0
LWPOLYLINE
  5
428
330
17
100
AcDbEntity
  8
OUTLINE
100
AcDbPolyline
 90
2
 70
0
 10
313.87043059728796
 20
231.5419600840306
 10
313.8706933474545
 20
231.54182125411813
  0
LWPOLYLINE
  5
429
330
17
100
AcDbEntity
  8
OUTLINE
100
AcDbPolyline
 90
2
 70
0
 10
313.8706933474545
 20
231.54182125411813
 10
313.87290224475464
 20
231.542415878263
  0
LWPOLYLINE
  5
42A
330
17
100
AcDbEntity
  8
OUTLINE
100
AcDbPolyline
 90
2
 70
0
 10
313.87290224475464
 20
231.542415878263
 10
313.87567317334936
 20
231.5453763878375
  0
LWPOLYLINE
  5
42B
330
17
100
AcDbEntity
  8
OUTLINE
100
AcDbPolyline
 90
2
 70
0
 10
319.6474071383736
 20
232.52397078814286
 10
319.6474071383736
 20
231.26875217892288
  0
LWPOLYLINE
  5
42C
330
17
100
AcDbEntity
  8
OUTLINE
100
AcDbPolyline
 90
2
 70
0
 10
330.72171770607616
 20
241.59551494015207
 10
330.72171770607616
 20
240.3402963156087
  0
LWPOLYLINE
  5
42D
330
17
100
AcDbEntity
  8
OUTLINE
100
AcDbPolyline
 90
2
 70
0
 10
330.72171770607616
 20
240.3402963156087
 10
337.8409173479859
 20
246.17200325514835
  0
LWPOLYLINE
  5
42E
330
17
100
AcDbEntity
  8
OUTLINE
100
AcDbPolyline
 90
8
 70
0
 10
310.94616312308204
 20
224.14111036052475
 10
310.9505945095292
 20
224.10627254165811
 10
310.9644343960783
 20
224.06855680628857
 10
310.9875522274474
 20
224.03133491312852
 10
311.0181979652469
 20
223.99862393480916
 10
311.0531547855594
 20
223.97399353162348
 10
311.06239440658135
 20
223.96925169329708
 10
311.0716849778747
 20
223.96517608531656
  0
LWPOLYLINE
  5
42F
330
17
100
AcDbEntity
  8
OUTLINE
100
AcDbPolyline
 90
2
 70
0
 10
310.94616312308204
 20
224.14111036052475
 10
310.94616312308204
 20
224.0155884904087
  0
LWPOLYLINE
  5
430
330
17
100
AcDbEntity
  8
OUTLINE
100
AcDbPolyline
 90
2
 70
0
 10
310.94616312308204
 20
224.14111036052475
 10
317.97061157959644
 20
229.89520166397642
  0
LWPOLYLINE
  5
431
330
17
100
AcDbEntity
  8
OUTLINE
100
AcDbPolyline
 90
2
 70
0
 10
310.94616312308204
 20
225.39632896974473
 10
316.9423966716653
 20
230.3081559428356
  0
LWPOLYLINE
  5
432
330
17
100
AcDbEntity
  8
OUTLINE
100
AcDbPolyline
 90
2
 70
0
 10
310.94616312308204
 20
225.52185083986078
 10
310.94616312308204
 20
225.39632896974473
  0
LWPOLYLINE
  5
433
330
17
100
AcDbEntity
  8
OUTLINE
100
AcDbPolyline
 90
5
 70
0
 10
310.97458261750404
 20
225.46445666927752
 10
310.9583930883186
 20
225.44546049267555
 10
310.948660130759
 20
225.42023842275924
 10
310.9467889303254
 20
225.4085962014655
 10
310.94616312308204
 20
225.39632896974473
  0
LWPOLYLINE
  5
434
330
17
100
AcDbEntity
  8
OUTLINE
100
AcDbPolyline
 90
2
 70
0
 10
326.5552134606588
 20
227.02415187849752
 10
326.5552134606588
 20
226.96892693295797
  0
LWPOLYLINE
  5
435
330
17
100
AcDbEntity
  8
OUTLINE
100
AcDbPolyline
 90
2
 70
0
 10
337.8409173479859
 20
246.17200325514835
 10
337.8409173479859
 20
246.04648140035573
  0
LWPOLYLINE
  5
436
330
17
100
AcDbEntity
  8
OUTLINE
100
AcDbPolyline
 90
2
 70
0
 10
337.8409173479859
 20
247.55274373448438
 10
337.8409173479859
 20
247.42722187969173
  0
LWPOLYLINE
  5
437
330
17
100
AcDbEntity
  8
OUTLINE
100
AcDbPolyline
 90
2
 70
0
 10
330.72171770607616
 20
241.59551494015207
 10
337.8409173479859
 20
247.42722187969173
  0
LWPOLYLINE
  5
438
330
17
100
AcDbEntity
  8
OUTLINE
100
AcDbPolyline
 90
5
 70
0
 10
330.72171770607616
 20
241.59551494015207
 10
330.72596277542556
 20
241.63086220043914
 10
330.73050847436133
 20
241.64266216070845
 10
330.73532512147716
 20
241.65030464012503
 10
330.741080479458
 20
241.65622380514384
  0
LWPOLYLINE
  5
439
330
17
100
AcDbEntity
  8
OUTLINE
100
AcDbPolyline
 90
2
 70
0
 10
342.88401310598584
 20
240.79600213207559
 10
341.2625299739811
 20
240.45749361625377
  0
LWPOLYLINE
  5
43A
330
17
100
AcDbEntity
  8
OUTLINE
100
AcDbPolyline
 90
2
 70
0
 10
343.5653311526754
 20
239.72232099478296
 10
342.88401310598584
 20
240.79600213207559
  0
LWPOLYLINE
  5
43B
330
17
100
AcDbEntity
  8
OUTLINE
100
AcDbPolyline
 90
2
 70
0
 10
342.88401310598584
 20
240.79600213207559
 10
342.88401310598584
 20
240.04287095734958
  0
LWPOLYLINE
  5
43C
330
17
100
AcDbEntity
  8
OUTLINE
100
AcDbPolyline
 90
2
 70
0
 10
343.5653311526754
 20
239.72232099478296
 10
343.5653311526754
 20
238.96918983538032
  0
LWPOLYLINE
  5
43D
330
17
100
AcDbEntity
  8
OUTLINE
100
AcDbPolyline
 90
5
 70
0
 10
319.6474071383736
 20
232.52397078814286
 10
319.651652207723
 20
232.5593180637533
 10
319.65619790665875
 20
232.57111802402264
 10
319.6610145537746
 20
232.57876050343918
 10
319.6667699117554
 20
232.584679668458
  0
LWPOLYLINE
  5
43E
330
17
100
AcDbEntity
  8
OUTLINE
100
AcDbPolyline
 90
8
 70
0
 10
359.8996891431594
 20
204.4802706736893
 10
359.90412052960653
 20
204.44543287014608
 10
359.9179604161556
 20
204.4077171194531
 10
359.9410782475248
 20
204.3704952262931
 10
359.9717239700008
 20
204.33778426329712
 10
360.0066808056368
 20
204.31315384478805
 10
360.0159204266587
 20
204.30841200646165
 10
360.02521099795206
 20
204.3043363984811
  0
LWPOLYLINE
  5
43F
330
17
100
AcDbEntity
  8
OUTLINE
100
AcDbPolyline
 90
2
 70
0
 10
359.8996891431594
 20
204.35474881889664
 10
360.02521099795206
 20
204.3043363984811
  0
LWPOLYLINE
  5
440
330
17
100
AcDbEntity
  8
OUTLINE
100
AcDbPolyline
 90
2
 70
0
 10
359.8996891431594
 20
204.4802706736893
 10
359.8996891431594
 20
204.35474881889664
  0
LWPOLYLINE
  5
441
330
17
100
AcDbEntity
  8
OUTLINE
100
AcDbPolyline
 90
2
 70
0
 10
359.8996891431594
 20
204.4802706736893
 10
386.79444336806324
 20
226.51116358363632
  0
LWPOLYLINE
  5
442
330
17
100
AcDbEntity
  8
OUTLINE
100
AcDbPolyline
 90
2
 70
0
 10
360.02521099795206
 20
204.3043363984811
 10
386.9199652228559
 20
226.33522930842813
  0
LWPOLYLINE
  5
443
330
17
100
AcDbEntity
  8
OUTLINE
100
AcDbPolyline
 90
2
 70
0
 10
358.93288425257145
 20
203.562788618555
 10
359.8996891431594
 20
204.35474881889664
  0
LWPOLYLINE
  5
444
330
17
100
AcDbEntity
  8
OUTLINE
100
AcDbPolyline
 90
2
 70
0
 10
358.93288425257145
 20
203.562788618555
 10
361.19227776142617
 20
202.65536523495595
  0
LWPOLYLINE
  5
445
330
17
100
AcDbEntity
  8
OUTLINE
100
AcDbPolyline
 90
2
 70
0
 10
386.79444336806324
 20
226.38564172884367
 10
386.9199652228559
 20
226.33522930842813
  0
LWPOLYLINE
  5
446
330
17
100
AcDbEntity
  8
OUTLINE
100
AcDbPolyline
 90
2
 70
0
 10
361.19227776142617
 20
202.65536523495595
 10
362.1590826520141
 20
203.44732545062098
  0
LWPOLYLINE
  5
447
330
17
100
AcDbEntity
  8
OUTLINE
100
AcDbPolyline
 90
2
 70
0
 10
386.79444336806324
 20
226.38564172884367
 10
387.7612482586512
 20
227.1776019291853
  0
LWPOLYLINE
  5
448
330
17
100
AcDbEntity
  8
OUTLINE
100
AcDbPolyline
 90
2
 70
0
 10
362.0335607818981
 20
203.49773785571313
 10
362.1590826520141
 20
203.44732545062098
  0
LWPOLYLINE
  5
449
330
17
100
AcDbEntity
  8
OUTLINE
100
AcDbPolyline
 90
2
 70
0
 10
362.0335607818981
 20
203.49773785571313
 10
369.16083071694686
 20
209.3360555967979
  0
LWPOLYLINE
  5
44A
330
17
100
AcDbEntity
  8
OUTLINE
100
AcDbPolyline
 90
2
 70
0
 10
389.05383687691796
 20
225.47821834524458
 10
389.9880320001768
 20
226.2434661993857
  0
LWPOLYLINE
  5
44B
330
17
100
AcDbEntity
  8
OUTLINE
100
AcDbPolyline
 90
2
 70
0
 10
388.9283150221253
 20
225.52863076566015
 10
389.05383687691796
 20
225.47821834524458
  0
LWPOLYLINE
  5
44C
330
17
100
AcDbEntity
  8
OUTLINE
100
AcDbPolyline
 90
5
 70
0
 10
368.2976578202784
 20
209.70162304325294
 10
368.2525678567558
 20
209.72451531432284
 10
368.21917305683894
 20
209.751075391998
 10
368.21285318517437
 20
209.75784175659732
 10
368.2071360130812
 20
209.76478224087603
  0
LWPOLYLINE
  5
44D
330
17
100
AcDbEntity
  8
OUTLINE
100
AcDbPolyline
 90
6
 70
0
 10
368.2071360130812
 20
209.76478224087603
 10
368.19083364245256
 20
209.79321742644925
 10
368.1846143994894
 20
209.82150238150794
 10
368.18752895421767
 20
209.8493284010393
 10
368.1994162884561
 20
209.87667107488315
 10
368.23247987330035
 20
209.91364128136416
  0
LWPOLYLINE
  5
44E
330
17
100
AcDbEntity
  8
OUTLINE
100
AcDbPolyline
 90
2
 70
0
 10
381.7855649542263
 20
219.67763244441215
 10
388.9283150221253
 20
225.52863076566015
  0
LWPOLYLINE
  5
44F
330
17
100
AcDbEntity
  8
OUTLINE
100
AcDbPolyline
 90
2
 70
0
 10
368.23247987330035
 20
209.91364128136416
 10
369.46295882356475
 20
210.92159063839782
  0
LWPOLYLINE
  5
450
330
17
100
AcDbEntity
  8
OUTLINE
100
AcDbPolyline
 90
2
 70
0
 10
380.90691192470763
 20
220.030519310704
 10
381.7855649542263
 20
219.67763244441215
  0
LWPOLYLINE
  5
451
330
17
100
AcDbEntity
  8
OUTLINE
100
AcDbPolyline
 90
8
 70
0
 10
369.83260135700505
 20
210.95897517401818
 10
369.779675165124
 20
210.97544838512073
 10
369.7193456000023
 20
210.98485558273455
 10
369.65552783372834
 20
210.98583781202683
 10
369.5930160340049
 20
210.97802458407665
 10
369.53650819894
 20
210.96220310739312
 10
369.4896196065583
 20
210.94012392603784
 10
369.46295882356475
 20
210.92159063839782
  0
LWPOLYLINE
  5
452
330
17
100
AcDbEntity
  8
OUTLINE
100
AcDbPolyline
 90
8
 70
0
 10
380.90691192470763
 20
220.030519310704
 10
380.8539857328266
 20
220.04699252180654
 10
380.7936561677049
 20
220.05639971942037
 10
380.7298384014309
 20
220.05738194871265
 10
380.6673266017075
 20
220.04956872076247
 10
380.6108187513192
 20
220.03374724407894
 10
380.56393017426086
 20
220.01166806272366
 10
380.53726939126733
 20
219.99313477508363
  0
LWPOLYLINE
  5
453
330
17
100
AcDbEntity
  8
OUTLINE
100
AcDbPolyline
 90
2
 70
0
 10
369.83260135700505
 20
210.95897517401818
 10
370.7112543865237
 20
210.60608830772634
  0
LWPOLYLINE
  5
454
330
17
100
AcDbEntity
  8
OUTLINE
100
AcDbPolyline
 90
2
 70
0
 10
379.30679044100293
 20
218.98518541804998
 10
380.53726939126733
 20
219.99313477508363
  0
LWPOLYLINE
  5
455
330
17
100
AcDbEntity
  8
OUTLINE
100
AcDbPolyline
 90
2
 70
0
 10
370.7112543865237
 20
210.60608830772634
 10
375.1511087994006
 20
214.24300412354148
  0
LWPOLYLINE
  5
456
330
17
100
AcDbEntity
  8
OUTLINE
100
AcDbPolyline
 90
2
 70
0
 10
375.7243969473305
 20
214.7126142920588
 10
380.23514128464944
 20
218.40759973348372
  0
LWPOLYLINE
  5
457
330
17
100
AcDbEntity
  8
OUTLINE
100
AcDbPolyline
 90
5
 70
0
 10
379.371968387981
 20
218.77316717993875
 10
379.32687842445836
 20
218.79605945100866
 10
379.2934836245415
 20
218.82261952868382
 10
379.28716375287695
 20
218.82938589328313
 10
379.2814465807838
 20
218.83632637756185
  0
LWPOLYLINE
  5
458
330
17
100
AcDbEntity
  8
OUTLINE
100
AcDbPolyline
 90
6
 70
0
 10
379.2814465807838
 20
218.83632637756185
 10
379.26514421015514
 20
218.86476156313506
 10
379.25892495186866
 20
218.89304651819376
 10
379.26183952192025
 20
218.9208725377251
 10
379.2737268561587
 20
218.948215211569
 10
379.30679044100293
 20
218.98518541804998
  0
LWPOLYLINE
  5
459
330
17
100
AcDbEntity
  8
OUTLINE
100
AcDbPolyline
 90
11
 70
0
 10
358.93288425257145
 20
203.562788618555
 10
358.8700262515001
 20
203.40452346841374
 10
358.7992339830219
 20
203.25034745680625
 10
358.7217647312776
 20
203.1028674754385
 10
358.6390646258651
 20
202.96444121172647
 10
358.55269182568605
 20
202.83706637601077
 10
358.4642340484609
 20
202.72229931903289
 10
358.37522778581786
 20
202.62120886256136
 10
358.28708596156895
 20
202.53436756505963
 10
358.2584349613725
 20
202.5088931802053
 10
358.2297534216599
 20
202.48473010976463
  0
LWPOLYLINE
  5
45A
330
17
100
AcDbEntity
  8
OUTLINE
100
AcDbPolyline
 90
9
 70
0
 10
358.2297534216599
 20
202.48473010976463
 10
358.14566474130197
 20
202.42160666161018
 10
358.0652077962895
 20
202.37213574091658
 10
357.9889702999185
 20
202.3355137891177
 10
357.91728892238837
 20
202.3107755552373
 10
357.85026927250226
 20
202.2969037500671
 10
357.7878208503194
 20
202.29293663168698
 10
357.72970735384433
 20
202.29806653486247
 10
357.658668623963
 20
202.3180046555647
  0
LWPOLYLINE
  5
45B
330
17
100
AcDbEntity
  8
OUTLINE
100
AcDbPolyline
 90
11
 70
0
 10
357.658668623963
 20
202.3180046555647
 10
357.6094182528202
 20
202.3425861771366
 10
357.5635529257689
 20
202.37548066837334
 10
357.5210142300468
 20
202.41705184525745
 10
357.48193765506744
 20
202.4678530813682
 10
357.44666485113186
 20
202.52854116784326
 10
357.4157324586776
 20
202.5997826261729
 10
357.38984270269344
 20
202.68215966855615
 10
357.36982045658067
 20
202.77608001975142
 10
357.3592153529618
 20
202.85397202849956
 10
357.3528786715385
 20
202.93620817231275
  0
LWPOLYLINE
  5
45C
330
17
100
AcDbEntity
  8
OUTLINE
100
AcDbPolyline
 90
11
 70
0
 10
358.15239739444354
 20
204.92692986723
 10
358.23902091592805
 20
205.00268904398544
 10
358.32275211692314
 20
205.06430094699047
 10
358.40277548661857
 20
205.11233635719532
 10
358.4785310164072
 20
205.14762157307672
 10
358.54970828505657
 20
205.17113277118784
 10
358.61622494466934
 20
205.1838863519805
 10
358.6781899751945
 20
205.18683189060306
 10
358.7358518607226
 20
205.18075507854903
 10
358.7689361781134
 20
205.17289496102578
 10
358.80083821935676
 20
205.16189279772794
  0
LWPOLYLINE
  5
45D
330
17
100
AcDbEntity
  8
OUTLINE
100
AcDbPolyline
 90
5
 70
0
 10
358.80083821935676
 20
205.16189279772794
 10
358.85008857517624
 20
205.13731127615603
 10
358.8959539022276
 20
205.1044167849193
 10
358.9148043840384
 20
205.0874917789891
 10
358.93288425257145
 20
205.06905095268368
  0
LWPOLYLINE
  5
45E
330
17
100
AcDbEntity
  8
OUTLINE
100
AcDbPolyline
 90
2
 70
0
 10
358.93288425257145
 20
205.06905095268368
 10
359.8996891431594
 20
205.86101115302532
  0
LWPOLYLINE
  5
45F
330
17
100
AcDbEntity
  8
OUTLINE
100
AcDbPolyline
 90
2
 70
0
 10
386.79444336806324
 20
226.51116358363632
 10
386.79444336806324
 20
226.38564172884367
  0
LWPOLYLINE
  5
460
330
17
100
AcDbEntity
  8
OUTLINE
100
AcDbPolyline
 90
2
 70
0
 10
359.8996891431594
 20
205.86101115302532
 10
359.8996891431594
 20
205.7354892982327
  0
LWPOLYLINE
  5
461
330
17
100
AcDbEntity
  8
OUTLINE
100
AcDbPolyline
 90
2
 70
0
 10
359.8996891431594
 20
205.7354892982327
 10
364.89456616191774
 20
209.82705301899978
  0
LWPOLYLINE
  5
462
330
17
100
AcDbEntity
  8
OUTLINE
100
AcDbPolyline
 90
9
 70
0
 10
388.4643790895627
 20
227.25148553834097
 10
388.3802904092048
 20
227.18836209018653
 10
388.2998334641923
 20
227.13889116949292
 10
388.2235959678213
 20
227.10226920237065
 10
388.1519145902912
 20
227.07753098381366
 10
388.0848949404051
 20
227.06365917864343
 10
388.0224465182223
 20
227.05969206026333
 10
387.9643330217472
 20
227.06482194811545
 10
387.89329429186586
 20
227.08476008414104
  0
LWPOLYLINE
  5
463
330
17
100
AcDbEntity
  8
OUTLINE
100
AcDbPolyline
 90
5
 70
0
 10
387.89329429186586
 20
227.08476008414104
 10
387.84404392072304
 20
227.10934160571296
 10
387.7981785936717
 20
227.1422360969497
 10
387.7793281271842
 20
227.15916108755653
 10
387.7612482586512
 20
227.1776019291853
  0
LWPOLYLINE
  5
464
330
17
100
AcDbEntity
  8
OUTLINE
100
AcDbPolyline
 90
11
 70
0
 10
388.3870230623464
 20
229.69368529580635
 10
388.4736465838309
 20
229.76944447256176
 10
388.557377784826
 20
229.83105637556682
 10
388.6374011545214
 20
229.87909178577166
 10
388.71315668431004
 20
229.91437700165304
 10
388.7843339529594
 20
229.9378881997642
 10
388.8508506125722
 20
229.95064178055685
 10
388.91281564309736
 20
229.953587303856
 10
388.97047752862545
 20
229.94751049180198
 10
389.0035618460162
 20
229.93965037427873
 10
389.0354638872596
 20
229.9286482263043
  0
LWPOLYLINE
  5
465
330
17
100
AcDbEntity
  8
OUTLINE
100
AcDbPolyline
 90
26
 70
0
 10
389.0354638872596
 20
229.9286482263043
 10
389.0847142430791
 20
229.90406668940898
 10
389.1305795854538
 20
229.87117219817225
 10
389.17311828117585
 20
229.82960102128814
 10
389.21219485615524
 20
229.7787998005008
 10
389.24746766009076
 20
229.71811171402575
 10
389.278400052545
 20
229.64687025569611
 10
389.30428980852923
 20
229.56449321331283
 10
389.32431205464195
 20
229.4705728621176
 10
389.33757222670454
 20
229.36495920144668
 10
389.34316644391726
 20
229.24783281745005
 10
389.3402467252066
 20
229.11976286679854
 10
389.32808793711615
 20
228.98174477222315
 10
389.3061524431879
 20
228.83521215943566
 10
389.2741475360281
 20
228.6820186069713
 10
389.23207016628226
 20
228.52438692576825
 10
389.1802343102092
 20
228.36482652012594
 10
389.11927660868895
 20
228.20602365690985
 10
389.0501387912943
 20
228.05071245793218
 10
388.9740271918946
 20
227.90153787819932
 10
388.8923524051468
 20
227.76092311261908
 10
388.8066548607903
 20
227.63095361326265
 10
388.71852287415766
 20
227.51328867340476
 10
388.62951088056684
 20
227.40910693754938
 10
388.5410647184712
 20
227.31908962231768
 10
388.4643790895627
 20
227.25148553834097
  0
LWPOLYLINE
  5
466
330
17
100
AcDbEntity
  8
OUTLINE
100
AcDbPolyline
 90
2
 70
0
 10
366.579432013834
 20
211.08169246537528
 10
364.9973876557755
 20
209.78575758651684
  0
LWPOLYLINE
  5
467
330
17
100
AcDbEntity
  8
OUTLINE
100
AcDbPolyline
 90
2
 70
0
 10
386.79444336806324
 20
227.89190406297234
 10
386.9005814717533
 20
227.97884730698703
  0
LWPOLYLINE
  5
468
330
17
100
AcDbEntity
  8
OUTLINE
100
AcDbPolyline
 90
2
 70
0
 10
366.579432013834
 20
211.20721433549133
 10
366.579432013834
 20
211.08169246537528
  0
LWPOLYLINE
  5
469
330
17
100
AcDbEntity
  8
OUTLINE
100
AcDbPolyline
 90
2
 70
0
 10
386.79444336806324
 20
227.89190406297234
 10
386.79444336806324
 20
227.7663821928563
  0
LWPOLYLINE
  5
46A
330
17
100
AcDbEntity
  8
OUTLINE
100
AcDbPolyline
 90
2
 70
0
 10
366.579432013834
 20
211.20721433549133
 10
380.01187900353085
 20
222.21043073328795
  0
LWPOLYLINE
  5
46B
330
17
100
AcDbEntity
  8
OUTLINE
100
AcDbPolyline
 90
2
 70
0
 10
381.6967448554471
 20
223.5905920344561
 10
386.79444336806324
 20
227.7663821928563
  0
LWPOLYLINE
  5
46C
330
17
100
AcDbEntity
  8
OUTLINE
100
AcDbPolyline
 90
2
 70
0
 10
381.6967448554471
 20
223.5905920344561
 10
381.6967448554471
 20
223.46507017966346
  0
LWPOLYLINE
  5
46D
330
17
100
AcDbEntity
  8
OUTLINE
100
AcDbPolyline
 90
2
 70
0
 10
381.6967448554471
 20
223.46507017966346
 10
380.11470048206525
 20
222.169135300805
  0
LWPOLYLINE
  5
46E
330
17
100
AcDbEntity
  8
OUTLINE
100
AcDbPolyline
 90
9
 70
0
 10
360.7401906554233
 20
201.47648191598125
 10
360.6561019750653
 20
201.4133584831502
 10
360.57564503005284
 20
201.36388756245657
 10
360.49940753368185
 20
201.32726559533432
 10
360.4277261561517
 20
201.30252737677733
 10
360.3607065062656
 20
201.2886555716071
 10
360.2982580840828
 20
201.28468843790364
 10
360.24014458760774
 20
201.28981834107913
 10
360.16910585772644
 20
201.30975646178132
  0
LWPOLYLINE
  5
46F
330
17
100
AcDbEntity
  8
OUTLINE
100
AcDbPolyline
 90
12
 70
0
 10
361.56157485968805
 20
202.95787572144528
 10
361.5227830545865
 20
202.80143540315981
 10
361.4740939792155
 20
202.64221779707282
 10
361.4160392479407
 20
202.48286462495543
 10
361.3494638690978
 20
202.3261092730971
 10
361.2754931464706
 20
202.17464107304139
 10
361.19547832722674
 20
202.0309697508788
 10
361.1109260683543
 20
201.8973028554512
 10
361.0234181267752
 20
201.77544724427804
 10
360.9345287509503
 20
201.6667429478057
 10
360.8457469912926
 20
201.5720339323793
 10
360.7401906554233
 20
201.47648191598125
  0
LWPOLYLINE
  5
470
330
17
100
AcDbEntity
  8
OUTLINE
100
AcDbPolyline
 90
2
 70
0
 10
362.1590826520141
 20
203.5279994974215
 10
362.1590826520141
 20
203.44732545062098
  0
LWPOLYLINE
  5
471
330
17
100
AcDbEntity
  8
OUTLINE
100
AcDbPolyline
 90
5
 70
0
 10
362.0335607818981
 20
203.49773785571313
 10
362.0678464377332
 20
203.488741187038
 10
362.0979833776946
 20
203.48965747978352
 10
362.1155437526634
 20
203.49528335511974
 10
362.1306631575921
 20
203.5047196058808
  0
LWPOLYLINE
  5
472
330
17
100
AcDbEntity
  8
OUTLINE
100
AcDbPolyline
 90
9
 70
0
 10
390.97481632332614
 20
226.2432373445576
 10
390.89072764296816
 20
226.18011389640316
 10
390.8102706979557
 20
226.13064299103291
 10
390.7340332015847
 20
226.09402102391067
 10
390.66235182405455
 20
226.0692827900303
 10
390.59533217416845
 20
226.05541098486006
 10
390.53288375198565
 20
226.05144386647996
 10
390.4747702555106
 20
226.05657376965544
 10
390.40373152562927
 20
226.07651189035766
  0
LWPOLYLINE
  5
473
330
17
100
AcDbEntity
  8
OUTLINE
100
AcDbPolyline
 90
26
 70
0
 10
391.545901121023
 20
228.92040003252092
 10
391.59515147684243
 20
228.895818510949
 10
391.64101680389376
 20
228.86292401971227
 10
391.68355551493926
 20
228.82135284282816
 10
391.7226320899186
 20
228.77055160671742
 10
391.7579048938542
 20
228.70986352024238
 10
391.78883728630836
 20
228.63862206191274
 10
391.8147270422926
 20
228.55624501952946
 10
391.8347492884053
 20
228.46232466833422
 10
391.8480094604679
 20
228.3567110076633
 10
391.8536036776806
 20
228.23958462366667
 10
391.85068395897
 20
228.11151468833856
 10
391.8385251708795
 20
227.97349659376317
 10
391.81658967695125
 20
227.82696396565228
 10
391.78458475446814
 20
227.67377042851132
 10
391.7425074000456
 20
227.51613873198488
 10
391.69067154397254
 20
227.35657832634257
 10
391.6297138424523
 20
227.19777546312648
 10
391.5605760250576
 20
227.0424642641488
 10
391.4844644103346
 20
226.89328969973934
 10
391.40278963891024
 20
226.7526749188357
 10
391.31709209455363
 20
226.62270543480267
 10
391.22896010792107
 20
226.50504047962139
 10
391.1399481143302
 20
226.400858743766
 10
391.0515019522346
 20
226.3108414285343
 10
390.97481632332614
 20
226.2432373445576
  0
LWPOLYLINE
  5
474
330
17
100
AcDbEntity
  8
OUTLINE
100
AcDbPolyline
 90
2
 70
0
 10
373.59608322469387
 20
207.55475819655044
 10
373.64375459712494
 20
207.54116745299766
  0
LWPOLYLINE
  5
475
330
17
100
AcDbEntity
  8
OUTLINE
100
AcDbPolyline
 90
5
 70
0
 10
373.64375459712494
 20
207.54116745299766
 10
373.6878633120523
 20
207.53801650433354
 10
373.7257267189303
 20
207.54425410471777
 10
373.74717342736767
 20
207.55299971497288
 10
373.7662742473992
 20
207.56562284774736
  0
LWPOLYLINE
  5
476
330
17
100
AcDbEntity
  8
OUTLINE
100
AcDbPolyline
 90
5
 70
0
 10
381.8971610195461
 20
219.6964867417471
 10
381.8912800710617
 20
219.69197864641018
 10
381.85994108778
 20
219.67599123273746
 10
381.8285057356992
 20
219.6702183447986
 10
381.7855649542263
 20
219.67763244441215
  0
LWPOLYLINE
  5
477
330
17
100
AcDbEntity
  8
OUTLINE
100
AcDbPolyline
 90
5
 70
0
 10
386.10928630653314
 20
218.0954000836831
 10
386.12293687260006
 20
218.02083190208387
 10
386.1281496293447
 20
217.97082227229512
 10
386.13124138375366
 20
217.87717188858304
 10
386.12432682665064
 20
217.76465370762952
  0
LWPOLYLINE
  5
478
330
17
100
AcDbEntity
  8
OUTLINE
100
AcDbPolyline
 90
5
 70
0
 10
386.12432682665064
 20
217.76465370762952
 10
386.11397275080503
 20
217.71347174657345
 10
386.09777986579724
 20
217.67642319159992
 10
386.0856580223998
 20
217.65946927043296
 10
386.07106376536615
 20
217.64511632614344
  0
LWPOLYLINE
  5
479
330
17
100
AcDbEntity
  8
OUTLINE
100
AcDbPolyline
 90
5
 70
0
 10
370.8228504518435
 20
210.62494260506128
 10
370.81696950335913
 20
210.62043450972433
 10
370.7856305200774
 20
210.60444709605164
 10
370.7541951679966
 20
210.59867420811275
 10
370.7112543865237
 20
210.60608830772634
  0
LWPOLYLINE
  5
47A
330
17
100
AcDbEntity
  8
OUTLINE
100
AcDbPolyline
 90
8
 70
0
 10
375.01849146424047
 20
209.03047640227803
 10
375.03745644242065
 20
208.9311773267022
 10
375.04514852365025
 20
208.87482326185486
 10
375.05317860821424
 20
208.75042481074559
 10
375.04865217077963
 20
208.68273569727836
 10
375.0379731930981
 20
208.63672397055998
 10
375.021126244516
 20
208.60111674896336
 10
374.99675319766357
 20
208.5735721894576
  0
LWPOLYLINE
  5
47B
330
17
100
AcDbEntity
  8
OUTLINE
100
AcDbPolyline
 90
6
 70
0
 10
384.668576836763
 20
216.62703206370983
 10
384.6686867361153
 20
216.62698794767033
 10
384.7143951669775
 20
216.6133951814301
 10
384.77185292962884
 20
216.610251465406
 10
384.80816423034435
 20
216.61856740780846
 10
384.8405848151018
 20
216.63716698443318
  0
LWPOLYLINE
  5
47C
330
17
100
AcDbEntity
  8
OUTLINE
100
AcDbPolyline
 90
2
 70
0
 10
359.8996891431594
 20
205.86101115302532
 10
359.96577345332634
 20
205.83447019894075
  0
LWPOLYLINE
  5
47D
330
17
100
AcDbEntity
  8
OUTLINE
100
AcDbPolyline
 90
5
 70
0
 10
359.928108622258
 20
205.8036169977655
 10
359.911919108396
 20
205.78462082116351
 10
359.90218615083637
 20
205.7593987359238
 10
359.90031495040273
 20
205.74775651463005
 10
359.8996891431594
 20
205.7354892982327
  0
LWPOLYLINE
  5
47E
330
17
100
AcDbEntity
  8
OUTLINE
100
AcDbPolyline
 90
2
 70
0
 10
359.7287099006012
 20
211.9017773534407
 10
364.9973876557755
 20
209.78575758651684
  0
LWPOLYLINE
  5
47F
330
17
100
AcDbEntity
  8
OUTLINE
100
AcDbPolyline
 90
2
 70
0
 10
360.17114072728754
 20
213.65540671830666
 10
366.579432013834
 20
211.08169246537528
  0
LWPOLYLINE
  5
480
330
17
100
AcDbEntity
  8
OUTLINE
100
AcDbPolyline
 90
5
 70
0
 10
366.607851508256
 20
211.27534201970076
 10
366.5916619790705
 20
211.25634585842215
 10
366.5819290215109
 20
211.23112377318245
 10
366.58005783640067
 20
211.21948155188872
 10
366.579432013834
 20
211.20721433549133
  0
LWPOLYLINE
  5
481
330
17
100
AcDbEntity
  8
OUTLINE
100
AcDbPolyline
 90
2
 70
0
 10
361.2414209607801
 20
213.9786892243763
 10
367.0568022841087
 20
211.6431009714084
  0
LWPOLYLINE
  5
482
330
17
100
AcDbEntity
  8
OUTLINE
100
AcDbPolyline
 90
5
 70
0
 10
381.7251643498691
 20
223.6587197339889
 10
381.70897482068364
 20
223.63972357271032
 10
381.69924186312403
 20
223.61450148747062
 10
381.6973706626904
 20
223.6028592661769
 10
381.6967448554471
 20
223.5905920344561
  0
LWPOLYLINE
  5
483
330
17
100
AcDbEntity
  8
OUTLINE
100
AcDbPolyline
 90
2
 70
0
 10
374.8238916298907
 20
224.29404341536087
 10
380.11470048206525
 20
222.169135300805
  0
LWPOLYLINE
  5
484
330
17
100
AcDbEntity
  8
OUTLINE
100
AcDbPolyline
 90
2
 70
0
 10
375.4368272256905
 20
225.97919422103558
 10
381.6967448554471
 20
223.46507017966346
  0
LWPOLYLINE
  5
485
330
17
100
AcDbEntity
  8
OUTLINE
100
AcDbPolyline
 90
2
 70
0
 10
375.4368272256905
 20
226.73232539576162
 10
382.1741151257218
 20
224.02647868569656
  0
LWPOLYLINE
  5
486
330
17
100
AcDbEntity
  8
OUTLINE
100
AcDbPolyline
 90
2
 70
0
 10
373.4447865393412
 20
226.94485520524447
 10
373.4447865393412
 20
226.96892693295797
  0
LWPOLYLINE
  5
487
330
17
100
AcDbEntity
  8
OUTLINE
100
AcDbPolyline
 90
2
 70
0
 10
373.4447865393412
 20
226.96892693295797
 10
375.4368272256905
 20
226.96892693295797
  0
LWPOLYLINE
  5
488
330
17
100
AcDbEntity
  8
OUTLINE
100
AcDbPolyline
 90
2
 70
0
 10
375.4368272256905
 20
225.97919422103558
 10
375.4368272256905
 20
226.96892693295797
  0
LWPOLYLINE
  5
489
330
17
100
AcDbEntity
  8
OUTLINE
100
AcDbPolyline
 90
3
 70
0
 10
386.10928630653314
 20
219.3506186929031
 10
386.0970741164288
 20
219.2943090352397
 10
386.09280203194305
 20
219.2317172933912
  0
LWPOLYLINE
  5
48A
330
17
100
AcDbEntity
  8
OUTLINE
100
AcDbPolyline
 90
2
 70
0
 10
386.09280203194305
 20
219.2317172933912
 10
386.09280203194305
 20
218.2275424090799
  0
LWPOLYLINE
  5
48B
330
17
100
AcDbEntity
  8
OUTLINE
100
AcDbPolyline
 90
3
 70
0
 10
386.10928630653314
 20
218.0954000836831
 10
386.09624548879685
 20
218.16839982438626
 10
386.09280203194305
 20
218.2275424090799
  0
LWPOLYLINE
  5
48C
330
17
100
AcDbEntity
  8
OUTLINE
100
AcDbPolyline
 90
2
 70
0
 10
373.7662742473992
 20
207.56562284774736
 10
374.99675319766357
 20
208.5735721894576
  0
LWPOLYLINE
  5
48D
330
17
100
AcDbEntity
  8
OUTLINE
100
AcDbPolyline
 90
3
 70
0
 10
375.00254808999034
 20
209.16240147265287
 10
375.00699921296365
 20
209.093906302907
 10
375.01849146424047
 20
209.03047640227803
  0
LWPOLYLINE
  5
48E
330
17
100
AcDbEntity
  8
OUTLINE
100
AcDbPolyline
 90
2
 70
0
 10
384.8405848151018
 20
216.63716698443318
 10
386.07106376536615
 20
217.64511632614344
  0
LWPOLYLINE
  5
48F
330
17
100
AcDbEntity
  8
OUTLINE
100
AcDbPolyline
 90
3
 70
0
 10
375.01849146424047
 20
210.28569501149804
 10
375.00653119066607
 20
210.22809451146986
 10
375.00254808999034
 20
210.16657637228758
  0
LWPOLYLINE
  5
490
330
17
100
AcDbEntity
  8
OUTLINE
100
AcDbPolyline
 90
2
 70
0
 10
375.00254808999034
 20
210.16657637228758
 10
375.00254808999034
 20
209.16240147265287
  0
LWPOLYLINE
  5
491
330
17
100
AcDbEntity
  8
OUTLINE
100
AcDbPolyline
 90
4
 70
0
 10
386.10928630653314
 20
219.3506186929031
 10
386.12720981519567
 20
219.42008079919813
 10
386.1312250643434
 20
219.44782160535826
 10
386.1293066525455
 20
219.45824793098723
  0
LWPOLYLINE
  5
492
330
17
100
AcDbEntity
  8
OUTLINE
100
AcDbPolyline
 90
2
 70
0
 10
386.1293066525455
 20
219.45824793098723
 10
386.12709775524536
 20
219.45765330684236
  0
LWPOLYLINE
  5
493
330
17
100
AcDbEntity
  8
OUTLINE
100
AcDbPolyline
 90
4
 70
0
 10
375.01849146424047
 20
210.28569501149804
 10
375.03745644242065
 20
210.34716416180282
 10
375.04514852365025
 20
210.3684613139548
 10
375.0531791445329
 20
210.387433524775
  0
LWPOLYLINE
  5
494
330
17
100
AcDbEntity
  8
OUTLINE
100
AcDbPolyline
 90
3
 70
0
 10
375.0531791445329
 20
210.387433524775
 10
375.05317860821424
 20
210.38743370865566
 10
375.053155056164
 20
210.3874224306407
  0
LWPOLYLINE
  5
495
330
17
100
AcDbEntity
  8
OUTLINE
100
AcDbPolyline
 90
2
 70
0
 10
373.4447865393412
 20
227.7220580923606
 10
375.4368272256905
 20
227.7220580923606
  0
LWPOLYLINE
  5
496
330
17
100
AcDbEntity
  8
OUTLINE
100
AcDbPolyline
 90
2
 70
0
 10
375.4368272256905
 20
227.7220580923606
 10
375.4368272256905
 20
226.96892693295797
  0
LWPOLYLINE
  5
497
330
17
100
AcDbEntity
  8
OUTLINE
100
AcDbPolyline
 90
2
 70
0
 10
373.4447865393412
 20
227.7220580923606
 10
373.4447865393412
 20
226.96892693295797
  0
LWPOLYLINE
  5
498
330
17
100
AcDbEntity
  8
OUTLINE
100
AcDbPolyline
 90
4
 70
0
 10
375.69271769285274
 20
206.7928650461889
 10
375.6909328550446
 20
206.790682765617
 10
375.68644886339996
 20
206.78554647258792
 10
375.68324431351795
 20
206.7823937310872
  0
LWPOLYLINE
  5
499
330
17
100
AcDbEntity
  8
OUTLINE
100
AcDbPolyline
 90
3
 70
0
 10
375.68324431351795
 20
206.7823937310872
 10
375.6832303692332
 20
206.78238234580851
 10
375.68257176993546
 20
206.7819463800426
  0
LWPOLYLINE
  5
49A
330
17
100
AcDbEntity
  8
OUTLINE
100
AcDbPolyline
 90
4
 70
0
 10
375.68257176993546
 20
206.7819463800426
 10
375.68463869602823
 20
206.7848403248114
 10
375.6909681294881
 20
206.79122630157997
 10
375.7104792179607
 20
206.8081894933978
  0
LWPOLYLINE
  5
49B
330
17
100
AcDbEntity
  8
OUTLINE
100
AcDbPolyline
 90
2
 70
0
 10
375.7104792179607
 20
206.8081894933978
 10
376.94095816822505
 20
207.81613883510803
  0
LWPOLYLINE
  5
49C
330
17
100
AcDbEntity
  8
OUTLINE
100
AcDbPolyline
 90
3
 70
0
 10
376.94095816822505
 20
207.81613883510803
 10
376.98155128377897
 20
207.8477972650989
 10
377.03123861670804
 20
207.88660601786967
  0
LWPOLYLINE
  5
49D
330
17
100
AcDbEntity
  8
OUTLINE
100
AcDbPolyline
 90
4
 70
0
 10
386.7670282605553
 20
215.8644091828747
 10
386.7652434227472
 20
215.86222690230284
 10
386.76075943110254
 20
215.85709060927374
 10
386.7575548658972
 20
215.85393786777303
  0
LWPOLYLINE
  5
49E
330
17
100
AcDbEntity
  8
OUTLINE
100
AcDbPolyline
 90
3
 70
0
 10
386.7575548658972
 20
215.85393786777303
 10
386.75754093693575
 20
215.85392648249433
 10
386.75688233763805
 20
215.85349051672844
  0
LWPOLYLINE
  5
49F
330
17
100
AcDbEntity
  8
OUTLINE
100
AcDbPolyline
 90
4
 70
0
 10
386.75688233763805
 20
215.85349051672844
 10
386.7589492637308
 20
215.8563844614972
 10
386.7652786971907
 20
215.86277045358918
 10
386.7847897703399
 20
215.87973363008362
  0
LWPOLYLINE
  5
4A0
330
17
100
AcDbEntity
  8
OUTLINE
100
AcDbPolyline
 90
2
 70
0
 10
386.7847897703399
 20
215.87973363008362
 10
388.01526873592763
 20
216.88768297179388
  0
LWPOLYLINE
  5
4A1
330
17
100
AcDbEntity
  8
OUTLINE
100
AcDbPolyline
 90
3
 70
0
 10
388.01526873592763
 20
216.88768297179388
 10
388.05586183615816
 20
216.91934140178472
 10
388.1055491844106
 20
216.9581501545555
  0
LWPOLYLINE
  5
4A2
330
17
100
AcDbEntity
  8
OUTLINE
100
AcDbPolyline
 90
3
 70
0
 10
388.1055491844106
 20
216.9581501545555
 10
388.1146975546458
 20
216.96575092370477
 10
388.1237073094959
 20
216.97347711480035
  0
LWPOLYLINE
  5
4A3
330
17
100
AcDbEntity
  8
OUTLINE
100
AcDbPolyline
 90
2
 70
0
 10
373.01573162228135
 20
226.39152637026504
 10
373.01573162228135
 20
226.54215259601622
  0
LWPOLYLINE
  5
4A4
330
17
100
AcDbEntity
  8
OUTLINE
100
AcDbPolyline
 90
2
 70
0
 10
372.92319717976176
 20
226.54215259601622
 10
373.01573162228135
 20
226.54215259601622
  0
LWPOLYLINE
  5
4A5
330
17
100
AcDbEntity
  8
OUTLINE
100
AcDbPolyline
 90
2
 70
0
 10
373.01573162228135
 20
226.39152637026504
 10
373.01573162228135
 20
226.54215259601622
  0
LWPOLYLINE
  5
4A6
330
17
100
AcDbEntity
  8
OUTLINE
100
AcDbPolyline
 90
2
 70
0
 10
372.83185094354144
 20
226.39152637026504
 10
373.01573162228135
 20
226.39152637026504
  0
LWPOLYLINE
  5
4A7
330
17
100
AcDbEntity
  8
OUTLINE
100
AcDbPolyline
 90
2
 70
0
 10
374.8238916298907
 20
225.02026493991806
 10
374.8238916298907
 20
224.11650753944085
  0
LWPOLYLINE
  5
4A8
330
17
100
AcDbEntity
  8
OUTLINE
100
AcDbPolyline
 90
5
 70
0
 10
372.83185094354144
 20
226.39152637026504
 10
372.8022728935797
 20
226.38716206961888
 10
372.7807720322824
 20
226.37580251889852
 10
372.7731665894992
 20
226.36651818422487
 10
372.77055738396143
 20
226.35636982488862
  0
LWPOLYLINE
  5
4A9
330
17
100
AcDbEntity
  8
OUTLINE
100
AcDbPolyline
 90
2
 70
0
 10
374.8238916298907
 20
226.8835616456645
 10
374.8238916298907
 20
225.9798042451873
  0
LWPOLYLINE
  5
4AA
330
17
100
AcDbEntity
  8
OUTLINE
100
AcDbPolyline
 90
2
 70
0
 10
372.77055738396143
 20
226.35636982488862
 10
372.77055738396143
 20
225.9798042451873
  0
LWPOLYLINE
  5
4AB
330
17
100
AcDbEntity
  8
OUTLINE
100
AcDbPolyline
 90
2
 70
0
 10
374.8238916298907
 20
224.11650753944085
 10
374.8238916298907
 20
225.9798042451873
  0
LWPOLYLINE
  5
4AC
330
17
100
AcDbEntity
  8
OUTLINE
100
AcDbPolyline
 90
2
 70
0
 10
372.77055738396143
 20
224.11650753944085
 10
372.77055738396143
 20
225.9798042451873
  0
LWPOLYLINE
  5
4AD
330
17
100
AcDbEntity
  8
OUTLINE
100
AcDbPolyline
 90
2
 70
0
 10
359.4557642399882
 20
213.35024157710512
 10
359.4557642399882
 20
213.46163989407833
  0
LWPOLYLINE
  5
4AE
330
17
100
AcDbEntity
  8
OUTLINE
100
AcDbPolyline
 90
2
 70
0
 10
359.39287333959874
 20
213.4493506119995
 10
359.4557642399882
 20
213.35024157710512
  0
LWPOLYLINE
  5
4AF
330
17
100
AcDbEntity
  8
OUTLINE
100
AcDbPolyline
 90
5
 70
0
 10
356.2616659978969
 20
212.8330777044677
 10
356.2368873715607
 20
212.8234426173994
 10
356.2238573721378
 20
212.81002095213069
 10
356.22196966841324
 20
212.80508326555804
 10
356.22133607688784
 20
212.80004134928734
  0
LWPOLYLINE
  5
4B0
330
17
100
AcDbEntity
  8
OUTLINE
100
AcDbPolyline
 90
2
 70
0
 10
356.22133607688784
 20
212.80004134928734
 10
356.2250325229088
 20
212.78801711588352
  0
LWPOLYLINE
  5
4B1
330
17
100
AcDbEntity
  8
OUTLINE
100
AcDbPolyline
 90
2
 70
0
 10
359.3143126027922
 20
213.4703627031293
 10
356.2616659978969
 20
212.8330777044677
  0
LWPOLYLINE
  5
4B2
330
17
100
AcDbEntity
  8
OUTLINE
100
AcDbPolyline
 90
5
 70
0
 10
359.39287333959874
 20
213.4493506119995
 10
359.3800651768913
 20
213.46132660737194
 10
359.35736510710086
 20
213.47012059356894
 10
359.3358771327745
 20
213.47248120775245
 10
359.3143126027922
 20
213.4703627031293
  0
LWPOLYLINE
  5
4B3
330
17
100
AcDbEntity
  8
OUTLINE
100
AcDbPolyline
 90
2
 70
0
 10
343.7437252150465
 20
238.2612863814521
 10
343.71207657670175
 20
238.31116110411622
  0
LWPOLYLINE
  5
4B4
330
17
100
AcDbEntity
  8
OUTLINE
100
AcDbPolyline
 90
2
 70
0
 10
343.7749674770912
 20
238.06142584347066
 10
343.71207657670175
 20
238.16053486304165
  0
LWPOLYLINE
  5
4B5
330
17
100
AcDbEntity
  8
OUTLINE
100
AcDbPolyline
 90
2
 70
0
 10
343.71207657670175
 20
238.16053486304165
 10
343.71207657670175
 20
238.31116110411622
  0
LWPOLYLINE
  5
4B6
330
17
100
AcDbEntity
  8
OUTLINE
100
AcDbPolyline
 90
2
 70
0
 10
343.7749674770912
 20
238.03737734601623
 10
343.77866392311216
 20
238.04940159474344
  0
LWPOLYLINE
  5
4B7
330
17
100
AcDbEntity
  8
OUTLINE
100
AcDbPolyline
 90
2
 70
0
 10
343.77866392311216
 20
238.04940159474344
 10
343.7749674770912
 20
238.06142584347066
  0
LWPOLYLINE
  5
4B8
330
17
100
AcDbEntity
  8
OUTLINE
100
AcDbPolyline
 90
2
 70
0
 10
326.98426837771865
 20
226.54215259601622
 10
326.98426837771865
 20
226.39152637026504
  0
LWPOLYLINE
  5
4B9
330
17
100
AcDbEntity
  8
OUTLINE
100
AcDbPolyline
 90
2
 70
0
 10
327.07680282023824
 20
226.54215259601622
 10
326.98426837771865
 20
226.54215259601622
  0
LWPOLYLINE
  5
4BA
330
17
100
AcDbEntity
  8
OUTLINE
100
AcDbPolyline
 90
2
 70
0
 10
327.16814905645856
 20
226.39152637026504
 10
326.98426837771865
 20
226.39152637026504
  0
LWPOLYLINE
  5
4BB
330
17
100
AcDbEntity
  8
OUTLINE
100
AcDbPolyline
 90
2
 70
0
 10
326.98426837771865
 20
226.39152637026504
 10
326.98426837771865
 20
226.54215259601622
  0
LWPOLYLINE
  5
4BC
330
17
100
AcDbEntity
  8
OUTLINE
100
AcDbPolyline
 90
2
 70
0
 10
325.1761083701093
 20
226.8835616456645
 10
325.1761083701093
 20
225.9798042451873
  0
LWPOLYLINE
  5
4BD
330
17
100
AcDbEntity
  8
OUTLINE
100
AcDbPolyline
 90
2
 70
0
 10
327.22944261603857
 20
226.35636982488862
 10
327.22944261603857
 20
225.9798042451873
  0
LWPOLYLINE
  5
4BE
330
17
100
AcDbEntity
  8
OUTLINE
100
AcDbPolyline
 90
5
 70
0
 10
327.22944261603857
 20
226.35636982488862
 10
327.2250386737827
 20
226.3694553103064
 10
327.2114097443423
 20
226.38127528292293
 10
327.1879335448537
 20
226.3896445507222
 10
327.16814905645856
 20
226.39152637026504
  0
LWPOLYLINE
  5
4BF
330
17
100
AcDbEntity
  8
OUTLINE
100
AcDbPolyline
 90
2
 70
0
 10
325.1761083701093
 20
225.02026493991806
 10
325.1761083701093
 20
224.11650753944085
  0
LWPOLYLINE
  5
4C0
330
17
100
AcDbEntity
  8
OUTLINE
100
AcDbPolyline
 90
2
 70
0
 10
325.1761083701093
 20
225.9798042451873
 10
325.1761083701093
 20
224.11650753944085
  0
LWPOLYLINE
  5
4C1
330
17
100
AcDbEntity
  8
OUTLINE
100
AcDbPolyline
 90
2
 70
0
 10
327.22944261603857
 20
225.9798042451873
 10
327.22944261603857
 20
224.11650753944085
  0
LWPOLYLINE
  5
4C2
330
17
100
AcDbEntity
  8
OUTLINE
100
AcDbPolyline
 90
8
 70
0
 10
358.2297534216599
 20
202.86129568946595
 10
358.15944593926775
 20
202.80945926642747
 10
358.09291153516943
 20
202.77121092067193
 10
358.0307825750192
 20
202.74552623761468
 10
357.9733382663042
 20
202.7312007834866
 10
357.9205501841363
 20
202.7270385677064
 10
357.8721594858133
 20
202.73202866027248
 10
357.8299940678691
 20
202.7445878791877
  0
LWPOLYLINE
  5
4C3
330
17
100
AcDbEntity
  8
OUTLINE
100
AcDbPolyline
 90
23
 70
0
 10
358.6295127754507
 20
204.73530957410495
 10
358.67042999602427
 20
204.71407583014033
 10
358.70794245130344
 20
204.68450993162676
 10
358.74207199244233
 20
204.64612854820015
 10
358.772556758031
 20
204.59821826879718
 10
358.7988484771789
 20
204.53998842182264
 10
358.8201513449553
 20
204.4707302851705
 10
358.83549050261854
 20
204.38997033544624
 10
358.8438011431281
 20
204.29761016583993
 10
358.84403188273313
 20
204.19404467543256
 10
358.835256284604
 20
204.0802474511245
 10
358.8167842445534
 20
203.95781033262824
 10
358.7882622213296
 20
203.8289250550472
 10
358.74975000680007
 20
203.69630015013246
 10
358.7017616547256
 20
203.56301424014782
 10
358.6452620942912
 20
203.43231795240865
 10
358.58161645565593
 20
203.307406014504
 10
358.5124966892145
 20
203.19118846076205
 10
358.43975674126364
 20
203.0860910450967
 10
358.36529301921337
 20
202.99391060353048
 10
358.2909077069491
 20
202.9157417624205
 10
358.2603684973562
 20
202.8874626149266
 10
358.2297534216599
 20
202.86129568946595
  0
LWPOLYLINE
  5
4C4
330
17
100
AcDbEntity
  8
OUTLINE
100
AcDbPolyline
 90
6
 70
0
 10
357.4806373888179
 20
203.8150436574349
 10
357.41369997956537
 20
203.69467807737175
 10
357.3423149410724
 20
203.58443819335122
 10
357.26837743955446
 20
203.48641040749462
 10
357.1937469683753
 20
203.40200172878548
 10
357.10005666723254
 20
203.3150073812655
  0
LWPOLYLINE
  5
4C5
330
17
100
AcDbEntity
  8
OUTLINE
100
AcDbPolyline
 90
2
 70
0
 10
355.3467657500792
 20
204.67205460529502
 10
357.4806373888179
 20
203.8150436574349
  0
LWPOLYLINE
  5
4C6
330
17
100
AcDbEntity
  8
OUTLINE
100
AcDbPolyline
 90
6
 70
0
 10
355.3467657500792
 20
204.67205460529502
 10
355.2798283255033
 20
204.5516890252319
 10
355.2084432870103
 20
204.44144915653473
 10
355.1345058008158
 20
204.34342137067813
 10
355.05987532963667
 20
204.25901269196902
 10
354.9661850131705
 20
204.17201834444901
  0
LWPOLYLINE
  5
4C7
330
17
100
AcDbEntity
  8
OUTLINE
100
AcDbPolyline
 90
8
 70
0
 10
354.9661850131705
 20
204.17201834444901
 10
354.89587754610176
 20
204.12018190608714
 10
354.82934314200344
 20
204.0819335603316
 10
354.76721418185315
 20
204.05624887727436
 10
354.7097698578148
 20
204.04192342314627
 10
354.6569817909703
 20
204.03776120736606
 10
354.6085910926473
 20
204.04275129993215
 10
354.5856042915852
 20
204.04854764798094
  0
LWPOLYLINE
  5
4C8
330
17
100
AcDbEntity
  8
OUTLINE
100
AcDbPolyline
 90
2
 70
0
 10
354.5856042915852
 20
204.04854764798094
 10
355.17240111099153
 20
203.81287682284
  0
LWPOLYLINE
  5
4C9
330
17
100
AcDbEntity
  8
OUTLINE
100
AcDbPolyline
 90
2
 70
0
 10
355.9333832092069
 20
203.50724925237824
 10
356.7194759456472
 20
203.19153668479743
  0
LWPOLYLINE
  5
4CA
330
17
100
AcDbEntity
  8
OUTLINE
100
AcDbPolyline
 90
8
 70
0
 10
357.10005666723254
 20
203.3150073812655
 10
357.0297491848404
 20
203.26317094290363
 10
356.9632147807421
 20
203.22492261247146
 10
356.90108582059185
 20
203.19923792941424
 10
356.84364151187685
 20
203.18491245996276
 10
356.79085342970893
 20
203.18075024418252
 10
356.742462731386
 20
203.1857403367486
 10
356.7194759456472
 20
203.19153668479743
  0
LWPOLYLINE
  5
4CB
330
17
100
AcDbEntity
  8
OUTLINE
100
AcDbPolyline
 90
2
 70
0
 10
356.7194759456472
 20
203.19153668479743
 10
357.4806373888179
 20
203.8150436574349
  0
LWPOLYLINE
  5
4CC
330
17
100
AcDbEntity
  8
OUTLINE
100
AcDbPolyline
 90
8
 70
0
 10
309.02518367667386
 20
222.64053324922133
 10
308.95558594305487
 20
222.58927807300836
 10
308.88976986882807
 20
222.55160669885254
 10
308.8283698576585
 20
222.5264805227102
 10
308.77166036678256
 20
222.51268055359176
 10
308.7196035933974
 20
222.50900165285222
 10
308.6719302136022
 20
222.51443388651035
 10
308.6334195160883
 20
222.52615958963224
  0
LWPOLYLINE
  5
4CD
330
17
100
AcDbEntity
  8
OUTLINE
100
AcDbPolyline
 90
23
 70
0
 10
309.4169478525829
 20
224.4770668576999
 10
309.4574359722692
 20
224.456005517195
 10
309.4945180241731
 20
224.42661071965298
 10
309.52821299397453
 20
224.3883913810745
 10
309.55825013269754
 20
224.34062428342673
 10
309.58406722516685
 20
224.28251187491233
 10
309.60485180992686
 20
224.21334612297787
 10
309.61961275479575
 20
224.13266596214478
 10
309.6272729020809
 20
224.0404003991477
 10
309.62677630166115
 20
223.93698847975386
 10
309.6172033049687
 20
223.82346428760695
 10
309.5978847548901
 20
223.70149318404418
 10
309.5685036871054
 20
223.5733470454981
 10
309.5291709510172
 20
223.4418116336049
 10
309.48046281334916
 20
223.3100289175222
 10
309.42341150361483
 20
223.18128784836347
 10
309.35944675538497
 20
223.05878768944115
 10
309.2902942122126
 20
222.9454047483023
 10
309.2178433553355
 20
222.84349383156564
 10
309.1440028815224
 20
222.75475019650202
 10
309.07056228689197
 20
222.68014749130535
 10
309.0478890943274
 20
222.65974321775914
 10
309.02518367667386
 20
222.64053324922133
  0
LWPOLYLINE
  5
4CE
330
17
100
AcDbEntity
  8
OUTLINE
100
AcDbPolyline
 90
8
 70
0
 10
364.50584649840664
 20
200.35824828306656
 10
364.43624874946426
 20
200.30699310685358
 10
364.37043269056085
 20
200.26932173269776
 10
364.3090326793913
 20
200.2441955565554
 10
364.25232317319194
 20
200.230395587437
 10
364.20026641513016
 20
200.22671668669744
 10
364.152593035335
 20
200.23214892035554
 10
364.11408232249767
 20
200.24387462347744
  0
LWPOLYLINE
  5
4CF
330
17
100
AcDbEntity
  8
OUTLINE
100
AcDbPolyline
 90
12
 70
0
 10
365.1027610763397
 20
201.58691443033618
 10
365.0873324147561
 20
201.46802470724737
 10
365.0619182201773
 20
201.341999019395
 10
365.0264543948633
 20
201.21143652017298
 10
364.98133265063
 20
201.07936174027887
 10
364.9274103004953
 20
200.9490331832504
 10
364.8659707703032
 20
200.82371408755284
 10
364.79863784903404
 20
200.70643399463216
 10
364.7272535613872
 20
200.59977298026195
 10
364.65373633448394
 20
200.50569731118674
 10
364.57993793869946
 20
200.42546660070266
 10
364.50584649840664
 20
200.35824828306656
  0
LWPOLYLINE
  5
4D0
330
17
100
AcDbEntity
  8
OUTLINE
100
AcDbPolyline
 90
9
 70
0
 10
305.2595278336905
 20
223.75876689745945
 10
305.1754391533326
 20
223.69564344930498
 10
305.09498220832006
 20
223.64617252861137
 10
305.01874471194907
 20
223.60955056148913
 10
304.94706333441894
 20
223.58481234293214
 10
304.88004368453284
 20
223.57094053776189
 10
304.81759526235004
 20
223.5669734193818
 10
304.75948176587497
 20
223.5721033072339
 10
304.68844303599366
 20
223.5920414432595
  0
LWPOLYLINE
  5
4D1
330
17
100
AcDbEntity
  8
OUTLINE
100
AcDbPolyline
 90
9
 70
0
 10
305.8306126313874
 20
226.43592957009938
 10
305.8798629872068
 20
226.41134804852743
 10
305.92572832958155
 20
226.3784535572907
 10
305.9682670253036
 20
226.33688238040662
 10
306.007343600283
 20
226.28608115961927
 10
306.04261640421856
 20
226.2253930731442
 10
306.0735487966728
 20
226.15415161481457
 10
306.099438552657
 20
226.07177457243128
 10
306.11667561942244
 20
225.9937346623239
  0
LWPOLYLINE
  5
4D2
330
17
100
AcDbEntity
  8
OUTLINE
100
AcDbPolyline
 90
3
 70
0
 10
305.99516184243106
 20
226.0208592383594
 10
306.0078859563449
 20
225.91438383621096
 10
306.01291950604474
 20
225.78436173165701
  0
LWPOLYLINE
  5
4D3
330
17
100
AcDbEntity
  8
OUTLINE
100
AcDbPolyline
 90
3
 70
0
 10
306.01291950604474
 20
225.78436173165701
 10
306.0084655635677
 20
225.65450643752547
 10
305.99516184243106
 20
225.51877178854204
  0
LWPOLYLINE
  5
4D4
330
17
100
AcDbEntity
  8
OUTLINE
100
AcDbPolyline
 90
2
 70
0
 10
305.99516184243106
 20
225.51877178854204
 10
306.1206837125471
 20
225.4683593834499
  0
LWPOLYLINE
  5
4D5
330
17
100
AcDbEntity
  8
OUTLINE
100
AcDbPolyline
 90
14
 70
0
 10
306.1206837125471
 20
225.4683593834499
 10
306.09730627230635
 20
225.3207413076924
 10
306.0638402339499
 20
225.166762002441
 10
306.02032710854104
 20
225.00869142870462
 10
305.9671276086778
 20
224.84907187477728
 10
305.9049240849123
 20
224.69060479300396
 10
305.8346994867361
 20
224.5360199533541
 10
305.75769373688934
 20
224.38793822246515
 10
305.67534105869595
 20
224.2487406099526
 10
305.5891939107565
 20
224.12045582537476
 10
305.5008406850206
 20
224.004676214116
 10
305.41182447749753
 20
223.90250881447926
 10
305.3235700110095
 20
223.81456380385018
 10
305.2595278336905
 20
223.75876689745945
  0
LWPOLYLINE
  5
4D6
330
17
100
AcDbEntity
  8
OUTLINE
100
AcDbPolyline
 90
9
 70
0
 10
303.8787873543545
 20
224.31330339944327
 10
303.79469867399655
 20
224.25017995128883
 10
303.71424172898406
 20
224.20070903059522
 10
303.63800423261307
 20
224.16408706347295
 10
303.56632285508294
 20
224.13934884491596
 10
303.49930320519684
 20
224.12547703974573
 10
303.43685478301404
 20
224.12150992136563
 10
303.37874128653897
 20
224.12663980921775
 10
303.3077025566576
 20
224.14657794524334
  0
LWPOLYLINE
  5
4D7
330
17
100
AcDbEntity
  8
OUTLINE
100
AcDbPolyline
 90
17
 70
0
 10
303.3077025566576
 20
224.14657794524334
 10
303.2584522008382
 20
224.17115946681525
 10
303.21258685846345
 20
224.204053958052
 10
303.1700481627414
 20
224.2456251349361
 10
303.130971587762
 20
224.29642637104683
 10
303.09569878382644
 20
224.3571144421985
 10
303.0647663913722
 20
224.42835590052815
 10
303.038876635388
 20
224.5107329429114
 10
303.01885438927525
 20
224.60465330943006
 10
303.00559421721266
 20
224.71026697010095
 10
303.0
 20
224.82739335409758
 10
303.0029197187106
 20
224.9554632894257
 10
303.0150785068011
 20
225.0934813840011
 10
303.0370140007293
 20
225.240014012112
 10
303.0690189078891
 20
225.39320754925293
 10
303.08114784601605
 20
225.4423125320725
 10
303.09420538157065
 20
225.4915644662011
  0
LWPOLYLINE
  5
4D8
330
17
100
AcDbEntity
  8
OUTLINE
100
AcDbPolyline
 90
15
 70
0
 10
303.3653866304543
 20
226.16677867037686
 10
303.4468313211794
 20
226.30785024153326
 10
303.5323736702431
 20
226.43836649476452
 10
303.62042576072076
 20
226.55664645419924
 10
303.7094297861489
 20
226.66148790795978
 10
303.79793321175254
 20
226.7521861946384
 10
303.8846516003439
 20
226.82851639751829
 10
303.968515363985
 20
226.89068323708838
 10
304.048698909075
 20
226.93924528155713
 10
304.12463206759924
 20
226.97502060074092
 10
304.1959947952365
 20
226.9989815250221
 10
304.2626962396081
 20
227.0121448992307
 10
304.32483863837126
 20
227.0154649108555
 10
304.38266612377396
 20
227.00973546472702
 10
304.44987215205134
 20
226.9904660720832
  0
LWPOLYLINE
  5
4D9
330
17
100
AcDbEntity
  8
OUTLINE
100
AcDbPolyline
 90
26
 70
0
 10
304.44987215205134
 20
226.9904660720832
 10
304.4991225231942
 20
226.96588455051128
 10
304.54498785024555
 20
226.93299005927454
 10
304.5875265459676
 20
226.89141888239044
 10
304.626603120947
 20
226.8406176616031
 10
304.6618759248825
 20
226.77992957512805
 10
304.69280831733676
 20
226.7086881167984
 10
304.718698073321
 20
226.62631107441513
 10
304.7387203194337
 20
226.5323907232199
 10
304.7519804914963
 20
226.42677704722558
 10
304.75757472403234
 20
226.30965067855234
 10
304.75465498999836
 20
226.18158072790084
 10
304.7424962019079
 20
226.04356263332545
 10
304.72056070797964
 20
225.89703002053795
 10
304.68855580081987
 20
225.7438364680736
 10
304.646478431074
 20
225.58620478687055
 10
304.59464257500093
 20
225.42664438122824
 10
304.5336848734807
 20
225.26784151801215
 10
304.46454707140936
 20
225.11253030371108
 10
304.38843545668635
 20
224.96335573930162
 10
304.30676066993857
 20
224.82274097372138
 10
304.221063125582
 20
224.69277147436495
 10
304.13293113894946
 20
224.57510653450706
 10
304.0439191453586
 20
224.47092479865168
 10
303.95547298326295
 20
224.38090748341997
 10
303.8787873543545
 20
224.31330339944327
  0
LWPOLYLINE
  5
4DA
330
17
100
AcDbEntity
  8
OUTLINE
100
AcDbPolyline
 90
2
 70
0
 10
307.1420952498923
 20
222.93390495791763
 10
307.29872046020023
 20
223.06220482071114
  0
LWPOLYLINE
  5
4DB
330
17
100
AcDbEntity
  8
OUTLINE
100
AcDbPolyline
 90
2
 70
0
 10
305.2008957937014
 20
223.71353442641077
 10
307.1420952498923
 20
222.93390495791763
  0
LWPOLYLINE
  5
4DC
330
17
100
AcDbEntity
  8
OUTLINE
100
AcDbPolyline
 90
2
 70
0
 10
305.99516184243106
 20
226.0208592383594
 10
306.01291950604474
 20
226.03540545656568
  0
LWPOLYLINE
  5
4DD
330
17
100
AcDbEntity
  8
OUTLINE
100
AcDbPolyline
 90
2
 70
0
 10
306.01291950604474
 20
226.03540545656568
 10
308.89992231950947
 20
224.87592004750587
  0
LWPOLYLINE
  5
4DE
330
17
100
AcDbEntity
  8
OUTLINE
100
AcDbPolyline
 90
2
 70
0
 10
306.01291950604474
 20
226.03540545656568
 10
306.01291950604474
 20
225.78436173165701
  0
LWPOLYLINE
  5
4DF
330
17
100
AcDbEntity
  8
OUTLINE
100
AcDbPolyline
 90
2
 70
0
 10
305.99516184243106
 20
225.51877178854204
 10
306.01291950604474
 20
225.53331800674835
  0
LWPOLYLINE
  5
4E0
330
17
100
AcDbEntity
  8
OUTLINE
100
AcDbPolyline
 90
2
 70
0
 10
306.01291950604474
 20
225.78436173165701
 10
306.01291950604474
 20
225.53331800674835
  0
LWPOLYLINE
  5
4E1
330
17
100
AcDbEntity
  8
OUTLINE
100
AcDbPolyline
 90
2
 70
0
 10
306.01291950604474
 20
225.53331800674835
 10
308.89992231950947
 20
224.3738325976885
  0
LWPOLYLINE
  5
4E2
330
17
100
AcDbEntity
  8
OUTLINE
100
AcDbPolyline
 90
2
 70
0
 10
308.72413962327414
 20
224.2298398367761
 10
308.89992231950947
 20
224.3738325976885
  0
LWPOLYLINE
  5
4E3
330
17
100
AcDbEntity
  8
OUTLINE
100
AcDbPolyline
 90
2
 70
0
 10
306.09083236992655
 20
225.28743539876038
 10
308.72413962327414
 20
224.2298398367761
  0
LWPOLYLINE
  5
4E4
330
17
100
AcDbEntity
  8
OUTLINE
100
AcDbPolyline
 90
2
 70
0
 10
308.89992231950947
 20
224.87592004750587
 10
308.89992231950947
 20
224.3738325976885
  0
LWPOLYLINE
  5
4E5
330
17
100
AcDbEntity
  8
OUTLINE
100
AcDbPolyline
 90
2
 70
0
 10
306.01291950604474
 20
225.78436173165701
 10
306.1384413761608
 20
225.73394932656487
  0
LWPOLYLINE
  5
4E6
330
17
100
AcDbEntity
  8
OUTLINE
100
AcDbPolyline
 90
9
 70
0
 10
365.8865869777427
 20
199.40957313864575
 10
365.8024982973847
 20
199.34644969049128
 10
365.72204135237223
 20
199.29697876979768
 10
365.64580385600124
 20
199.26035680267543
 10
365.5741224784711
 20
199.23561858411844
 10
365.507102828585
 20
199.22174677894822
 10
365.4446544064022
 20
199.2177796605681
 10
365.38654090992713
 20
199.2229095484202
 10
365.3155021800458
 20
199.24284768444582
  0
LWPOLYLINE
  5
4E7
330
17
100
AcDbEntity
  8
OUTLINE
100
AcDbPolyline
 90
26
 70
0
 10
366.45767177543956
 20
202.08673581128568
 10
366.506922131259
 20
202.06215428971376
 10
366.5527874736337
 20
202.02925979847703
 10
366.59532616935576
 20
201.98768862159292
 10
366.63440274433515
 20
201.93688740080557
 10
366.6696755482707
 20
201.8761993143305
 10
366.7006079407249
 20
201.8049578560009
 10
366.72649769670915
 20
201.7225808136176
 10
366.74651994282186
 20
201.62866046242235
 10
366.75978011488445
 20
201.52304678642807
 10
366.76537433209717
 20
201.40592041775483
 10
366.7624546133866
 20
201.27785046710332
 10
366.75029582529606
 20
201.13983237252793
 10
366.72836033136787
 20
200.9932997597404
 10
366.6963554242081
 20
200.84010620727608
 10
366.65427805446217
 20
200.68247452607304
 10
366.6024421983891
 20
200.52291412043073
 10
366.54148449686886
 20
200.36411125721463
 10
366.4723466794742
 20
200.20880005823696
 10
366.3962350647512
 20
200.0596254785041
 10
366.3145602933268
 20
199.91901071292386
 10
366.2288627489702
 20
199.78904121356743
 10
366.1407307623376
 20
199.67137627370954
 10
366.05171876874675
 20
199.56719453785416
 10
365.9632726066512
 20
199.47717722262246
 10
365.8865869777427
 20
199.40957313864575
  0
LWPOLYLINE
  5
4E8
330
17
100
AcDbEntity
  8
OUTLINE
100
AcDbPolyline
 90
14
 70
0
 10
365.3670023772632
 20
201.67370212662004
 10
365.34362493702247
 20
201.52608405086255
 10
365.31015889866603
 20
201.37210474561115
 10
365.26664577325715
 20
201.21403417187477
 10
365.21344627339397
 20
201.05441461794743
 10
365.15124274962847
 20
200.8959475361741
 10
365.0810181514522
 20
200.74136269652425
 10
365.00401240160545
 20
200.5932809656353
 10
364.9216597234121
 20
200.45408335312274
 10
364.83551257547265
 20
200.3257985685449
 10
364.74715934973676
 20
200.21001895728614
 10
364.65814314221365
 20
200.1078515576494
 10
364.5698886757256
 20
200.01990654702033
 10
364.50584649840664
 20
199.9641096406296
  0
LWPOLYLINE
  5
4E9
330
17
100
AcDbEntity
  8
OUTLINE
100
AcDbPolyline
 90
2
 70
0
 10
365.3670023772632
 20
201.67370212662004
 10
365.49252423205587
 20
201.6232897215279
  0
LWPOLYLINE
  5
4EA
330
17
100
AcDbEntity
  8
OUTLINE
100
AcDbPolyline
 90
9
 70
0
 10
364.56447853839575
 20
202.51977934544163
 10
364.6461245478173
 20
202.5733654391085
 10
364.7237042812028
 20
202.61383374565168
 10
364.79680543210026
 20
202.64211143742355
 10
364.8652544937659
 20
202.65921148243655
 10
364.9290864035288
 20
202.66612377167783
 10
364.9884989863524
 20
202.66371280483514
 10
365.0437924734149
 20
202.65263094458646
 10
365.0769312961035
 20
202.64127232859292
  0
LWPOLYLINE
  5
4EB
330
17
100
AcDbEntity
  8
OUTLINE
100
AcDbPolyline
 90
9
 70
0
 10
365.0769312961035
 20
202.64127232859292
 10
365.1261816672464
 20
202.6166907916976
 10
365.1720469942977
 20
202.58379630046088
 10
365.21458569001976
 20
202.54222512357677
 10
365.2536622649991
 20
202.49142390278942
 10
365.2889350689347
 20
202.43073581631435
 10
365.3198674613889
 20
202.35949435798472
 10
365.34575721737315
 20
202.27711731560146
 10
365.36299428413855
 20
202.19907742081745
  0
LWPOLYLINE
  5
4EC
330
17
100
AcDbEntity
  8
OUTLINE
100
AcDbPolyline
 90
9
 70
0
 10
364.50584649840664
 20
199.9641096406296
 10
364.4217578180487
 20
199.90098619247513
 10
364.34130087303623
 20
199.85151527178152
 10
364.26506337666524
 20
199.81489330465928
 10
364.1933819991351
 20
199.7901550861023
 10
364.12636234924895
 20
199.77628328093203
 10
364.06391392706615
 20
199.77231616255196
 10
364.0058004305911
 20
199.77744605040405
 10
363.93476170070977
 20
199.79738418642964
  0
LWPOLYLINE
  5
4ED
330
17
100
AcDbEntity
  8
OUTLINE
100
AcDbPolyline
 90
9
 70
0
 10
363.93476170070977
 20
199.79738418642964
 10
363.8855113295669
 20
199.82196570800158
 10
363.8396460025156
 20
199.85486019923832
 10
363.7971073067935
 20
199.8964313761224
 10
363.7580307318142
 20
199.94723261223314
 10
363.7227579278786
 20
200.0079206987082
 10
363.69182553542436
 20
200.07916214171445
 10
363.6659357794402
 20
200.16153918409773
 10
363.6446906195501
 20
200.26286693858518
  0
LWPOLYLINE
  5
4EE
330
17
100
AcDbEntity
  8
OUTLINE
100
AcDbPolyline
 90
2
 70
0
 10
363.7835581815677
 20
200.37662056784896
 10
363.6446906195501
 20
200.26286693858518
  0
LWPOLYLINE
  5
4EF
330
17
100
AcDbEntity
  8
OUTLINE
100
AcDbPolyline
 90
2
 70
0
 10
365.3670023772632
 20
201.67370212662004
 10
365.2089773293182
 20
201.54425558391392
  0
LWPOLYLINE
  5
4F0
330
17
100
AcDbEntity
  8
OUTLINE
100
AcDbPolyline
 90
2
 70
0
 10
362.6232790822049
 20
202.7973213641174
 10
365.51028189566955
 20
201.6378359397342
  0
LWPOLYLINE
  5
4F1
330
17
100
AcDbEntity
  8
OUTLINE
100
AcDbPolyline
 90
2
 70
0
 10
365.49252423205587
 20
201.6232897215279
 10
365.51028189566955
 20
201.6378359397342
  0
LWPOLYLINE
  5
4F2
330
17
100
AcDbEntity
  8
OUTLINE
100
AcDbPolyline
 90
2
 70
0
 10
362.44749637064615
 20
202.65332858788162
 10
365.2089773293182
 20
201.54425558391392
  0
LWPOLYLINE
  5
4F3
330
17
100
AcDbEntity
  8
OUTLINE
100
AcDbPolyline
 90
2
 70
0
 10
362.44749637064615
 20
202.65332858788162
 10
362.6232790822049
 20
202.7973213641174
  0
LWPOLYLINE
  5
4F4
330
17
100
AcDbEntity
  8
OUTLINE
100
AcDbPolyline
 90
2
 70
0
 10
365.51028189566955
 20
201.88887966464287
 10
365.51028189566955
 20
201.6378359397342
  0
LWPOLYLINE
  5
4F5
330
17
100
AcDbEntity
  8
OUTLINE
100
AcDbPolyline
 90
2
 70
0
 10
365.51028189566955
 20
202.13992338955154
 10
365.51028189566955
 20
201.88887966464287
  0
LWPOLYLINE
  5
4F6
330
17
100
AcDbEntity
  8
OUTLINE
100
AcDbPolyline
 90
2
 70
0
 10
362.6232790822049
 20
203.29940879861138
 10
365.51028189566955
 20
202.13992338955154
  0
LWPOLYLINE
  5
4F7
330
17
100
AcDbEntity
  8
OUTLINE
100
AcDbPolyline
 90
2
 70
0
 10
362.44749637064615
 20
203.15541603769896
 10
362.6232790822049
 20
203.29940879861138
  0
LWPOLYLINE
  5
4F8
330
17
100
AcDbEntity
  8
OUTLINE
100
AcDbPolyline
 90
2
 70
0
 10
360.8654520125877
 20
201.35739372434654
 10
363.64869871267473
 20
200.23957909420514
  0
LWPOLYLINE
  5
4F9
330
17
100
AcDbEntity
  8
OUTLINE
100
AcDbPolyline
 90
2
 70
0
 10
360.8654520125877
 20
201.35739372434654
 10
361.02207722289563
 20
201.48569358714002
  0
LWPOLYLINE
  5
4FA
330
17
100
AcDbEntity
  8
OUTLINE
100
AcDbPolyline
 90
2
 70
0
 10
362.44749637064615
 20
203.15541603769896
 10
362.44749637064615
 20
202.65332858788162
  0
LWPOLYLINE
  5
4FB
330
17
100
AcDbEntity
  8
OUTLINE
100
AcDbPolyline
 90
2
 70
0
 10
362.6232790822049
 20
203.29940879861138
 10
362.6232790822049
 20
202.7973213641174
  0
LWPOLYLINE
  5
4FC
330
17
100
AcDbEntity
  8
OUTLINE
100
AcDbPolyline
 90
2
 70
0
 10
365.3847600408769
 20
201.93929206973502
 10
365.51028189566955
 20
201.88887966464287
  0
LWPOLYLINE
  5
4FD
330
17
100
AcDbEntity
  8
OUTLINE
100
AcDbPolyline
 90
2
 70
0
 10
360.8654520125877
 20
201.54859780355525
 10
360.8654520125877
 20
201.35739372434654
  0
LWPOLYLINE
  5
4FE
330
17
100
AcDbEntity
  8
OUTLINE
100
AcDbPolyline
 90
8
 70
0
 10
388.4643790895627
 20
227.6280511180423
 10
388.3940716071706
 20
227.57621467968042
 10
388.32753720307227
 20
227.53796634924828
 10
388.26540824292204
 20
227.51228166619103
 10
388.20796393420704
 20
227.49795619673955
 10
388.1551758520391
 20
227.49379399628273
 10
388.1067851537162
 20
227.49878408884882
 10
388.06461973577194
 20
227.51134330776404
  0
LWPOLYLINE
  5
4FF
330
17
100
AcDbEntity
  8
OUTLINE
100
AcDbPolyline
 90
23
 70
0
 10
388.8641384433535
 20
229.5020650026813
 10
388.9050556639271
 20
229.48083125871668
 10
388.9425681192063
 20
229.4512653602031
 10
388.97669766034517
 20
229.4128839614531
 10
389.0071824259338
 20
229.36497368205013
 10
389.03347414508175
 20
229.306743850399
 10
389.05477701285815
 20
229.23748569842346
 10
389.0701161705214
 20
229.15672576402258
 10
389.0784268110309
 20
229.06436559441627
 10
389.07865755063597
 20
228.9608001040089
 10
389.0698819525068
 20
228.84700287970085
 10
389.0514099124562
 20
228.7245657458812
 10
389.02288788923244
 20
228.59568048362354
 10
388.9843756747029
 20
228.4630555633854
 10
388.93638732262843
 20
228.32976966872417
 10
388.8798877621941
 20
228.199073380985
 10
388.81624212355877
 20
228.07416142775696
 10
388.74712235711735
 20
227.957943874015
 10
388.6743824091665
 20
227.85284645834966
 10
388.5999186871162
 20
227.76066603210683
 10
388.525533374852
 20
227.68249719099686
 10
388.494994165259
 20
227.65421804350294
 10
388.4643790895627
 20
227.6280511180423
  0
LWPOLYLINE
  5
500
330
17
100
AcDbEntity
  8
OUTLINE
100
AcDbPolyline
 90
6
 70
0
 10
387.71526305672074
 20
228.58179907068785
 10
387.6483256474682
 20
228.4614334906247
 10
387.57694060897524
 20
228.35119362192756
 10
387.5030031074573
 20
228.25316583607096
 10
387.42837263627814
 20
228.16875715736182
 10
387.3346823351354
 20
228.08176280984185
  0
LWPOLYLINE
  5
501
330
17
100
AcDbEntity
  8
OUTLINE
100
AcDbPolyline
 90
2
 70
0
 10
385.58139141798205
 20
229.43881003387136
 10
387.71526305672074
 20
228.58179907068785
  0
LWPOLYLINE
  5
502
330
17
100
AcDbEntity
  8
OUTLINE
100
AcDbPolyline
 90
6
 70
0
 10
385.58139141798205
 20
229.43881003387136
 10
385.51445399340616
 20
229.3184444538082
 10
385.4430689549132
 20
229.20820456978768
 10
385.36913146871865
 20
229.11017679925448
 10
385.2945009975395
 20
229.02576812054537
 10
385.20081068107334
 20
228.93877375770197
  0
LWPOLYLINE
  5
503
330
17
100
AcDbEntity
  8
OUTLINE
100
AcDbPolyline
 90
8
 70
0
 10
385.20081068107334
 20
228.93877375770197
 10
385.1305032140046
 20
228.8869373346635
 10
385.06396880990627
 20
228.84868898890795
 10
385.001839849756
 20
228.8230043058507
 10
384.94439552571765
 20
228.80867885172262
 10
384.8916074588731
 20
228.8045166359424
 10
384.84321676055015
 20
228.8095067285085
 10
384.820229959488
 20
228.81530307655729
  0
LWPOLYLINE
  5
504
330
17
100
AcDbEntity
  8
OUTLINE
100
AcDbPolyline
 90
2
 70
0
 10
384.820229959488
 20
228.81530307655729
 10
385.40702677889436
 20
228.57963225141634
  0
LWPOLYLINE
  5
505
330
17
100
AcDbEntity
  8
OUTLINE
100
AcDbPolyline
 90
2
 70
0
 10
386.16800887710974
 20
228.2740046809546
 10
386.95410161355005
 20
227.95829211337374
  0
LWPOLYLINE
  5
506
330
17
100
AcDbEntity
  8
OUTLINE
100
AcDbPolyline
 90
8
 70
0
 10
387.3346823351354
 20
228.08176280984185
 10
387.26437485274323
 20
228.02992637147997
 10
387.1978404486449
 20
227.9916780257244
 10
387.1357114884947
 20
227.9659933426672
 10
387.0782671797797
 20
227.9516678885391
 10
387.02547909761176
 20
227.94750567275887
 10
386.97708839928885
 20
227.95249576532495
 10
386.95410161355005
 20
227.95829211337374
  0
LWPOLYLINE
  5
507
330
17
100
AcDbEntity
  8
OUTLINE
100
AcDbPolyline
 90
2
 70
0
 10
386.95410161355005
 20
227.95829211337374
 10
387.71526305672074
 20
228.58179907068785
  0
LWPOLYLINE
  5
508
330
17
100
AcDbEntity
  8
OUTLINE
100
AcDbPolyline
 90
8
 70
0
 10
339.2598093445767
 20
247.40728867779768
 10
339.1902116109577
 20
247.3560335015847
 10
339.1243955367309
 20
247.31836212742888
 10
339.06299552556135
 20
247.29323595128653
 10
339.0062860346854
 20
247.2794359821681
 10
338.9542292613002
 20
247.27575708142857
 10
338.906555881505
 20
247.2811893150867
 10
338.8680451839911
 20
247.29291501820856
  0
LWPOLYLINE
  5
509
330
17
100
AcDbEntity
  8
OUTLINE
100
AcDbPolyline
 90
23
 70
0
 10
339.6515735204857
 20
249.24382228627624
 10
339.692061640172
 20
249.22276093044795
 10
339.7291436920759
 20
249.19336614822933
 10
339.76283866187737
 20
249.1551467943275
 10
339.79287580060037
 20
249.10737971200308
 10
339.8186928930697
 20
249.04926730348868
 10
339.8394774778297
 20
248.9801015515542
 10
339.8542384226986
 20
248.89942139072113
 10
339.86189856998374
 20
248.80715582772405
 10
339.861401969564
 20
248.7037439083302
 10
339.85182897287154
 20
248.5902197161833
 10
339.83251043811634
 20
248.46824861262053
 10
339.80312935500825
 20
248.34010247407446
 10
339.76379661892
 20
248.20856706218126
 10
339.715088481252
 20
248.07678434609852
 10
339.65803717151766
 20
247.9480432769398
 10
339.5940724232878
 20
247.8255431180175
 10
339.5249198801154
 20
247.71216017687865
 10
339.45246902323834
 20
247.61024926014198
 10
339.37862854942523
 20
247.52150562507836
 10
339.3051879701182
 20
247.4469029198817
 10
339.2825147622302
 20
247.4264986463355
 10
339.2598093445767
 20
247.40728867779768
  0
LWPOLYLINE
  5
50A
330
17
100
AcDbEntity
  8
OUTLINE
100
AcDbPolyline
 90
8
 70
0
 10
394.7404721663095
 20
225.1250037116429
 10
394.6708744173671
 20
225.07374852010653
 10
394.6050583584637
 20
225.0360771459507
 10
394.5436583472941
 20
225.01095098513176
 10
394.4869488410948
 20
224.99715100068994
 10
394.434892083033
 20
224.9934721152738
 10
394.3872187032378
 20
224.99890433360852
 10
394.3487079904005
 20
225.01063005205378
  0
LWPOLYLINE
  5
50B
330
17
100
AcDbEntity
  8
OUTLINE
100
AcDbPolyline
 90
12
 70
0
 10
395.3373867442425
 20
226.3536698589125
 10
395.32195808265897
 20
226.2347801358237
 10
395.2965438880801
 20
226.10875443264794
 10
395.26108006276615
 20
225.97819194874933
 10
395.21595831853284
 20
225.84611716885522
 10
395.16203596839813
 20
225.71578859650336
 10
395.1005964535294
 20
225.5904695161292
 10
395.0332635169369
 20
225.4731894232085
 10
394.96187922929005
 20
225.3665284088383
 10
394.88836201771016
 20
225.27245273976308
 10
394.8145636066023
 20
225.192222029279
 10
394.7404721663095
 20
225.1250037116429
  0
LWPOLYLINE
  5
50C
330
17
100
AcDbEntity
  8
OUTLINE
100
AcDbPolyline
 90
9
 70
0
 10
335.49415350159336
 20
248.5255223107124
 10
335.41006482123544
 20
248.46239887788133
 10
335.32960787622295
 20
248.41292795718772
 10
335.2533703798519
 20
248.37630599006545
 10
335.1816890023218
 20
248.35156777150846
 10
335.11466935243567
 20
248.33769596633823
 10
335.0522209302529
 20
248.33372883263476
 10
334.9941074337778
 20
248.33885873581025
 10
334.9230687038965
 20
248.35879685651244
  0
LWPOLYLINE
  5
50D
330
17
100
AcDbEntity
  8
OUTLINE
100
AcDbPolyline
 90
9
 70
0
 10
336.06523829929023
 20
251.20268499867572
 10
336.1144886704331
 20
251.17810347710378
 10
336.1603539974844
 20
251.14520898586704
 10
336.2028926932065
 20
251.10363780898297
 10
336.2419692681858
 20
251.05283657287222
 10
336.2772420721214
 20
250.99214848639716
 10
336.30817446457564
 20
250.9209070433909
 10
336.3340642205598
 20
250.83853000100763
 10
336.35130128732527
 20
250.76049009090022
  0
LWPOLYLINE
  5
50E
330
17
100
AcDbEntity
  8
OUTLINE
100
AcDbPolyline
 90
3
 70
0
 10
336.2297875103339
 20
250.78761466693572
 10
336.24251162424775
 20
250.6811392647873
 10
336.2475451739476
 20
250.55111716023336
  0
LWPOLYLINE
  5
50F
330
17
100
AcDbEntity
  8
OUTLINE
100
AcDbPolyline
 90
3
 70
0
 10
336.2475451739476
 20
250.55111716023336
 10
336.24309123147054
 20
250.42126186610182
 10
336.2297875103339
 20
250.28552721711839
  0
LWPOLYLINE
  5
510
330
17
100
AcDbEntity
  8
OUTLINE
100
AcDbPolyline
 90
2
 70
0
 10
336.2297875103339
 20
250.28552721711839
 10
336.3553093804499
 20
250.23511481202624
  0
LWPOLYLINE
  5
511
330
17
100
AcDbEntity
  8
OUTLINE
100
AcDbPolyline
 90
14
 70
0
 10
336.3553093804499
 20
250.23511481202624
 10
336.3319319402092
 20
250.08749673626875
 10
336.29846590185275
 20
249.93351743101735
 10
336.2549527764439
 20
249.77544685728094
 10
336.20175327658063
 20
249.61582730335363
 10
336.1395497528151
 20
249.4573602215803
 10
336.06932515463893
 20
249.30277538193045
 10
335.99231940479217
 20
249.1546936357181
 10
335.90996672659884
 20
249.01549603852894
 10
335.82381957865937
 20
248.8872112539511
 10
335.7354663529235
 20
248.77143164269233
 10
335.64645014540037
 20
248.6692642430556
 10
335.55819567891234
 20
248.58131921710313
 10
335.49415350159336
 20
248.5255223107124
  0
LWPOLYLINE
  5
512
330
17
100
AcDbEntity
  8
OUTLINE
100
AcDbPolyline
 90
9
 70
0
 10
334.1134130222573
 20
249.08005881269622
 10
334.0293243418994
 20
249.01693537986517
 10
333.9488673968869
 20
248.96746445917154
 10
333.8726299005159
 20
248.9308424920493
 10
333.80094853830917
 20
248.9061042734923
 10
333.73392887309967
 20
248.89223246832208
 10
333.6714804509169
 20
248.8882653346186
 10
333.6133669544418
 20
248.8933952377941
 10
333.54232822456044
 20
248.91333337381968
  0
LWPOLYLINE
  5
513
330
17
100
AcDbEntity
  8
OUTLINE
100
AcDbPolyline
 90
17
 70
0
 10
333.54232822456044
 20
248.91333337381968
 10
333.493077868741
 20
248.9379148953916
 10
333.4472125263663
 20
248.97080938662833
 10
333.40467383064424
 20
249.01238056351244
 10
333.36559725566485
 20
249.0631817842998
 10
333.3303244517293
 20
249.12386987077485
 10
333.2993920592751
 20
249.19511132910446
 10
333.27350230329085
 20
249.27748837148775
 10
333.25348005717814
 20
249.37140872268301
 10
333.24021988511555
 20
249.4770223986773
 10
333.23462566790283
 20
249.59414876735053
 10
333.2375453866134
 20
249.72221871800204
 10
333.24970417470394
 20
249.86023681257743
 10
333.27163966863213
 20
250.00676942536495
 10
333.3036445757919
 20
250.15996297782928
 10
333.3157735139189
 20
250.20906796064884
 10
333.32883106479693
 20
250.25831987945406
  0
LWPOLYLINE
  5
514
330
17
100
AcDbEntity
  8
OUTLINE
100
AcDbPolyline
 90
15
 70
0
 10
333.6000123136805
 20
250.9335340989532
 10
333.6814569890822
 20
251.07460567010958
 10
333.7669993381459
 20
251.20512192334087
 10
333.8550514286236
 20
251.32340188277558
 10
333.94405545405175
 20
251.42824333653613
 10
334.03255887965537
 20
251.51894162321474
 10
334.1192772682468
 20
251.59527181077124
 10
334.2031410318878
 20
251.6574386656647
 10
334.2833245769778
 20
251.70600071013348
 10
334.35925773550207
 20
251.74177602931726
 10
334.43062046313935
 20
251.76573693827504
 10
334.4973219075109
 20
251.77890032780704
 10
334.5594643062741
 20
251.78222033943186
 10
334.6172917916768
 20
251.77649089330336
 10
334.6844978199542
 20
251.75722150065954
  0
LWPOLYLINE
  5
515
330
17
100
AcDbEntity
  8
OUTLINE
100
AcDbPolyline
 90
26
 70
0
 10
334.6844978199542
 20
251.75722150065954
 10
334.73374819109705
 20
251.73263997908762
 10
334.7796135181484
 20
251.6997454878509
 10
334.8221522138704
 20
251.65817431096679
 10
334.8612287888498
 20
251.60737307485604
 10
334.89650159278534
 20
251.5466850037044
 10
334.9274339852396
 20
251.47544354537476
 10
334.9533237412238
 20
251.39306650299147
 10
334.97334598733653
 20
251.29914613647284
 10
334.9866061593991
 20
251.19353247580193
 10
334.9922003919352
 20
251.0764060918053
 10
334.98928065790125
 20
250.94833615647718
 10
334.97712186981073
 20
250.8103180619018
 10
334.9551863758825
 20
250.6637854337909
 10
334.9231814687227
 20
250.51059189664994
 10
334.88110411430023
 20
250.3529602154469
 10
334.82926824290377
 20
250.1933998098046
 10
334.7683105413835
 20
250.0345969312651
 10
334.69917273931225
 20
249.87928573228743
 10
334.6230611245892
 20
249.73011116787796
 10
334.5413863378414
 20
249.58949638697436
 10
334.45568879348485
 20
249.4595269029413
 10
334.3675568068523
 20
249.34186194776
 10
334.2785448132614
 20
249.23768022722803
 10
334.1900986511658
 20
249.14766291199632
 10
334.1134130222573
 20
249.08005881269622
  0
LWPOLYLINE
  5
516
330
17
100
AcDbEntity
  8
OUTLINE
100
AcDbPolyline
 90
2
 70
0
 10
337.3767209177951
 20
247.70066038649398
 10
337.53334612810306
 20
247.8289602492875
  0
LWPOLYLINE
  5
517
330
17
100
AcDbEntity
  8
OUTLINE
100
AcDbPolyline
 90
2
 70
0
 10
335.43552146160425
 20
248.48028983966373
 10
337.3767209177951
 20
247.70066038649398
  0
LWPOLYLINE
  5
518
330
17
100
AcDbEntity
  8
OUTLINE
100
AcDbPolyline
 90
2
 70
0
 10
336.2297875103339
 20
250.78761466693572
 10
336.2475451739476
 20
250.80216088514203
  0
LWPOLYLINE
  5
519
330
17
100
AcDbEntity
  8
OUTLINE
100
AcDbPolyline
 90
2
 70
0
 10
336.2475451739476
 20
250.80216088514203
 10
339.1345479874123
 20
249.64267546075882
  0
LWPOLYLINE
  5
51A
330
17
100
AcDbEntity
  8
OUTLINE
100
AcDbPolyline
 90
2
 70
0
 10
336.2475451739476
 20
250.80216088514203
 10
336.2475451739476
 20
250.55111716023336
  0
LWPOLYLINE
  5
51B
330
17
100
AcDbEntity
  8
OUTLINE
100
AcDbPolyline
 90
2
 70
0
 10
336.2297875103339
 20
250.28552721711839
 10
336.2475451739476
 20
250.3000734353247
  0
LWPOLYLINE
  5
51C
330
17
100
AcDbEntity
  8
OUTLINE
100
AcDbPolyline
 90
2
 70
0
 10
336.2475451739476
 20
250.55111716023336
 10
336.2475451739476
 20
250.3000734353247
  0
LWPOLYLINE
  5
51D
330
17
100
AcDbEntity
  8
OUTLINE
100
AcDbPolyline
 90
2
 70
0
 10
336.2475451739476
 20
250.3000734353247
 10
339.1345479874123
 20
249.14058802626485
  0
LWPOLYLINE
  5
51E
330
17
100
AcDbEntity
  8
OUTLINE
100
AcDbPolyline
 90
2
 70
0
 10
338.958765291177
 20
248.99659525002906
 10
339.1345479874123
 20
249.14058802626485
  0
LWPOLYLINE
  5
51F
330
17
100
AcDbEntity
  8
OUTLINE
100
AcDbPolyline
 90
2
 70
0
 10
336.3254580378294
 20
250.0541908120133
 10
338.958765291177
 20
248.99659525002906
  0
LWPOLYLINE
  5
520
330
17
100
AcDbEntity
  8
OUTLINE
100
AcDbPolyline
 90
2
 70
0
 10
339.1345479874123
 20
249.64267546075882
 10
339.1345479874123
 20
249.14058802626485
  0
LWPOLYLINE
  5
521
330
17
100
AcDbEntity
  8
OUTLINE
100
AcDbPolyline
 90
2
 70
0
 10
336.2475451739476
 20
250.55111716023336
 10
336.37306704406365
 20
250.50070475514121
  0
LWPOLYLINE
  5
522
330
17
100
AcDbEntity
  8
OUTLINE
100
AcDbPolyline
 90
9
 70
0
 10
396.1212126456455
 20
224.1763285518987
 10
396.03712396528755
 20
224.11320511906763
 10
395.95666702027506
 20
224.06373419837402
 10
395.88042952390407
 20
224.02711223125178
 10
395.80874814637394
 20
224.0023740126948
 10
395.74172849648784
 20
223.98850220752453
 10
395.67928007430504
 20
223.98453507382106
 10
395.62116657782997
 20
223.98966497699655
 10
395.55012784794866
 20
224.00960311302217
  0
LWPOLYLINE
  5
523
330
17
100
AcDbEntity
  8
OUTLINE
100
AcDbPolyline
 90
26
 70
0
 10
396.6922974433424
 20
226.85349123986202
 10
396.7415477991618
 20
226.8289097182901
 10
396.78741314153655
 20
226.79601522705337
 10
396.8299518372586
 20
226.75444405016927
 10
396.869028412238
 20
226.70364281405853
 10
396.90430121617356
 20
226.64295474290685
 10
396.9352336086278
 20
226.5717132845772
 10
396.961123364612
 20
226.48933624219396
 10
396.98114561072475
 20
226.3954158756753
 10
396.99440578278734
 20
226.2898022150044
 10
397.0
 20
226.17267583100778
 10
396.9970802812894
 20
226.04460589567967
 10
396.9849214931989
 20
225.90658780110425
 10
396.9629859992707
 20
225.76005517299336
 10
396.9309810921109
 20
225.60686163585243
 10
396.888903722365
 20
225.44922995464938
 10
396.83706786629193
 20
225.28966954900704
 10
396.7761101647717
 20
225.13086667046758
 10
396.706972347377
 20
224.9755554714899
 10
396.6308607479774
 20
224.82638090708045
 10
396.5491859612296
 20
224.68576612617682
 10
396.463488416873
 20
224.55579664214378
 10
396.37535643024046
 20
224.4381316869625
 10
396.2863444366496
 20
224.3339499664305
 10
396.197898274554
 20
224.2439326511988
 10
396.1212126456455
 20
224.1763285518987
  0
LWPOLYLINE
  5
524
330
17
100
AcDbEntity
  8
OUTLINE
100
AcDbPolyline
 90
14
 70
0
 10
395.6016280451661
 20
226.4404575551964
 10
395.5782506049253
 20
226.2928394794389
 10
395.54478456656886
 20
226.1388601741875
 10
395.50127144116
 20
225.98078960045112
 10
395.4480719412968
 20
225.82117004652378
 10
395.3858684175313
 20
225.66270296475045
 10
395.31564381935505
 20
225.5081181251006
 10
395.2386380695083
 20
225.36003639421165
 10
395.15628539131495
 20
225.2208387816991
 10
395.0701382433755
 20
225.09255399712126
 10
394.9817850176396
 20
224.97677438586248
 10
394.8927688101165
 20
224.87460698622576
 10
394.8045143436285
 20
224.78666197559667
 10
394.7404721663095
 20
224.73086506920595
  0
LWPOLYLINE
  5
525
330
17
100
AcDbEntity
  8
OUTLINE
100
AcDbPolyline
 90
2
 70
0
 10
395.6016280451661
 20
226.4404575551964
 10
395.7271498999587
 20
226.39004515010424
  0
LWPOLYLINE
  5
526
330
17
100
AcDbEntity
  8
OUTLINE
100
AcDbPolyline
 90
9
 70
0
 10
394.7991042062986
 20
227.2865347586946
 10
394.8807502157202
 20
227.34012086768485
 10
394.95832994910563
 20
227.38058917422802
 10
395.0314311000031
 20
227.4088668506765
 10
395.09988016166875
 20
227.4259669110129
 10
395.16371207143163
 20
227.43287918493078
 10
395.22312465425523
 20
227.4304682334115
 10
395.27841814131773
 20
227.41938635783941
 10
395.31155696400634
 20
227.40802774184587
  0
LWPOLYLINE
  5
527
330
17
100
AcDbEntity
  8
OUTLINE
100
AcDbPolyline
 90
9
 70
0
 10
395.31155696400634
 20
227.40802774184587
 10
395.3608073351492
 20
227.38344622027395
 10
395.40667266220055
 20
227.3505517290372
 10
395.4492113579226
 20
227.30898055215312
 10
395.488287932902
 20
227.25817933136577
 10
395.5235607368375
 20
227.1974912448907
 10
395.55449312929176
 20
227.12624978656106
 10
395.580382885276
 20
227.04387274417778
 10
395.5976199520414
 20
226.9658328340704
  0
LWPOLYLINE
  5
528
330
17
100
AcDbEntity
  8
OUTLINE
100
AcDbPolyline
 90
9
 70
0
 10
394.7404721663095
 20
224.73086506920595
 10
394.65638348595155
 20
224.66774162105148
 10
394.57592654093907
 20
224.61827070035787
 10
394.4996890445681
 20
224.58164873323562
 10
394.42800766703795
 20
224.55691051467863
 10
394.36098801715184
 20
224.54303870950838
 10
394.29853959496904
 20
224.5390715911283
 10
394.24042609849397
 20
224.5442014789804
 10
394.1693873686126
 20
224.56413961500598
  0
LWPOLYLINE
  5
529
330
17
100
AcDbEntity
  8
OUTLINE
100
AcDbPolyline
 90
9
 70
0
 10
394.1693873686126
 20
224.56413961500598
 10
394.1201370127932
 20
224.58872113657793
 10
394.07427167041845
 20
224.62161562781466
 10
394.0317329746964
 20
224.66318680469874
 10
393.992656399717
 20
224.7139880254861
 10
393.95738359578144
 20
224.77467611196116
 10
393.9264512033272
 20
224.8459175702908
 10
393.900561447343
 20
224.92829461267408
 10
393.8793162874529
 20
225.02962235183813
  0
LWPOLYLINE
  5
52A
330
17
100
AcDbEntity
  8
OUTLINE
100
AcDbPolyline
 90
2
 70
0
 10
394.0181838494705
 20
225.1433759964253
 10
393.8793162874529
 20
225.02962235183813
  0
LWPOLYLINE
  5
52B
330
17
100
AcDbEntity
  8
OUTLINE
100
AcDbPolyline
 90
2
 70
0
 10
395.6016280451661
 20
226.4404575551964
 10
395.44360299722103
 20
226.31101101249027
  0
LWPOLYLINE
  5
52C
330
17
100
AcDbEntity
  8
OUTLINE
100
AcDbPolyline
 90
2
 70
0
 10
392.8579047501077
 20
227.56407677737036
 10
395.7449075635724
 20
226.40459136831052
  0
LWPOLYLINE
  5
52D
330
17
100
AcDbEntity
  8
OUTLINE
100
AcDbPolyline
 90
2
 70
0
 10
395.7271498999587
 20
226.39004515010424
 10
395.7449075635724
 20
226.40459136831052
  0
LWPOLYLINE
  5
52E
330
17
100
AcDbEntity
  8
OUTLINE
100
AcDbPolyline
 90
2
 70
0
 10
392.682122038549
 20
227.42008401645796
 10
395.44360299722103
 20
226.31101101249027
  0
LWPOLYLINE
  5
52F
330
17
100
AcDbEntity
  8
OUTLINE
100
AcDbPolyline
 90
2
 70
0
 10
392.682122038549
 20
227.42008401645796
 10
392.8579047501077
 20
227.56407677737036
  0
LWPOLYLINE
  5
530
330
17
100
AcDbEntity
  8
OUTLINE
100
AcDbPolyline
 90
2
 70
0
 10
395.7449075635724
 20
226.65563509321922
 10
395.7449075635724
 20
226.40459136831052
  0
LWPOLYLINE
  5
531
330
17
100
AcDbEntity
  8
OUTLINE
100
AcDbPolyline
 90
2
 70
0
 10
395.7449075635724
 20
226.9066788181279
 10
395.7449075635724
 20
226.65563509321922
  0
LWPOLYLINE
  5
532
330
17
100
AcDbEntity
  8
OUTLINE
100
AcDbPolyline
 90
2
 70
0
 10
392.8579047501077
 20
228.06616422718773
 10
395.7449075635724
 20
226.9066788181279
  0
LWPOLYLINE
  5
533
330
17
100
AcDbEntity
  8
OUTLINE
100
AcDbPolyline
 90
2
 70
0
 10
392.682122038549
 20
227.9221714662753
 10
392.8579047501077
 20
228.06616422718773
  0
LWPOLYLINE
  5
534
330
17
100
AcDbEntity
  8
OUTLINE
100
AcDbPolyline
 90
2
 70
0
 10
391.10007768049053
 20
226.1241491375995
 10
393.88332438057756
 20
225.00633452278146
  0
LWPOLYLINE
  5
535
330
17
100
AcDbEntity
  8
OUTLINE
100
AcDbPolyline
 90
2
 70
0
 10
391.10007768049053
 20
226.1241491375995
 10
391.25670289079846
 20
226.25244900039297
  0
LWPOLYLINE
  5
536
330
17
100
AcDbEntity
  8
OUTLINE
100
AcDbPolyline
 90
2
 70
0
 10
392.682122038549
 20
227.9221714662753
 10
392.682122038549
 20
227.42008401645796
  0
LWPOLYLINE
  5
537
330
17
100
AcDbEntity
  8
OUTLINE
100
AcDbPolyline
 90
2
 70
0
 10
392.8579047501077
 20
228.06616422718773
 10
392.8579047501077
 20
227.56407677737036
  0
LWPOLYLINE
  5
538
330
17
100
AcDbEntity
  8
OUTLINE
100
AcDbPolyline
 90
2
 70
0
 10
395.61938570877976
 20
226.70604749831136
 10
395.7449075635724
 20
226.65563509321922
  0
LWPOLYLINE
  5
539
330
17
100
AcDbEntity
  8
OUTLINE
100
AcDbPolyline
 90
2
 70
0
 10
391.10007768049053
 20
226.3153532168082
 10
391.10007768049053
 20
226.1241491375995
  0
LWPOLYLINE
  5
53A
330
17
100
AcDbEntity
  8
OUTLINE
100
AcDbPolyline
 90
26
 70
0
 10
368.82827923024024
 20
217.91620684523545
 10
369.1187439079928
 20
218.1599037248888
 10
369.39784823820867
 20
218.40566825083425
 10
369.6656487029031
 20
218.65331881025475
 10
369.92221270966826
 20
218.9026813141177
 10
370.16761761097627
 20
219.15358951896616
 10
370.4019496775122
 20
219.40588527209297
 10
370.62530313280064
 20
219.65941883333213
 10
370.8377790039511
 20
219.91404892102878
 10
371.03948420225487
 20
220.16964298786033
 10
371.23053031263714
 20
220.4260772361598
 10
371.4110326895771
 20
220.6832366945329
 10
371.58110924655995
 20
220.94101524850447
 10
371.7408795366737
 20
221.19931560987217
 10
371.8904636186781
 20
221.4580491481488
 10
372.02998107630793
 20
221.7171358752391
 10
372.15954999160573
 20
221.97650418494214
 10
372.27928599487166
 20
222.23609060777696
 10
372.3893012839665
 20
222.49583961177854
 10
372.4897037355551
 20
222.75570318876635
 10
372.5805960316732
 20
223.01564053255314
 10
372.66207481694084
 20
223.2756176098899
 10
372.73422994771636
 20
223.5356066547942
 10
372.79714380254387
 20
223.79558569352488
 10
372.82510862134086
 20
223.92532350322614
 10
372.8508292530708
 20
224.0552139798609
  0
LWPOLYLINE
  5
53B
330
17
100
AcDbEntity
  8
OUTLINE
100
AcDbPolyline
 90
42
 70
0
 10
372.9298464889857
 20
226.39152637026504
 10
372.89393845392203
 20
226.65098749374067
 10
372.84902993465914
 20
226.91039743709405
 10
372.79507434809176
 20
227.16975034679024
 10
372.73201568722976
 20
227.42903673765088
 10
372.6597889349299
 20
227.68824297185898
 10
372.5783206768311
 20
227.94735052343617
 10
372.48752962235005
 20
228.2063355032176
 10
372.3873273708504
 20
228.4651681378567
 10
372.2776191011955
 20
228.7238122181831
 10
372.1583043379178
 20
228.9822247620882
 10
372.02927787062225
 20
229.24035553949994
 10
371.89043048950913
 20
229.4981467352682
 10
371.74165004268775
 20
229.7555327039907
 10
371.5828222942865
 20
230.01243966354505
 10
371.41383190514955
 20
230.26878552653164
 10
371.2345634441809
 20
230.52447970106937
 10
371.0449023996878
 20
230.77942301417886
 10
370.8447361907248
 20
231.03350763516542
 10
370.63395520908387
 20
231.28661704497227
 10
370.41245383063847
 20
231.53862612812097
 10
370.1801314879808
 20
231.78940109609425
 10
369.9368936970887
 20
232.03879979380415
 10
369.6826530533462
 20
232.2866716842683
 10
369.41733027353405
 20
232.5328581550779
 10
369.1408551765265
 20
232.77719268695495
 10
368.85316769463515
 20
233.01950117554347
 10
368.5542187930123
 20
233.2596022378773
 10
368.2439714043779
 20
233.49730753417117
 10
367.92240136374596
 20
233.7324221815525
 10
367.58949825121147
 20
233.96474515246916
 10
367.245266219413
 20
234.19406978036167
 10
366.8897247750259
 20
234.4201841733946
 10
366.52290956025513
 20
234.6428718120687
 10
366.144872981094
 20
234.86191202424607
 10
365.755684927524
 20
235.07708058276242
 10
365.35543327918606
 20
235.2881503796561
 10
364.94422451831656
 20
235.49489191651665
 10
364.522184112832
 20
235.69707407065428
 10
364.08945696070725
 20
235.89446472335885
 10
363.64620772709003
 20
236.08683141880567
 10
363.1837030604372
 20
236.27752558156885
  0
LWPOLYLINE
  5
53C
330
17
100
AcDbEntity
  8
OUTLINE
100
AcDbPolyline
 90
2
 70
0
 10
363.1837030604372
 20
236.37480501903315
 10
363.1837030604372
 20
236.27752558156885
  0
LWPOLYLINE
  5
53D
330
17
100
AcDbEntity
  8
OUTLINE
100
AcDbPolyline
 90
42
 70
0
 10
372.94099601732415
 20
226.39152637026504
 10
372.90845209460144
 20
226.6510058051916
 10
372.86692261266126
 20
226.91043545442437
 10
372.81636466601185
 20
227.16981062900607
 10
372.7567257107494
 20
227.42912333012717
 10
372.6879440702294
 20
227.68836149827985
 10
372.60994937944554
 20
227.94750853823277
 10
372.5226632592586
 20
228.2065426448022
 10
372.4259998680382
 20
228.46543626653306
 10
372.3198666984797
 20
228.724155707291
 10
372.2041653131264
 20
228.98266054397345
 10
372.0787921718327
 20
229.24090330471853
 10
371.94363947455065
 20
229.49882905517345
 10
371.79859603476336
 20
229.75637515332033
 10
371.6435482908281
 20
230.01347085106804
 10
371.47838122538053
 20
230.2700372176352
 10
371.30297930006066
 20
230.5259868484059
 10
371.1172275587976
 20
230.78122381895932
 10
370.92101254721257
 20
231.03564351651272
 10
370.7142234465498
 20
231.2891327318615
 10
370.4967530237268
 20
231.54156950614555
 10
370.26849867332487
 20
231.79282333005307
 10
370.02936352087306
 20
232.04275515914418
 10
369.77925737289854
 20
232.2912175824081
 10
369.51809780488696
 20
232.53805497549703
 10
369.24581109600956
 20
232.78310376122388
 10
368.96233327111355
 20
233.02619263941298
 10
368.6676110660956
 20
233.26714293933816
 10
368.36160280133527
 20
233.50576884957357
 10
368.04427937771516
 20
233.7418779083421
 10
367.7156251347307
 20
233.97527134063006
 10
367.3756386473067
 20
234.20574454853556
 10
367.0243335839069
 20
234.43308754032347
 10
366.66173945738035
 20
234.6570854514207
 10
366.2879023145136
 20
234.8775190960582
 10
365.90288541026007
 20
235.09416553423637
 10
365.5067698206758
 20
235.3067986540139
 10
365.0996549945612
 20
235.5151897844434
 10
364.6816592284862
 20
235.7191083238304
 10
364.2529201111687
 20
235.9183224446091
 10
363.81359484526564
 20
236.11259975224837
 10
363.1837030604372
 20
236.37480501903315
  0
LWPOLYLINE
  5
53E
330
17
100
AcDbEntity
  8
OUTLINE
100
AcDbPolyline
 90
2
 70
0
 10
350.0
 20
225.47806826796398
 10
368.82827923024024
 20
217.91620684523545
  0
LWPOLYLINE
  5
53F
330
17
100
AcDbEntity
  8
OUTLINE
100
AcDbPolyline
 90
2
 70
0
 10
350.0
 20
225.47806826796398
 10
363.1837030604372
 20
236.27752558156885
  0
LWPOLYLINE
  5
540
330
17
100
AcDbEntity
  8
OUTLINE
100
AcDbPolyline
 90
36
 70
0
 10
363.1837030604372
 20
236.27752558156885
 10
362.71978899435203
 20
236.4590403595558
 10
362.2459720343133
 20
236.63483465559727
 10
361.7624980441119
 20
236.80468192869714
 10
361.26963311441335
 20
236.96835903965172
 10
360.7676634861409
 20
237.12564681801533
 10
360.2568952593311
 20
237.2763309508569
 10
359.7376541939297
 20
237.42020262634236
 10
359.2102851887965
 20
237.5570592539339
 10
358.67515189862036
 20
237.68670523055948
 10
358.1326361669542
 20
237.80895256887192
 10
357.5831373519855
 20
237.92362163277141
 10
357.0270716369837
 20
238.03054175034137
 10
356.46487120283746
 20
238.12955185743058
 10
355.8969834159147
 20
238.22050109526555
 10
355.32386981671914
 20
238.3032493774158
 10
354.7460051391931
 20
238.3776679261127
 10
354.1638762840504
 20
238.44363971662762
 10
353.57798106225863
 20
238.50106001359063
 10
352.9888271530485
 20
238.54983670810503
 10
352.3969307401318
 20
238.58989071615562
 10
351.80281533180107
 20
238.6211562544296
 10
351.20701035117713
 20
238.6435811467843
 10
350.61004987969136
 20
238.65712699280468
 10
350.01247123201045
 20
238.66176938233068
 10
349.41481354628445
 20
238.65749791078048
 10
348.8176164663353
 20
238.64431633238468
 10
348.22141865528806
 20
238.62224246824567
 10
347.6267564317889
 20
238.5913081910145
 10
347.03416242154725
 20
238.55155928698008
 10
346.4441641016135
 20
238.50305531815903
 10
345.8572825285376
 20
238.44586937712108
 10
345.2740310052343
 20
238.38008778052154
 10
344.6949137938182
 20
238.30580982392692
 10
344.12042488973276
 20
238.22314733743667
 10
343.7130408316577
 20
238.15901530375933
  0
LWPOLYLINE
  5
541
330
17
100
AcDbEntity
  8
OUTLINE
100
AcDbPolyline
 90
23
 70
0
 10
340.33562801814276
 20
237.43977126946743
 10
339.81328601962184
 20
237.29631787655592
 10
339.29933638124885
 20
237.1459428318119
 10
338.79411847013967
 20
236.9888534300539
 10
338.29795213141165
 20
236.82526300351594
 10
337.81113736639213
 20
236.65539030891227
 10
337.3339539801806
 20
236.4794587459441
 10
336.8666613671212
 20
236.29769559113035
 10
336.40949844950916
 20
236.11033126228492
 10
335.9626835550037
 20
235.91759859831723
 10
335.52641450856845
 20
235.71973206241606
 10
335.1008686937647
 20
235.5169670371736
 10
334.6862033592197
 20
235.3095391197095
 10
334.28255575653657
 20
235.0976833708247
 10
333.89004358467326
 20
234.88163361012568
 10
333.50876538835007
 20
234.66162181841202
 10
333.1388010177518
 20
234.43787737150703
 10
332.7802121954929
 20
234.21062650393915
 10
332.43304314487665
 20
233.98009161938933
 10
332.097321218154
 20
233.74649075437236
 10
331.7730576473697
 20
233.5100370572417
 10
331.46024832585533
 20
233.27093814460702
 10
331.17172076975976
 20
233.0399296753691
  0
LWPOLYLINE
  5
542
330
17
100
AcDbEntity
  8
OUTLINE
100
AcDbPolyline
 90
2
 70
0
 10
331.17172076975976
 20
233.1372091281568
 10
331.17172076975976
 20
233.0399296753691
  0
LWPOLYLINE
  5
543
330
17
100
AcDbEntity
  8
OUTLINE
100
AcDbPolyline
 90
36
 70
0
 10
363.1837030604372
 20
236.37480501903315
 10
362.71978899435203
 20
236.55631981234347
 10
362.2459720343133
 20
236.73211409306157
 10
361.7624980441119
 20
236.90196138148482
 10
361.26963311441335
 20
237.065638477116
 10
360.7676634861409
 20
237.22292625547962
 10
360.2568952593311
 20
237.3736104036446
 10
359.7376541939297
 20
237.51748206380665
 10
359.2102851887965
 20
237.65433870672157
 10
358.67515189862036
 20
237.78398466802378
 10
358.1326361669542
 20
237.9062320063362
 10
357.5831373519855
 20
238.0209010702357
 10
357.0270716369837
 20
238.12782118780567
 10
356.46487120283746
 20
238.22683129489488
 10
355.8969834159147
 20
238.31778053272984
 10
355.32386981671914
 20
238.40052883020348
 10
354.7460051391931
 20
238.474947363577
 10
354.1638762840504
 20
238.5409191540919
 10
353.57798106225863
 20
238.59833945105493
 10
352.9888271530485
 20
238.64711616089272
 10
352.3969307401318
 20
238.68717015361995
 10
351.80281533180107
 20
238.7184356918939
 10
351.20701035117713
 20
238.7408605842486
 10
350.61004987969136
 20
238.75440644559237
 10
350.01247123201045
 20
238.75904881979497
 10
349.41481354628445
 20
238.75477736356817
 10
348.8176164663353
 20
238.74159576984897
 10
348.22141865528806
 20
238.71952190570997
 10
347.6267564317889
 20
238.68858762847879
 10
347.03416242154725
 20
238.64883872444437
 10
346.4441641016135
 20
238.60033477094672
 10
345.8572825285376
 20
238.54314881458538
 10
345.2740310052343
 20
238.47736721798583
 10
344.6949137938182
 20
238.4030892767146
 10
344.12042488973276
 20
238.32042679022436
 10
343.71207657670175
 20
238.25613746194975
  0
LWPOLYLINE
  5
544
330
17
100
AcDbEntity
  8
OUTLINE
100
AcDbPolyline
 90
23
 70
0
 10
340.282832672688
 20
237.5229708254501
 10
339.7613171412011
 20
237.37881355262377
 10
339.24822887654426
 20
237.22775514598402
 10
338.7439053457331
 20
237.0700034979615
 10
338.2486644018442
 20
236.90577258437273
 10
337.7628040235175
 20
236.73528162163356
 10
337.28660197784166
 20
236.55875442317677
 10
336.82031563647325
 20
236.37641864860606
 10
336.3641818070798
 20
236.18850496090948
 10
335.918416794633
 20
235.995246413524
 10
335.48321634011546
 20
235.79687759222546
 10
335.05875581972447
 20
235.59363392557626
 10
334.64519044407626
 20
235.3857509953726
 10
334.2426554880568
 20
235.17346377047517
 10
333.85126671987683
 20
234.95700591725642
 10
333.471120768833
 20
234.73660917134183
 10
333.1022956463032
 20
234.512502648057
 10
332.74485129738883
 20
234.2849121835223
 10
332.3988302138499
 20
234.05405979833384
 10
332.06425809301146
 20
233.82016308462818
 10
331.74114460393236
 20
233.5834345931465
 10
331.4294841229286
 20
233.3440814348267
 10
331.17172076975976
 20
233.1372091281568
  0
LWPOLYLINE
  5
545
330
17
100
AcDbEntity
  8
OUTLINE
100
AcDbPolyline
 90
35
 70
0
 10
336.9688906732531
 20
214.6178514608871
 10
337.43611177205185
 20
214.43820674940298
 10
337.91315654287837
 20
214.26435789561916
 10
338.3997724409438
 20
214.09653038321795
 10
338.89568664861457
 20
213.93494615617865
 10
339.4006063359096
 20
213.7798228219611
 10
339.91421882905814
 20
213.6313729619533
 10
340.43619200890765
 20
213.4898034112721
 10
340.9661746786851
 20
213.3553145232404
 10
341.50379710031575
 20
213.22809946451113
 10
342.0486715613884
 20
213.10834351019156
 10
342.6003930493848
 20
212.99622340026073
 10
343.1585399718788
 20
212.89190668066377
 10
343.7226750299694
 20
212.7955511363464
 10
344.2923460457444
 20
212.70730407105572
 10
344.8670869889468
 20
212.6273019242553
 10
345.44641897299573
 20
212.55566961221962
 10
346.02985135827
 20
212.49252012962575
 10
346.6168829320095
 20
212.4379540745283
 10
347.2070030575696
 20
212.39205928059823
 10
347.79969299223194
 20
212.354910480008
 10
348.39442709775307
 20
212.32656893567042
 10
348.9906742654392
 20
212.30708228800466
 10
349.5878991879878
 20
212.29648434040888
 10
350.185563799886
 20
212.29479486005602
 10
350.7831286411926
 20
212.30201954724708
 10
351.3800542213196
 20
212.31815000476448
 10
351.9758025207243
 20
212.34316375319517
 10
352.569838262751
 20
212.37702426157765
 10
353.1616304153228
 20
212.41968117725276
 10
353.7506534474599
 20
212.47107043312732
 10
354.3363887390313
 20
212.53111450817187
 10
354.9183258525962
 20
212.5997227492118
 10
355.49596378992203
 20
212.6767916927185
 10
356.22133607688784
 20
212.7864779886323
  0
LWPOLYLINE
  5
546
330
17
100
AcDbEntity
  8
OUTLINE
100
AcDbPolyline
 90
24
 70
0
 10
359.39501603985457
 20
213.44597394980224
 10
359.9214989699671
 20
213.58582176439484
 10
360.4397698655841
 20
213.73269426529362
 10
360.9494796139135
 20
213.88638760544276
 10
361.4502983483411
 20
214.04669142534584
 10
361.94191590813205
 20
214.21338963455855
 10
362.4240421908688
 20
214.3862611318881
 10
362.8964073363319
 20
214.5650804949457
 10
363.35876200232104
 20
214.74961880760975
 10
363.81087737997825
 20
214.93964441087184
 10
364.25254516314135
 20
215.13492354641903
 10
364.68357759431393
 20
215.335221214744
 10
365.1038071888444
 20
215.54030184937383
 10
365.51308655104543
 20
215.74993000642277
 10
365.91128803707915
 20
215.96387116140855
 10
366.29830340251937
 20
216.18189232218774
 10
366.6740433579732
 20
216.40376268786179
 10
367.0384369867921
 20
216.62925435365275
 10
367.39143125472367
 20
216.8581428778689
 10
367.7329902590655
 20
217.09020794081022
 10
368.0630946770228
 20
217.32523383511725
 10
368.3817408769522
 20
217.5630100480596
 10
368.6075574752259
 20
217.73854888786815
 10
368.82827923024024
 20
217.91620684523545
  0
LWPOLYLINE
  5
547
330
17
100
AcDbEntity
  8
OUTLINE
100
AcDbPolyline
 90
2
 70
0
 10
336.9688906732531
 20
214.69617261649265
 10
336.9688906732531
 20
214.6178514608871
  0
LWPOLYLINE
  5
548
330
17
100
AcDbEntity
  8
OUTLINE
100
AcDbPolyline
 90
3
 70
0
 10
336.9688906732531
 20
214.6178514608871
 10
336.97970524761183
 20
214.6421248903818
 10
336.98147191187957
 20
214.65701203868989
  0
LWPOLYLINE
  5
549
330
17
100
AcDbEntity
  8
OUTLINE
100
AcDbPolyline
 90
5
 70
0
 10
336.98147191187957
 20
214.65701203868989
 10
336.97703146930905
 20
214.68053112834681
 10
336.9635235027085
 20
214.70344558768528
 10
336.94012054902356
 20
214.7251956532724
 10
336.89979373866265
 20
214.74700751809098
  0
LWPOLYLINE
  5
54A
330
17
100
AcDbEntity
  8
OUTLINE
100
AcDbPolyline
 90
2
 70
0
 10
350.0
 20
225.47806826796398
 10
336.89979373866265
 20
214.74700751809098
  0
LWPOLYLINE
  5
54B
330
17
100
AcDbEntity
  8
OUTLINE
100
AcDbPolyline
 90
2
 70
0
 10
350.0
 20
225.47806826796398
 10
331.17172076975976
 20
233.0399296753691
  0
LWPOLYLINE
  5
54C
330
17
100
AcDbEntity
  8
OUTLINE
100
AcDbPolyline
 90
27
 70
0
 10
331.17172076975976
 20
233.0399296753691
 10
330.8812560920072
 20
232.79623281103915
 10
330.60215176179133
 20
232.5504682850937
 10
330.3343512970969
 20
232.3028177256732
 10
330.07778729033174
 20
232.05345522181022
 10
329.83238238902373
 20
231.8025470169618
 10
329.5980503224878
 20
231.5502512485116
 10
329.37469686719936
 20
231.2967177025958
 10
329.1622209960489
 20
231.04208761489917
 10
328.96051579774513
 20
230.7864935480676
 10
328.76946968736286
 20
230.5300592997681
 10
328.5889673104229
 20
230.27289984139506
 10
328.41889075344005
 20
230.01512128742345
 10
328.2591204633263
 20
229.75682092605575
 10
328.1095363813219
 20
229.49808738777912
 10
327.97001892369207
 20
229.23900066068882
 10
327.84045000839427
 20
228.97963235098578
 10
327.72071400512834
 20
228.720045928151
 10
327.6106987160335
 20
228.46029692414942
 10
327.5102962644449
 20
228.20043334716158
 10
327.4194039683268
 20
227.9404960033748
 10
327.33792518305916
 20
227.68051892603802
 10
327.26577005228364
 20
227.42052988113372
 10
327.20285619745613
 20
227.16055084240304
 10
327.14910942272286
 20
226.90059854298772
 10
327.1044642818855
 20
226.64068508836579
 10
327.0701535110143
 20
226.39152637026504
  0
LWPOLYLINE
  5
54D
330
17
100
AcDbEntity
  8
OUTLINE
100
AcDbPolyline
 90
41
 70
0
 10
327.1491707469292
 20
224.0552139798609
 10
327.20279491921997
 20
223.79585886359655
 10
327.26551997456056
 20
223.53656982178944
 10
327.33741057765627
 20
223.27736036966945
 10
327.4185398823706
 20
223.0182488186875
 10
327.50898887281903
 20
222.75925887412777
 10
327.60884570446365
 20
222.50042007948593
 10
327.7182050145605
 20
222.24176838343473
 10
327.8371670180794
 20
221.98334655355535
 10
327.9658368487985
 20
221.72520451345207
 10
328.10432351731356
 20
221.4673998177773
 10
328.2527391295449
 20
221.2099977901422
 10
328.41119784474733
 20
220.9530719368481
 10
328.5798149714298
 20
220.69670403882685
 10
328.7587059713352
 20
220.44098436616832
 10
328.94798538680294
 20
220.18601178538412
 10
329.1477659060423
 20
219.93189380537777
 10
329.3581572751718
 20
219.67874660809142
 10
329.579265240905
 20
219.42669504850596
 10
329.81119060050065
 20
219.1758725320538
 10
330.0540280831551
 20
218.92642096864878
 10
330.30786536930543
 20
218.67849055815864
 10
330.57278203331515
 20
218.43223963717114
 10
330.84884863939493
 20
218.18783444914328
 10
331.136125607671
 20
217.94544879196326
 10
331.43466243269273
 20
217.70526381874637
 10
331.7444965954719
 20
217.46746762410362
 10
332.0656527666661
 20
217.23225484573342
 10
332.3981418718525
 20
216.9998262966604
 10
332.7419603253577
 20
216.77038844423993
 10
333.09708918747185
 20
216.54415299642682
 10
333.46349341360224
 20
216.3213363348098
 10
333.8411212106911
 20
216.1021589629695
 10
334.2299033629862
 20
215.88684498548304
 10
334.6297526191055
 20
215.67562144901854
 10
335.04056323233533
 20
215.46871774472274
 10
335.4622104089884
 20
215.26636496463863
 10
335.89454995596583
 20
215.06879519682957
 10
336.33741795896583
 20
214.87624089712025
 10
336.5004692780005
 20
214.8077458652849
 10
336.66456428844424
 20
214.74007579879128
  0
LWPOLYLINE
  5
54E
330
17
100
AcDbEntity
  8
OUTLINE
100
AcDbPolyline
 90
27
 70
0
 10
331.17172076975976
 20
233.1372091281568
 10
330.8812560920072
 20
232.89351226382684
 10
330.60215176179133
 20
232.647747722558
 10
330.3343512970969
 20
232.4000971631375
 10
330.07778729033174
 20
232.15073465927455
 10
329.83238238902373
 20
231.89982646974948
 10
329.5980503224878
 20
231.64753070129927
 10
329.37469686719936
 20
231.39399714006012
 10
329.1622209960489
 20
231.13936705236347
 10
328.96051579774513
 20
230.8837729855319
 10
328.76946968736286
 20
230.6273387525558
 10
328.5889673104229
 20
230.37017929418275
 10
328.41889075344005
 20
230.11240072488775
 10
328.2591204633263
 20
229.85410036352008
 10
328.1095363813219
 20
229.59536682524345
 10
327.97001892369207
 20
229.3362800981531
 10
327.84045000839427
 20
229.07691180377347
 10
327.72071400512834
 20
228.8173253656153
 10
327.6106987160335
 20
228.5575763769371
 10
327.5102962644449
 20
228.29771278462587
 10
327.4194039683268
 20
228.03777544083908
 10
327.33792518305916
 20
227.7777983635023
 10
327.26577005228364
 20
227.51780931859804
 10
327.20285619745613
 20
227.25783027986733
 10
327.14910942272286
 20
226.9978779957754
 10
327.1044642818855
 20
226.73796452583008
 10
327.05900398267585
 20
226.39152637026504
  0
LWPOLYLINE
  5
54F
330
17
100
AcDbEntity
  8
OUTLINE
100
AcDbPolyline
 90
6
 70
0
 10
336.89979373866265
 20
214.74700751809098
 10
336.8543873624621
 20
214.7604685491483
 10
336.8021654335806
 20
214.76665184343872
 10
336.7479895273133
 20
214.76421026046302
 10
336.6975456479783
 20
214.75325279549352
 10
336.66456428844424
 20
214.74007579879128
  0
LWPOLYLINE
  5
550
330
17
100
AcDbEntity
  8
OUTLINE
100
AcDbPolyline
 90
2
 70
0
 10
373.7946541615051
 20
224.2128620570911
 10
373.818602106875
 20
224.22939429389152
  0
LWPOLYLINE
  5
551
330
17
100
AcDbEntity
  8
OUTLINE
100
AcDbPolyline
 90
8
 70
0
 10
373.818602106875
 20
224.22939429389152
 10
373.8602475409065
 20
224.2486093038246
 10
373.9112844201071
 20
224.26223952042974
 10
373.9686651674008
 20
224.26833839816524
 10
374.0277763851153
 20
224.26575957890964
 10
374.08336972027126
 20
224.2546147242051
 10
374.11530213247346
 20
224.24342926251737
 10
374.143608264457
 20
224.22939429389152
  0
LWPOLYLINE
  5
552
330
17
100
AcDbEntity
  8
OUTLINE
100
AcDbPolyline
 90
21
 70
0
 10
374.143608264457
 20
224.22939429389152
 10
374.17629359142165
 20
224.20513883873318
 10
374.19717446836376
 20
224.1790309389704
 10
374.20727701076424
 20
224.15265578396452
 10
374.20786849361417
 20
224.12669783889527
 10
374.1995267925933
 20
224.1012503312668
 10
374.181869006835
 20
224.07646367547437
 10
374.15402807764525
 20
224.05308569891497
 10
374.11551158788996
 20
224.03261676066342
 10
374.06705227142703
 20
224.01708975356348
 10
374.0111462778236
 20
224.00856677684015
 10
373.95200796835576
 20
224.00849584486835
 10
373.89482385080123
 20
224.01716810205602
 10
373.8445239347143
 20
224.03354094495475
 10
373.80460043597543
 20
224.05554655871515
 10
373.7765185311562
 20
224.08075716673582
 10
373.75994649951224
 20
224.10710561307314
 10
373.7536332169053
 20
224.13335675588465
 10
373.7564937260374
 20
224.15911704454763
 10
373.76833337388655
 20
224.18435232322602
 10
373.7946541615051
 20
224.2128620570911
  0
LWPOLYLINE
  5
553
330
17
100
AcDbEntity
  8
OUTLINE
100
AcDbPolyline
 90
15
 70
0
 10
374.1863678161976
 20
224.1938069160848
 10
374.1824076239898
 20
224.1973454698963
 10
374.17848832990956
 20
224.20078305789178
 10
374.17460812579696
 20
224.2041212737038
 10
374.17076521881535
 20
224.20736163434796
 10
374.1669578467749
 20
224.2105056568398
 10
374.1631842628092
 20
224.2135547509313
 10
374.15944272005174
 20
224.21651035702104
 10
374.15573148695955
 20
224.2193738235673
 10
374.1520488779596
 20
224.22214645305831
 10
374.14839317683237
 20
224.22482954798213
 10
374.1447626980049
 20
224.22742433421
 10
374.14115578655105
 20
224.22993200696632
 10
374.1375707875448
 20
224.23235373082872
 10
374.1340060154132
 20
224.23469059375788
  0
LWPOLYLINE
  5
554
330
17
100
AcDbEntity
  8
OUTLINE
100
AcDbPolyline
 90
15
 70
0
 10
374.1666285930962
 20
224.06439635269817
 10
374.1681487653142
 20
224.0810777780226
 10
374.1696174969122
 20
224.09632030638912
 10
374.1710438286904
 20
224.1102178548544
 10
374.1724365562746
 20
224.12285603519774
 10
374.17380426076306
 20
224.13431270556325
 10
374.17515537002026
 20
224.14465847613153
 10
374.1764982046469
 20
224.15395706155778
 10
374.1778410392736
 20
224.16226575599683
 10
374.17919214853083
 20
224.16963575489427
 10
374.1805598530193
 20
224.1761124767778
 10
374.1819525959268
 20
224.18173580843128
 10
374.183378927705
 20
224.1865403960393
 10
374.1848476593031
 20
224.19055585971452
 10
374.1863678161976
 20
224.1938069160848
  0
LWPOLYLINE
  5
555
330
17
100
AcDbEntity
  8
OUTLINE
100
AcDbPolyline
 90
15
 70
0
 10
373.9613659625646
 20
224.00949617108407
 10
373.97717377078436
 20
224.0204393699776
 10
373.99244665478625
 20
224.03013783458655
 10
374.00727870018426
 20
224.0386513414549
 10
374.0217613109991
 20
224.04603232722292
 10
374.0359837153302
 20
224.0523262717118
 10
374.050033501674
 20
224.0575719430979
 10
374.0639972778304
 20
224.06180168905743
 10
374.07796103866343
 20
224.0650415287063
 10
374.0920108403307
 20
224.0673114590684
 10
374.10623322933833
 20
224.0686254397519
 10
374.1207158401532
 20
224.06899159215345
 10
374.1355479008746
 20
224.06841213816455
 10
374.1508207848765
 20
224.0668835380822
 10
374.1666285930962
 20
224.06439635269817
  0
LWPOLYLINE
  5
556
330
17
100
AcDbEntity
  8
OUTLINE
100
AcDbPolyline
 90
15
 70
0
 10
373.7758425551344
 20
224.08400655285664
 10
373.7901301911362
 20
224.08498351090276
 10
373.80393434354005
 20
224.08505298715255
 10
373.81734007248326
 20
224.0842154106609
 10
373.83042994039056
 20
224.08246564809218
 10
373.84328464023315
 20
224.07979289645652
 10
373.8559833173198
 20
224.07618069843318
 10
373.86860425884953
 20
224.07160678913664
 10
373.8812251850558
 20
224.0660429888529
 10
373.8939238774659
 20
224.0594550344821
 10
373.9067785619851
 20
224.0518023190411
 10
373.91986844521574
 20
224.04303770778253
 10
373.93327415883556
 20
224.03310720108038
 10
373.9470783112394
 20
224.02194959731548
 10
373.9613659625646
 20
224.00949617108407
  0
LWPOLYLINE
  5
557
330
17
100
AcDbEntity
  8
OUTLINE
100
AcDbPolyline
 90
15
 70
0
 10
373.79558177823577
 20
224.21341711624325
 10
373.79406160601786
 20
224.21016605987296
 10
373.7925928744198
 20
224.20615059619777
 10
373.7911665426416
 20
224.20134600858975
 10
373.7897738150574
 20
224.19572267693627
 10
373.788406110569
 20
224.1892459703761
 10
373.7870550013117
 20
224.18187595615527
 10
373.7857121666851
 20
224.17356726171624
 10
373.7843693320584
 20
224.16426867629
 10
373.7830182228012
 20
224.1539229210451
 10
373.78165051831274
 20
224.1424662353562
 10
373.7802577754052
 20
224.12982805501284
 10
373.778831443627
 20
224.11593052187098
 10
373.77736271202895
 20
224.10068799350447
 10
373.7758425551344
 20
224.08400655285664
  0
LWPOLYLINE
  5
558
330
17
100
AcDbEntity
  8
OUTLINE
100
AcDbPolyline
 90
15
 70
0
 10
373.8242018251847
 20
224.232557991616
 10
373.8222154541526
 20
224.23132877992543
 10
373.82022103834083
 20
224.23007888165847
 10
373.8182183478985
 20
224.22880818955142
 10
373.81620718362154
 20
224.22751656569378
 10
373.8141873156592
 20
224.22620384152825
 10
373.8121585601306
 20
224.22486990979112
 10
373.8101206718617
 20
224.22351461724847
 10
373.80807343632495
 20
224.2221378106664
 10
373.8060166543163
 20
224.2207393674578
 10
373.80395011130827
 20
224.21931911906537
 10
373.8018735621267
 20
224.21787692757863
 10
373.7997868075674
 20
224.21641263976366
 10
373.79768961777955
 20
224.21492608706316
 10
373.79558177823577
 20
224.21341711624325
  0
LWPOLYLINE
  5
559
330
17
100
AcDbEntity
  8
OUTLINE
100
AcDbPolyline
 90
6
 70
0
 10
374.40249840777835
 20
224.48755749559626
 10
374.398048541323
 20
224.52259021265894
 10
374.38460710888137
 20
224.55723806746101
 10
374.36169389073746
 20
224.5913169647963
 10
374.3286012680694
 20
224.62427906282926
 10
374.28195438683986
 20
224.6567985140983
  0
LWPOLYLINE
  5
55A
330
17
100
AcDbEntity
  8
OUTLINE
100
AcDbPolyline
 90
11
 70
0
 10
374.28195438683986
 20
224.6567985140983
 10
374.22668031451235
 20
224.6839729830913
 10
374.1613933569386
 20
224.70602042970611
 10
374.0879021491514
 20
224.72136758617884
 10
374.00901404344313
 20
224.7287280386044
 10
373.9283014736404
 20
224.72735362247116
 10
373.84967450914274
 20
224.71720180004877
 10
373.7768518148864
 20
224.69896753303917
 10
373.7128643727161
 20
224.6739646488919
 10
373.69616696509604
 20
224.66562731503717
 10
373.68025598449213
 20
224.6567985140983
  0
LWPOLYLINE
  5
55B
330
17
100
AcDbEntity
  8
OUTLINE
100
AcDbPolyline
 90
6
 70
0
 10
373.68025598449213
 20
224.6567985140983
 10
373.63396105088174
 20
224.6245728888305
 10
373.59944136091275
 20
224.5900095118769
 10
373.57617660888127
 20
224.55445995219645
 10
373.56324748333395
 20
224.51880130530333
 10
373.55971196355364
 20
224.48755749559626
  0
LWPOLYLINE
  5
55C
330
17
100
AcDbEntity
  8
OUTLINE
100
AcDbPolyline
 90
2
 70
0
 10
374.1666285930962
 20
224.06439635269817
 10
374.1666285930962
 20
224.2107743831284
  0
LWPOLYLINE
  5
55D
330
17
100
AcDbEntity
  8
OUTLINE
100
AcDbPolyline
 90
2
 70
0
 10
373.9613659625646
 20
224.00949617108407
 10
373.9613659625646
 20
224.17174698090722
  0
LWPOLYLINE
  5
55E
330
17
100
AcDbEntity
  8
OUTLINE
100
AcDbPolyline
 90
15
 70
0
 10
373.9613659625646
 20
224.17174698090722
 10
373.9757602646835
 20
224.17914810160954
 10
373.9897053309808
 20
224.18590180908882
 10
374.00327213939863
 20
224.19204247370857
 10
374.0165297831019
 20
224.19760137050756
 10
374.02954576162307
 20
224.2026068017869
 10
374.04238631797676
 20
224.2070842350207
 10
374.05511686771445
 20
224.21105648673637
 10
374.0678021828051
 20
224.2145437838087
 10
374.080506881984
 20
224.2175638553997
 10
374.09329562995646
 20
224.22013210151627
 10
374.10623355112955
 20
224.2222615776866
 10
374.119386505433
 20
224.2239631481941
 10
374.13282147140416
 20
224.22524547075406
 10
374.1466068526554
 20
224.2261150731306
  0
LWPOLYLINE
  5
55F
330
17
100
AcDbEntity
  8
OUTLINE
100
AcDbPolyline
 90
15
 70
0
 10
373.8307769998483
 20
224.2360084819058
 10
373.8399498415371
 20
224.23339702382972
 10
373.8490331180119
 20
224.23052699887256
 10
373.8580552081909
 20
224.2273894581746
 10
373.8670443224348
 20
224.22397457944294
 10
373.87602857916414
 20
224.2202716975982
 10
373.8850360201824
 20
224.21626922815764
 10
373.894094840527
 20
224.2119546519117
 10
373.9032333271756
 20
224.207314514924
 10
373.9124800735738
 20
224.20233429062102
 10
373.92186394898823
 20
224.19699839511517
 10
373.9314143130338
 20
224.19129018720506
 10
373.9411610003508
 20
224.18519179981803
 10
373.9511344891616
 20
224.1786841706571
 10
373.9613659625646
 20
224.17174698090722
  0
LWPOLYLINE
  5
560
330
17
100
AcDbEntity
  8
OUTLINE
100
AcDbPolyline
 90
2
 70
0
 10
374.2697056044805
 20
224.66367634103574
 10
374.25843345837615
 20
224.67055415264974
  0
LWPOLYLINE
  5
561
330
17
100
AcDbEntity
  8
OUTLINE
100
AcDbPolyline
 90
9
 70
0
 10
374.25843345837615
 20
224.67055415264974
 10
374.2052065909386
 20
224.69653243185738
 10
374.142033893409
 20
224.71732952050354
 10
374.0708529931162
 20
224.73132103199566
 10
373.994670155277
 20
224.73721339640554
 10
373.917275865556
 20
224.7343207541249
 10
373.8427423761115
 20
224.72273598021985
 10
373.7748238255274
 20
224.70333744204603
 10
373.70377691295585
 20
224.67055415264974
  0
LWPOLYLINE
  5
562
330
17
100
AcDbEntity
  8
OUTLINE
100
AcDbPolyline
 90
2
 70
0
 10
373.70377691295585
 20
224.67055415264974
 10
373.69250476685147
 20
224.66367634103574
  0
LWPOLYLINE
  5
563
330
17
100
AcDbEntity
  8
OUTLINE
100
AcDbPolyline
 90
2
 70
0
 10
373.7946541615051
 20
225.17966694767904
 10
373.818602106875
 20
225.19619918447947
  0
LWPOLYLINE
  5
564
330
17
100
AcDbEntity
  8
OUTLINE
100
AcDbPolyline
 90
8
 70
0
 10
373.818602106875
 20
225.19619918447947
 10
373.8602475409065
 20
225.21541419441255
 10
373.9112844201071
 20
225.2290444110177
 10
373.9686651674008
 20
225.2351432887532
 10
374.0277763851153
 20
225.2325644694976
 10
374.08336972027126
 20
225.22141961479306
 10
374.11530213247346
 20
225.21023415310532
 10
374.143608264457
 20
225.19619918447947
  0
LWPOLYLINE
  5
565
330
17
100
AcDbEntity
  8
OUTLINE
100
AcDbPolyline
 90
21
 70
0
 10
374.143608264457
 20
225.19619918447947
 10
374.17629359142165
 20
225.17194372932113
 10
374.19717446836376
 20
225.14583582955837
 10
374.20727701076424
 20
225.11946067455247
 10
374.20786849361417
 20
225.09350272948322
 10
374.1995267925933
 20
225.06805522185476
 10
374.181869006835
 20
225.04326856606232
 10
374.15402807764525
 20
225.01989058950292
 10
374.11551158788996
 20
224.99942165125137
 10
374.06705227142703
 20
224.98389464415143
 10
374.0111462778236
 20
224.9753716674281
 10
373.95200796835576
 20
224.9753007354563
 10
373.89482385080123
 20
224.98397299264397
 10
373.8445239347143
 20
225.0003458355427
 10
373.80460043597543
 20
225.0223514493031
 10
373.7765185311562
 20
225.04756205732377
 10
373.75994649951224
 20
225.0739105036611
 10
373.7536332169053
 20
225.1001616464726
 10
373.7564937260374
 20
225.12592193513558
 10
373.76833337388655
 20
225.15115721381397
 10
373.7946541615051
 20
225.17966694767904
  0
LWPOLYLINE
  5
566
330
17
100
AcDbEntity
  8
OUTLINE
100
AcDbPolyline
 90
15
 70
0
 10
374.1863678161976
 20
225.16061180667276
 10
374.1824076239898
 20
225.16415036048426
 10
374.17848832990956
 20
225.16758794847973
 10
374.17460812579696
 20
225.17092616429176
 10
374.17076521881535
 20
225.17416652493588
 10
374.1669578467749
 20
225.17731054742777
 10
374.1631842628092
 20
225.18035964151926
 10
374.15944272005174
 20
225.183315247609
 10
374.15573148695955
 20
225.18617871415526
 10
374.1520488779596
 20
225.18895134364627
 10
374.14839317683237
 20
225.19163443857008
 10
374.1447626980049
 20
225.19422922479797
 10
374.14115578655105
 20
225.19673689755427
 10
374.1375707875448
 20
225.19915862141667
 10
374.1340060154132
 20
225.20149548434583
  0
LWPOLYLINE
  5
567
330
17
100
AcDbEntity
  8
OUTLINE
100
AcDbPolyline
 90
15
 70
0
 10
374.1666285930962
 20
225.03120124328612
 10
374.1681487653142
 20
225.04788266861055
 10
374.1696174969122
 20
225.06312519697707
 10
374.1710438286904
 20
225.07702274544235
 10
374.1724365562746
 20
225.0896609257857
 10
374.17380426076306
 20
225.1011175961512
 10
374.17515537002026
 20
225.11146336671948
 10
374.1764982046469
 20
225.12076195214573
 10
374.1778410392736
 20
225.12907064658475
 10
374.17919214853083
 20
225.13644064548222
 10
374.1805598530193
 20
225.14291736736575
 10
374.1819525959268
 20
225.14854069901924
 10
374.183378927705
 20
225.15334528662726
 10
374.1848476593031
 20
225.15736075030247
 10
374.1863678161976
 20
225.16061180667276
  0
LWPOLYLINE
  5
568
330
17
100
AcDbEntity
  8
OUTLINE
100
AcDbPolyline
 90
15
 70
0
 10
373.9613659625646
 20
224.97630106167202
 10
373.97717377078436
 20
224.98724426056555
 10
373.99244665478625
 20
224.99694272517448
 10
374.00727870018426
 20
225.00545623204286
 10
374.0217613109991
 20
225.01283721781087
 10
374.0359837153302
 20
225.01913116229974
 10
374.050033501674
 20
225.02437683368586
 10
374.0639972778304
 20
225.02860657964536
 10
374.07796103866343
 20
225.03184641929425
 10
374.0920108403307
 20
225.03411634965636
 10
374.10623322933833
 20
225.03543033033984
 10
374.1207158401532
 20
225.03579648274138
 10
374.1355479008746
 20
225.0352170287525
 10
374.1508207848765
 20
225.03368842867013
 10
374.1666285930962
 20
225.03120124328612
  0
LWPOLYLINE
  5
569
330
17
100
AcDbEntity
  8
OUTLINE
100
AcDbPolyline
 90
15
 70
0
 10
373.7758425551344
 20
225.0508114434446
 10
373.7901301911362
 20
225.0517884014907
 10
373.80393434354005
 20
225.0518578777405
 10
373.81734007248326
 20
225.05102030124885
 10
373.83042994039056
 20
225.04927053868013
 10
373.84328464023315
 20
225.04659778704448
 10
373.8559833173198
 20
225.04298558902113
 10
373.86860425884953
 20
225.0384116797246
 10
373.8812251850558
 20
225.03284787944085
 10
373.8939238774659
 20
225.02625992507006
 10
373.9067785619851
 20
225.01860720962904
 10
373.91986844521574
 20
225.00984259837048
 10
373.93327415883556
 20
224.99991209166834
 10
373.9470783112394
 20
224.98875448790344
 10
373.9613659625646
 20
224.97630106167202
  0
LWPOLYLINE
  5
56A
330
17
100
AcDbEntity
  8
OUTLINE
100
AcDbPolyline
 90
15
 70
0
 10
373.79558177823577
 20
225.1802220068312
 10
373.79406160601786
 20
225.1769709504609
 10
373.7925928744198
 20
225.17295548678572
 10
373.7911665426416
 20
225.1681508991777
 10
373.7897738150574
 20
225.1625275675242
 10
373.788406110569
 20
225.15605086096406
 10
373.7870550013117
 20
225.14868084674322
 10
373.7857121666851
 20
225.1403721523042
 10
373.7843693320584
 20
225.13107356687794
 10
373.7830182228012
 20
225.12072781163303
 10
373.78165051831274
 20
225.10927112594416
 10
373.7802577754052
 20
225.0966329456008
 10
373.778831443627
 20
225.08273541245893
 10
373.77736271202895
 20
225.06749288409242
 10
373.7758425551344
 20
225.0508114434446
  0
LWPOLYLINE
  5
56B
330
17
100
AcDbEntity
  8
OUTLINE
100
AcDbPolyline
 90
15
 70
0
 10
373.8242018251847
 20
225.19936288220396
 10
373.8222154541526
 20
225.19813367051336
 10
373.82022103834083
 20
225.19688377224642
 10
373.8182183478985
 20
225.19561308013937
 10
373.81620718362154
 20
225.19432145628173
 10
373.8141873156592
 20
225.1930087321162
 10
373.8121585601306
 20
225.19167480037908
 10
373.8101206718617
 20
225.19031950783642
 10
373.80807343632495
 20
225.18894270125435
 10
373.8060166543163
 20
225.18754425804576
 10
373.80395011130827
 20
225.18612400965333
 10
373.8018735621267
 20
225.18468181816658
 10
373.7997868075674
 20
225.1832175303516
 10
373.79768961777955
 20
225.1817309776511
 10
373.79558177823577
 20
225.1802220068312
  0
LWPOLYLINE
  5
56C
330
17
100
AcDbEntity
  8
OUTLINE
100
AcDbPolyline
 90
6
 70
0
 10
374.40249840777835
 20
225.45436238618421
 10
374.398048541323
 20
225.4893951032469
 10
374.38460710888137
 20
225.52404295804897
 10
374.36169389073746
 20
225.55812185538426
 10
374.3286012680694
 20
225.5910839534172
 10
374.28195438683986
 20
225.62360340468626
  0
LWPOLYLINE
  5
56D
330
17
100
AcDbEntity
  8
OUTLINE
100
AcDbPolyline
 90
11
 70
0
 10
374.28195438683986
 20
225.62360340468626
 10
374.22668031451235
 20
225.65077787367926
 10
374.1613933569386
 20
225.67282532029407
 10
374.0879021491514
 20
225.6881724767668
 10
374.00901404344313
 20
225.69553292919235
 10
373.9283014736404
 20
225.6941585130591
 10
373.84967450914274
 20
225.68400669063672
 10
373.7768518148864
 20
225.66577242362712
 10
373.7128643727161
 20
225.64076953947986
 10
373.69616696509604
 20
225.6324322056251
 10
373.68025598449213
 20
225.62360340468626
  0
LWPOLYLINE
  5
56E
330
17
100
AcDbEntity
  8
OUTLINE
100
AcDbPolyline
 90
6
 70
0
 10
373.68025598449213
 20
225.62360340468626
 10
373.63396105088174
 20
225.59137777941845
 10
373.59944136091275
 20
225.55681440246485
 10
373.57617660888127
 20
225.5212648427844
 10
373.56324748333395
 20
225.48560619589128
 10
373.55971196355364
 20
225.45436238618421
  0
LWPOLYLINE
  5
56F
330
17
100
AcDbEntity
  8
OUTLINE
100
AcDbPolyline
 90
2
 70
0
 10
374.1666285930962
 20
225.03120124328612
 10
374.1666285930962
 20
225.17757927371636
  0
LWPOLYLINE
  5
570
330
17
100
AcDbEntity
  8
OUTLINE
100
AcDbPolyline
 90
2
 70
0
 10
373.9613659625646
 20
224.97630106167202
 10
373.9613659625646
 20
225.13855187149517
  0
LWPOLYLINE
  5
571
330
17
100
AcDbEntity
  8
OUTLINE
100
AcDbPolyline
 90
15
 70
0
 10
373.9613659625646
 20
225.13855187149517
 10
373.9757602646835
 20
225.1459529921975
 10
373.9897053309808
 20
225.15270669967677
 10
374.00327213939863
 20
225.15884736429652
 10
374.0165297831019
 20
225.1644062610955
 10
374.02954576162307
 20
225.16941169237487
 10
374.04238631797676
 20
225.17388912560864
 10
374.05511686771445
 20
225.17786137732432
 10
374.0678021828051
 20
225.18134867439665
 10
374.080506881984
 20
225.18436874598765
 10
374.09329562995646
 20
225.18693699210422
 10
374.10623355112955
 20
225.18906646827455
 10
374.119386505433
 20
225.19076803878204
 10
374.13282147140416
 20
225.192050361342
 10
374.1466068526554
 20
225.19291996371854
  0
LWPOLYLINE
  5
572
330
17
100
AcDbEntity
  8
OUTLINE
100
AcDbPolyline
 90
15
 70
0
 10
373.8307769998483
 20
225.20281337249375
 10
373.8399498415371
 20
225.20020191441768
 10
373.8490331180119
 20
225.19733188946051
 10
373.8580552081909
 20
225.19419434876255
 10
373.8670443224348
 20
225.1907794700309
 10
373.87602857916414
 20
225.18707658818616
 10
373.8850360201824
 20
225.1830741187456
 10
373.894094840527
 20
225.17875954249962
 10
373.9032333271756
 20
225.17411940551196
 10
373.9124800735738
 20
225.16913918120898
 10
373.92186394898823
 20
225.16380328570312
 10
373.9314143130338
 20
225.158095077793
 10
373.9411610003508
 20
225.15199669040598
 10
373.9511344891616
 20
225.14548906124506
 10
373.9613659625646
 20
225.13855187149517
  0
LWPOLYLINE
  5
573
330
17
100
AcDbEntity
  8
OUTLINE
100
AcDbPolyline
 90
2
 70
0
 10
374.2697056044805
 20
225.63048123162366
 10
374.25843345837615
 20
225.6373590432377
  0
LWPOLYLINE
  5
574
330
17
100
AcDbEntity
  8
OUTLINE
100
AcDbPolyline
 90
9
 70
0
 10
374.25843345837615
 20
225.6373590432377
 10
374.2052065909386
 20
225.66333732244533
 10
374.142033893409
 20
225.6841344110915
 10
374.0708529931162
 20
225.6981259225836
 10
373.994670155277
 20
225.7040182869935
 10
373.917275865556
 20
225.70112564471285
 10
373.8427423761115
 20
225.6895408708078
 10
373.7748238255274
 20
225.670142332634
 10
373.70377691295585
 20
225.6373590432377
  0
LWPOLYLINE
  5
575
330
17
100
AcDbEntity
  8
OUTLINE
100
AcDbPolyline
 90
2
 70
0
 10
373.70377691295585
 20
225.6373590432377
 10
373.69250476685147
 20
225.63048123162366
  0
LWPOLYLINE
  5
576
330
17
100
AcDbEntity
  8
OUTLINE
100
AcDbPolyline
 90
2
 70
0
 10
357.2236098035383
 20
211.60546208283915
 10
357.2475577642316
 20
211.62199433496295
  0
LWPOLYLINE
  5
577
330
17
100
AcDbEntity
  8
OUTLINE
100
AcDbPolyline
 90
8
 70
0
 10
357.2475577642316
 20
211.62199433496295
 10
357.28920318293973
 20
211.64120934489603
 10
357.34024006214025
 20
211.65483954617778
 10
357.39762080943393
 20
211.66093842391328
 10
357.45673202714846
 20
211.65835961998107
 10
357.51232536230447
 20
211.64721476527654
 10
357.54425777450666
 20
211.6360292882654
 10
357.5725639064902
 20
211.62199433496295
  0
LWPOLYLINE
  5
578
330
17
100
AcDbEntity
  8
OUTLINE
100
AcDbPolyline
 90
21
 70
0
 10
357.5725639064902
 20
211.62199433496295
 10
357.60524923345486
 20
211.59773886448122
 10
357.62613011039696
 20
211.57163098004187
 10
357.63623265279745
 20
211.54525582503595
 10
357.6368241356474
 20
211.51929786464333
 10
357.6284824346265
 20
211.49385035701488
 10
357.6108246488681
 20
211.46906370122244
 10
357.58298371967845
 20
211.44568573998643
 10
357.5444672299231
 20
211.42521680173485
 10
357.4960079134602
 20
211.40968977931155
 10
357.4401019198568
 20
211.40116681791162
 10
357.38096361038896
 20
211.40109588593978
 10
357.3237794928344
 20
211.40976814312748
 10
357.2734795920708
 20
211.42614097070282
 10
357.23355609333197
 20
211.44814658446322
 10
357.20547417318943
 20
211.4733571924839
 10
357.18890214154544
 20
211.4997056388212
 10
357.1825888742619
 20
211.52595678163271
 10
357.1854493680706
 20
211.5517170702957
 10
357.1972890159197
 20
211.5769523489741
 10
357.2236098035383
 20
211.60546208283915
  0
LWPOLYLINE
  5
579
330
17
100
AcDbEntity
  8
OUTLINE
100
AcDbPolyline
 90
15
 70
0
 10
357.61532347355416
 20
211.58640694183285
 10
357.6113632660229
 20
211.58994549564437
 10
357.6074439719427
 20
211.59338309896324
 10
357.6035637678301
 20
211.59672129945187
 10
357.59972086084855
 20
211.5999616754194
 10
357.5959134888081
 20
211.60310568258788
 10
357.5921399048424
 20
211.60615479200274
 10
357.58839836208494
 20
211.60911038276907
 10
357.5846871289927
 20
211.61197384931538
 10
357.5810045199928
 20
211.61474649412975
 10
357.5773488188656
 20
211.6174295890536
 10
357.57371835536145
 20
211.62002437528145
 10
357.57011144390765
 20
211.62253204803775
 10
357.566526429578
 20
211.62495375657676
 10
357.56296165744635
 20
211.6272906195059
  0
LWPOLYLINE
  5
57A
330
17
100
AcDbEntity
  8
OUTLINE
100
AcDbPolyline
 90
15
 70
0
 10
357.5955842351294
 20
211.45699637844623
 10
357.59710440734733
 20
211.47367781909406
 10
357.59857313894537
 20
211.48892034746058
 10
357.5999994707236
 20
211.50281788060244
 10
357.60139219830774
 20
211.5154560609458
 10
357.6027599027962
 20
211.52691274663468
 10
357.60411101205347
 20
211.5372585018796
 10
357.6054538466801
 20
211.54655708730584
 10
357.6067966813068
 20
211.55486578174487
 10
357.608147790564
 20
211.5622357959657
 10
357.60951549505245
 20
211.56871250252584
 10
357.61090823796
 20
211.57433583417935
 10
357.6123345697382
 20
211.57914043711077
 10
357.61380330133625
 20
211.58315588546256
 10
357.61532347355416
 20
211.58640694183285
  0
LWPOLYLINE
  5
57B
330
17
100
AcDbEntity
  8
OUTLINE
100
AcDbPolyline
 90
15
 70
0
 10
357.39032160459783
 20
211.40209619683213
 10
357.40612941281756
 20
211.41303939572563
 10
357.42140229681945
 20
211.4227378603346
 10
357.43623435754085
 20
211.43125136720298
 10
357.4507169683557
 20
211.43863235297098
 10
357.46493935736333
 20
211.44492629745983
 10
357.4789891590306
 20
211.45017198416937
 10
357.4929529198636
 20
211.45440171480547
 10
357.50691668069663
 20
211.45764156977776
 10
357.52096648236386
 20
211.45991148481644
 10
357.53518887137153
 20
211.46122548082334
 10
357.5496714821864
 20
211.4615916179015
 10
357.5645035429078
 20
211.4610121639126
 10
357.5797764269097
 20
211.45948356383025
 10
357.5955842351294
 20
211.45699637844623
  0
LWPOLYLINE
  5
57C
330
17
100
AcDbEntity
  8
OUTLINE
100
AcDbPolyline
 90
15
 70
0
 10
357.2047981971676
 20
211.47660657860467
 10
357.2190858331694
 20
211.47758353665083
 10
357.23288998557325
 20
211.47765301290062
 10
357.24629571451646
 20
211.47681545173234
 10
357.25938559774715
 20
211.47506567384022
 10
357.2722402822663
 20
211.47239292220456
 10
357.284938959353
 20
211.46878072418124
 10
357.2975599008827
 20
211.4642068148847
 10
357.310180827089
 20
211.45864302992433
 10
357.32287951949905
 20
211.45205506023018
 10
357.33573420401825
 20
211.44440236011255
 10
357.34882408724894
 20
211.43563774885396
 10
357.36222980086876
 20
211.42570722682845
 10
357.3760339532726
 20
211.41454962306352
 10
357.39032160459783
 20
211.40209619683213
  0
LWPOLYLINE
  5
57D
330
17
100
AcDbEntity
  8
OUTLINE
100
AcDbPolyline
 90
15
 70
0
 10
357.224537420269
 20
211.60601714199132
 10
357.223017248051
 20
211.60276608562103
 10
357.22154853177636
 20
211.5987506372692
 10
357.2201221846748
 20
211.59394603433782
 10
357.2187294570906
 20
211.5883227026843
 10
357.21736175260213
 20
211.58184599612417
 10
357.21601064334493
 20
211.57447598190333
 10
357.2146678087183
 20
211.56616728746428
 10
357.2133249740916
 20
211.55686870203803
 10
357.21197386483436
 20
211.54652294679315
 10
357.2106061603459
 20
211.53506626110425
 10
357.20921343276177
 20
211.5224280960843
 10
357.20778708566013
 20
211.50853054761902
 10
357.2063183693855
 20
211.4932880192525
 10
357.2047981971676
 20
211.47660657860467
  0
LWPOLYLINE
  5
57E
330
17
100
AcDbEntity
  8
OUTLINE
100
AcDbPolyline
 90
15
 70
0
 10
357.2531574672179
 20
211.62515801736407
 10
357.25117111150917
 20
211.62392880567347
 10
357.249176680374
 20
211.6226789227299
 10
357.2471739899317
 20
211.62140823062288
 10
357.24516282565475
 20
211.62011659144184
 10
357.2431429576923
 20
211.6188038672763
 10
357.24111420216377
 20
211.61746993553916
 10
357.2390763138949
 20
211.61611464299654
 10
357.23702907835815
 20
211.61473785173786
 10
357.2349723116729
 20
211.61333939320585
 10
357.23290575334147
 20
211.61191916013684
 10
357.2308292041598
 20
211.6104769533267
 10
357.22874244960053
 20
211.60901266551173
 10
357.22664525981276
 20
211.60752611281123
 10
357.224537420269
 20
211.60601714199132
  0
LWPOLYLINE
  5
57F
330
17
100
AcDbEntity
  8
OUTLINE
100
AcDbPolyline
 90
6
 70
0
 10
357.83145404981155
 20
211.8801575366677
 10
357.82700419867956
 20
211.91519023840698
 10
357.8135627509145
 20
211.94983809320908
 10
357.79064953277066
 20
211.98391700586774
 10
357.75755691010255
 20
212.0168791039007
 10
357.71091002887306
 20
212.04939855516974
  0
LWPOLYLINE
  5
580
330
17
100
AcDbEntity
  8
OUTLINE
100
AcDbPolyline
 90
11
 70
0
 10
357.71091002887306
 20
212.04939855516974
 10
357.65563595654555
 20
212.07657300883938
 10
357.5903489989718
 20
212.09862045545418
 10
357.5168577911846
 20
212.1139676119269
 10
357.4379696854763
 20
212.12132806435244
 10
357.3572571156736
 20
212.11995364821922
 10
357.2786301511759
 20
212.10980182579684
 10
357.2058074569196
 20
212.0915675741106
 10
357.1418200147493
 20
212.06656467463995
 10
357.12512260712924
 20
212.0582273407852
 10
357.10921162652534
 20
212.04939855516974
  0
LWPOLYLINE
  5
581
330
17
100
AcDbEntity
  8
OUTLINE
100
AcDbPolyline
 90
6
 70
0
 10
357.10921162652534
 20
212.04939855516974
 10
357.0629166929149
 20
212.01717291457854
 10
357.0283970029459
 20
211.98260953762497
 10
357.0051322509144
 20
211.9470599779445
 10
356.99220312536715
 20
211.9114013310514
 10
356.98866760558684
 20
211.8801575366677
  0
LWPOLYLINE
  5
582
330
17
100
AcDbEntity
  8
OUTLINE
100
AcDbPolyline
 90
2
 70
0
 10
357.5955842351294
 20
211.45699637844623
 10
357.5955842351294
 20
211.60337440887648
  0
LWPOLYLINE
  5
583
330
17
100
AcDbEntity
  8
OUTLINE
100
AcDbPolyline
 90
2
 70
0
 10
357.39032160459783
 20
211.40209619683213
 10
357.39032160459783
 20
211.56434700665528
  0
LWPOLYLINE
  5
584
330
17
100
AcDbEntity
  8
OUTLINE
100
AcDbPolyline
 90
15
 70
0
 10
357.39032160459783
 20
211.56434700665528
 10
357.4047159067167
 20
211.5717481273576
 10
357.418660973014
 20
211.57850183483689
 10
357.43222779675517
 20
211.5846424994566
 10
357.4454854404584
 20
211.5902013962556
 10
357.45850140365627
 20
211.59520682753498
 10
357.47134197533336
 20
211.59968426076873
 10
357.4840725097476
 20
211.60365651248443
 10
357.49675782483826
 20
211.60714380955673
 10
357.5094625240172
 20
211.61016388114774
 10
357.5222512719896
 20
211.6127321272643
 10
357.5351891931627
 20
211.61486161875803
 10
357.5483421474662
 20
211.61656318926552
 10
357.5617771134373
 20
211.6178454965021
 10
357.57556249468854
 20
211.61871509887865
  0
LWPOLYLINE
  5
585
330
17
100
AcDbEntity
  8
OUTLINE
100
AcDbPolyline
 90
15
 70
0
 10
357.25973264188144
 20
211.62860850765384
 10
357.2689054835702
 20
211.62599704957776
 10
357.2779887600451
 20
211.6231270246206
 10
357.2870108502241
 20
211.61998948392267
 10
357.29599997979136
 20
211.616574605191
 10
357.30498422119734
 20
211.61287172334627
 10
357.313991677539
 20
211.60886925390568
 10
357.3230504825601
 20
211.60455469298313
 10
357.33218898453214
 20
211.59991454067207
 10
357.341435715607
 20
211.5949343163691
 10
357.3508195910214
 20
211.58959843618663
 10
357.36036995506703
 20
211.58389021295312
 10
357.37011664238395
 20
211.5777918255661
 10
357.3800901311948
 20
211.57128421172854
 10
357.39032160459783
 20
211.56434700665528
  0
LWPOLYLINE
  5
586
330
17
100
AcDbEntity
  8
OUTLINE
100
AcDbPolyline
 90
2
 70
0
 10
357.6986612465137
 20
212.05627636678378
 10
357.68738910040935
 20
212.0631541783978
  0
LWPOLYLINE
  5
587
330
17
100
AcDbEntity
  8
OUTLINE
100
AcDbPolyline
 90
9
 70
0
 10
357.68738910040935
 20
212.0631541783978
 10
357.6341622329718
 20
212.08913245760544
 10
357.5709895354422
 20
212.109929561575
 10
357.4998086351494
 20
212.1239210577437
 10
357.4236257973102
 20
212.12981342215357
 10
357.3462315075892
 20
212.12692079519633
 10
357.2716980181447
 20
212.11533600596792
 10
357.2037794675606
 20
212.09593748311747
 10
357.13273255498905
 20
212.0631541783978
  0
LWPOLYLINE
  5
588
330
17
100
AcDbEntity
  8
OUTLINE
100
AcDbPolyline
 90
2
 70
0
 10
357.13273255498905
 20
212.0631541783978
 10
357.1214604088847
 20
212.05627636678378
  0
LWPOLYLINE
  5
589
330
17
100
AcDbEntity
  8
OUTLINE
100
AcDbPolyline
 90
2
 70
0
 10
358.80753021954496
 20
211.93612882323544
 10
358.83147816491487
 20
211.95266107535926
  0
LWPOLYLINE
  5
58A
330
17
100
AcDbEntity
  8
OUTLINE
100
AcDbPolyline
 90
8
 70
0
 10
358.83147816491487
 20
211.95266107535926
 10
358.873123583623
 20
211.97187608529234
 10
358.9241604628235
 20
211.9855063018975
 10
358.98154121011726
 20
211.99160517963298
 10
359.04065242783173
 20
211.98902636037738
 10
359.09624576298773
 20
211.97788150567285
 10
359.1281781905133
 20
211.9666960439851
 10
359.15648430717346
 20
211.95266107535926
  0
LWPOLYLINE
  5
58B
330
17
100
AcDbEntity
  8
OUTLINE
100
AcDbPolyline
 90
21
 70
0
 10
359.15648430717346
 20
211.95266107535926
 10
359.1891696341381
 20
211.92840562020092
 10
359.2100505110802
 20
211.90229772043816
 10
359.2201530534807
 20
211.87592256543226
 10
359.22074453633064
 20
211.849964620363
 10
359.2124028353098
 20
211.82451709741116
 10
359.1947450495514
 20
211.79973044161872
 10
359.1669041203617
 20
211.7763524803827
 10
359.12838764592976
 20
211.75588354213116
 10
359.0799283141435
 20
211.74035653503122
 10
359.0240223205401
 20
211.7318335583079
 10
358.9648840263956
 20
211.7317626263361
 10
358.90769990884104
 20
211.74043488352376
 10
358.85739999275415
 20
211.7568077110991
 10
358.81747649401524
 20
211.77881332485953
 10
358.7893945891961
 20
211.80402394820356
 10
358.7728225422287
 20
211.8303723945409
 10
358.7665092749452
 20
211.8566235373524
 10
358.76936978407724
 20
211.88238382601537
 10
358.78120943192636
 20
211.90761910469377
 10
358.80753021954496
 20
211.93612882323544
  0
LWPOLYLINE
  5
58C
330
17
100
AcDbEntity
  8
OUTLINE
100
AcDbPolyline
 90
15
 70
0
 10
359.1992438742375
 20
211.91707368222916
 10
359.1952836820296
 20
211.92061225136405
 10
359.19136437262597
 20
211.92404983935953
 10
359.1874841685134
 20
211.92738805517155
 10
359.1836412768552
 20
211.9306284158157
 10
359.17983390481476
 20
211.93377242298416
 10
359.17606030552565
 20
211.93682153239905
 10
359.1723187627682
 20
211.93977713848878
 10
359.16860754499936
 20
211.94264058971166
 10
359.16492492067607
 20
211.94541323452606
 10
359.16126921954884
 20
211.94809632944987
 10
359.1576387560447
 20
211.95069111567776
 10
359.1540318445909
 20
211.95319878843407
 10
359.1504468302613
 20
211.95562049697307
 10
359.1468820581296
 20
211.95795737522562
  0
LWPOLYLINE
  5
58D
330
17
100
AcDbEntity
  8
OUTLINE
100
AcDbPolyline
 90
15
 70
0
 10
359.1795046358127
 20
211.7876631341659
 10
359.1810248080306
 20
211.80434455949035
 10
359.18249353962864
 20
211.81958708785686
 10
359.1839198714069
 20
211.83348463632214
 10
359.18531259899106
 20
211.84612281666548
 10
359.18668031880287
 20
211.857579487031
 10
359.1880314280601
 20
211.86792524227587
 10
359.1893742626868
 20
211.87722382770212
 10
359.19071709731344
 20
211.88553253746457
 10
359.19206820657064
 20
211.89290253636202
 10
359.1934359110591
 20
211.89937925824555
 10
359.1948286386433
 20
211.90500258989903
 10
359.1962549704215
 20
211.90980717750705
 10
359.1977237020195
 20
211.91382262585887
 10
359.1992438742375
 20
211.91707368222916
  0
LWPOLYLINE
  5
58E
330
17
100
AcDbEntity
  8
OUTLINE
100
AcDbPolyline
 90
15
 70
0
 10
358.9742420052811
 20
211.7327629525518
 10
358.99004981350083
 20
211.74370613612194
 10
359.0053226975027
 20
211.7534046160543
 10
359.0201547582241
 20
211.76191812292265
 10
359.034637369039
 20
211.76929910869066
 10
359.0488597580466
 20
211.77559305317953
 10
359.0629095597139
 20
211.78083872456565
 10
359.0768733205469
 20
211.78506847052518
 10
359.0908370967033
 20
211.78830831017405
 10
359.10488688304713
 20
211.79057824053615
 10
359.1191092873782
 20
211.79189222121963
 10
359.13359188286967
 20
211.7922583582978
 10
359.14842394359107
 20
211.7916789196323
 10
359.16369682759296
 20
211.79015030422656
 10
359.1795046358127
 20
211.7876631341659
  0
LWPOLYLINE
  5
58F
330
17
100
AcDbEntity
  8
OUTLINE
100
AcDbPolyline
 90
15
 70
0
 10
358.78871859785085
 20
211.80727333432438
 10
358.80300623385267
 20
211.80825027704714
 10
358.8168104015799
 20
211.8083197532969
 10
358.83021611519973
 20
211.80748219212865
 10
358.8433059984304
 20
211.80573242955992
 10
358.85616068294956
 20
211.80305967792427
 10
358.86885937535965
 20
211.79944747990092
 10
358.88148030156594
 20
211.79487357060438
 10
358.8941012277723
 20
211.78930977032064
 10
358.9067999201824
 20
211.78272181594986
 10
358.9196546047015
 20
211.77506910050883
 10
358.9327444879322
 20
211.76630448925027
 10
358.94615020155203
 20
211.75637398254813
 10
358.9599543692793
 20
211.7452163787832
 10
358.9742420052811
 20
211.7327629525518
  0
LWPOLYLINE
  5
590
330
17
100
AcDbEntity
  8
OUTLINE
100
AcDbPolyline
 90
15
 70
0
 10
358.80845783627564
 20
211.936683897711
 10
358.80693766405767
 20
211.9334328413407
 10
358.80546893245963
 20
211.92941737766552
 10
358.80404260068144
 20
211.9246127900575
 10
358.80264987309727
 20
211.91898945840398
 10
358.8012821532854
 20
211.91251273652048
 10
358.7999310440282
 20
211.905142737623
 10
358.79858820940154
 20
211.896834043184
 10
358.7972453747749
 20
211.88753545775774
 10
358.7958942655177
 20
211.87718968718946
 10
358.7945265610292
 20
211.86573301682395
 10
358.79313383344504
 20
211.85309483648058
 10
358.79170750166685
 20
211.83919730333872
 10
358.79023877006875
 20
211.8239547596488
 10
358.78871859785085
 20
211.80727333432438
  0
LWPOLYLINE
  5
591
330
17
100
AcDbEntity
  8
OUTLINE
100
AcDbPolyline
 90
15
 70
0
 10
358.83707788322454
 20
211.95582475776038
 10
358.83509151219243
 20
211.95459554606978
 10
358.83309708105725
 20
211.9533456631262
 10
358.83109440593836
 20
211.95207497101916
 10
358.829083226338
 20
211.95078333183812
 10
358.827063373699
 20
211.949470622996
 10
358.8250346028471
 20
211.94813669125887
 10
358.82299671457815
 20
211.9467813987162
 10
358.8209494943648
 20
211.94540459213414
 10
358.81889271235616
 20
211.94400614892555
 10
358.81682615402474
 20
211.94258590053312
 10
358.8147496201665
 20
211.94114370904637
 10
358.8126628656072
 20
211.939679405908
 10
358.8105656758194
 20
211.9381928532075
 10
358.80845783627564
 20
211.936683897711
  0
LWPOLYLINE
  5
592
330
17
100
AcDbEntity
  8
OUTLINE
100
AcDbPolyline
 90
6
 70
0
 10
359.4153744504948
 20
212.210824277064
 10
359.41092459936283
 20
212.2458569788033
 10
359.39748315159784
 20
212.28050484892876
 10
359.3745699334539
 20
212.31458374626405
 10
359.3414773107859
 20
212.347545844297
 10
359.2948304448797
 20
212.38006529556606
  0
LWPOLYLINE
  5
593
330
17
100
AcDbEntity
  8
OUTLINE
100
AcDbPolyline
 90
11
 70
0
 10
359.2948304448797
 20
212.38006529556606
 10
359.2395563572288
 20
212.40723974923566
 10
359.1742693996551
 20
212.42928721117386
 10
359.10077820719124
 20
212.4446343676466
 10
359.02189008615954
 20
212.45199482007214
 10
358.94117753168024
 20
212.4506204039389
 10
358.8625505518592
 20
212.44046856619312
 10
358.7897278576029
 20
212.4222343145069
 10
358.7257404154326
 20
212.39723143035965
 10
358.7090430231359
 20
212.38889409650488
 10
358.6931320272086
 20
212.38006529556606
  0
LWPOLYLINE
  5
594
330
17
100
AcDbEntity
  8
OUTLINE
100
AcDbPolyline
 90
6
 70
0
 10
358.6931320272086
 20
212.38006529556606
 10
358.64683709359815
 20
212.34783967029824
 10
358.61231740362916
 20
212.31327627802125
 10
358.58905265159774
 20
212.2777267336642
 10
358.5761235413738
 20
212.24206808677107
 10
358.5725880062701
 20
212.210824277064
  0
LWPOLYLINE
  5
595
330
17
100
AcDbEntity
  8
OUTLINE
100
AcDbPolyline
 90
2
 70
0
 10
359.1795046358127
 20
211.7876631341659
 10
359.1795046358127
 20
211.93404114927276
  0
LWPOLYLINE
  5
596
330
17
100
AcDbEntity
  8
OUTLINE
100
AcDbPolyline
 90
2
 70
0
 10
358.9742420052811
 20
211.7327629525518
 10
358.9742420052811
 20
211.89501374705156
  0
LWPOLYLINE
  5
597
330
17
100
AcDbEntity
  8
OUTLINE
100
AcDbPolyline
 90
15
 70
0
 10
358.9742420052811
 20
211.89501374705156
 10
358.9886363227234
 20
211.9024148830773
 10
359.0025813736973
 20
211.90916859055656
 10
359.01614819743844
 20
211.9153092551763
 10
359.02940584114174
 20
211.9208681519753
 10
359.04242180433954
 20
211.92587356793126
 10
359.05526237601663
 20
211.93035101648843
 10
359.06799291043086
 20
211.9343232682041
 10
359.0806782408449
 20
211.93781054995304
 10
359.09338292470045
 20
211.94083063686745
 10
359.1061716726729
 20
211.943398882984
 10
359.119109593846
 20
211.94552835915434
 10
359.13226256347286
 20
211.94722992966183
 10
359.14569752944396
 20
211.9485122522218
 10
359.1594828953718
 20
211.94938183927496
  0
LWPOLYLINE
  5
598
330
17
100
AcDbEntity
  8
OUTLINE
100
AcDbPolyline
 90
15
 70
0
 10
358.84365305788816
 20
211.95927524805015
 10
358.8528258995769
 20
211.95666378997407
 10
358.8619091607284
 20
211.9537937803403
 10
358.87093125090735
 20
211.95065623964234
 10
358.8799203804747
 20
211.94724136091068
 10
358.8889046218806
 20
211.94353847906595
 10
358.89791207822225
 20
211.93953600962539
 10
358.9069708832434
 20
211.93522143337944
 10
358.9161093852154
 20
211.93058129639175
 10
358.9253561162903
 20
211.92560105676537
 10
358.9347400070281
 20
211.92026517658292
 10
358.9442903557503
 20
211.9145569686728
 10
358.9540370583906
 20
211.90845858128577
 10
358.96401054720144
 20
211.90195095212485
 10
358.9742420052811
 20
211.89501374705156
  0
LWPOLYLINE
  5
599
330
17
100
AcDbEntity
  8
OUTLINE
100
AcDbPolyline
 90
2
 70
0
 10
359.2825816625204
 20
212.3869431071801
 10
359.2713095010926
 20
212.39382093411749
  0
LWPOLYLINE
  5
59A
330
17
100
AcDbEntity
  8
OUTLINE
100
AcDbPolyline
 90
9
 70
0
 10
359.2713095010926
 20
212.39382093411749
 10
359.21808263365506
 20
212.41979921332512
 10
359.1549099361255
 20
212.44059630197128
 10
359.0837290358327
 20
212.4545878134634
 10
359.00754619799346
 20
212.46048016254989
 10
358.9301519235959
 20
212.45758753559264
 10
358.855618418828
 20
212.4460027616876
 10
358.78769986824386
 20
212.42660422351378
 10
358.7166529709957
 20
212.39382093411749
  0
LWPOLYLINE
  5
59B
330
17
100
AcDbEntity
  8
OUTLINE
100
AcDbPolyline
 90
2
 70
0
 10
358.7166529709957
 20
212.39382093411749
 10
358.70538080956794
 20
212.3869431071801
  0
LWPOLYLINE
  5
59C
330
17
100
AcDbEntity
  8
OUTLINE
100
AcDbPolyline
 90
2
 70
0
 10
342.4034881481399
 20
237.7870669066076
 10
342.4274360935098
 20
237.8035991587314
  0
LWPOLYLINE
  5
59D
330
17
100
AcDbEntity
  8
OUTLINE
100
AcDbPolyline
 90
8
 70
0
 10
342.4274360935098
 20
237.8035991587314
 10
342.46908152754133
 20
237.82281416866448
 10
342.5201184067419
 20
237.83644438526963
 10
342.5774991540356
 20
237.84254326300513
 10
342.6366103717501
 20
237.83996444374952
 10
342.6922036915827
 20
237.828819589045
 10
342.72413611910827
 20
237.81763412735725
 10
342.7524422357684
 20
237.8035991587314
  0
LWPOLYLINE
  5
59E
330
17
100
AcDbEntity
  8
OUTLINE
100
AcDbPolyline
 90
21
 70
0
 10
342.7524422357684
 20
237.8035991587314
 10
342.78512756273307
 20
237.77934368824967
 10
342.80600845499856
 20
237.75323580381033
 10
342.81611099739905
 20
237.7268606488044
 10
342.816702480249
 20
237.70090270373515
 10
342.8083607792281
 20
237.67545518078333
 10
342.7907029934698
 20
237.6506685249909
 10
342.76286204895666
 20
237.62729056375488
 10
342.72434557452476
 20
237.6068216255033
 10
342.67588624273844
 20
237.59129460308
 10
342.61998026445843
 20
237.58277164168007
 10
342.56084195499056
 20
237.58270070970823
 10
342.50365783743604
 20
237.59137296689593
 10
342.4533579213491
 20
237.60774579447127
 10
342.41343442261024
 20
237.62975140823167
 10
342.38535251779103
 20
237.65496203157574
 10
342.36878047082365
 20
237.68131047791306
 10
342.3624672035402
 20
237.70756162072453
 10
342.3653277126722
 20
237.73332190938754
 10
342.37716736052136
 20
237.75855718806594
 10
342.4034881481399
 20
237.7870669066076
  0
LWPOLYLINE
  5
59F
330
17
100
AcDbEntity
  8
OUTLINE
100
AcDbPolyline
 90
15
 70
0
 10
342.7952018028324
 20
237.7680117656013
 10
342.7912416106246
 20
237.7715503347362
 10
342.78732231654436
 20
237.7749879227317
 10
342.78344211243177
 20
237.7783261385437
 10
342.77959920545015
 20
237.78156649918785
 10
342.7757918334097
 20
237.78471050635633
 10
342.772018249444
 20
237.7877596157712
 10
342.76827670668655
 20
237.79071522186092
 10
342.76456547359436
 20
237.79357867308383
 10
342.76088286459446
 20
237.7963513178982
 10
342.7572271634672
 20
237.79903441282204
 10
342.7535966846397
 20
237.8016291990499
 10
342.74998977318586
 20
237.8041368718062
 10
342.7464047588562
 20
237.8065585803452
 10
342.742840002048
 20
237.80889545859776
  0
LWPOLYLINE
  5
5A0
330
17
100
AcDbEntity
  8
OUTLINE
100
AcDbPolyline
 90
15
 70
0
 10
342.775462579731
 20
237.63860121753805
 10
342.776982751949
 20
237.65528264286252
 10
342.77845146822364
 20
237.67052517122903
 10
342.7798778153252
 20
237.68442271969428
 10
342.7812705429094
 20
237.69706090003763
 10
342.78263824739787
 20
237.70851757040313
 10
342.78398935665507
 20
237.71886332564804
 10
342.7853321912817
 20
237.7281619110743
 10
342.7866750259084
 20
237.7364706208367
 10
342.78802613516564
 20
237.74384061973416
 10
342.7893938396541
 20
237.7503173416177
 10
342.79078656723823
 20
237.7559406732712
 10
342.79221291433987
 20
237.76074526087922
 10
342.7936816306145
 20
237.764760709231
 10
342.7952018028324
 20
237.7680117656013
  0
LWPOLYLINE
  5
5A1
330
17
100
AcDbEntity
  8
OUTLINE
100
AcDbPolyline
 90
15
 70
0
 10
342.57019993387604
 20
237.58370103592398
 10
342.58600775741917
 20
237.59464421949409
 10
342.6012806414211
 20
237.60434269942644
 10
342.6161126868191
 20
237.6128562062948
 10
342.63059529763393
 20
237.6202371920628
 10
342.6448176866416
 20
237.62653113655168
 10
342.65886748830883
 20
237.63177680793783
 10
342.67283126446523
 20
237.63600653857392
 10
342.68679502529824
 20
237.63924639354622
 10
342.7008448269655
 20
237.6415163239083
 10
342.71506721597314
 20
237.6428303045918
 10
342.729549826788
 20
237.64319644166994
 10
342.7443818875094
 20
237.64261700300446
 10
342.7596547715113
 20
237.6410883875987
 10
342.775462579731
 20
237.63860121753805
  0
LWPOLYLINE
  5
5A2
330
17
100
AcDbEntity
  8
OUTLINE
100
AcDbPolyline
 90
15
 70
0
 10
342.38467652644584
 20
237.65821141769652
 10
342.398964177771
 20
237.65918836041928
 10
342.41276833017486
 20
237.65925783666907
 10
342.42617405911807
 20
237.6584202755008
 10
342.43926392702537
 20
237.65667051293207
 10
342.45211861154456
 20
237.6539977612964
 10
342.4648173039546
 20
237.6503855479497
 10
342.47743823016094
 20
237.64581165397655
 10
342.49005917169063
 20
237.64024785369278
 10
342.5027578641007
 20
237.63365989932203
 10
342.5156125486199
 20
237.626007183881
 10
342.52870241652715
 20
237.61724257262242
 10
342.54210814547037
 20
237.6073120505969
 10
342.5559122978742
 20
237.59615446215537
 10
342.57019993387604
 20
237.58370103592398
  0
LWPOLYLINE
  5
5A3
330
17
100
AcDbEntity
  8
OUTLINE
100
AcDbPolyline
 90
15
 70
0
 10
342.4044157648706
 20
237.78762198108316
 10
342.40289559265267
 20
237.78437092471287
 10
342.40142686105463
 20
237.78035546103766
 10
342.4000005292764
 20
237.77555087342964
 10
342.39860780169226
 20
237.76992754177616
 10
342.3972400972038
 20
237.76345081989263
 10
342.39588898794653
 20
237.75608082099518
 10
342.3945461533199
 20
237.74777211123273
 10
342.3932033186932
 20
237.73847354112988
 10
342.391852209436
 20
237.7281277705616
 10
342.39048450494755
 20
237.7166711001961
 10
342.38909176204
 20
237.70403291985275
 10
342.3876654302618
 20
237.69013537138747
 10
342.38619669866375
 20
237.67489284302096
 10
342.38467652644584
 20
237.65821141769652
  0
LWPOLYLINE
  5
5A4
330
17
100
AcDbEntity
  8
OUTLINE
100
AcDbPolyline
 90
15
 70
0
 10
342.4330358118195
 20
237.80676284113252
 10
342.43104944078743
 20
237.80553362944192
 10
342.42905502497564
 20
237.80428374649836
 10
342.4270523345333
 20
237.80301305439133
 10
342.42504117025635
 20
237.8017214152103
 10
342.423021302294
 20
237.80040870636816
 10
342.42099253144204
 20
237.799074774631
 10
342.4189546431731
 20
237.79771948208835
 10
342.41690742295975
 20
237.7963426755063
 10
342.4148506409511
 20
237.7949442322977
 10
342.4127840979431
 20
237.7935239839053
 10
342.4107075487615
 20
237.79208179241854
 10
342.4086207942022
 20
237.79061748928018
 10
342.40652360441436
 20
237.78913093657968
 10
342.4044157648706
 20
237.78762198108316
  0
LWPOLYLINE
  5
5A5
330
17
100
AcDbEntity
  8
OUTLINE
100
AcDbPolyline
 90
6
 70
0
 10
343.01133239441316
 20
238.06176236043615
 10
343.0068825279578
 20
238.09679506217543
 10
342.9934410801928
 20
238.13144293230093
 10
342.97052786204887
 20
238.1655218296362
 10
342.9374352547042
 20
238.19848392766914
 10
342.89078837347466
 20
238.2310033789382
  0
LWPOLYLINE
  5
5A6
330
17
100
AcDbEntity
  8
OUTLINE
100
AcDbPolyline
 90
11
 70
0
 10
342.89078837347466
 20
238.2310033789382
 10
342.83551428582376
 20
238.25817783260783
 10
342.7702273435734
 20
238.28022529454603
 10
342.6967361357862
 20
238.29557245101876
 10
342.61784803007794
 20
238.3029329034443
 10
342.53713546027524
 20
238.30155848731107
 10
342.45850848045416
 20
238.2914066495653
 10
342.3856857861979
 20
238.27317239787905
 10
342.32169834402754
 20
238.2481694984084
 10
342.30500095173085
 20
238.23983217987706
 10
342.28908997112694
 20
238.2310033789382
  0
LWPOLYLINE
  5
5A7
330
17
100
AcDbEntity
  8
OUTLINE
100
AcDbPolyline
 90
6
 70
0
 10
342.28908997112694
 20
238.2310033789382
 10
342.24279503751654
 20
238.19877775367038
 10
342.20827533222416
 20
238.16421436139342
 10
342.1850105801927
 20
238.12866481703634
 10
342.17208146996876
 20
238.09300617014324
 10
342.16854595018845
 20
238.06176236043615
  0
LWPOLYLINE
  5
5A8
330
17
100
AcDbEntity
  8
OUTLINE
100
AcDbPolyline
 90
2
 70
0
 10
342.775462579731
 20
237.63860121753805
 10
342.775462579731
 20
237.78497923264493
  0
LWPOLYLINE
  5
5A9
330
17
100
AcDbEntity
  8
OUTLINE
100
AcDbPolyline
 90
2
 70
0
 10
342.57019993387604
 20
237.58370103592398
 10
342.57019993387604
 20
237.74595183042373
  0
LWPOLYLINE
  5
5AA
330
17
100
AcDbEntity
  8
OUTLINE
100
AcDbPolyline
 90
15
 70
0
 10
342.57019993387604
 20
237.74595183042373
 10
342.5845942513183
 20
237.75335296644946
 10
342.59853931761563
 20
237.76010665860534
 10
342.61210612603344
 20
237.76624733854845
 10
342.6253637697367
 20
237.77180623534744
 10
342.6383797482579
 20
237.77681165130343
 10
342.65122030461157
 20
237.78128909986057
 10
342.66395083902586
 20
237.78526135157628
 10
342.6766361694399
 20
237.78874863332518
 10
342.6893408686188
 20
237.7917687202396
 10
342.70212961659126
 20
237.79433695103276
 10
342.71506753776436
 20
237.79646644252648
 10
342.7282204920678
 20
237.79816801303397
 10
342.74165545803896
 20
237.79945033559395
 10
342.7554408239668
 20
237.8003199226471
  0
LWPOLYLINE
  5
5AB
330
17
100
AcDbEntity
  8
OUTLINE
100
AcDbPolyline
 90
15
 70
0
 10
342.4396109864831
 20
237.8102133314223
 10
342.4487838281719
 20
237.80760187334621
 10
342.4578671046467
 20
237.80473186371245
 10
342.4668891948257
 20
237.8015943230145
 10
342.4758783090696
 20
237.79817944428285
 10
342.48486256579895
 20
237.79447654711473
 10
342.4938700068172
 20
237.79047407767413
 10
342.5029288271618
 20
237.78615951675158
 10
342.5120673138104
 20
237.78151937976392
 10
342.5213140602086
 20
237.77653914013754
 10
342.53069793562304
 20
237.7712032599551
 10
342.54024829966863
 20
237.76549505204497
 10
342.5499949869856
 20
237.75939666465794
 10
342.5599684757964
 20
237.752889035497
 10
342.57019993387604
 20
237.74595183042373
  0
LWPOLYLINE
  5
5AC
330
17
100
AcDbEntity
  8
OUTLINE
100
AcDbPolyline
 90
2
 70
0
 10
342.8785395911153
 20
238.23788119055223
 10
342.86726744501095
 20
238.24475900216626
  0
LWPOLYLINE
  5
5AD
330
17
100
AcDbEntity
  8
OUTLINE
100
AcDbPolyline
 90
9
 70
0
 10
342.86726744501095
 20
238.24475900216626
 10
342.8140405775734
 20
238.2707372966973
 10
342.7508678800438
 20
238.29153438534345
 10
342.67968697975107
 20
238.30552589683555
 10
342.6035041265884
 20
238.31141824592203
 10
342.52610985219087
 20
238.30852561896478
 10
342.45157634742293
 20
238.29694084505977
 10
342.3836577968388
 20
238.27754230688592
 10
342.31261089959065
 20
238.24475900216626
  0
LWPOLYLINE
  5
5AE
330
17
100
AcDbEntity
  8
OUTLINE
100
AcDbPolyline
 90
2
 70
0
 10
342.31261089959065
 20
238.24475900216626
 10
342.3013387534863
 20
238.23788119055223
  0
LWPOLYLINE
  5
5AF
330
17
100
AcDbEntity
  8
OUTLINE
100
AcDbPolyline
 90
2
 70
0
 10
340.81956774745663
 20
237.4564001662113
 10
340.84351569282654
 20
237.47293241833512
  0
LWPOLYLINE
  5
5B0
330
17
100
AcDbEntity
  8
OUTLINE
100
AcDbPolyline
 90
8
 70
0
 10
340.84351569282654
 20
237.47293241833512
 10
340.88516112685807
 20
237.49214742826817
 10
340.93619800605865
 20
237.50577762954995
 10
340.9935787533523
 20
237.51187650728545
 10
341.05268997106685
 20
237.50929770335324
 10
341.1082832908994
 20
237.49815284864872
 10
341.140215718425
 20
237.48696737163758
 10
341.16852183508513
 20
237.47293241833512
  0
LWPOLYLINE
  5
5B1
330
17
100
AcDbEntity
  8
OUTLINE
100
AcDbPolyline
 90
21
 70
0
 10
341.16852183508513
 20
237.47293241833512
 10
341.2012071620498
 20
237.4486769478534
 10
341.2220880389919
 20
237.42256904809062
 10
341.2321905813924
 20
237.3961939084081
 10
341.2327820642423
 20
237.37023594801548
 10
341.22444036322145
 20
237.34478844038702
 10
341.2067825774631
 20
237.32000178459458
 10
341.1789416482734
 20
237.29662382335857
 10
341.1404251738415
 20
237.27615488510702
 10
341.0919658420552
 20
237.2606278626837
 10
341.03605984845177
 20
237.25210490128376
 10
340.9769215543073
 20
237.25203396931195
 10
340.91973743675277
 20
237.26070622649962
 10
340.8694375206658
 20
237.27707905407496
 10
340.82951402192697
 20
237.29908466783536
 10
340.80143211710777
 20
237.32429527585603
 10
340.7848600701404
 20
237.35064372219335
 10
340.77854680285685
 20
237.37689486500486
 10
340.7814073119889
 20
237.40265515366784
 10
340.79324695983803
 20
237.42789043234623
 10
340.81956774745663
 20
237.4564001662113
  0
LWPOLYLINE
  5
5B2
330
17
100
AcDbEntity
  8
OUTLINE
100
AcDbPolyline
 90
15
 70
0
 10
341.21128140214915
 20
237.43734502520502
 10
341.2073212099413
 20
237.4408835790165
 10
341.2034019158611
 20
237.4443211823354
 10
341.1995216964251
 20
237.447659382824
 10
341.1956788047669
 20
237.45089975879154
 10
341.19187143272643
 20
237.45404376596002
 10
341.1880978334373
 20
237.45709286005152
 10
341.1843562906799
 20
237.46004846614125
 10
341.1806450729111
 20
237.46291193268752
 10
341.1769624485878
 20
237.4656845775019
 10
341.1733067474605
 20
237.46836767242573
 10
341.16967628395645
 20
237.47096245865362
 10
341.1660693725026
 20
237.47347013140993
 10
341.16248435817295
 20
237.47589183994893
 10
341.15891960136474
 20
237.47822870287808
  0
LWPOLYLINE
  5
5B3
330
17
100
AcDbEntity
  8
OUTLINE
100
AcDbPolyline
 90
15
 70
0
 10
341.19154216372436
 20
237.30793446181838
 10
341.19306233594233
 20
237.3246158871428
 10
341.19453106754037
 20
237.33985843083272
 10
341.19595739931856
 20
237.3537559639746
 10
341.19735012690273
 20
237.36639414431795
 10
341.1987178467146
 20
237.37785081468346
 10
341.2000689559718
 20
237.38819658525173
 10
341.20141179059846
 20
237.39749517067798
 10
341.2027546252251
 20
237.40580386511704
 10
341.2041057344823
 20
237.41317386401448
 10
341.2054734389708
 20
237.419650585898
 10
341.20686616655496
 20
237.4252739175515
 10
341.20829249833315
 20
237.4300785051595
 10
341.20976122993125
 20
237.43409396883473
 10
341.21128140214915
 20
237.43734502520502
  0
LWPOLYLINE
  5
5B4
330
17
100
AcDbEntity
  8
OUTLINE
100
AcDbPolyline
 90
15
 70
0
 10
340.98627953319277
 20
237.25303428020428
 10
341.0020873414125
 20
237.2639774790978
 10
341.0173602254144
 20
237.27367594370673
 10
341.0321922861358
 20
237.28218945057512
 10
341.04667489695066
 20
237.28957043634313
 10
341.06089728595833
 20
237.295864380832
 10
341.07494708762556
 20
237.30111006754152
 10
341.08891084845857
 20
237.3053397981776
 10
341.10287462461497
 20
237.3085796531499
 10
341.11692441095886
 20
237.31084956818862
 10
341.13114681528987
 20
237.3121635641955
 10
341.14562942610473
 20
237.31252970127366
 10
341.16046147150274
 20
237.31195024728476
 10
341.17573435550463
 20
237.3104216472024
 10
341.19154216372436
 20
237.30793446181838
  0
LWPOLYLINE
  5
5B5
330
17
100
AcDbEntity
  8
OUTLINE
100
AcDbPolyline
 90
15
 70
0
 10
340.8007561257625
 20
237.32754466197684
 10
340.81504376176434
 20
237.32852162002297
 10
340.8288479294916
 20
237.32859109627276
 10
340.8422536431114
 20
237.3277535351045
 10
340.8553435263421
 20
237.3260037572124
 10
340.8681982108613
 20
237.32333100557673
 10
340.8808969032713
 20
237.3197188075534
 10
340.8935178294777
 20
237.31514489825685
 10
340.90613875568397
 20
237.3095811132965
 10
340.91883744809405
 20
237.30299314360232
 10
340.93169213261325
 20
237.2953404434847
 10
340.9447820158439
 20
237.2865758322261
 10
340.9581877447871
 20
237.2766453102006
 10
340.97199189719095
 20
237.2654877064357
 10
340.98627953319277
 20
237.25303428020428
  0
LWPOLYLINE
  5
5B6
330
17
100
AcDbEntity
  8
OUTLINE
100
AcDbPolyline
 90
15
 70
0
 10
340.8204953641873
 20
237.45695522536346
 10
340.8189751919694
 20
237.45370416899317
 10
340.81750646037136
 20
237.44968872064138
 10
340.8160801285931
 20
237.44488411770996
 10
340.81468740100894
 20
237.43926078605645
 10
340.81331968119713
 20
237.43278407949632
 10
340.8119685719399
 20
237.42541406527548
 10
340.8106257373132
 20
237.41710537083645
 10
340.80928290268656
 20
237.4078067854102
 10
340.80793179342936
 20
237.3974610301653
 10
340.8065640889409
 20
237.38600434447642
 10
340.8051713613567
 20
237.37336617945644
 10
340.8037450295785
 20
237.3594686309912
 10
340.8022762979805
 20
237.34422610262467
 10
340.8007561257625
 20
237.32754466197684
  0
LWPOLYLINE
  5
5B7
330
17
100
AcDbEntity
  8
OUTLINE
100
AcDbPolyline
 90
15
 70
0
 10
340.8491154111362
 20
237.4760961007362
 10
340.8471290401041
 20
237.47486688904564
 10
340.84513462429237
 20
237.47361700610207
 10
340.84313193385003
 20
237.47234631399502
 10
340.8411207542497
 20
237.47105467481398
 10
340.83910090161066
 20
237.46974195064846
 10
340.83707213075877
 20
237.46840801891133
 10
340.8350342424898
 20
237.46705272636868
 10
340.8329870222765
 20
237.46567593511
 10
340.83093024026783
 20
237.46427747657802
 10
340.8288636819364
 20
237.46285724350898
 10
340.8267871480782
 20
237.46141503669884
 10
340.8247003935189
 20
237.45995074888387
 10
340.8226032037311
 20
237.45846419618337
 10
340.8204953641873
 20
237.45695522536346
  0
LWPOLYLINE
  5
5B8
330
17
100
AcDbEntity
  8
OUTLINE
100
AcDbPolyline
 90
6
 70
0
 10
341.4274119937299
 20
237.73109562003987
 10
341.42296212727456
 20
237.76612832177915
 10
341.4095206795095
 20
237.80077617658122
 10
341.3866074613656
 20
237.8348550892399
 10
341.35351485402094
 20
237.86781717194947
 10
341.3068679727914
 20
237.90033663854192
  0
LWPOLYLINE
  5
5B9
330
17
100
AcDbEntity
  8
OUTLINE
100
AcDbPolyline
 90
11
 70
0
 10
341.3068679727914
 20
237.90033663854192
 10
341.2515938851405
 20
237.92751109221152
 10
341.18630692756676
 20
237.94955853882632
 10
341.1128157351029
 20
237.96490569529905
 10
341.0339276140713
 20
237.9722661477246
 10
340.9532150595919
 20
237.97089173159137
 10
340.8745880797709
 20
237.96073990916898
 10
340.80176538551456
 20
237.94250565748274
 10
340.73777794334427
 20
237.91750275801212
 10
340.7210805510476
 20
237.90916542415735
 10
340.7051695551203
 20
237.90033663854192
  0
LWPOLYLINE
  5
5BA
330
17
100
AcDbEntity
  8
OUTLINE
100
AcDbPolyline
 90
6
 70
0
 10
340.7051695551203
 20
237.90033663854192
 10
340.6588746215099
 20
237.86811099795068
 10
340.6243549315409
 20
237.8335476209971
 10
340.6010901795094
 20
237.79799806131666
 10
340.5881610692855
 20
237.76233941442354
 10
340.5846255495052
 20
237.73109562003987
  0
LWPOLYLINE
  5
5BB
330
17
100
AcDbEntity
  8
OUTLINE
100
AcDbPolyline
 90
2
 70
0
 10
341.19154216372436
 20
237.30793446181838
 10
341.19154216372436
 20
237.45431249224862
  0
LWPOLYLINE
  5
5BC
330
17
100
AcDbEntity
  8
OUTLINE
100
AcDbPolyline
 90
2
 70
0
 10
340.98627953319277
 20
237.25303428020428
 10
340.98627953319277
 20
237.41528509002742
  0
LWPOLYLINE
  5
5BD
330
17
100
AcDbEntity
  8
OUTLINE
100
AcDbPolyline
 90
15
 70
0
 10
340.98627953319277
 20
237.41528509002742
 10
341.00067385063505
 20
237.42268621072975
 10
341.01461890160897
 20
237.42943991820903
 10
341.02818572535017
 20
237.43558058282878
 10
341.0414433690534
 20
237.44113947962776
 10
341.0544593322512
 20
237.44614491090712
 10
341.0672999039283
 20
237.4506223441409
 10
341.0800304383426
 20
237.45459459585658
 10
341.09271576875665
 20
237.4580818929289
 10
341.1054204526121
 20
237.4611019645199
 10
341.1182092005846
 20
237.46367021063648
 10
341.1311471217577
 20
237.46579970213017
 10
341.14430009138454
 20
237.4675012726377
 10
341.1577350573557
 20
237.46878357987427
 10
341.17152042328354
 20
237.4696531822508
  0
LWPOLYLINE
  5
5BE
330
17
100
AcDbEntity
  8
OUTLINE
100
AcDbPolyline
 90
15
 70
0
 10
340.85569058579983
 20
237.479546591026
 10
340.8648634274886
 20
237.47693513294993
 10
340.87394668864005
 20
237.47406510799277
 10
340.8829687941424
 20
237.4709275672948
 10
340.89195790838636
 20
237.46751268856315
 10
340.9009421497923
 20
237.46380980671842
 10
340.9099496061339
 20
237.45980733727785
 10
340.9190084264785
 20
237.45549277635527
 10
340.92814691312714
 20
237.45085262404422
 10
340.93739364420196
 20
237.44587239974123
 10
340.94677753493977
 20
237.44053651955878
 10
340.95632789898536
 20
237.43482829632526
 10
340.96607458630234
 20
237.42872990893824
 10
340.9760480751131
 20
237.42222229510068
 10
340.98627953319277
 20
237.41528509002742
  0
LWPOLYLINE
  5
5BF
330
17
100
AcDbEntity
  8
OUTLINE
100
AcDbPolyline
 90
2
 70
0
 10
341.29461919043206
 20
237.90721445015595
 10
341.2833470290043
 20
237.91409226176995
  0
LWPOLYLINE
  5
5C0
330
17
100
AcDbEntity
  8
OUTLINE
100
AcDbPolyline
 90
9
 70
0
 10
341.2833470290043
 20
237.91409226176995
 10
341.2301201768901
 20
237.9400705409776
 10
341.16694746403715
 20
237.96086762962375
 10
341.09576657906774
 20
237.97485914111587
 10
341.01958372590514
 20
237.98075150552575
 10
340.94218945150755
 20
237.97785887856847
 10
340.86765594673966
 20
237.96627408934006
 10
340.79973739615554
 20
237.9468755664896
 10
340.7286904989074
 20
237.91409226176995
  0
LWPOLYLINE
  5
5C1
330
17
100
AcDbEntity
  8
OUTLINE
100
AcDbPolyline
 90
2
 70
0
 10
340.7286904989074
 20
237.91409226176995
 10
340.7174183374796
 20
237.90721445015595
  0
LWPOLYLINE
  5
5C2
330
17
100
AcDbEntity
  8
OUTLINE
100
AcDbPolyline
 90
2
 70
0
 10
325.8324437901731
 20
225.17966694767904
 10
325.856391735543
 20
225.19619918447947
  0
LWPOLYLINE
  5
5C3
330
17
100
AcDbEntity
  8
OUTLINE
100
AcDbPolyline
 90
8
 70
0
 10
325.856391735543
 20
225.19619918447947
 10
325.89803716957454
 20
225.21541419441255
 10
325.94907404877506
 20
225.2290444110177
 10
326.00645479606874
 20
225.2351432887532
 10
326.06556601378327
 20
225.2325644694976
 10
326.1211593489393
 20
225.22141961479306
 10
326.15309176114147
 20
225.21023415310532
 10
326.181397893125
 20
225.19619918447947
  0
LWPOLYLINE
  5
5C4
330
17
100
AcDbEntity
  8
OUTLINE
100
AcDbPolyline
 90
21
 70
0
 10
326.181397893125
 20
225.19619918447947
 10
326.21408322008966
 20
225.17194372932113
 10
326.23496409703176
 20
225.14583582955837
 10
326.24506663943225
 20
225.11946067455247
 10
326.2456581222822
 20
225.09350272948322
 10
326.2373164212613
 20
225.06805522185476
 10
326.2196586355029
 20
225.04326856606232
 10
326.19181770631326
 20
225.01989058950292
 10
326.1533012165579
 20
224.99942165125137
 10
326.10484190009504
 20
224.98389464415143
 10
326.0489359064916
 20
224.9753716674281
 10
325.98979759702377
 20
224.9753007354563
 10
325.9326134794692
 20
224.98397299264397
 10
325.88231356338224
 20
225.0003458355427
 10
325.8423900646434
 20
225.0223514493031
 10
325.81430815982424
 20
225.04756205732377
 10
325.79773612818025
 20
225.0739105036611
 10
325.7914228455733
 20
225.1001616464726
 10
325.7942833547054
 20
225.12592193513558
 10
325.8061230025545
 20
225.15115721381397
 10
325.8324437901731
 20
225.17966694767904
  0
LWPOLYLINE
  5
5C5
330
17
100
AcDbEntity
  8
OUTLINE
100
AcDbPolyline
 90
15
 70
0
 10
326.2241574448656
 20
225.16061180667276
 10
326.2201972526577
 20
225.16415036048426
 10
326.2162779585775
 20
225.16758794847973
 10
326.2123977544649
 20
225.17092616429176
 10
326.20855484748336
 20
225.17416652493588
 10
326.2047474754429
 20
225.17731054742777
 10
326.2009738914772
 20
225.18035964151926
 10
326.19723234871975
 20
225.183315247609
 10
326.1935211156275
 20
225.18617871415526
 10
326.1898385066276
 20
225.18895134364627
 10
326.1861828055004
 20
225.19163443857008
 10
326.18255232667286
 20
225.19422922479797
 10
326.17894541521906
 20
225.19673689755427
 10
326.1753604162128
 20
225.19915862141667
 10
326.17179564408116
 20
225.20149548434583
  0
LWPOLYLINE
  5
5C6
330
17
100
AcDbEntity
  8
OUTLINE
100
AcDbPolyline
 90
15
 70
0
 10
326.20441822176423
 20
225.03120124328612
 10
326.20593839398214
 20
225.04788266861055
 10
326.2074071255802
 20
225.06312519697707
 10
326.2088334573584
 20
225.07702274544235
 10
326.2102261849426
 20
225.0896609257857
 10
326.211593889431
 20
225.1011175961512
 10
326.2129449986883
 20
225.11146336671948
 10
326.2142878333149
 20
225.12076195214573
 10
326.2156306679416
 20
225.12907064658475
 10
326.2169817771988
 20
225.13644064548222
 10
326.21834948168726
 20
225.14291736736575
 10
326.2197422245948
 20
225.14854069901924
 10
326.221168556373
 20
225.15334528662726
 10
326.22263728797105
 20
225.15736075030247
 10
326.2241574448656
 20
225.16061180667276
  0
LWPOLYLINE
  5
5C7
330
17
100
AcDbEntity
  8
OUTLINE
100
AcDbPolyline
 90
15
 70
0
 10
325.99915559123264
 20
224.97630106167202
 10
326.01496339945237
 20
224.98724426056555
 10
326.03023628345426
 20
224.99694272517448
 10
326.04506832885227
 20
225.00545623204286
 10
326.05955093966713
 20
225.01283721781087
 10
326.07377334399814
 20
225.01913116229974
 10
326.08782313034203
 20
225.02437683368586
 10
326.10178690649843
 20
225.02860657964536
 10
326.11575066733144
 20
225.03184641929425
 10
326.12980046899867
 20
225.03411634965636
 10
326.14402285800634
 20
225.03543033033984
 10
326.1585054688212
 20
225.03579648274138
 10
326.1733375295426
 20
225.0352170287525
 10
326.1886104135445
 20
225.03368842867013
 10
326.20441822176423
 20
225.03120124328612
  0
LWPOLYLINE
  5
5C8
330
17
100
AcDbEntity
  8
OUTLINE
100
AcDbPolyline
 90
15
 70
0
 10
325.8136321838024
 20
225.0508114434446
 10
325.8279198198042
 20
225.0517884014907
 10
325.84172397220806
 20
225.0518578777405
 10
325.85512970115127
 20
225.05102030124885
 10
325.86821956905857
 20
225.04927053868013
 10
325.8810742689011
 20
225.04659778704448
 10
325.8937729459878
 20
225.04298558902113
 10
325.9063938875175
 20
225.0384116797246
 10
325.91901481372383
 20
225.03284787944085
 10
325.93171350613386
 20
225.02625992507006
 10
325.94456819065306
 20
225.01860720962904
 10
325.95765807388375
 20
225.00984259837048
 10
325.97106378750357
 20
224.99991209166834
 10
325.9848679399074
 20
224.98875448790344
 10
325.99915559123264
 20
224.97630106167202
  0
LWPOLYLINE
  5
5C9
330
17
100
AcDbEntity
  8
OUTLINE
100
AcDbPolyline
 90
15
 70
0
 10
325.8333714069038
 20
225.1802220068312
 10
325.8318512346858
 20
225.1769709504609
 10
325.8303825030878
 20
225.17295548678572
 10
325.8289561713096
 20
225.1681508991777
 10
325.8275634437254
 20
225.1625275675242
 10
325.82619573923694
 20
225.15605086096406
 10
325.82484462997974
 20
225.14868084674322
 10
325.8235017953531
 20
225.1403721523042
 10
325.8221589607264
 20
225.13107356687794
 10
325.82080785146917
 20
225.12072781163303
 10
325.8194401469807
 20
225.10927112594416
 10
325.8180474040732
 20
225.0966329456008
 10
325.816621072295
 20
225.08273541245893
 10
325.8151523406969
 20
225.06749288409242
 10
325.8136321838024
 20
225.0508114434446
  0
LWPOLYLINE
  5
5CA
330
17
100
AcDbEntity
  8
OUTLINE
100
AcDbPolyline
 90
15
 70
0
 10
325.8619914538527
 20
225.19936288220396
 10
325.8600050828206
 20
225.19813367051336
 10
325.8580106670088
 20
225.19688377224642
 10
325.8560079765665
 20
225.19561308013937
 10
325.85399681228955
 20
225.19432145628173
 10
325.85197694432713
 20
225.1930087321162
 10
325.8499481887986
 20
225.19167480037908
 10
325.8479103005297
 20
225.19031950783642
 10
325.84586306499295
 20
225.18894270125435
 10
325.8438062829843
 20
225.18754425804576
 10
325.8417397399763
 20
225.18612400965333
 10
325.8396631907946
 20
225.18468181816658
 10
325.83757643623534
 20
225.1832175303516
 10
325.83547924644756
 20
225.1817309776511
 10
325.8333714069038
 20
225.1802220068312
  0
LWPOLYLINE
  5
5CB
330
17
100
AcDbEntity
  8
OUTLINE
100
AcDbPolyline
 90
6
 70
0
 10
326.44028803644636
 20
225.45436238618421
 10
326.43583816999103
 20
225.4893951032469
 10
326.4223967375493
 20
225.52404295804897
 10
326.39948351940546
 20
225.55812185538426
 10
326.3663908967374
 20
225.5910839534172
 10
326.31974401550787
 20
225.62360340468626
  0
LWPOLYLINE
  5
5CC
330
17
100
AcDbEntity
  8
OUTLINE
100
AcDbPolyline
 90
11
 70
0
 10
326.31974401550787
 20
225.62360340468626
 10
326.26446994318036
 20
225.65077787367926
 10
326.1991829856066
 20
225.67282532029407
 10
326.1256917778194
 20
225.6881724767668
 10
326.0468036721111
 20
225.69553292919235
 10
325.9660911023084
 20
225.6941585130591
 10
325.88746413781075
 20
225.68400669063672
 10
325.8146414435544
 20
225.66577242362712
 10
325.75065400138413
 20
225.64076953947986
 10
325.73395659376405
 20
225.6324322056251
 10
325.71804561316014
 20
225.62360340468626
  0
LWPOLYLINE
  5
5CD
330
17
100
AcDbEntity
  8
OUTLINE
100
AcDbPolyline
 90
6
 70
0
 10
325.71804561316014
 20
225.62360340468626
 10
325.6717506795497
 20
225.59137777941845
 10
325.6372309895807
 20
225.55681440246485
 10
325.6139662375492
 20
225.5212648427844
 10
325.60103711200196
 20
225.48560619589128
 10
325.59750159222165
 20
225.45436238618421
  0
LWPOLYLINE
  5
5CE
330
17
100
AcDbEntity
  8
OUTLINE
100
AcDbPolyline
 90
2
 70
0
 10
326.20441822176423
 20
225.03120124328612
 10
326.20441822176423
 20
225.17757927371636
  0
LWPOLYLINE
  5
5CF
330
17
100
AcDbEntity
  8
OUTLINE
100
AcDbPolyline
 90
2
 70
0
 10
325.99915559123264
 20
224.97630106167202
 10
325.99915559123264
 20
225.13855187149517
  0
LWPOLYLINE
  5
5D0
330
17
100
AcDbEntity
  8
OUTLINE
100
AcDbPolyline
 90
15
 70
0
 10
325.99915559123264
 20
225.13855187149517
 10
326.0135498933515
 20
225.1459529921975
 10
326.02749495964883
 20
225.15270669967677
 10
326.0410617680666
 20
225.15884736429652
 10
326.0543194117698
 20
225.1644062610955
 10
326.0673353902911
 20
225.16941169237487
 10
326.0801759466448
 20
225.17388912560864
 10
326.0929064963824
 20
225.17786137732432
 10
326.10559181147306
 20
225.18134867439665
 10
326.118296510652
 20
225.18436874598765
 10
326.1310852586244
 20
225.18693699210422
 10
326.1440231797975
 20
225.18906646827455
 10
326.157176134101
 20
225.19076803878204
 10
326.1706111000721
 20
225.192050361342
 10
326.18439648132335
 20
225.19291996371854
  0
LWPOLYLINE
  5
5D1
330
17
100
AcDbEntity
  8
OUTLINE
100
AcDbPolyline
 90
15
 70
0
 10
325.8685666285163
 20
225.20281337249375
 10
325.87773947020503
 20
225.20020191441768
 10
325.8868227466799
 20
225.19733188946051
 10
325.8958448368589
 20
225.19419434876255
 10
325.9048339511028
 20
225.1907794700309
 10
325.91381820783215
 20
225.18707658818616
 10
325.9228256488504
 20
225.1830741187456
 10
325.9318844691949
 20
225.17875954249962
 10
325.94102295584355
 20
225.17411940551196
 10
325.9502697022418
 20
225.16913918120898
 10
325.95965357765624
 20
225.16380328570312
 10
325.96920394170183
 20
225.158095077793
 10
325.97895062901875
 20
225.15199669040598
 10
325.9889241178296
 20
225.14548906124506
 10
325.99915559123264
 20
225.13855187149517
  0
LWPOLYLINE
  5
5D2
330
17
100
AcDbEntity
  8
OUTLINE
100
AcDbPolyline
 90
2
 70
0
 10
326.30749523314853
 20
225.63048123162366
 10
326.29622308704415
 20
225.6373590432377
  0
LWPOLYLINE
  5
5D3
330
17
100
AcDbEntity
  8
OUTLINE
100
AcDbPolyline
 90
9
 70
0
 10
326.29622308704415
 20
225.6373590432377
 10
326.2429962196066
 20
225.66333732244533
 10
326.179823522077
 20
225.6841344110915
 10
326.1086426217842
 20
225.6981259225836
 10
326.032459783945
 20
225.7040182869935
 10
325.955065494224
 20
225.70112564471285
 10
325.8805320047795
 20
225.6895408708078
 10
325.8126134541954
 20
225.670142332634
 10
325.74156654162385
 20
225.6373590432377
  0
LWPOLYLINE
  5
5D4
330
17
100
AcDbEntity
  8
OUTLINE
100
AcDbPolyline
 90
2
 70
0
 10
325.74156654162385
 20
225.6373590432377
 10
325.7302943955195
 20
225.63048123162366
  0
LWPOLYLINE
  5
5D5
330
17
100
AcDbEntity
  8
OUTLINE
100
AcDbPolyline
 90
2
 70
0
 10
325.8324437901731
 20
224.2128620570911
 10
325.856391735543
 20
224.22939429389152
  0
LWPOLYLINE
  5
5D6
330
17
100
AcDbEntity
  8
OUTLINE
100
AcDbPolyline
 90
8
 70
0
 10
325.856391735543
 20
224.22939429389152
 10
325.89803716957454
 20
224.2486093038246
 10
325.94907404877506
 20
224.26223952042974
 10
326.00645479606874
 20
224.26833839816524
 10
326.06556601378327
 20
224.26575957890964
 10
326.1211593489393
 20
224.2546147242051
 10
326.15309176114147
 20
224.24342926251737
 10
326.181397893125
 20
224.22939429389152
  0
LWPOLYLINE
  5
5D7
330
17
100
AcDbEntity
  8
OUTLINE
100
AcDbPolyline
 90
21
 70
0
 10
326.181397893125
 20
224.22939429389152
 10
326.21408322008966
 20
224.20513883873318
 10
326.23496409703176
 20
224.1790309389704
 10
326.24506663943225
 20
224.15265578396452
 10
326.2456581222822
 20
224.12669783889527
 10
326.2373164212613
 20
224.1012503312668
 10
326.2196586355029
 20
224.07646367547437
 10
326.19181770631326
 20
224.05308569891497
 10
326.1533012165579
 20
224.03261676066342
 10
326.10484190009504
 20
224.01708975356348
 10
326.0489359064916
 20
224.00856677684015
 10
325.98979759702377
 20
224.00849584486835
 10
325.9326134794692
 20
224.01716810205602
 10
325.88231356338224
 20
224.03354094495475
 10
325.8423900646434
 20
224.05554655871515
 10
325.81430815982424
 20
224.08075716673582
 10
325.79773612818025
 20
224.10710561307314
 10
325.7914228455733
 20
224.13335675588465
 10
325.7942833547054
 20
224.15911704454763
 10
325.8061230025545
 20
224.18435232322602
 10
325.8324437901731
 20
224.2128620570911
  0
LWPOLYLINE
  5
5D8
330
17
100
AcDbEntity
  8
OUTLINE
100
AcDbPolyline
 90
15
 70
0
 10
326.2241574448656
 20
224.1938069160848
 10
326.2201972526577
 20
224.1973454698963
 10
326.2162779585775
 20
224.20078305789178
 10
326.2123977544649
 20
224.2041212737038
 10
326.20855484748336
 20
224.20736163434796
 10
326.2047474754429
 20
224.2105056568398
 10
326.2009738914772
 20
224.2135547509313
 10
326.19723234871975
 20
224.21651035702104
 10
326.1935211156275
 20
224.2193738235673
 10
326.1898385066276
 20
224.22214645305831
 10
326.1861828055004
 20
224.22482954798213
 10
326.18255232667286
 20
224.22742433421
 10
326.17894541521906
 20
224.22993200696632
 10
326.1753604162128
 20
224.23235373082872
 10
326.17179564408116
 20
224.23469059375788
  0
LWPOLYLINE
  5
5D9
330
17
100
AcDbEntity
  8
OUTLINE
100
AcDbPolyline
 90
15
 70
0
 10
326.20441822176423
 20
224.06439635269817
 10
326.20593839398214
 20
224.0810777780226
 10
326.2074071255802
 20
224.09632030638912
 10
326.2088334573584
 20
224.1102178548544
 10
326.2102261849426
 20
224.12285603519774
 10
326.211593889431
 20
224.13431270556325
 10
326.2129449986883
 20
224.14465847613153
 10
326.2142878333149
 20
224.15395706155778
 10
326.2156306679416
 20
224.16226575599683
 10
326.2169817771988
 20
224.16963575489427
 10
326.21834948168726
 20
224.1761124767778
 10
326.2197422245948
 20
224.18173580843128
 10
326.221168556373
 20
224.1865403960393
 10
326.22263728797105
 20
224.19055585971452
 10
326.2241574448656
 20
224.1938069160848
  0
LWPOLYLINE
  5
5DA
330
17
100
AcDbEntity
  8
OUTLINE
100
AcDbPolyline
 90
15
 70
0
 10
325.99915559123264
 20
224.00949617108407
 10
326.01496339945237
 20
224.0204393699776
 10
326.03023628345426
 20
224.03013783458655
 10
326.04506832885227
 20
224.0386513414549
 10
326.05955093966713
 20
224.04603232722292
 10
326.07377334399814
 20
224.0523262717118
 10
326.08782313034203
 20
224.0575719430979
 10
326.10178690649843
 20
224.06180168905743
 10
326.11575066733144
 20
224.0650415287063
 10
326.12980046899867
 20
224.0673114590684
 10
326.14402285800634
 20
224.0686254397519
 10
326.1585054688212
 20
224.06899159215345
 10
326.1733375295426
 20
224.06841213816455
 10
326.1886104135445
 20
224.0668835380822
 10
326.20441822176423
 20
224.06439635269817
  0
LWPOLYLINE
  5
5DB
330
17
100
AcDbEntity
  8
OUTLINE
100
AcDbPolyline
 90
15
 70
0
 10
325.8136321838024
 20
224.08400655285664
 10
325.8279198198042
 20
224.08498351090276
 10
325.84172397220806
 20
224.08505298715255
 10
325.85512970115127
 20
224.0842154106609
 10
325.86821956905857
 20
224.08246564809218
 10
325.8810742689011
 20
224.07979289645652
 10
325.8937729459878
 20
224.07618069843318
 10
325.9063938875175
 20
224.07160678913664
 10
325.91901481372383
 20
224.0660429888529
 10
325.93171350613386
 20
224.0594550344821
 10
325.94456819065306
 20
224.0518023190411
 10
325.95765807388375
 20
224.04303770778253
 10
325.97106378750357
 20
224.03310720108038
 10
325.9848679399074
 20
224.02194959731548
 10
325.99915559123264
 20
224.00949617108407
  0
LWPOLYLINE
  5
5DC
330
17
100
AcDbEntity
  8
OUTLINE
100
AcDbPolyline
 90
15
 70
0
 10
325.8333714069038
 20
224.21341711624325
 10
325.8318512346858
 20
224.21016605987296
 10
325.8303825030878
 20
224.20615059619777
 10
325.8289561713096
 20
224.20134600858975
 10
325.8275634437254
 20
224.19572267693627
 10
325.82619573923694
 20
224.1892459703761
 10
325.82484462997974
 20
224.18187595615527
 10
325.8235017953531
 20
224.17356726171624
 10
325.8221589607264
 20
224.16426867629
 10
325.82080785146917
 20
224.1539229210451
 10
325.8194401469807
 20
224.1424662353562
 10
325.8180474040732
 20
224.12982805501284
 10
325.816621072295
 20
224.11593052187098
 10
325.8151523406969
 20
224.10068799350447
 10
325.8136321838024
 20
224.08400655285664
  0
LWPOLYLINE
  5
5DD
330
17
100
AcDbEntity
  8
OUTLINE
100
AcDbPolyline
 90
15
 70
0
 10
325.8619914538527
 20
224.232557991616
 10
325.8600050828206
 20
224.23132877992543
 10
325.8580106670088
 20
224.23007888165847
 10
325.8560079765665
 20
224.22880818955142
 10
325.85399681228955
 20
224.22751656569378
 10
325.85197694432713
 20
224.22620384152825
 10
325.8499481887986
 20
224.22486990979112
 10
325.8479103005297
 20
224.22351461724847
 10
325.84586306499295
 20
224.2221378106664
 10
325.8438062829843
 20
224.2207393674578
 10
325.8417397399763
 20
224.21931911906537
 10
325.8396631907946
 20
224.21787692757863
 10
325.83757643623534
 20
224.21641263976366
 10
325.83547924644756
 20
224.21492608706316
 10
325.8333714069038
 20
224.21341711624325
  0
LWPOLYLINE
  5
5DE
330
17
100
AcDbEntity
  8
OUTLINE
100
AcDbPolyline
 90
6
 70
0
 10
326.44028803644636
 20
224.48755749559626
 10
326.43583816999103
 20
224.52259021265894
 10
326.4223967375493
 20
224.55723806746101
 10
326.39948351940546
 20
224.5913169647963
 10
326.3663908967374
 20
224.62427906282926
 10
326.31974401550787
 20
224.6567985140983
  0
LWPOLYLINE
  5
5DF
330
17
100
AcDbEntity
  8
OUTLINE
100
AcDbPolyline
 90
11
 70
0
 10
326.31974401550787
 20
224.6567985140983
 10
326.26446994318036
 20
224.6839729830913
 10
326.1991829856066
 20
224.70602042970611
 10
326.1256917778194
 20
224.72136758617884
 10
326.0468036721111
 20
224.7287280386044
 10
325.9660911023084
 20
224.72735362247116
 10
325.88746413781075
 20
224.71720180004877
 10
325.8146414435544
 20
224.69896753303917
 10
325.75065400138413
 20
224.6739646488919
 10
325.73395659376405
 20
224.66562731503717
 10
325.71804561316014
 20
224.6567985140983
  0
LWPOLYLINE
  5
5E0
330
17
100
AcDbEntity
  8
OUTLINE
100
AcDbPolyline
 90
6
 70
0
 10
325.71804561316014
 20
224.6567985140983
 10
325.6717506795497
 20
224.6245728888305
 10
325.6372309895807
 20
224.5900095118769
 10
325.6139662375492
 20
224.55445995219645
 10
325.60103711200196
 20
224.51880130530333
 10
325.59750159222165
 20
224.48755749559626
  0
LWPOLYLINE
  5
5E1
330
17
100
AcDbEntity
  8
OUTLINE
100
AcDbPolyline
 90
2
 70
0
 10
326.20441822176423
 20
224.06439635269817
 10
326.20441822176423
 20
224.2107743831284
  0
LWPOLYLINE
  5
5E2
330
17
100
AcDbEntity
  8
OUTLINE
100
AcDbPolyline
 90
2
 70
0
 10
325.99915559123264
 20
224.00949617108407
 10
325.99915559123264
 20
224.17174698090722
  0
LWPOLYLINE
  5
5E3
330
17
100
AcDbEntity
  8
OUTLINE
100
AcDbPolyline
 90
15
 70
0
 10
325.99915559123264
 20
224.17174698090722
 10
326.0135498933515
 20
224.17914810160954
 10
326.02749495964883
 20
224.18590180908882
 10
326.0410617680666
 20
224.19204247370857
 10
326.0543194117698
 20
224.19760137050756
 10
326.0673353902911
 20
224.2026068017869
 10
326.0801759466448
 20
224.2070842350207
 10
326.0929064963824
 20
224.21105648673637
 10
326.10559181147306
 20
224.2145437838087
 10
326.118296510652
 20
224.2175638553997
 10
326.1310852586244
 20
224.22013210151627
 10
326.1440231797975
 20
224.2222615776866
 10
326.157176134101
 20
224.2239631481941
 10
326.1706111000721
 20
224.22524547075406
 10
326.18439648132335
 20
224.2261150731306
  0
LWPOLYLINE
  5
5E4
330
17
100
AcDbEntity
  8
OUTLINE
100
AcDbPolyline
 90
15
 70
0
 10
325.8685666285163
 20
224.2360084819058
 10
325.87773947020503
 20
224.23339702382972
 10
325.8868227466799
 20
224.23052699887256
 10
325.8958448368589
 20
224.2273894581746
 10
325.9048339511028
 20
224.22397457944294
 10
325.91381820783215
 20
224.2202716975982
 10
325.9228256488504
 20
224.21626922815764
 10
325.9318844691949
 20
224.2119546519117
 10
325.94102295584355
 20
224.207314514924
 10
325.9502697022418
 20
224.20233429062102
 10
325.95965357765624
 20
224.19699839511517
 10
325.96920394170183
 20
224.19129018720506
 10
325.97895062901875
 20
224.18519179981803
 10
325.9889241178296
 20
224.1786841706571
 10
325.99915559123264
 20
224.17174698090722
  0
LWPOLYLINE
  5
5E5
330
17
100
AcDbEntity
  8
OUTLINE
100
AcDbPolyline
 90
2
 70
0
 10
326.30749523314853
 20
224.66367634103574
 10
326.29622308704415
 20
224.67055415264974
  0
LWPOLYLINE
  5
5E6
330
17
100
AcDbEntity
  8
OUTLINE
100
AcDbPolyline
 90
9
 70
0
 10
326.29622308704415
 20
224.67055415264974
 10
326.2429962196066
 20
224.69653243185738
 10
326.179823522077
 20
224.71732952050354
 10
326.1086426217842
 20
224.73132103199566
 10
326.032459783945
 20
224.73721339640554
 10
325.955065494224
 20
224.7343207541249
 10
325.8805320047795
 20
224.72273598021985
 10
325.8126134541954
 20
224.70333744204603
 10
325.74156654162385
 20
224.67055415264974
  0
LWPOLYLINE
  5
5E7
330
17
100
AcDbEntity
  8
OUTLINE
100
AcDbPolyline
 90
2
 70
0
 10
325.74156654162385
 20
224.67055415264974
 10
325.7302943955195
 20
224.66367634103574
  0
LWPOLYLINE
  5
5E8
330
17
100
AcDbEntity
  8
OUTLINE
100
AcDbPolyline
 90
8
 70
0
 10
303.37669990453713
 20
225.99303888848232
 10
303.4118815649496
 20
226.0161204187408
 10
303.4425579188821
 20
226.02616755176342
 10
303.46828909310426
 20
226.0256421280473
 10
303.4896488259806
 20
226.01647828118843
 10
303.50732922906246
 20
225.99910279824206
 10
303.5178516936396
 20
225.98083869659234
 10
303.5256785594068
 20
225.95855142360227
  0
LWPOLYLINE
  5
5E9
330
17
100
AcDbEntity
  8
OUTLINE
100
AcDbPolyline
 90
9
 70
0
 10
303.5256785594068
 20
225.95855142360227
 10
303.53216312686595
 20
225.91688285125198
 10
303.53109813594483
 20
225.8642743132435
 10
303.52080349952865
 20
225.80268285164055
 10
303.5006529659957
 20
225.73631026253955
 10
303.4716269105081
 20
225.671039700993
 10
303.4363298189996
 20
225.61306246010088
 10
303.3983695070039
 20
225.56721423395268
 10
303.35399532967006
 20
225.53107735938434
  0
LWPOLYLINE
  5
5EA
330
17
100
AcDbEntity
  8
OUTLINE
100
AcDbPolyline
 90
15
 70
0
 10
303.35399532967006
 20
225.53107735938434
 10
303.32153904141416
 20
225.51650665440098
 10
303.29401824848617
 20
225.5134281700477
 10
303.2711484568292
 20
225.51955559525857
 10
303.25216075406183
 20
225.5338588151479
 10
303.2367805603605
 20
225.55686722218982
 10
303.2257654028281
 20
225.58992001936755
 10
303.2207574891595
 20
225.6340305271315
 10
303.2237163897781
 20
225.68884282910454
 10
303.23615625480943
 20
225.75190800240722
 10
303.25838583523654
 20
225.8185780031827
 10
303.2890493328449
 20
225.88276412842637
 10
303.3252509487355
 20
225.93843382003422
 10
303.35060814030396
 20
225.96852854405645
 10
303.37669990453713
 20
225.99303888848232
  0
LWPOLYLINE
  5
5EB
330
17
100
AcDbEntity
  8
OUTLINE
100
AcDbPolyline
 90
15
 70
0
 10
303.5282821565838
 20
225.94730658377867
 10
303.527350249304
 20
225.9502388523456
 10
303.52638653066674
 20
225.95319565365972
 10
303.5253908627615
 20
225.9561774320994
 10
303.52436309235446
 20
225.9591846473663
 10
303.5233030662117
 20
225.96221777448548
 10
303.5222106157759
 20
225.9652772731587
 10
303.5210855724898
 20
225.96836360308762
 10
303.51992775247277
 20
225.97147726994413
 10
303.5187370024908
 20
225.97461871810648
 10
303.5175131233399
 20
225.9777884532466
 10
303.516255915816
 20
225.98098696571296
 10
303.5149652113617
 20
225.9842147305306
 10
303.5136407954497
 20
225.98747223804804
 10
303.51228246887587
 20
225.99076002458392
  0
LWPOLYLINE
  5
5EC
330
17
100
AcDbEntity
  8
OUTLINE
100
AcDbPolyline
 90
15
 70
0
 10
303.2433349258606
 20
225.54869263805915
 10
303.25761836325364
 20
225.5461237483602
 10
303.27090184219225
 20
225.54387099551818
 10
303.2832337539418
 20
225.54192621216626
 10
303.29465895006444
 20
225.54028228825155
 10
303.3052190335638
 20
225.53893327829874
 10
303.3149524355017
 20
225.53787423285294
 10
303.323894598879
 20
225.53710132106664
 10
303.3320780552524
 20
225.5366117234361
 10
303.3395326086153
 20
225.5364036624481
 10
303.3462853813678
 20
225.53647635660977
 10
303.35236095222723
 20
225.53683011238888
 10
303.3577814481687
 20
225.53746618630342
 10
303.362566590395
 20
225.53838689218526
 10
303.3667338016003
 20
225.5395956011802
  0
LWPOLYLINE
  5
5ED
330
17
100
AcDbEntity
  8
OUTLINE
100
AcDbPolyline
 90
15
 70
0
 10
303.2433349258606
 20
225.77045109701677
 10
303.2513616699256
 20
225.7501491683917
 10
303.25807161380334
 20
225.7309540328953
 10
303.26350606935296
 20
225.71274740928106
 10
303.26769853350487
 20
225.69541711501154
 10
303.2706748414943
 20
225.67885640735267
 10
303.27245332009574
 20
225.66296321720444
 10
303.27304492553276
 20
225.64763965875215
 10
303.27245332009574
 20
225.6327913092673
 10
303.2706748414943
 20
225.61832668811218
 10
303.26769853350487
 20
225.6041566744512
 10
303.26350606935296
 20
225.5901939556087
 10
303.25807161380334
 20
225.57635253672063
 10
303.2513616699256
 20
225.56254711247541
 10
303.2433349258606
 20
225.54869263805915
  0
LWPOLYLINE
  5
5EE
330
17
100
AcDbEntity
  8
OUTLINE
100
AcDbPolyline
 90
15
 70
0
 10
303.3778087050299
 20
225.99148477495578
 10
303.37547927394485
 20
225.97123866944005
 10
303.3721834732761
 20
225.95209745695274
 10
303.36790099953197
 20
225.93394320868515
 10
303.3626054811585
 20
225.91666406389106
 10
303.3562642640118
 20
225.90015355565754
 10
303.34883828877105
 20
225.88430998264576
 10
303.34028181511746
 20
225.86903573486217
 10
303.33054211526627
 20
225.8542366807226
 10
303.3195591828228
 20
225.83982166138057
 10
303.3072653650205
 20
225.82570186246826
 10
303.2935849030199
 20
225.81179029310127
 10
303.2784335181765
 20
225.79800124955983
 10
303.2617178450756
 20
225.78424974832367
 10
303.2433349258606
 20
225.77045109701677
  0
LWPOLYLINE
  5
5EF
330
17
100
AcDbEntity
  8
OUTLINE
100
AcDbPolyline
 90
15
 70
0
 10
303.51228246887587
 20
225.99076002458392
 10
303.5099530377908
 20
225.9875921129272
 10
303.5066572524454
 20
225.98495117264895
 10
303.50237477870127
 20
225.98282094563254
 10
303.4970792450044
 20
225.9811882997328
 10
303.49073802785773
 20
225.98004316748253
 10
303.48331206794035
 20
225.97937850012246
 10
303.47475557896337
 20
225.97919019098404
 10
303.46501589443557
 20
225.97947710613644
 10
303.4540329619921
 20
225.98024099244608
 10
303.44173912886646
 20
225.9814865541937
 10
303.4280586668658
 20
225.983221483721
 10
303.4129072820224
 20
225.98545644610735
 10
303.3961916242449
 20
225.98820524772705
 10
303.3778087050299
 20
225.99148477495578
  0
LWPOLYLINE
  5
5F0
330
17
100
AcDbEntity
  8
OUTLINE
100
AcDbPolyline
 90
12
 70
0
 10
303.8492897215429
 20
225.14104241270158
 10
303.8988959017991
 20
225.18742721799373
 10
303.94969441034647
 20
225.24734908900388
 10
303.9995655933075
 20
225.3201301802566
 10
304.0460332521688
 20
225.40380609446095
 10
304.08657610700385
 20
225.49515700431522
 10
304.1189957570345
 20
225.59000779174488
 10
304.14175635421503
 20
225.68375806863568
 10
304.1542058576586
 20
225.77202361393458
 10
304.15661829554676
 20
225.8512274887384
 10
304.15004997043843
 20
225.9189957934846
 10
304.1429635155476
 20
225.95171211966704
  0
LWPOLYLINE
  5
5F1
330
17
100
AcDbEntity
  8
OUTLINE
100
AcDbPolyline
 90
5
 70
0
 10
304.1429635155476
 20
225.95171211966704
 10
304.12553268451694
 20
225.99995430369515
 10
304.1032522304354
 20
226.03631281577495
 10
304.07735902668844
 20
226.06200824052848
 10
304.04916939843827
 20
226.07804934735938
  0
LWPOLYLINE
  5
5F2
330
17
100
AcDbEntity
  8
OUTLINE
100
AcDbPolyline
 90
5
 70
0
 10
303.6494100446475
 20
225.08268850756247
 10
303.68113413536406
 20
225.0747445404497
 10
303.71616003351824
 20
225.07526144436102
 10
303.7549466746374
 20
225.0849321123407
 10
303.8045333635417
 20
225.10905486694256
  0
LWPOLYLINE
  5
5F3
330
17
100
AcDbEntity
  8
OUTLINE
100
AcDbPolyline
 90
2
 70
0
 10
303.8045333635417
 20
225.10905486694256
 10
303.8492897215429
 20
225.14104241270158
  0
LWPOLYLINE
  5
5F4
330
17
100
AcDbEntity
  8
OUTLINE
100
AcDbPolyline
 90
2
 70
0
 10
303.2433349258606
 20
225.77045109701677
 10
303.474919294061
 20
225.67744158344027
  0
LWPOLYLINE
  5
5F5
330
17
100
AcDbEntity
  8
OUTLINE
100
AcDbPolyline
 90
2
 70
0
 10
303.3778087050299
 20
225.99148477495578
 10
303.53099035122034
 20
225.92996357109553
  0
LWPOLYLINE
  5
5F6
330
17
100
AcDbEntity
  8
OUTLINE
100
AcDbPolyline
 90
11
 70
0
 10
303.8787873543545
 20
225.15869313437722
 10
303.9266841644978
 20
225.20367678422076
 10
303.9757106609142
 20
225.2621716951937
 10
304.0236560615268
 20
225.3334195587003
 10
304.0679459602163
 20
225.41528247070585
 10
304.1059937074747
 20
225.5042994903686
 10
304.1356084109851
 20
225.5960498963208
 10
304.1553572878221
 20
225.68576652067262
 10
304.16477827648686
 20
225.76904845519937
 10
304.16438159989264
 20
225.84248063728873
 10
304.15274305621244
 20
225.91493216839498
  0
LWPOLYLINE
  5
5F7
330
17
100
AcDbEntity
  8
OUTLINE
100
AcDbPolyline
 90
2
 70
0
 10
304.15274305621244
 20
225.91493216839498
 10
304.1475046327897
 20
225.9324540203616
  0
LWPOLYLINE
  5
5F8
330
17
100
AcDbEntity
  8
OUTLINE
100
AcDbPolyline
 90
2
 70
0
 10
303.8211333756956
 20
225.11982222993703
 10
303.83703606634555
 20
225.12885333026927
  0
LWPOLYLINE
  5
5F9
330
17
100
AcDbEntity
  8
OUTLINE
100
AcDbPolyline
 90
2
 70
0
 10
303.83703606634555
 20
225.12885333026927
 10
303.8787873543545
 20
225.15869313437722
  0
LWPOLYLINE
  5
5FA
330
17
100
AcDbEntity
  8
OUTLINE
100
AcDbPolyline
 90
8
 70
0
 10
333.61132557243997
 20
250.75979431705866
 10
333.64650723285246
 20
250.78287584731714
 10
333.6771835867849
 20
250.79292298033977
 10
333.7029147610071
 20
250.79239755662365
 10
333.72427449388346
 20
250.78323370976474
 10
333.7419548969653
 20
250.7658582268184
 10
333.75247736154245
 20
250.7475941251687
 10
333.76030422730963
 20
250.72530685217862
  0
LWPOLYLINE
  5
5FB
330
17
100
AcDbEntity
  8
OUTLINE
100
AcDbPolyline
 90
9
 70
0
 10
333.76030422730963
 20
250.72530685217862
 10
333.7667887947688
 20
250.68363827982833
 10
333.7657238038477
 20
250.63102974181982
 10
333.7554291674315
 20
250.5694382802169
 10
333.7352786338986
 20
250.5030656911159
 10
333.70625257841095
 20
250.43779511424594
 10
333.67095548690247
 20
250.37981788867722
 10
333.63299517490674
 20
250.33396966252903
 10
333.5886209975729
 20
250.2978327726373
  0
LWPOLYLINE
  5
5FC
330
17
100
AcDbEntity
  8
OUTLINE
100
AcDbPolyline
 90
15
 70
0
 10
333.5886209975729
 20
250.2978327726373
 10
333.556164709317
 20
250.28326208297733
 10
333.528643916389
 20
250.28018359862403
 10
333.50577412473206
 20
250.2863110238349
 10
333.48678642196467
 20
250.30061424372425
 10
333.47140622826333
 20
250.32362265076617
 10
333.4603910707309
 20
250.3566754326205
 10
333.4553831570624
 20
250.40078594038445
 10
333.4583420576809
 20
250.4555982576809
 10
333.47078192271226
 20
250.51866343098357
 10
333.49301150313937
 20
250.58533341643565
 10
333.52367500074774
 20
250.64951955700272
 10
333.55987661663835
 20
250.70518924861057
 10
333.5852338082068
 20
250.7352839726328
 10
333.61132557243997
 20
250.75979431705866
  0
LWPOLYLINE
  5
5FD
330
17
100
AcDbEntity
  8
OUTLINE
100
AcDbPolyline
 90
15
 70
0
 10
333.7629078244867
 20
250.71406201235501
 10
333.7619759172068
 20
250.71699428092194
 10
333.7610121985696
 20
250.71995106691267
 10
333.76001653066436
 20
250.72293284535235
 10
333.7589887602573
 20
250.72594007594262
 10
333.75792873411456
 20
250.72897320306183
 10
333.75683628367875
 20
250.73203268641166
 10
333.75571124039266
 20
250.73511903166397
 10
333.7545534203756
 20
250.73823269852045
 10
333.75336267039364
 20
250.74137414668283
 10
333.7521387912427
 20
250.74454388182295
 10
333.7508815837188
 20
250.7477423789659
 10
333.74959087926453
 20
250.75097014378355
 10
333.74826646335254
 20
250.7542276666244
 10
333.7469081367787
 20
250.75751543783687
  0
LWPOLYLINE
  5
5FE
330
17
100
AcDbEntity
  8
OUTLINE
100
AcDbPolyline
 90
15
 70
0
 10
333.4779605937635
 20
250.3154480666355
 10
333.4922440311565
 20
250.31287916161315
 10
333.5055275100951
 20
250.31062642409452
 10
333.5178594218446
 20
250.3086816407426
 10
333.5292846179673
 20
250.3070377168279
 10
333.5398447014666
 20
250.3056886915517
 10
333.54957810340454
 20
250.3046296614293
 10
333.55852026678184
 20
250.303856749643
 10
333.56670372315523
 20
250.30336715201244
 10
333.5741582765181
 20
250.30315907570105
 10
333.58091104927064
 20
250.3032317851861
 10
333.5869866201301
 20
250.30358554096523
 10
333.59240711607157
 20
250.30422161487976
 10
333.5971922582978
 20
250.3051423207616
 10
333.6013594695031
 20
250.3063510297565
  0
LWPOLYLINE
  5
5FF
330
17
100
AcDbEntity
  8
OUTLINE
100
AcDbPolyline
 90
15
 70
0
 10
333.4779605937635
 20
250.53720651026973
 10
333.4859873531518
 20
250.51690459696803
 10
333.49269728170617
 20
250.49770946147166
 10
333.49813173725585
 20
250.47950282253402
 10
333.5023242014077
 20
250.46217254358785
 10
333.50530050939716
 20
250.44561182060562
 10
333.50707898799857
 20
250.42971864578078
 10
333.50767059343565
 20
250.4143950873285
 10
333.50707898799857
 20
250.39954673784365
 10
333.50530050939716
 20
250.38508211668852
 10
333.5023242014077
 20
250.37091210302754
 10
333.49813173725585
 20
250.35694938418504
 10
333.49269728170617
 20
250.34310796529698
 10
333.4859873531518
 20
250.32930254105176
 10
333.4779605937635
 20
250.3154480666355
  0
LWPOLYLINE
  5
600
330
17
100
AcDbEntity
  8
OUTLINE
100
AcDbPolyline
 90
15
 70
0
 10
333.6124343729328
 20
250.75824020353213
 10
333.61010494184774
 20
250.7379940980164
 10
333.6068091411789
 20
250.7188528855291
 10
333.6025266674348
 20
250.7006986372615
 10
333.5972311490613
 20
250.683419477144
 10
333.59088993191466
 20
250.66690898423386
 10
333.5834639566739
 20
250.6510654112221
 10
333.5749074830203
 20
250.63579114811512
 10
333.5651677831691
 20
250.62099210929892
 10
333.5541848507256
 20
250.60657708995691
 10
333.5418910329234
 20
250.5924572910446
 10
333.52821057092274
 20
250.5785457216776
 10
333.5130591860793
 20
250.56475666281278
 10
333.49634352830185
 20
250.5510051769
 10
333.4779605937635
 20
250.53720651026973
  0
LWPOLYLINE
  5
601
330
17
100
AcDbEntity
  8
OUTLINE
100
AcDbPolyline
 90
15
 70
0
 10
333.7469081367787
 20
250.75751543783687
 10
333.74457870569364
 20
250.75434754150353
 10
333.7412829203482
 20
250.7517066012253
 10
333.7370004466041
 20
250.74957637420889
 10
333.7317049129073
 20
250.7479437283091
 10
333.72536369576056
 20
250.7467985807355
 10
333.71793773584324
 20
250.74613391337542
 10
333.7093812468662
 20
250.7459456195604
 10
333.6996415623384
 20
250.74623253471276
 10
333.6886586298949
 20
250.74699642102243
 10
333.6763648120927
 20
250.74824198277005
 10
333.66268433476864
 20
250.74997691229734
 10
333.6475329499252
 20
250.7522118746837
 10
333.63081729214775
 20
250.75496066098
 10
333.6124343729328
 20
250.75824020353213
  0
LWPOLYLINE
  5
602
330
17
100
AcDbEntity
  8
OUTLINE
100
AcDbPolyline
 90
12
 70
0
 10
334.08391538944574
 20
249.90779784127793
 10
334.13352156970194
 20
249.95418264657008
 10
334.1843200782493
 20
250.01410450225683
 10
334.23419126121036
 20
250.08688559350955
 10
334.2806589200717
 20
250.1705615230373
 10
334.3212017749067
 20
250.26191243289153
 10
334.35362142493733
 20
250.35676322032123
 10
334.37638202211787
 20
250.45051349721203
 10
334.38883152556144
 20
250.53877904251092
 10
334.3912439634496
 20
250.61798291731475
 10
334.38467563834126
 20
250.68575120673756
 10
334.3775891834504
 20
250.71846754824338
  0
LWPOLYLINE
  5
603
330
17
100
AcDbEntity
  8
OUTLINE
100
AcDbPolyline
 90
5
 70
0
 10
334.3775891834504
 20
250.71846754824338
 10
334.3601583524198
 20
250.7667097322715
 10
334.3378778983382
 20
250.8030682290279
 10
334.3119846945913
 20
250.82876366910483
 10
334.28379506634116
 20
250.84480477593573
  0
LWPOLYLINE
  5
604
330
17
100
AcDbEntity
  8
OUTLINE
100
AcDbPolyline
 90
5
 70
0
 10
333.8840357125503
 20
249.84944392081542
 10
333.9157598032669
 20
249.84149995370265
 10
333.95078570142107
 20
249.84201687293736
 10
333.9895723425402
 20
249.85168752559366
 10
334.0391590314445
 20
249.8758102955189
  0
LWPOLYLINE
  5
605
330
17
100
AcDbEntity
  8
OUTLINE
100
AcDbPolyline
 90
2
 70
0
 10
334.0391590314445
 20
249.8758102955189
 10
334.08391538944574
 20
249.90779784127793
  0
LWPOLYLINE
  5
606
330
17
100
AcDbEntity
  8
OUTLINE
100
AcDbPolyline
 90
2
 70
0
 10
333.4779605937635
 20
250.53720651026973
 10
333.70954496196384
 20
250.44419701201662
  0
LWPOLYLINE
  5
607
330
17
100
AcDbEntity
  8
OUTLINE
100
AcDbPolyline
 90
2
 70
0
 10
333.6124343729328
 20
250.75824020353213
 10
333.7656160191232
 20
250.69671899967187
  0
LWPOLYLINE
  5
608
330
17
100
AcDbEntity
  8
OUTLINE
100
AcDbPolyline
 90
11
 70
0
 10
334.1134130222573
 20
249.92544856295356
 10
334.1613098324006
 20
249.9704322127971
 10
334.21033632881705
 20
250.02892712377005
 10
334.2582817294297
 20
250.10017497195327
 10
334.30257162811915
 20
250.1820378992822
 10
334.34061937537757
 20
250.27105491894494
 10
334.37023407888796
 20
250.36280532489715
 10
334.389982955725
 20
250.45252194924893
 10
334.3994039443897
 20
250.5358038837757
 10
334.39900726779547
 20
250.60923606586505
 10
334.3873687241153
 20
250.6816875969713
  0
LWPOLYLINE
  5
609
330
17
100
AcDbEntity
  8
OUTLINE
100
AcDbPolyline
 90
2
 70
0
 10
334.3873687241153
 20
250.6816875969713
 10
334.3821303006926
 20
250.69920943361456
  0
LWPOLYLINE
  5
60A
330
17
100
AcDbEntity
  8
OUTLINE
100
AcDbPolyline
 90
2
 70
0
 10
334.0557590435984
 20
249.88657765851337
 10
334.0716617342484
 20
249.89560874352222
  0
LWPOLYLINE
  5
60B
330
17
100
AcDbEntity
  8
OUTLINE
100
AcDbPolyline
 90
2
 70
0
 10
334.0716617342484
 20
249.89560874352222
 10
334.1134130222573
 20
249.92544856295356
  0
LWPOLYLINE
  5
60C
330
17
100
AcDbEntity
  8
OUTLINE
100
AcDbPolyline
 90
2
 70
0
 10
325.94463021973536
 20
234.44268168329404
 10
325.94769489771437
 20
234.47188489249217
  0
LWPOLYLINE
  5
60D
330
17
100
AcDbEntity
  8
OUTLINE
100
AcDbPolyline
 90
8
 70
0
 10
325.94769489771437
 20
234.47188489249217
 10
325.94324496996546
 20
234.5070456671242
 10
325.9298039819021
 20
234.54182311183465
 10
325.90689450266535
 20
234.57603510813453
 10
325.8738112732353
 20
234.6091389781708
 10
325.8299758509668
 20
234.64016462877595
 10
325.7996728667525
 20
234.65663324286152
 10
325.7666960429418
 20
234.67131487386433
  0
LWPOLYLINE
  5
60E
330
17
100
AcDbEntity
  8
OUTLINE
100
AcDbPolyline
 90
2
 70
0
 10
325.7666960429418
 20
234.7767532349548
 10
325.7666960429418
 20
234.67131487386433
  0
LWPOLYLINE
  5
60F
330
17
100
AcDbEntity
  8
OUTLINE
100
AcDbPolyline
 90
8
 70
0
 10
325.94769489771437
 20
234.57732326890607
 10
325.94324496996546
 20
234.6124840282147
 10
325.9298039819021
 20
234.64726147292512
 10
325.90689450266535
 20
234.68147346922504
 10
325.8738112732353
 20
234.7145773392613
 10
325.8299758509668
 20
234.74560298986646
 10
325.7996728667525
 20
234.76207161927542
 10
325.7666960429418
 20
234.7767532349548
  0
LWPOLYLINE
  5
610
330
17
100
AcDbEntity
  8
OUTLINE
100
AcDbPolyline
 90
2
 70
0
 10
324.1965242780208
 20
234.8129523837797
 10
324.1965242780208
 20
234.7075140073658
  0
LWPOLYLINE
  5
611
330
17
100
AcDbEntity
  8
OUTLINE
100
AcDbPolyline
 90
2
 70
0
 10
325.1018437755107
 20
234.34391730208517
 10
324.1965242780208
 20
234.7075140073658
  0
LWPOLYLINE
  5
612
330
17
100
AcDbEntity
  8
OUTLINE
100
AcDbPolyline
 90
2
 70
0
 10
324.6834423839818
 20
235.2118123312006
 10
324.6834423839818
 20
235.1063739701101
  0
LWPOLYLINE
  5
613
330
17
100
AcDbEntity
  8
OUTLINE
100
AcDbPolyline
 90
2
 70
0
 10
324.6834423839818
 20
235.1063739701101
 10
324.1965242780208
 20
234.7075140073658
  0
LWPOLYLINE
  5
614
330
17
100
AcDbEntity
  8
OUTLINE
100
AcDbPolyline
 90
2
 70
0
 10
324.6834423839818
 20
235.2118123312006
 10
324.1965242780208
 20
234.8129523837797
  0
LWPOLYLINE
  5
615
330
17
100
AcDbEntity
  8
OUTLINE
100
AcDbPolyline
 90
2
 70
0
 10
325.7666960429418
 20
234.7767532349548
 10
324.6834423839818
 20
235.2118123312006
  0
LWPOLYLINE
  5
616
330
17
100
AcDbEntity
  8
OUTLINE
100
AcDbPolyline
 90
2
 70
0
 10
325.7666960429418
 20
234.67131487386433
 10
324.6834423839818
 20
235.1063739701101
  0
LWPOLYLINE
  5
617
330
17
100
AcDbEntity
  8
OUTLINE
100
AcDbPolyline
 90
2
 70
0
 10
325.3367859734621
 20
234.17020225214193
 10
325.360733918832
 20
234.18673450426573
  0
LWPOLYLINE
  5
618
330
17
100
AcDbEntity
  8
OUTLINE
100
AcDbPolyline
 90
8
 70
0
 10
325.360733918832
 20
234.18673450426573
 10
325.4023793528636
 20
234.2059495141988
 10
325.4534162320641
 20
234.21957971548056
 10
325.5107969793578
 20
234.22567859321606
 10
325.5699081970723
 20
234.22309978928385
 10
325.62550151690493
 20
234.21195493457932
 10
325.65743394443047
 20
234.20076945756819
 10
325.6857400610906
 20
234.18673450426573
  0
LWPOLYLINE
  5
619
330
17
100
AcDbEntity
  8
OUTLINE
100
AcDbPolyline
 90
21
 70
0
 10
325.6857400610906
 20
234.18673450426573
 10
325.71842538805527
 20
234.162479033784
 10
325.7393062649974
 20
234.13637113402123
 10
325.74940880739786
 20
234.10999599433873
 10
325.75000029024784
 20
234.0840380339461
 10
325.741658589227
 20
234.05859052631766
 10
325.7240008034686
 20
234.0338038705252
 10
325.69615987427886
 20
234.01042590928918
 10
325.65764339984696
 20
233.98995697103763
 10
325.60918406806064
 20
233.97442994861433
 10
325.55327807445724
 20
233.9659069872144
 10
325.49413978031276
 20
233.96583605524256
 10
325.43695566275824
 20
233.97450831243023
 10
325.3866557466713
 20
233.9908811400056
 10
325.34673224793244
 20
234.012886753766
 10
325.31865034311323
 20
234.03809736178667
 10
325.30207829614585
 20
234.064445808124
 10
325.2957650288624
 20
234.09069695093547
 10
325.2986255379944
 20
234.11645723959845
 10
325.31046518584355
 20
234.14169251827687
 10
325.3367859734621
 20
234.17020225214193
  0
LWPOLYLINE
  5
61A
330
17
100
AcDbEntity
  8
OUTLINE
100
AcDbPolyline
 90
15
 70
0
 10
325.7284996281546
 20
234.15114711113563
 10
325.7245394359468
 20
234.15468566494712
 10
325.72062014186656
 20
234.158123268266
 10
325.7167399224306
 20
234.16146146875462
 10
325.71289703077235
 20
234.16470184472217
 10
325.70908965873195
 20
234.16784585189066
 10
325.70531607476624
 20
234.17089494598213
 10
325.7015745166854
 20
234.17385055207185
 10
325.69786329891656
 20
234.17671401861813
 10
325.69418067459327
 20
234.17948666343253
 10
325.690524973466
 20
234.18216975835634
 10
325.6868945099619
 20
234.18476454458423
 10
325.6832875985081
 20
234.18727221734054
 10
325.6797025841784
 20
234.18969392587954
 10
325.6761378273702
 20
234.1920307888087
  0
LWPOLYLINE
  5
61B
330
17
100
AcDbEntity
  8
OUTLINE
100
AcDbPolyline
 90
15
 70
0
 10
325.7087604050532
 20
234.021736547749
 10
325.7102805619478
 20
234.03841797307342
 10
325.71174929354584
 20
234.05366051676333
 10
325.713175625324
 20
234.06755804990522
 10
325.7145683682316
 20
234.08019623024856
 10
325.71593607272007
 20
234.09165290061406
 10
325.71728718197727
 20
234.10199867118234
 10
325.7186300166039
 20
234.1112972566086
 10
325.71997285123064
 20
234.11960595104765
 10
325.72132396048784
 20
234.1269759499451
 10
325.7226916649763
 20
234.13345267182862
 10
325.7240843925605
 20
234.1390760034821
 10
325.7255107243387
 20
234.14388059109012
 10
325.7269794559367
 20
234.14789605476534
 10
325.7284996281546
 20
234.15114711113563
  0
LWPOLYLINE
  5
61C
330
17
100
AcDbEntity
  8
OUTLINE
100
AcDbPolyline
 90
15
 70
0
 10
325.50349775919824
 20
233.9668363661349
 10
325.51930556741803
 20
233.9777795650284
 10
325.5345784514199
 20
233.98747802963737
 10
325.5494105121413
 20
233.99599153650573
 10
325.56389312295613
 20
234.00337252227374
 10
325.5781155119638
 20
234.0096664667626
 10
325.5921653136311
 20
234.01491215347215
 10
325.6061290744641
 20
234.01914188410825
 10
325.62009285062044
 20
234.02238173908052
 10
325.6341426522877
 20
234.02465165411922
 10
325.6483650412954
 20
234.02596563480273
 10
325.6628476521102
 20
234.02633178720427
 10
325.6776796975082
 20
234.0257523332154
 10
325.6929525815101
 20
234.02422373313303
 10
325.7087604050532
 20
234.021736547749
  0
LWPOLYLINE
  5
61D
330
17
100
AcDbEntity
  8
OUTLINE
100
AcDbPolyline
 90
15
 70
0
 10
325.31797435176804
 20
234.04134674790745
 10
325.33226200309326
 20
234.0423237059536
 10
325.3460661554971
 20
234.04239318220337
 10
325.3594718691169
 20
234.04155562103512
 10
325.37256175234756
 20
234.039805843143
 10
325.38541643686676
 20
234.03713309150734
 10
325.3981151292768
 20
234.03352089348402
 10
325.41073605548314
 20
234.02894698418748
 10
325.4233569970129
 20
234.0233831992271
 10
325.4360556740995
 20
234.01679522953293
 10
325.4489103586187
 20
234.00914252941533
 10
325.4620002418494
 20
234.00037790283335
 10
325.47540597079256
 20
233.99044739613123
 10
325.4892101231964
 20
233.9792897923663
 10
325.50349775919824
 20
233.9668363661349
  0
LWPOLYLINE
  5
61E
330
17
100
AcDbEntity
  8
OUTLINE
100
AcDbPolyline
 90
15
 70
0
 10
325.3377135901928
 20
234.1707573112941
 10
325.33619341797487
 20
234.1675062549238
 10
325.33472468637683
 20
234.16349080657199
 10
325.33329835459864
 20
234.15868620364057
 10
325.33190562701446
 20
234.1530628719871
 10
325.330537922526
 20
234.14658616542695
 10
325.3291868132688
 20
234.13921615120609
 10
325.3278439786421
 20
234.13090745676706
 10
325.32650112869203
 20
234.1216088713408
 10
325.32515001943483
 20
234.11126311609593
 10
325.32378231494636
 20
234.09980643040703
 10
325.3223895873622
 20
234.08716826538705
 10
325.320963255584
 20
234.0732707169218
 10
325.31949452398595
 20
234.05802818855528
 10
325.31797435176804
 20
234.04134674790745
  0
LWPOLYLINE
  5
61F
330
17
100
AcDbEntity
  8
OUTLINE
100
AcDbPolyline
 90
15
 70
0
 10
325.3663336371417
 20
234.18989818666685
 10
325.36434726610963
 20
234.18866897497625
 10
325.36235285029784
 20
234.18741909203268
 10
325.3603501598555
 20
234.18614839992563
 10
325.35833898025516
 20
234.1848567607446
 10
325.3563191276162
 20
234.1835440365791
 10
325.35429035676424
 20
234.18221010484194
 10
325.35225246849535
 20
234.1808548122993
 10
325.35020524828195
 20
234.1794780210406
 10
325.3481484662733
 20
234.17807956250863
 10
325.3460819079419
 20
234.17665931411622
 10
325.3440053740837
 20
234.17521712262948
 10
325.3419186195244
 20
234.17375283481448
 10
325.33982142973656
 20
234.172266282114
 10
325.3377135901928
 20
234.1707573112941
  0
LWPOLYLINE
  5
620
330
17
100
AcDbEntity
  8
OUTLINE
100
AcDbPolyline
 90
6
 70
0
 10
325.94463021973536
 20
234.44489770597048
 10
325.94018035328
 20
234.47993040770976
 10
325.926738905515
 20
234.51457826251183
 10
325.9038256873711
 20
234.54865717517052
 10
325.8707330800264
 20
234.58161925788008
 10
325.82408619879686
 20
234.61413872447253
  0
LWPOLYLINE
  5
621
330
17
100
AcDbEntity
  8
OUTLINE
100
AcDbPolyline
 90
11
 70
0
 10
325.82408619879686
 20
234.61413872447253
 10
325.76881211114596
 20
234.64131317814213
 10
325.70352515357223
 20
234.66336062475696
 10
325.6300339611084
 20
234.67870778122966
 10
325.55114584007674
 20
234.68606823365522
 10
325.47043328559744
 20
234.68469381752197
 10
325.39180630577636
 20
234.6745419950996
 10
325.3189836115201
 20
234.65630774341338
 10
325.2549961693498
 20
234.63130484394273
 10
325.23829877705305
 20
234.622967510088
 10
325.22238778112575
 20
234.61413872447253
  0
LWPOLYLINE
  5
622
330
17
100
AcDbEntity
  8
OUTLINE
100
AcDbPolyline
 90
6
 70
0
 10
325.22238778112575
 20
234.61413872447253
 10
325.17609286283874
 20
234.58191308388132
 10
325.14157315754636
 20
234.54734970692772
 10
325.1183084055149
 20
234.51180014724727
 10
325.10537929529096
 20
234.47614150035415
 10
325.1018437755107
 20
234.44489770597048
  0
LWPOLYLINE
  5
623
330
17
100
AcDbEntity
  8
OUTLINE
100
AcDbPolyline
 90
2
 70
0
 10
325.7087604050532
 20
234.021736547749
 10
325.7087604050532
 20
234.16811457817923
  0
LWPOLYLINE
  5
624
330
17
100
AcDbEntity
  8
OUTLINE
100
AcDbPolyline
 90
2
 70
0
 10
325.50349775919824
 20
233.9668363661349
 10
325.50349775919824
 20
234.12908717595803
  0
LWPOLYLINE
  5
625
330
17
100
AcDbEntity
  8
OUTLINE
100
AcDbPolyline
 90
15
 70
0
 10
325.50349775919824
 20
234.12908717595803
 10
325.5178920766405
 20
234.1364882966604
 10
325.5318371429379
 20
234.14324200413964
 10
325.54540395135564
 20
234.1493826687594
 10
325.5586615950589
 20
234.15494156555837
 10
325.5716775735801
 20
234.15994699683773
 10
325.58451812993377
 20
234.1644244300715
 10
325.59724866434806
 20
234.16839668178721
 10
325.6099339947621
 20
234.1718839788595
 10
325.6226386786176
 20
234.17490405045052
 10
325.63542744191346
 20
234.1774722965671
 10
325.64836534776316
 20
234.1796017880608
 10
325.66151831739006
 20
234.1813033585683
 10
325.67495328336116
 20
234.18258566580488
 10
325.688738649289
 20
234.18345526818143
  0
LWPOLYLINE
  5
626
330
17
100
AcDbEntity
  8
OUTLINE
100
AcDbPolyline
 90
15
 70
0
 10
325.3729088118053
 20
234.19334867695662
 10
325.3820816534941
 20
234.19073721888054
 10
325.3911649146455
 20
234.18786719392338
 10
325.4001870201479
 20
234.18472965322542
 10
325.4091761343918
 20
234.18131477449379
 10
325.41816037579775
 20
234.17761189264903
 10
325.4271678321394
 20
234.17360942320846
 10
325.436226652484
 20
234.1692948622859
 10
325.4453651391326
 20
234.16465470997485
 10
325.45461187020743
 20
234.15967448567184
 10
325.46399576094524
 20
234.1543386054894
 10
325.47354612499083
 20
234.14863038225587
 10
325.4832928123078
 20
234.14253199486888
 10
325.4932663011186
 20
234.13602438103132
 10
325.50349775919824
 20
234.12908717595803
  0
LWPOLYLINE
  5
627
330
17
100
AcDbEntity
  8
OUTLINE
100
AcDbPolyline
 90
2
 70
0
 10
325.8118374164375
 20
234.62101653608656
 10
325.80056525500976
 20
234.6278943477006
  0
LWPOLYLINE
  5
628
330
17
100
AcDbEntity
  8
OUTLINE
100
AcDbPolyline
 90
9
 70
0
 10
325.80056525500976
 20
234.6278943477006
 10
325.7473384028956
 20
234.6538726269082
 10
325.684165705366
 20
234.6746697155544
 10
325.61298480507327
 20
234.68866122704648
 10
325.5368019519106
 20
234.69455359145635
 10
325.45940767751307
 20
234.6916609644991
 10
325.3848741727451
 20
234.6800761752707
 10
325.316955622161
 20
234.66067765242025
 10
325.2459087249129
 20
234.6278943477006
  0
LWPOLYLINE
  5
629
330
17
100
AcDbEntity
  8
OUTLINE
100
AcDbPolyline
 90
2
 70
0
 10
325.2459087249129
 20
234.6278943477006
 10
325.2346365788085
 20
234.62101653608656
  0
LWPOLYLINE
  5
62A
330
17
100
AcDbEntity
  8
OUTLINE
100
AcDbPolyline
 90
14
 70
0
 10
374.72022206301915
 20
215.01047520235227
 10
374.65412010030707
 20
215.0322323626689
 10
374.5799554908275
 20
215.04719982086343
 10
374.5005796109721
 20
215.05412070652645
 10
374.41958386492416
 20
215.05228511765094
 10
374.3408680554119
 20
215.04168933065313
 10
374.26811518984334
 20
215.0230595822737
 10
374.2043052844684
 20
214.99772765897524
 10
374.1513928989616
 20
214.9673895688747
 10
374.11022005359786
 20
214.93381036728388
 10
374.08066702673176
 20
214.89854615977006
 10
374.0619853627074
 20
214.86274356495227
 10
374.05473211271755
 20
214.8370430375099
 10
374.05230510228563
 20
214.81104522098013
  0
LWPOLYLINE
  5
62B
330
17
100
AcDbEntity
  8
OUTLINE
100
AcDbPolyline
 90
2
 70
0
 10
374.05230510228563
 20
214.81104522098013
 10
374.05536978026464
 20
214.78184199645858
  0
LWPOLYLINE
  5
62C
330
17
100
AcDbEntity
  8
OUTLINE
100
AcDbPolyline
 90
14
 70
0
 10
374.72022206301915
 20
215.11591356344277
 10
374.65412010030707
 20
215.1376707237594
 10
374.5799554908275
 20
215.15263818195393
 10
374.5005796109721
 20
215.15955908294035
 10
374.41958386492416
 20
215.1577234940648
 10
374.3408680554119
 20
215.14712769174363
 10
374.26811518984334
 20
215.1284979433642
 10
374.2043052844684
 20
215.10316602006574
 10
374.1513928989616
 20
215.07282792996517
 10
374.11022005359786
 20
215.0392487283744
 10
374.08066702673176
 20
215.00398452086054
 10
374.0619853627074
 20
214.96818192604277
 10
374.05473211271755
 20
214.94248141392376
 10
374.05230510228563
 20
214.9164835820706
  0
LWPOLYLINE
  5
62D
330
17
100
AcDbEntity
  8
OUTLINE
100
AcDbPolyline
 90
2
 70
0
 10
374.72022206301915
 20
215.11591356344277
 10
374.72022206301915
 20
215.01047520235227
  0
LWPOLYLINE
  5
62E
330
17
100
AcDbEntity
  8
OUTLINE
100
AcDbPolyline
 90
2
 70
0
 10
374.72022206301915
 20
215.11591356344277
 10
375.8034757219792
 20
214.68085446719698
  0
LWPOLYLINE
  5
62F
330
17
100
AcDbEntity
  8
OUTLINE
100
AcDbPolyline
 90
2
 70
0
 10
375.8034757219792
 20
214.68085446719698
 10
375.8034757219792
 20
214.5754161061065
  0
LWPOLYLINE
  5
630
330
17
100
AcDbEntity
  8
OUTLINE
100
AcDbPolyline
 90
2
 70
0
 10
374.72022206301915
 20
215.01047520235227
 10
375.8034757219792
 20
214.5754161061065
  0
LWPOLYLINE
  5
631
330
17
100
AcDbEntity
  8
OUTLINE
100
AcDbPolyline
 90
2
 70
0
 10
375.3165576160182
 20
214.1765561433622
 10
375.8034757219792
 20
214.5754161061065
  0
LWPOLYLINE
  5
632
330
17
100
AcDbEntity
  8
OUTLINE
100
AcDbPolyline
 90
2
 70
0
 10
374.8590372650135
 20
214.36030663458158
 10
375.3165576160182
 20
214.1765561433622
  0
LWPOLYLINE
  5
633
330
17
100
AcDbEntity
  8
OUTLINE
100
AcDbPolyline
 90
2
 70
0
 10
374.29031197821604
 20
214.50936256530647
 10
374.3142599389094
 20
214.5258948174303
  0
LWPOLYLINE
  5
634
330
17
100
AcDbEntity
  8
OUTLINE
100
AcDbPolyline
 90
8
 70
0
 10
374.3142599389094
 20
214.5258948174303
 10
374.35590535761753
 20
214.54510982736335
 10
374.40694223681805
 20
214.55874004396853
 10
374.46432298411173
 20
214.56483892170402
 10
374.52343420182626
 20
214.56226010244842
 10
374.57902753698227
 20
214.5511152477439
 10
374.6109599645078
 20
214.53992978605612
 10
374.639266081168
 20
214.5258948174303
  0
LWPOLYLINE
  5
635
330
17
100
AcDbEntity
  8
OUTLINE
100
AcDbPolyline
 90
21
 70
0
 10
374.639266081168
 20
214.5258948174303
 10
374.67195140813266
 20
214.50163934694856
 10
374.69283228507476
 20
214.4755314625092
 10
374.70293482747525
 20
214.44915630750327
 10
374.7035263103252
 20
214.42319836243405
 10
374.6951846093043
 20
214.3977508394822
 10
374.6775268235459
 20
214.37296418368976
 10
374.6496858943562
 20
214.34958622245375
 10
374.6111694046009
 20
214.3291172842022
 10
374.562710088138
 20
214.31359027710226
 10
374.5068040945346
 20
214.30506730037894
 10
374.4476657850667
 20
214.30499636840713
 10
374.39048168283557
 20
214.3136686255948
 10
374.34018176674863
 20
214.33004145317014
 10
374.30025826800977
 20
214.35204706693054
 10
374.27217636319057
 20
214.3772576902746
 10
374.25560431622324
 20
214.40360613661193
 10
374.2492910489397
 20
214.42985727942343
 10
374.2521515580717
 20
214.4556175680864
 10
374.2639912059209
 20
214.4808528467648
 10
374.29031197821604
 20
214.50936256530647
  0
LWPOLYLINE
  5
636
330
17
100
AcDbEntity
  8
OUTLINE
100
AcDbPolyline
 90
15
 70
0
 10
374.68202564823196
 20
214.4903074243002
 10
374.6780654560241
 20
214.4938459934351
 10
374.6741461466205
 20
214.49728358143057
 10
374.6702659425079
 20
214.5006217972426
 10
374.6664230355263
 20
214.50386215788672
 10
374.6626156788093
 20
214.5070061650552
 10
374.6588420795202
 20
214.51005527447006
 10
374.65510053676275
 20
214.5130108805598
 10
374.6513893189939
 20
214.5158743317827
 10
374.6477066946706
 20
214.51864697659707
 10
374.6440509935434
 20
214.5213300715209
 10
374.64042053003925
 20
214.5239248577488
 10
374.63681361858545
 20
214.5264325305051
 10
374.63322860425575
 20
214.5288542390441
 10
374.62966383212415
 20
214.53119111729666
  0
LWPOLYLINE
  5
637
330
17
100
AcDbEntity
  8
OUTLINE
100
AcDbPolyline
 90
15
 70
0
 10
374.6622864098072
 20
214.36089687623695
 10
374.66380658202513
 20
214.37757830156139
 10
374.66527531362317
 20
214.3928208299279
 10
374.66670164540136
 20
214.40671837839318
 10
374.66809437298554
 20
214.41935655873652
 10
374.669462077474
 20
214.43081322910203
 10
374.6708131867312
 20
214.4411589843469
 10
374.6721560213579
 20
214.45045756977316
 10
374.67349887130797
 20
214.45876627953558
 10
374.67484998056517
 20
214.46613627843305
 10
374.67621768505364
 20
214.47261300031658
 10
374.6776104126378
 20
214.47823633197007
 10
374.679036744416
 20
214.4830409195781
 10
374.68050547601405
 20
214.4870563679299
 10
374.68202564823196
 20
214.4903074243002
  0
LWPOLYLINE
  5
638
330
17
100
AcDbEntity
  8
OUTLINE
100
AcDbPolyline
 90
15
 70
0
 10
374.4570237792756
 20
214.30599669462285
 10
374.47283158749536
 20
214.31693987819298
 10
374.48810447149725
 20
214.3266383581253
 10
374.50293653221865
 20
214.3351518649937
 10
374.5174191430335
 20
214.3425328507617
 10
374.53164153204114
 20
214.34882679525055
 10
374.5456913337084
 20
214.3540724666367
 10
374.5596550945414
 20
214.3583021972728
 10
374.57361885537443
 20
214.36154205224508
 10
374.58766865704166
 20
214.3638119826072
 10
374.60189104604933
 20
214.36512596329067
 10
374.61637365686414
 20
214.36549210036884
 10
374.63120571758554
 20
214.36491266170333
 10
374.6464786015875
 20
214.36338404629757
 10
374.6622864098072
 20
214.36089687623695
  0
LWPOLYLINE
  5
639
330
17
100
AcDbEntity
  8
OUTLINE
100
AcDbPolyline
 90
15
 70
0
 10
374.2715003718454
 20
214.38050707639542
 10
374.2857880078472
 20
214.38148401911815
 10
374.29959217557445
 20
214.38155349536794
 10
374.31299788919426
 20
214.38071593419966
 10
374.3260877724249
 20
214.37896617163096
 10
374.3389424569441
 20
214.3762934199953
 10
374.3516411493541
 20
214.37268120664856
 10
374.3642620755605
 20
214.36810731267542
 10
374.3768830017668
 20
214.36254351239168
 10
374.38958169417685
 20
214.3559555580209
 10
374.40243637869605
 20
214.34830284257987
 10
374.41552626192674
 20
214.33953823132128
 10
374.42893197554656
 20
214.32960770929577
 10
374.4427361432738
 20
214.31845012085424
 10
374.4570237792756
 20
214.30599669462285
  0
LWPOLYLINE
  5
63A
330
17
100
AcDbEntity
  8
OUTLINE
100
AcDbPolyline
 90
15
 70
0
 10
374.2912395949468
 20
214.50991763978203
 10
374.2897194380522
 20
214.50666658341174
 10
374.28825070645416
 20
214.50265111973656
 10
374.286824374676
 20
214.49784653212853
 10
374.2854316317684
 20
214.49222320047502
 10
374.28406392727993
 20
214.4857464785915
 10
374.28271281802273
 20
214.47837647969405
 10
374.2813699833961
 20
214.47006778525503
 10
374.28002714876936
 20
214.46076919982877
 10
374.27867603951216
 20
214.45042342926047
 10
374.2773083350237
 20
214.438966758895
 10
374.2759156074395
 20
214.42632857855162
 10
374.2744892756613
 20
214.41243103008637
 10
374.2730205440633
 20
214.39718850171985
 10
374.2715003718454
 20
214.38050707639542
  0
LWPOLYLINE
  5
63B
330
17
100
AcDbEntity
  8
OUTLINE
100
AcDbPolyline
 90
15
 70
0
 10
374.31985965721907
 20
214.5290584998314
 10
374.31787328618697
 20
214.5278292881408
 10
374.3158788550518
 20
214.52657940519725
 10
374.31387616460944
 20
214.5253087130902
 10
374.31186500033255
 20
214.52401707390916
 10
374.3098451476935
 20
214.52270436506703
 10
374.3078163768416
 20
214.5213704333299
 10
374.3057784885727
 20
214.52001514078725
 10
374.3037312683593
 20
214.51863833420518
 10
374.30167448635063
 20
214.5172398909966
 10
374.29960792801927
 20
214.51581964260416
 10
374.297531394161
 20
214.5143774511174
 10
374.29544462427833
 20
214.51291314797905
 10
374.29334744981395
 20
214.51142659527855
 10
374.2912395949468
 20
214.50991763978203
  0
LWPOLYLINE
  5
63C
330
17
100
AcDbEntity
  8
OUTLINE
100
AcDbPolyline
 90
6
 70
0
 10
374.8981562244893
 20
214.78405801913505
 10
374.89370637335736
 20
214.81909072087433
 10
374.8802649255923
 20
214.8537385909998
 10
374.85735170744846
 20
214.8878174883351
 10
374.82425908478035
 20
214.920779586368
 10
374.77761221887425
 20
214.9532990376371
  0
LWPOLYLINE
  5
63D
330
17
100
AcDbEntity
  8
OUTLINE
100
AcDbPolyline
 90
11
 70
0
 10
374.77761221887425
 20
214.9532990376371
 10
374.7223381312233
 20
214.9804734913067
 10
374.65705117364956
 20
215.0025209532449
 10
374.5835599811857
 20
215.01786810971763
 10
374.5046718601541
 20
215.02522856214318
 10
374.42395930567477
 20
215.02385414600994
 10
374.3453323258537
 20
215.01370230826416
 10
374.2725096315974
 20
214.99546805657792
 10
374.20852218942713
 20
214.9704651571073
 10
374.19182478180704
 20
214.96212783857592
 10
374.17591380120314
 20
214.9532990376371
  0
LWPOLYLINE
  5
63E
330
17
100
AcDbEntity
  8
OUTLINE
100
AcDbPolyline
 90
6
 70
0
 10
374.17591380120314
 20
214.9532990376371
 10
374.1296188675927
 20
214.92107341236925
 10
374.0950991776237
 20
214.8865100200923
 10
374.0718344255922
 20
214.85096047573523
 10
374.05890530004496
 20
214.8153018288421
 10
374.05536978026464
 20
214.78405801913505
  0
LWPOLYLINE
  5
63F
330
17
100
AcDbEntity
  8
OUTLINE
100
AcDbPolyline
 90
2
 70
0
 10
374.6622864098072
 20
214.36089687623695
 10
374.6622864098072
 20
214.5072748913438
  0
LWPOLYLINE
  5
640
330
17
100
AcDbEntity
  8
OUTLINE
100
AcDbPolyline
 90
2
 70
0
 10
374.4570237792756
 20
214.30599669462285
 10
374.4570237792756
 20
214.4682474891226
  0
LWPOLYLINE
  5
641
330
17
100
AcDbEntity
  8
OUTLINE
100
AcDbPolyline
 90
15
 70
0
 10
374.4570237792756
 20
214.4682474891226
 10
374.47141808139446
 20
214.47564862514832
 10
374.4853631476918
 20
214.4824023173042
 10
374.498929971433
 20
214.48854299724735
 10
374.5121876151362
 20
214.49410189404634
 10
374.5252035783341
 20
214.4991073100023
 10
374.53804415001116
 20
214.50358475855944
 10
374.5507746844254
 20
214.50755701027515
 10
374.56345999951606
 20
214.51104429202405
 10
374.5761646986949
 20
214.51406437893849
 10
374.5889534466674
 20
214.51663260973166
 10
374.6018913678405
 20
214.51876210122535
 10
374.6150443374674
 20
214.52046367173287
 10
374.6284792881151
 20
214.52174599429284
 10
374.64226466936634
 20
214.52261558134597
  0
LWPOLYLINE
  5
642
330
17
100
AcDbEntity
  8
OUTLINE
100
AcDbPolyline
 90
15
 70
0
 10
374.32643483188264
 20
214.5325089901212
 10
374.335607658248
 20
214.5298975320451
 10
374.34469093472285
 20
214.52702752241134
 10
374.3537130249019
 20
214.52388998171338
 10
374.36270215446916
 20
214.52047510298172
 10
374.37168639587514
 20
214.5167722058136
 10
374.3806938522168
 20
214.51276973637303
 10
374.3897526572379
 20
214.50845517545045
 10
374.39889115920994
 20
214.5038150384628
 10
374.40813789028476
 20
214.4988347988364
 10
374.4175217810226
 20
214.49349891865396
 10
374.42707212974483
 20
214.48779071074384
 10
374.43681883238514
 20
214.4816923233568
 10
374.4467923211959
 20
214.47518469419586
 10
374.4570237792756
 20
214.4682474891226
  0
LWPOLYLINE
  5
643
330
17
100
AcDbEntity
  8
OUTLINE
100
AcDbPolyline
 90
2
 70
0
 10
374.7653634211915
 20
214.9601768492511
 10
374.7540912750871
 20
214.96705466086513
  0
LWPOLYLINE
  5
644
330
17
100
AcDbEntity
  8
OUTLINE
100
AcDbPolyline
 90
9
 70
0
 10
374.7540912750871
 20
214.96705466086513
 10
374.70086440764953
 20
214.99303295539616
 10
374.63769171011995
 20
215.01383004404232
 10
374.5665108098272
 20
215.02782155553442
 10
374.49032797198794
 20
215.03371390462092
 10
374.4129336975904
 20
215.03082127766365
 10
374.3384001928225
 20
215.01923650375863
 10
374.2704816422384
 20
214.9998379655848
 10
374.19943474499024
 20
214.96705466086513
  0
LWPOLYLINE
  5
645
330
17
100
AcDbEntity
  8
OUTLINE
100
AcDbPolyline
 90
2
 70
0
 10
374.19943474499024
 20
214.96705466086513
 10
374.1881625835625
 20
214.9601768492511
  0
LWPOLYLINE
  5
646
330
17
100
AcDbEntity
  8
OUTLINE
100
AcDbPolyline
 90
14
 70
0
 10
355.8372533784227
 20
204.20223070613548
 10
355.7711514157106
 20
204.22398786645212
 10
355.69698682155445
 20
204.23895532464664
 10
355.6176109263756
 20
204.24587621030966
 10
355.53661518032766
 20
204.24404062143415
 10
355.45789937081537
 20
204.23344483443634
 10
355.38514650524684
 20
204.21481508605692
 10
355.32133659987187
 20
204.18948314743506
 10
355.26842421436515
 20
204.1591450726579
 10
355.22725136900135
 20
204.1255658710671
 10
355.1976983574587
 20
204.09030166355325
 10
355.1790166781109
 20
204.05449906873548
 10
355.17176342812104
 20
204.0287985412931
 10
355.1693364330125
 20
204.00280072476335
  0
LWPOLYLINE
  5
647
330
17
100
AcDbEntity
  8
OUTLINE
100
AcDbPolyline
 90
2
 70
0
 10
355.1693364330125
 20
204.00280072476335
 10
355.17240111099153
 20
203.9735975002418
  0
LWPOLYLINE
  5
648
330
17
100
AcDbEntity
  8
OUTLINE
100
AcDbPolyline
 90
14
 70
0
 10
355.8372533784227
 20
204.307669067226
 10
355.7711514157106
 20
204.32942622754263
 10
355.69698682155445
 20
204.34439368573715
 10
355.6176109263756
 20
204.35131457140017
 10
355.53661518032766
 20
204.34947898252466
 10
355.45789937081537
 20
204.33888319552685
 10
355.38514650524684
 20
204.32025344714742
 10
355.32133659987187
 20
204.29492152384896
 10
355.26842421436515
 20
204.26458343374838
 10
355.22725136900135
 20
204.2310042321576
 10
355.1976983574587
 20
204.19574002464375
 10
355.1790166781109
 20
204.15993742982596
 10
355.17176342812104
 20
204.13423690238358
 10
355.1693364330125
 20
204.10823908585382
  0
LWPOLYLINE
  5
649
330
17
100
AcDbEntity
  8
OUTLINE
100
AcDbPolyline
 90
2
 70
0
 10
355.8372533784227
 20
204.307669067226
 10
355.8372533784227
 20
204.20223070613548
  0
LWPOLYLINE
  5
64A
330
17
100
AcDbEntity
  8
OUTLINE
100
AcDbPolyline
 90
2
 70
0
 10
355.8372533784227
 20
204.307669067226
 10
356.9205070373827
 20
203.8726099709802
  0
LWPOLYLINE
  5
64B
330
17
100
AcDbEntity
  8
OUTLINE
100
AcDbPolyline
 90
2
 70
0
 10
356.9205070373827
 20
203.8726099709802
 10
356.9205070373827
 20
203.76717160988972
  0
LWPOLYLINE
  5
64C
330
17
100
AcDbEntity
  8
OUTLINE
100
AcDbPolyline
 90
2
 70
0
 10
355.8372533784227
 20
204.20223070613548
 10
356.9205070373827
 20
203.76717160988972
  0
LWPOLYLINE
  5
64D
330
17
100
AcDbEntity
  8
OUTLINE
100
AcDbPolyline
 90
2
 70
0
 10
356.43358894674515
 20
203.36831164714542
 10
356.9205070373827
 20
203.76717160988972
  0
LWPOLYLINE
  5
64E
330
17
100
AcDbEntity
  8
OUTLINE
100
AcDbPolyline
 90
2
 70
0
 10
355.976068580417
 20
203.5520621383648
 10
356.43358894674515
 20
203.36831164714542
  0
LWPOLYLINE
  5
64F
330
17
100
AcDbEntity
  8
OUTLINE
100
AcDbPolyline
 90
2
 70
0
 10
355.407343308943
 20
203.7011180690897
 10
355.4312912543129
 20
203.7176503212135
  0
LWPOLYLINE
  5
650
330
17
100
AcDbEntity
  8
OUTLINE
100
AcDbPolyline
 90
8
 70
0
 10
355.4312912543129
 20
203.7176503212135
 10
355.4729366883444
 20
203.73686533114656
 10
355.523973567545
 20
203.7504955477517
 10
355.5813543148387
 20
203.75659441016384
 10
355.64046553255315
 20
203.75401560623163
 10
355.69605885238576
 20
203.7428707515271
 10
355.72799127991135
 20
203.73168528983933
 10
355.7562973965715
 20
203.7176503212135
  0
LWPOLYLINE
  5
651
330
17
100
AcDbEntity
  8
OUTLINE
100
AcDbPolyline
 90
21
 70
0
 10
355.7562973965715
 20
203.7176503212135
 10
355.78898272353615
 20
203.69339485073178
 10
355.80986360047825
 20
203.6672869662924
 10
355.81996614287874
 20
203.6409118112865
 10
355.82055762572867
 20
203.61495385089387
 10
355.8122159247078
 20
203.5895063432654
 10
355.79455813894947
 20
203.56471968747297
 10
355.76671720975975
 20
203.54134172623696
 10
355.7282007353278
 20
203.5208727879854
 10
355.6797414035415
 20
203.50534576556208
 10
355.6238354099381
 20
203.49682280416215
 10
355.56469711579365
 20
203.49675187219032
 10
355.50751299823906
 20
203.505424129378
 10
355.4572130821522
 20
203.52179695695335
 10
355.4172895834133
 20
203.54380257071375
 10
355.3892076785941
 20
203.56901319405782
 10
355.37263563162674
 20
203.59536162507175
 10
355.3663223643432
 20
203.62161278320664
 10
355.36918287347527
 20
203.64737307186962
 10
355.3810225213244
 20
203.67260833522462
 10
355.407343308943
 20
203.7011180690897
  0
LWPOLYLINE
  5
652
330
17
100
AcDbEntity
  8
OUTLINE
100
AcDbPolyline
 90
15
 70
0
 10
355.7990569636355
 20
203.6820629280834
 10
355.79509677142767
 20
203.6856014972183
 10
355.79117747734745
 20
203.68903908521378
 10
355.7872972579114
 20
203.6923773010258
 10
355.78345436625324
 20
203.69561766166993
 10
355.7796469942128
 20
203.69876166883842
 10
355.7758733949237
 20
203.70181077825328
 10
355.77213185216624
 20
203.704766384343
 10
355.7684206343974
 20
203.7076298355659
 10
355.7647380100741
 20
203.71040248038028
 10
355.76108230894687
 20
203.71308557530412
 10
355.7574518454428
 20
203.71568036153198
 10
355.75384493398894
 20
203.71818803428832
 10
355.7502599196593
 20
203.72060974282732
 10
355.7466951628511
 20
203.72294660575648
  0
LWPOLYLINE
  5
653
330
17
100
AcDbEntity
  8
OUTLINE
100
AcDbPolyline
 90
15
 70
0
 10
355.7793177252107
 20
203.55265236469677
 10
355.7808378974286
 20
203.5693338053446
 10
355.7823066290267
 20
203.5845763337111
 10
355.7837329608049
 20
203.5984738821764
 10
355.7851256883891
 20
203.61111204719634
 10
355.78649340820095
 20
203.62256873288524
 10
355.78784451745815
 20
203.63291448813013
 10
355.7891873520848
 20
203.64221307355638
 10
355.79053018671146
 20
203.6505217679954
 10
355.79188129596866
 20
203.65789178221627
 10
355.79324900045714
 20
203.6643684887764
 10
355.7946417280413
 20
203.66999182042989
 10
355.7960680598195
 20
203.6747964233613
 10
355.79753679141754
 20
203.6788118717131
 10
355.7990569636355
 20
203.6820629280834
  0
LWPOLYLINE
  5
654
330
17
100
AcDbEntity
  8
OUTLINE
100
AcDbPolyline
 90
15
 70
0
 10
355.5740550946791
 20
203.49775219840606
 10
355.58986290289886
 20
203.5086953819762
 10
355.60513578690075
 20
203.51839386190852
 10
355.61996784762215
 20
203.5269073534535
 10
355.634450458437
 20
203.53428833922152
 10
355.6486728474447
 20
203.54058228371036
 10
355.6627226491119
 20
203.5458279704199
 10
355.6766864099449
 20
203.550057701056
 10
355.6906501861013
 20
203.5532975560283
 10
355.7046999724452
 20
203.55556748639037
 10
355.7189223767762
 20
203.55688146707388
 10
355.7334049875911
 20
203.55724760415202
 10
355.7482370329891
 20
203.55666816548654
 10
355.763509916991
 20
203.55513955008078
 10
355.7793177252107
 20
203.55265236469677
  0
LWPOLYLINE
  5
655
330
17
100
AcDbEntity
  8
OUTLINE
100
AcDbPolyline
 90
15
 70
0
 10
355.38853168724887
 20
203.5722625801786
 10
355.4028193232507
 20
203.57323952290136
 10
355.41662349097794
 20
203.57330899915115
 10
355.43002920459776
 20
203.57247143798287
 10
355.44311908782845
 20
203.57072167541418
 10
355.45597377234765
 20
203.56804892377852
 10
355.4686724647577
 20
203.56443671043178
 10
355.481293390964
 20
203.55986280113524
 10
355.4939143171703
 20
203.55429901617487
 10
355.5066130095804
 20
203.5477110618041
 10
355.51946769409955
 20
203.54005834636308
 10
355.53255757733024
 20
203.5312937351045
 10
355.54596330627345
 20
203.52136321307898
 10
355.5597674586773
 20
203.51020562463745
 10
355.5740550946791
 20
203.49775219840606
  0
LWPOLYLINE
  5
656
330
17
100
AcDbEntity
  8
OUTLINE
100
AcDbPolyline
 90
15
 70
0
 10
355.40827092567366
 20
203.70167312824185
 10
355.40675075345575
 20
203.69842207187156
 10
355.40528202185766
 20
203.69440662351974
 10
355.40385569007947
 20
203.68960203591175
 10
355.4024629624953
 20
203.68397870425824
 10
355.4010952426834
 20
203.6775019823747
 10
355.3997441334262
 20
203.67013198347726
 10
355.39840129879957
 20
203.66182327371484
 10
355.3970584641729
 20
203.6525246882886
 10
355.3957073549157
 20
203.64217893304368
 10
355.39433965042724
 20
203.6307222626782
 10
355.39294692284307
 20
203.61808408233483
 10
355.3915205910649
 20
203.60418653386958
 10
355.3900518594668
 20
203.58894400550304
 10
355.38853168724887
 20
203.5722625801786
  0
LWPOLYLINE
  5
657
330
17
100
AcDbEntity
  8
OUTLINE
100
AcDbPolyline
 90
15
 70
0
 10
355.43689097262256
 20
203.7208140036146
 10
355.43490460159046
 20
203.719584791924
 10
355.4329101857787
 20
203.71833490898047
 10
355.4309074953364
 20
203.7170642168734
 10
355.42889631573604
 20
203.71577257769238
 10
355.426876463097
 20
203.71445986885024
 10
355.4248476922451
 20
203.7131259371131
 10
355.4228098039762
 20
203.71177062924707
 10
355.42076258376284
 20
203.7103938379884
 10
355.4187058017542
 20
203.70899539477978
 10
355.41663924342276
 20
203.70757514638737
 10
355.4145627095645
 20
203.70613295490062
 10
355.4124759550052
 20
203.70466865176226
 10
355.41037876521744
 20
203.70318209906176
 10
355.40827092567366
 20
203.70167312824185
  0
LWPOLYLINE
  5
658
330
17
100
AcDbEntity
  8
OUTLINE
100
AcDbPolyline
 90
6
 70
0
 10
356.01518755521624
 20
203.97581352291823
 10
356.0107376887609
 20
204.01084622465754
 10
355.99729624099587
 20
204.045494094783
 10
355.97438302285195
 20
204.0795729921183
 10
355.9412904155073
 20
204.11253509015123
 10
355.89464353427775
 20
204.14505454142028
  0
LWPOLYLINE
  5
659
330
17
100
AcDbEntity
  8
OUTLINE
100
AcDbPolyline
 90
11
 70
0
 10
355.89464353427775
 20
204.14505454142028
 10
355.83936944662685
 20
204.1722289950899
 10
355.7740824890531
 20
204.19427644170472
 10
355.70059129658927
 20
204.20962361350084
 10
355.6217031755576
 20
204.2169840659264
 10
355.54099062107827
 20
204.21560964979315
 10
355.46236364125724
 20
204.20545781204737
 10
355.3895409470009
 20
204.18722356036113
 10
355.3255535048306
 20
204.1622206608905
 10
355.30885611253393
 20
204.15388332703574
 10
355.29294511660663
 20
204.14505454142028
  0
LWPOLYLINE
  5
65A
330
17
100
AcDbEntity
  8
OUTLINE
100
AcDbPolyline
 90
6
 70
0
 10
355.29294511660663
 20
204.14505454142028
 10
355.24665018299623
 20
204.11282891615247
 10
355.2121304930272
 20
204.0782655238755
 10
355.18886574099577
 20
204.04271596419505
 10
355.17593663077184
 20
204.00705733262532
 10
355.17240111099153
 20
203.97581352291823
  0
LWPOLYLINE
  5
65B
330
17
100
AcDbEntity
  8
OUTLINE
100
AcDbPolyline
 90
2
 70
0
 10
355.7793177252107
 20
203.55265236469677
 10
355.7793177252107
 20
203.699030395127
  0
LWPOLYLINE
  5
65C
330
17
100
AcDbEntity
  8
OUTLINE
100
AcDbPolyline
 90
2
 70
0
 10
355.5740550946791
 20
203.49775219840606
 10
355.5740550946791
 20
203.66000299290582
  0
LWPOLYLINE
  5
65D
330
17
100
AcDbEntity
  8
OUTLINE
100
AcDbPolyline
 90
15
 70
0
 10
355.5740550946791
 20
203.66000299290582
 10
355.5884494121214
 20
203.66740412893154
 10
355.6023944630953
 20
203.67415782108742
 10
355.61596128683647
 20
203.68029850103056
 10
355.62921893053976
 20
203.68585738250616
 10
355.64223489373757
 20
203.69086281378551
 10
355.65507546541465
 20
203.69534026234265
 10
355.6678059998289
 20
203.69931251405836
 10
355.68049133024294
 20
203.70279979580727
 10
355.6931960140985
 20
203.7058198673983
 10
355.70598476207095
 20
203.70838811351487
 10
355.71892268324405
 20
203.71051760500856
 10
355.7320756528709
 20
203.71221917551608
 10
355.745510618842
 20
203.71350149807606
 10
355.75929598476984
 20
203.7143710851292
  0
LWPOLYLINE
  5
65E
330
17
100
AcDbEntity
  8
OUTLINE
100
AcDbPolyline
 90
15
 70
0
 10
355.4434661472862
 20
203.7242644939044
 10
355.45263898897497
 20
203.72165303582833
 10
355.4617222501264
 20
203.71878302619453
 10
355.47074435562877
 20
203.7156454854966
 10
355.4797334698727
 20
203.71223060676493
 10
355.48871771127864
 20
203.7085277095968
 10
355.4977251676203
 20
203.70452524015624
 10
355.5067839879648
 20
203.70021067923366
 10
355.5159224746135
 20
203.6955705269226
 10
355.5251692056883
 20
203.69059030261963
 10
355.5345530964261
 20
203.68525442243717
 10
355.5441034604717
 20
203.67954621452705
 10
355.5538501477887
 20
203.67344782714002
 10
355.56382363659947
 20
203.66694019797907
 10
355.5740550946791
 20
203.66000299290582
  0
LWPOLYLINE
  5
65F
330
17
100
AcDbEntity
  8
OUTLINE
100
AcDbPolyline
 90
2
 70
0
 10
355.8823947519184
 20
204.1519323530343
 10
355.87112259049064
 20
204.15881016464834
  0
LWPOLYLINE
  5
660
330
17
100
AcDbEntity
  8
OUTLINE
100
AcDbPolyline
 90
9
 70
0
 10
355.87112259049064
 20
204.15881016464834
 10
355.8178957383765
 20
204.18478844385598
 10
355.7547230255235
 20
204.20558554782554
 10
355.6835421405541
 20
204.21957704399424
 10
355.6073592873915
 20
204.22546940840414
 10
355.5299650129939
 20
204.22257678144686
 10
355.455431508226
 20
204.21099200754185
 10
355.3875129576419
 20
204.191593469368
 10
355.31646606039374
 20
204.15881016464834
  0
LWPOLYLINE
  5
661
330
17
100
AcDbEntity
  8
OUTLINE
100
AcDbPolyline
 90
2
 70
0
 10
355.31646606039374
 20
204.15881016464834
 10
355.30519389896597
 20
204.1519323530343
  0
LWPOLYLINE
  5
662
330
17
100
AcDbEntity
  8
OUTLINE
100
AcDbPolyline
 90
14
 70
0
 10
386.07187904632553
 20
228.96898611938843
 10
386.00577708361345
 20
228.99074329502847
 10
385.9316124894573
 20
229.00571075322298
 10
385.85223659427845
 20
229.012631638886
 10
385.7712408482305
 20
229.0107960500105
 10
385.6925250387182
 20
229.0002002630127
 10
385.61977217314967
 20
228.98157051463326
 10
385.5559622677747
 20
228.9562385760114
 10
385.503049882268
 20
228.92590050123422
 10
385.4618770369042
 20
228.89232128432005
 10
385.43232402536154
 20
228.8570570921296
 10
385.4136423460138
 20
228.82125448198843
 10
385.4063890960239
 20
228.79555396986942
 10
385.4039621009154
 20
228.7695561533397
  0
LWPOLYLINE
  5
663
330
17
100
AcDbEntity
  8
OUTLINE
100
AcDbPolyline
 90
2
 70
0
 10
385.4039621009154
 20
228.7695561533397
 10
385.40702677889436
 20
228.74035292881814
  0
LWPOLYLINE
  5
664
330
17
100
AcDbEntity
  8
OUTLINE
100
AcDbPolyline
 90
14
 70
0
 10
386.07187904632553
 20
229.07442448047894
 10
386.00577708361345
 20
229.09618165611897
 10
385.9316124894573
 20
229.1111491143135
 10
385.85223659427845
 20
229.1180699999765
 10
385.7712408482305
 20
229.11623441110098
 10
385.6925250387182
 20
229.10563862410316
 10
385.61977217314967
 20
229.08700887572377
 10
385.5559622677747
 20
229.0616769371019
 10
385.503049882268
 20
229.03133886232473
 10
385.4618770369042
 20
228.99775966073392
 10
385.43232402536154
 20
228.9624954532201
 10
385.4136423460138
 20
228.9266928584023
 10
385.4063890960239
 20
228.90099233095992
 10
385.4039621009154
 20
228.87499451443017
  0
LWPOLYLINE
  5
665
330
17
100
AcDbEntity
  8
OUTLINE
100
AcDbPolyline
 90
2
 70
0
 10
386.07187904632553
 20
229.07442448047894
 10
386.07187904632553
 20
228.96898611938843
  0
LWPOLYLINE
  5
666
330
17
100
AcDbEntity
  8
OUTLINE
100
AcDbPolyline
 90
2
 70
0
 10
386.07187904632553
 20
229.07442448047894
 10
387.15513270528555
 20
228.63936539955654
  0
LWPOLYLINE
  5
667
330
17
100
AcDbEntity
  8
OUTLINE
100
AcDbPolyline
 90
2
 70
0
 10
387.15513270528555
 20
228.63936539955654
 10
387.15513270528555
 20
228.53392702314267
  0
LWPOLYLINE
  5
668
330
17
100
AcDbEntity
  8
OUTLINE
100
AcDbPolyline
 90
2
 70
0
 10
386.07187904632553
 20
228.96898611938843
 10
387.15513270528555
 20
228.53392702314267
  0
LWPOLYLINE
  5
669
330
17
100
AcDbEntity
  8
OUTLINE
100
AcDbPolyline
 90
2
 70
0
 10
386.668214614648
 20
228.13506707572174
 10
387.15513270528555
 20
228.53392702314267
  0
LWPOLYLINE
  5
66A
330
17
100
AcDbEntity
  8
OUTLINE
100
AcDbPolyline
 90
2
 70
0
 10
386.21069424831984
 20
228.31881756694114
 10
386.668214614648
 20
228.13506707572174
  0
LWPOLYLINE
  5
66B
330
17
100
AcDbEntity
  8
OUTLINE
100
AcDbPolyline
 90
2
 70
0
 10
385.6419689768458
 20
228.46787349766603
 10
385.66591692221573
 20
228.48440574978986
  0
LWPOLYLINE
  5
66C
330
17
100
AcDbEntity
  8
OUTLINE
100
AcDbPolyline
 90
8
 70
0
 10
385.66591692221573
 20
228.48440574978986
 10
385.70756235624725
 20
228.5036207597229
 10
385.75859923544783
 20
228.5172509610047
 10
385.8159799827415
 20
228.5233498387402
 10
385.87509120045604
 20
228.52077103480798
 10
385.9306845202886
 20
228.50962618010342
 10
385.9626169478142
 20
228.49844070309229
 10
385.9909230644743
 20
228.48440574978986
  0
LWPOLYLINE
  5
66D
330
17
100
AcDbEntity
  8
OUTLINE
100
AcDbPolyline
 90
21
 70
0
 10
385.9909230644743
 20
228.48440574978986
 10
386.023608391439
 20
228.4601502793081
 10
386.0444892683811
 20
228.43404239486875
 10
386.0545918107816
 20
228.40766723986283
 10
386.0551832936315
 20
228.38170927947021
 10
386.0468415926107
 20
228.35626177184176
 10
386.0291838068523
 20
228.33147511604932
 10
386.0013428776626
 20
228.3080971548133
 10
385.9628264032307
 20
228.28762821656173
 10
385.91436707144436
 20
228.27210119413843
 10
385.85846107784096
 20
228.2635782327385
 10
385.7993227836965
 20
228.26350730076666
 10
385.74213866614195
 20
228.27217955795436
 10
385.691838750055
 20
228.2885523855297
 10
385.65191525131615
 20
228.3105579992901
 10
385.62383334649695
 20
228.33576860731077
 10
385.60726129952957
 20
228.3621170536481
 10
385.60094803224604
 20
228.3883681964596
 10
385.6038085413781
 20
228.41412848512257
 10
385.6156481892273
 20
228.43936376380097
 10
385.6419689768458
 20
228.46787349766603
  0
LWPOLYLINE
  5
66E
330
17
100
AcDbEntity
  8
OUTLINE
100
AcDbPolyline
 90
15
 70
0
 10
386.03368263153834
 20
228.44881835665973
 10
386.0297224393305
 20
228.45235691047125
 10
386.0258031452503
 20
228.45579451379012
 10
386.02192292581424
 20
228.45913271427875
 10
386.01808003415607
 20
228.46237309024627
 10
386.0142726621156
 20
228.46551709741476
 10
386.0104990781499
 20
228.46856619150623
 10
386.0067575200691
 20
228.47152179759595
 10
386.0030463023003
 20
228.47438526414226
 10
385.99936367797693
 20
228.47715790895663
 10
385.9957079768497
 20
228.47984100388047
 10
385.99207751334563
 20
228.48243579010833
 10
385.9884706018918
 20
228.48494346286466
 10
385.98488558756213
 20
228.48736517140367
 10
385.98132083075393
 20
228.48970203433282
  0
LWPOLYLINE
  5
66F
330
17
100
AcDbEntity
  8
OUTLINE
100
AcDbPolyline
 90
15
 70
0
 10
386.01394340843694
 20
228.31940779327311
 10
386.0154635653315
 20
228.33608923392094
 10
386.01693229692955
 20
228.35133176228746
 10
386.01835862870774
 20
228.36522929542932
 10
386.0197513716153
 20
228.3778674757727
 10
386.0211190761038
 20
228.3893241461382
 10
386.022470185361
 20
228.39966991670647
 10
386.02381301998764
 20
228.40896850213272
 10
386.0251558546143
 20
228.41727719657175
 10
386.0265069638715
 20
228.42464721079259
 10
386.02787466835997
 20
228.43112391735275
 10
386.02926739594415
 20
228.43674724900623
 10
386.03069372772234
 20
228.44155183661425
 10
386.03216245932043
 20
228.44556730028944
 10
386.03368263153834
 20
228.44881835665973
  0
LWPOLYLINE
  5
670
330
17
100
AcDbEntity
  8
OUTLINE
100
AcDbPolyline
 90
15
 70
0
 10
385.80868076258196
 20
228.264507611659
 10
385.8244885708017
 20
228.27545081055254
 10
385.8397614548036
 20
228.28514927516147
 10
385.854593515525
 20
228.29366278202986
 10
385.86907612633985
 20
228.30104376779786
 10
385.8832985153475
 20
228.3073377122867
 10
385.89734831701475
 20
228.31258339899625
 10
385.91131207784775
 20
228.31681312963235
 10
385.92527585400416
 20
228.32005298460464
 10
385.93932565567144
 20
228.32232289964335
 10
385.95354804467905
 20
228.32363689565022
 10
385.9680306554939
 20
228.32400303272837
 10
385.9828627008919
 20
228.3234235787395
 10
385.9981355848938
 20
228.32189497865713
 10
386.01394340843694
 20
228.31940779327311
  0
LWPOLYLINE
  5
671
330
17
100
AcDbEntity
  8
OUTLINE
100
AcDbPolyline
 90
15
 70
0
 10
385.6231573551517
 20
228.33901799343155
 10
385.6374450064769
 20
228.3399949514777
 10
385.6512491588808
 20
228.3400644277275
 10
385.6646548725006
 20
228.33922686655922
 10
385.6777447557313
 20
228.33747708866713
 10
385.6905994402505
 20
228.33480433703147
 10
385.7032981326605
 20
228.33119213900812
 10
385.71591905886686
 20
228.32661822971158
 10
385.72854000039655
 20
228.3210544447512
 10
385.74123867748324
 20
228.31446647505706
 10
385.75409336200244
 20
228.30681377493943
 10
385.76718324523307
 20
228.29804916368084
 10
385.7805889741763
 20
228.28811864165533
 10
385.79439312658013
 20
228.2769610378904
 10
385.80868076258196
 20
228.264507611659
  0
LWPOLYLINE
  5
672
330
17
100
AcDbEntity
  8
OUTLINE
100
AcDbPolyline
 90
15
 70
0
 10
385.6428965935765
 20
228.4684285568182
 10
385.6413764213586
 20
228.4651775004479
 10
385.63990768976055
 20
228.46116205209609
 10
385.6384813579823
 20
228.4563574491647
 10
385.6370886303981
 20
228.4507341175112
 10
385.6357209259097
 20
228.44425741095105
 10
385.63436981665245
 20
228.4368873967302
 10
385.6330269667024
 20
228.4285787022912
 10
385.63168413207575
 20
228.41928011686494
 10
385.63033302281855
 20
228.40893436162003
 10
385.6289653183301
 20
228.39747767593113
 10
385.6275725907459
 20
228.38483951091118
 10
385.6261462589677
 20
228.37094196244593
 10
385.62467752736967
 20
228.35569943407938
 10
385.6231573551517
 20
228.33901799343155
  0
LWPOLYLINE
  5
673
330
17
100
AcDbEntity
  8
OUTLINE
100
AcDbPolyline
 90
15
 70
0
 10
385.6715166405254
 20
228.48756943219095
 10
385.6695302694933
 20
228.48634022050035
 10
385.66753585368156
 20
228.48509033755678
 10
385.6655331632392
 20
228.48381964544976
 10
385.6635219836389
 20
228.48252800626872
 10
385.66150213099985
 20
228.4812152821032
 10
385.65947336014796
 20
228.47988135036607
 10
385.657435471879
 20
228.47852605782342
 10
385.65538825166567
 20
228.47714926656474
 10
385.653331469657
 20
228.47575080803276
 10
385.6512649113256
 20
228.47433057496372
 10
385.6491883774674
 20
228.47288836815358
 10
385.6471016229081
 20
228.4714240803386
 10
385.6450044331203
 20
228.4699375276381
 10
385.6428965935765
 20
228.4684285568182
  0
LWPOLYLINE
  5
674
330
17
100
AcDbEntity
  8
OUTLINE
100
AcDbPolyline
 90
6
 70
0
 10
386.2498132231191
 20
228.74256895149458
 10
386.24536335666374
 20
228.7776016532339
 10
386.2319219088987
 20
228.81224950803596
 10
386.2090086907548
 20
228.84632842069462
 10
386.17591608341013
 20
228.87929051872757
 10
386.1292692021806
 20
228.91180996999663
  0
LWPOLYLINE
  5
675
330
17
100
AcDbEntity
  8
OUTLINE
100
AcDbPolyline
 90
11
 70
0
 10
386.1292692021806
 20
228.91180996999663
 10
386.0739951145297
 20
228.93898442366626
 10
386.00870815695595
 20
228.96103187028106
 10
385.9352169644921
 20
228.9763790267538
 10
385.85632884346046
 20
228.98373947917935
 10
385.7756162889811
 20
228.9823650630461
 10
385.6969893091601
 20
228.97221324062372
 10
385.62416661490374
 20
228.95397898893748
 10
385.56017917273346
 20
228.92897608946683
 10
385.54348178043676
 20
228.9206387556121
 10
385.52757078450946
 20
228.91180996999663
  0
LWPOLYLINE
  5
676
330
17
100
AcDbEntity
  8
OUTLINE
100
AcDbPolyline
 90
6
 70
0
 10
385.52757078450946
 20
228.91180996999663
 10
385.48127586622246
 20
228.87958432940542
 10
385.44675616093
 20
228.84502095245185
 10
385.4234914088986
 20
228.8094713927714
 10
385.4105622986747
 20
228.77381274587827
 10
385.40702677889436
 20
228.74256895149458
  0
LWPOLYLINE
  5
677
330
17
100
AcDbEntity
  8
OUTLINE
100
AcDbPolyline
 90
2
 70
0
 10
386.01394340843694
 20
228.31940779327311
 10
386.01394340843694
 20
228.46578582370336
  0
LWPOLYLINE
  5
678
330
17
100
AcDbEntity
  8
OUTLINE
100
AcDbPolyline
 90
2
 70
0
 10
385.80868076258196
 20
228.264507611659
 10
385.80868076258196
 20
228.42675842148216
  0
LWPOLYLINE
  5
679
330
17
100
AcDbEntity
  8
OUTLINE
100
AcDbPolyline
 90
15
 70
0
 10
385.80868076258196
 20
228.42675842148216
 10
385.82307508002424
 20
228.4341595421845
 10
385.83702014632155
 20
228.44091324966377
 10
385.85058695473936
 20
228.44705391428352
 10
385.8638445984426
 20
228.4526128110825
 10
385.8768605769638
 20
228.45761824236186
 10
385.8897011333175
 20
228.4620956755956
 10
385.9024316677318
 20
228.46606792731131
 10
385.9151169981458
 20
228.4695552243836
 10
385.9278216820013
 20
228.47257529597462
 10
385.9406104452972
 20
228.47514354209122
 10
385.9535483511469
 20
228.4772730335849
 10
385.9667013207737
 20
228.4789746040924
 10
385.9801362867449
 20
228.480256911329
 10
385.9939216526727
 20
228.48112651370553
  0
LWPOLYLINE
  5
67A
330
17
100
AcDbEntity
  8
OUTLINE
100
AcDbPolyline
 90
15
 70
0
 10
385.678091815189
 20
228.49101992248072
 10
385.6872646568778
 20
228.48840846440464
 10
385.69634791802923
 20
228.48553843944748
 10
385.7053700235316
 20
228.48240089874955
 10
385.71435913777555
 20
228.47898602001789
 10
385.7233433791815
 20
228.47528313817315
 10
385.7323508355231
 20
228.4712806687326
 10
385.74140965586764
 20
228.46696610781
 10
385.7505481425163
 20
228.46232595549895
 10
385.75979487359115
 20
228.45734573119597
 10
385.76917876432896
 20
228.4520098510135
 10
385.77872912837455
 20
228.44630162778
 10
385.7884758156915
 20
228.44020324039298
 10
385.7984493045023
 20
228.43369562655542
 10
385.80868076258196
 20
228.42675842148216
  0
LWPOLYLINE
  5
67B
330
17
100
AcDbEntity
  8
OUTLINE
100
AcDbPolyline
 90
2
 70
0
 10
386.11702041982124
 20
228.91868778161066
 10
386.1057482583935
 20
228.9255655932247
  0
LWPOLYLINE
  5
67C
330
17
100
AcDbEntity
  8
OUTLINE
100
AcDbPolyline
 90
9
 70
0
 10
386.1057482583935
 20
228.9255655932247
 10
386.0525214062793
 20
228.95154387243232
 10
385.98934870874973
 20
228.97234097640188
 10
385.91816780845693
 20
228.98633247257058
 10
385.8419849552943
 20
228.99222483698048
 10
385.76459068089673
 20
228.9893322100232
 10
385.69005717612885
 20
228.9777474207948
 10
385.6221386255447
 20
228.95834889794435
 10
385.55109172829657
 20
228.9255655932247
  0
LWPOLYLINE
  5
67D
330
17
100
AcDbEntity
  8
OUTLINE
100
AcDbPolyline
 90
2
 70
0
 10
385.55109172829657
 20
228.9255655932247
 10
385.5398195821922
 20
228.91868778161066
  0
LWPOLYLINE
  5
67E
330
17
100
AcDbEntity
  8
OUTLINE
100
AcDbPolyline
 90
2
 70
0
 10
331.5180105795872
 20
238.14467543032134
 10
332.7484895298516
 20
239.152624787355
  0
LWPOLYLINE
  5
67F
330
17
100
AcDbEntity
  8
OUTLINE
100
AcDbPolyline
 90
7
 70
0
 10
331.20958886559504
 20
238.097366839146
 10
331.26175858768715
 20
238.0816345905618
 10
331.31588979562616
 20
238.07539010997553
 10
331.37027126516887
 20
238.07883079329577
 10
331.4231838192329
 20
238.0918478597777
 10
331.4729547259305
 20
238.11402983043237
 10
331.5180105795872
 20
238.14467543032134
  0
LWPOLYLINE
  5
680
330
17
100
AcDbEntity
  8
OUTLINE
100
AcDbPolyline
 90
4
 70
0
 10
332.7484895298516
 20
239.152624787355
 10
332.7838160269454
 20
239.18663379470897
 10
332.8132661419249
 20
239.22584175243327
 10
332.83608590271376
 20
239.2692449018729
  0
LWPOLYLINE
  5
681
330
17
100
AcDbEntity
  8
OUTLINE
100
AcDbPolyline
 90
2
 70
0
 10
321.7617637964986
 20
230.19767376537408
 10
331.38645570698884
 20
238.08175981330405
  0
LWPOLYLINE
  5
682
330
17
100
AcDbEntity
  8
OUTLINE
100
AcDbPolyline
 90
2
 70
0
 10
324.9468279348732
 20
240.61263282550325
 10
331.20958886559504
 20
238.097366839146
  0
LWPOLYLINE
  5
683
330
17
100
AcDbEntity
  8
OUTLINE
100
AcDbPolyline
 90
2
 70
0
 10
315.32843675713355
 20
232.73370803240448
 10
324.946844943836
 20
240.61264675446466
  0
LWPOLYLINE
  5
684
330
17
100
AcDbEntity
  8
OUTLINE
100
AcDbPolyline
 90
2
 70
0
 10
308.454098878977
 20
222.07966915258444
 10
310.9645361127404
 20
221.07142095880107
  0
LWPOLYLINE
  5
685
330
17
100
AcDbEntity
  8
OUTLINE
100
AcDbPolyline
 90
2
 70
0
 10
309.59626847437073
 20
224.9235572947477
 10
310.0119679998232
 20
224.75660298571967
  0
LWPOLYLINE
  5
686
330
17
100
AcDbEntity
  8
OUTLINE
100
AcDbPolyline
 90
2
 70
0
 10
313.17713713751476
 20
223.16555929271624
 10
320.31214513928626
 20
229.0102156766182
  0
LWPOLYLINE
  5
687
330
17
100
AcDbEntity
  8
OUTLINE
100
AcDbPolyline
 90
2
 70
0
 10
320.44370001188463
 20
229.07313129363553
 10
321.674178962149
 20
230.08108065066918
  0
LWPOLYLINE
  5
688
330
17
100
AcDbEntity
  8
OUTLINE
100
AcDbPolyline
 90
2
 70
0
 10
332.8360743642012
 20
239.2692179020599
 10
340.03422654667366
 20
245.1655989861646
  0
LWPOLYLINE
  5
689
330
17
100
AcDbEntity
  8
OUTLINE
100
AcDbPolyline
 90
2
 70
0
 10
338.6887245468798
 20
246.8464245811608
 10
341.19916178064324
 20
245.83817638737742
  0
LWPOLYLINE
  5
68A
330
17
100
AcDbEntity
  8
OUTLINE
100
AcDbPolyline
 90
2
 70
0
 10
339.83089414227356
 20
249.69031272332404
 10
342.341331376037
 20
248.68206452954067
  0
LWPOLYLINE
  5
68B
330
17
100
AcDbEntity
  8
OUTLINE
100
AcDbPolyline
 90
4
 70
0
 10
321.674178962149
 20
230.08108065066918
 10
321.70950545924273
 20
230.11508965802312
 10
321.7389555895457
 20
230.15429761574745
 10
321.7617753350112
 20
230.19770076518705
  0
LWPOLYLINE
  5
68C
330
17
100
AcDbEntity
  8
OUTLINE
100
AcDbPolyline
 90
10
 70
0
 10
313.2805113307227
 20
231.46681706078283
 10
313.3461473397948
 20
231.44467431800626
 10
313.4138626409354
 20
231.4300789270418
 10
313.4827923513719
 20
231.42321729692748
 10
313.5520560810614
 20
231.42417707745355
 10
313.62076921070513
 20
231.43294599458468
 10
313.6880540931469
 20
231.44941206498754
 10
313.7530513620347
 20
231.4733649751358
 10
313.8149308573975
 20
231.50449879355023
 10
313.87290224475464
 20
231.542415878263
  0
LWPOLYLINE
  5
68D
330
17
100
AcDbEntity
  8
OUTLINE
100
AcDbPolyline
 90
2
 70
0
 10
313.8715996799966
 20
231.54145724699117
 10
320.13527831321585
 20
229.02582270246018
  0
LWPOLYLINE
  5
68E
330
17
100
AcDbEntity
  8
OUTLINE
100
AcDbPolyline
 90
6
 70
0
 10
326.49043087246343
 20
241.90584473797736
 10
326.5299386169877
 20
241.96988372803128
 10
326.56130191848916
 20
242.03828105793266
 10
326.58404812700655
 20
242.11000598453688
 10
326.5978344276612
 20
242.18397753462716
 10
326.6024530659329
 20
242.25908094691204
  0
LWPOLYLINE
  5
68F
330
17
100
AcDbEntity
  8
OUTLINE
100
AcDbPolyline
 90
7
 70
0
 10
320.13527831321585
 20
229.02582270246018
 10
320.1874480199846
 20
229.010090453876
 10
320.241579243247
 20
229.0038459732897
 10
320.2959607127897
 20
229.00728665660995
 10
320.34887325153034
 20
229.02030372309184
 10
320.3986441582279
 20
229.04248569374656
 10
320.44370001188463
 20
229.07313129363553
  0
LWPOLYLINE
  5
690
330
17
100
AcDbEntity
  8
OUTLINE
100
AcDbPolyline
 90
2
 70
0
 10
310.97458261750404
 20
225.46445666927752
 10
316.9056595032978
 20
230.32291042123398
  0
LWPOLYLINE
  5
691
330
17
100
AcDbEntity
  8
OUTLINE
100
AcDbPolyline
 90
2
 70
0
 10
330.741080479458
 20
241.65622380514384
 10
337.8409173479859
 20
247.47206968768387
  0
LWPOLYLINE
  5
692
330
17
100
AcDbEntity
  8
OUTLINE
100
AcDbPolyline
 90
2
 70
0
 10
326.5932125561543
 20
243.3692855372533
 10
330.7797317231041
 20
241.68788505463843
  0
LWPOLYLINE
  5
693
330
17
100
AcDbEntity
  8
OUTLINE
100
AcDbPolyline
 90
2
 70
0
 10
312.0252927061793
 20
231.9709411576745
 10
313.2805113307227
 20
231.46681706078283
  0
LWPOLYLINE
  5
694
330
17
100
AcDbEntity
  8
OUTLINE
100
AcDbPolyline
 90
2
 70
0
 10
316.6722790345977
 20
233.83451917021264
 10
319.7054211554015
 20
232.6163409179526
  0
LWPOLYLINE
  5
695
330
17
100
AcDbEntity
  8
OUTLINE
100
AcDbPolyline
 90
2
 70
0
 10
326.6024530659329
 20
243.26325583122335
 10
326.6024530659329
 20
242.25908094691204
  0
LWPOLYLINE
  5
696
330
17
100
AcDbEntity
  8
OUTLINE
100
AcDbPolyline
 90
11
 70
0
 10
326.6024530659329
 20
243.26325583122335
 10
326.5981263535621
 20
243.33595570850963
 10
326.58520729548195
 20
243.40762920981734
 10
326.56387830132576
 20
243.47726443977143
 10
326.5344404757049
 20
243.54387831096972
 10
326.4973094196002
 20
243.60653033503405
 10
326.4530093615033
 20
243.6643360152529
 10
326.4021657255727
 20
243.71647925852727
 10
326.34549632068473
 20
243.76222388323637
 10
326.28380119634915
 20
243.80092406978974
 10
326.2179513953412
 20
243.8320334627207
  0
LWPOLYLINE
  5
697
330
17
100
AcDbEntity
  8
OUTLINE
100
AcDbPolyline
 90
2
 70
0
 10
319.6667699117554
 20
232.584679668458
 10
327.97997005567703
 20
239.3944545579198
  0
LWPOLYLINE
  5
698
330
17
100
AcDbEntity
  8
OUTLINE
100
AcDbPolyline
 90
11
 70
0
 10
311.64079103558765
 20
232.53971878917184
 10
311.6451177479584
 20
232.46701891188556
 10
311.6580368060385
 20
232.39534541057785
 10
311.6793658001947
 20
232.32571018062376
 10
311.70880362581556
 20
232.25909632474887
 10
311.7459346819203
 20
232.19644428536114
 10
311.79023474001724
 20
232.13863860514226
 10
311.8410783759478
 20
232.0864953771913
 10
311.8977477808358
 20
232.04075075248218
 10
311.95944290517133
 20
232.00205055060545
 10
312.0252927061793
 20
231.9709411576745
  0
LWPOLYLINE
  5
699
330
17
100
AcDbEntity
  8
OUTLINE
100
AcDbPolyline
 90
2
 70
0
 10
324.9627327707978
 20
244.33615755961236
 10
326.2179513953412
 20
243.8320334627207
  0
LWPOLYLINE
  5
69A
330
17
100
AcDbEntity
  8
OUTLINE
100
AcDbPolyline
 90
2
 70
0
 10
311.86531714393453
 20
234.01805410730637
 10
324.34588937346024
 20
244.24154036193823
  0
LWPOLYLINE
  5
69B
330
17
100
AcDbEntity
  8
OUTLINE
100
AcDbPolyline
 90
2
 70
0
 10
311.64079103558765
 20
233.54389368880655
 10
311.64079103558765
 20
232.53971878917184
  0
LWPOLYLINE
  5
69C
330
17
100
AcDbEntity
  8
OUTLINE
100
AcDbPolyline
 90
10
 70
0
 10
324.9627327707978
 20
244.33615755961236
 10
324.89377550890623
 20
244.35920527114936
 10
324.8225742744751
 20
244.37392547112452
 10
324.75013091073566
 20
244.38011101795325
 10
324.6774647755539
 20
244.37767489010437
 10
324.6055983527674
 20
244.36665135067764
 10
324.5355428635221
 20
244.3471955030256
 10
324.4682840614899
 20
244.31958113015548
 10
324.4047683192307
 20
244.28419678726488
 10
324.34588937346024
 20
244.24154036193823
  0
LWPOLYLINE
  5
69D
330
17
100
AcDbEntity
  8
OUTLINE
100
AcDbPolyline
 90
8
 70
0
 10
311.86531714393453
 20
234.01805410730637
 10
311.8086603195497
 20
233.96532696626008
 10
311.75909978767197
 20
233.90588033486415
 10
311.7174257908417
 20
233.84066204140052
 10
311.68430278189146
 20
233.7707119464309
 10
311.66025889677735
 20
233.69714539353555
 10
311.6456774807445
 20
233.62113532691737
 10
311.64079103558765
 20
233.54389368880655
  0
LWPOLYLINE
  5
69E
330
17
100
AcDbEntity
  8
OUTLINE
100
AcDbPolyline
 90
2
 70
0
 10
357.658668623963
 20
202.3180046555647
 10
360.16910585772644
 20
201.30975646178132
  0
LWPOLYLINE
  5
69F
330
17
100
AcDbEntity
  8
OUTLINE
100
AcDbPolyline
 90
2
 70
0
 10
358.80083821935676
 20
205.16189279772794
 10
358.9654940199005
 20
205.09576331420763
  0
LWPOLYLINE
  5
6A0
330
17
100
AcDbEntity
  8
OUTLINE
100
AcDbPolyline
 90
2
 70
0
 10
387.89329429186586
 20
227.08476008414104
 10
390.40373152562927
 20
226.07651189035766
  0
LWPOLYLINE
  5
6A1
330
17
100
AcDbEntity
  8
OUTLINE
100
AcDbPolyline
 90
2
 70
0
 10
389.0354638872596
 20
229.9286482263043
 10
391.545901121023
 20
228.92040003252092
  0
LWPOLYLINE
  5
6A2
330
17
100
AcDbEntity
  8
OUTLINE
100
AcDbPolyline
 90
2
 70
0
 10
362.1306631575921
 20
203.5047196058808
 10
369.2202682768959
 20
209.31218413046693
  0
LWPOLYLINE
  5
6A3
330
17
100
AcDbEntity
  8
OUTLINE
100
AcDbPolyline
 90
2
 70
0
 10
368.3356731585672
 20
209.6674574768244
 10
373.59608322469387
 20
207.55475819655044
  0
LWPOLYLINE
  5
6A4
330
17
100
AcDbEntity
  8
OUTLINE
100
AcDbPolyline
 90
4
 70
0
 10
368.2071360130812
 20
209.76478224087603
 10
368.24396798726195
 20
209.72486922333584
 10
368.28726698362044
 20
209.69208443224738
 10
368.3356731585672
 20
209.6674574768244
  0
LWPOLYLINE
  5
6A5
330
17
100
AcDbEntity
  8
OUTLINE
100
AcDbPolyline
 90
2
 70
0
 10
381.8971610195461
 20
219.6964867417471
 10
388.98775256675106
 20
225.50475929932918
  0
LWPOLYLINE
  5
6A6
330
17
100
AcDbEntity
  8
OUTLINE
100
AcDbPolyline
 90
2
 70
0
 10
370.8228504518435
 20
210.62494260506128
 10
375.21054634402634
 20
214.2191326725339
  0
LWPOLYLINE
  5
6A7
330
17
100
AcDbEntity
  8
OUTLINE
100
AcDbPolyline
 90
2
 70
0
 10
375.7838345072796
 20
214.68874282572781
 10
380.2945788445985
 20
218.38372826715275
  0
LWPOLYLINE
  5
6A8
330
17
100
AcDbEntity
  8
OUTLINE
100
AcDbPolyline
 90
4
 70
0
 10
379.2814465807838
 20
218.83632637756185
 10
379.31827855496454
 20
218.7964133600217
 10
379.36157753599963
 20
218.7636285689332
 10
379.4099837109464
 20
218.73900161351023
  0
LWPOLYLINE
  5
6A9
330
17
100
AcDbEntity
  8
OUTLINE
100
AcDbPolyline
 90
2
 70
0
 10
379.4099837109464
 20
218.73900161351023
 10
384.668576836763
 20
216.62703206370983
  0
LWPOLYLINE
  5
6AA
330
17
100
AcDbEntity
  8
OUTLINE
100
AcDbPolyline
 90
2
 70
0
 10
359.928108622258
 20
205.8036169977655
 10
364.8578289782269
 20
209.84180749739815
  0
LWPOLYLINE
  5
6AB
330
17
100
AcDbEntity
  8
OUTLINE
100
AcDbPolyline
 90
2
 70
0
 10
366.607851508256
 20
211.27534201970076
 10
379.97514181984
 20
222.22518521168632
  0
LWPOLYLINE
  5
6AC
330
17
100
AcDbEntity
  8
OUTLINE
100
AcDbPolyline
 90
2
 70
0
 10
381.7251643498691
 20
223.6587197339889
 10
386.79444336806324
 20
227.8112300161718
  0
LWPOLYLINE
  5
6AD
330
17
100
AcDbEntity
  8
OUTLINE
100
AcDbPolyline
 90
10
 70
0
 10
373.4067874438457
 20
207.63078364785207
 10
373.422555579809
 20
207.56351606551746
 10
373.4457939909332
 20
207.4984504083406
 10
373.4762073954951
 20
207.4364134191765
 10
373.5134093529249
 20
207.3781933485247
 10
373.55692719793785
 20
207.3245299483558
 10
373.6062079706863
 20
207.27610506354998
 10
373.66062549616544
 20
207.23353400482847
 10
373.7194883523766
 20
207.19735767253113
 10
373.7820486046588
 20
207.16803572238467
  0
LWPOLYLINE
  5
6AE
330
17
100
AcDbEntity
  8
OUTLINE
100
AcDbPolyline
 90
2
 70
0
 10
383.0943404967022
 20
220.67715876387138
 10
386.1293066525455
 20
219.45824793098723
  0
LWPOLYLINE
  5
6AF
330
17
100
AcDbEntity
  8
OUTLINE
100
AcDbPolyline
 90
2
 70
0
 10
372.02002994432297
 20
211.60561462718556
 10
375.0531791445329
 20
210.387433524775
  0
LWPOLYLINE
  5
6B0
330
17
100
AcDbEntity
  8
OUTLINE
100
AcDbPolyline
 90
10
 70
0
 10
386.7194886692773
 20
219.53325212432253
 10
386.6540259064513
 20
219.5553471040928
 10
386.58649240200845
 20
219.56993440430742
 10
386.5177462504595
 20
219.57682864259542
 10
386.4486609616454
 20
219.57594224578355
 10
386.38011433595625
 20
219.56728646124
 10
386.3129773242269
 20
219.55097128025744
 10
386.24810299489627
 20
219.52720398233097
 10
386.18631563907695
 20
219.49628659147544
 10
386.1284003200034
 20
219.4586119381142
  0
LWPOLYLINE
  5
6B1
330
17
100
AcDbEntity
  8
OUTLINE
100
AcDbPolyline
 90
2
 70
0
 10
373.7820486046588
 20
207.16803572238467
 10
375.0372672292022
 20
206.663911625493
  0
LWPOLYLINE
  5
6B2
330
17
100
AcDbEntity
  8
OUTLINE
100
AcDbPolyline
 90
2
 70
0
 10
375.0531720651268
 20
210.3874363596021
 10
383.3277209654023
 20
217.16555001489272
  0
LWPOLYLINE
  5
6B3
330
17
100
AcDbEntity
  8
OUTLINE
100
AcDbPolyline
 90
2
 70
0
 10
386.7194886692773
 20
219.53325212432253
 10
387.9747072938207
 20
219.02912802743086
  0
LWPOLYLINE
  5
6B4
330
17
100
AcDbEntity
  8
OUTLINE
100
AcDbPolyline
 90
10
 70
0
 10
375.0372672292022
 20
206.663911625493
 10
375.10622449109377
 20
206.640863913956
 10
375.1774257255249
 20
206.62614371398084
 10
375.24986908926434
 20
206.6199581671521
 10
375.3225352244461
 20
206.622394295001
 10
375.3944016472326
 20
206.63341783442772
 10
375.4644571364779
 20
206.65287368207976
 10
375.5317159385101
 20
206.68048805494988
 10
375.5952316807693
 20
206.71587239784049
 10
375.65411062653976
 20
206.75852882316713
  0
LWPOLYLINE
  5
6B5
330
17
100
AcDbEntity
  8
OUTLINE
100
AcDbPolyline
 90
2
 70
0
 10
375.65411062653976
 20
206.75852882316713
 10
375.68275805638643
 20
206.78199541489028
  0
LWPOLYLINE
  5
6B6
330
17
100
AcDbEntity
  8
OUTLINE
100
AcDbPolyline
 90
2
 70
0
 10
377.03123861670804
 20
207.88660601786967
 10
386.757068624089
 20
215.85353956689949
  0
LWPOLYLINE
  5
6B7
330
17
100
AcDbEntity
  8
OUTLINE
100
AcDbPolyline
 90
2
 70
0
 10
388.1055491844106
 20
216.9581501545555
 10
388.13468285606547
 20
216.982015077799
  0
LWPOLYLINE
  5
6B8
330
17
100
AcDbEntity
  8
OUTLINE
100
AcDbPolyline
 90
8
 70
0
 10
388.13468285606547
 20
216.982015077799
 10
388.1913396804503
 20
217.03474221884528
 10
388.24090021232803
 20
217.0941888502412
 10
388.2825742091583
 20
217.15940714370484
 10
388.31569721810854
 20
217.22935723867445
 10
388.33974110322265
 20
217.3029237915698
 10
388.3543225192555
 20
217.378933858188
 10
388.35920896441235
 20
217.4561754962988
  0
LWPOLYLINE
  5
6B9
330
17
100
AcDbEntity
  8
OUTLINE
100
AcDbPolyline
 90
11
 70
0
 10
388.35920896441235
 20
218.46035039593352
 10
388.3548822520416
 20
218.5330502732198
 10
388.3419631939615
 20
218.6047237745275
 10
388.3206341998053
 20
218.6743590044816
 10
388.29119637418444
 20
218.7409728603565
 10
388.2540653180797
 20
218.80362489974422
 10
388.20976525998276
 20
218.8614305799631
 10
388.1589216240522
 20
218.91357380791405
 10
388.1022522191642
 20
218.95931843262318
 10
388.04055709482867
 20
218.9980186344999
 10
387.9747072938207
 20
219.02912802743086
  0
LWPOLYLINE
  5
6BA
330
17
100
AcDbEntity
  8
OUTLINE
100
AcDbPolyline
 90
2
 70
0
 10
388.35920896441235
 20
218.46035039593352
 10
388.35920896441235
 20
217.4561754962988
  0
LWPOLYLINE
  5
6BB
330
17
100
AcDbEntity
  8
OUTLINE
100
AcDbPolyline
 90
4
 70
0
 10
375.68257176993546
 20
206.7819463800426
 10
375.72403341522863
 20
206.79608583886414
 10
375.76305557685043
 20
206.8159921941791
 10
375.7988409635014
 20
206.8412587325729
  0
LWPOLYLINE
  5
6BC
330
17
100
AcDbEntity
  8
OUTLINE
100
AcDbPolyline
 90
2
 70
0
 10
375.7988409635014
 20
206.8412587325729
 10
377.02931991376573
 20
207.84920808960652
  0
LWPOLYLINE
  5
6BD
330
17
100
AcDbEntity
  8
OUTLINE
100
AcDbPolyline
 90
4
 70
0
 10
377.02931991376573
 20
207.84920808960652
 10
377.0610940200269
 20
207.87927121679883
 10
377.08826447429175
 20
207.91355167800478
 10
377.1102777957173
 20
207.95135114037672
  0
LWPOLYLINE
  5
6BE
330
17
100
AcDbEntity
  8
OUTLINE
100
AcDbPolyline
 90
4
 70
0
 10
386.75688233763805
 20
215.85349051672844
 10
386.7983439829312
 20
215.86762997554996
 10
386.837366144553
 20
215.88753633086492
 10
386.873151531204
 20
215.9128028692587
  0
LWPOLYLINE
  5
6BF
330
17
100
AcDbEntity
  8
OUTLINE
100
AcDbPolyline
 90
2
 70
0
 10
386.873151531204
 20
215.9128028692587
 10
388.1036304814683
 20
216.92075222629236
  0
LWPOLYLINE
  5
6C0
330
17
100
AcDbEntity
  8
OUTLINE
100
AcDbPolyline
 90
4
 70
0
 10
388.1036304814683
 20
216.92075222629236
 10
388.1377247481637
 20
216.95337688795644
 10
388.1664063338464
 20
216.99084895077988
 10
388.1889952171198
 20
217.03227997994
  0
LWPOLYLINE
  5
6C1
330
17
100
AcDbEntity
  8
OUTLINE
100
AcDbPolyline
 90
2
 70
0
 10
372.83185094354144
 20
224.0552139798609
 10
373.6055279799363
 20
224.0552139798609
  0
LWPOLYLINE
  5
6C2
330
17
100
AcDbEntity
  8
OUTLINE
100
AcDbPolyline
 90
2
 70
0
 10
374.35668243736586
 20
224.0552139798609
 10
374.76259807031073
 20
224.0552139798609
  0
LWPOLYLINE
  5
6C3
330
17
100
AcDbEntity
  8
OUTLINE
100
AcDbPolyline
 90
2
 70
0
 10
372.8607346447369
 20
226.94485520524447
 10
374.76259807031073
 20
226.94485520524447
  0
LWPOLYLINE
  5
6C4
330
17
100
AcDbEntity
  8
OUTLINE
100
AcDbPolyline
 90
5
 70
0
 10
374.76259807031073
 20
224.0552139798609
 10
374.78605410421824
 20
224.05987967626288
 10
374.80593916002124
 20
224.07316644973034
 10
374.81922593348867
 20
224.09305150553334
 10
374.8238916298907
 20
224.11650753944085
  0
LWPOLYLINE
  5
6C5
330
17
100
AcDbEntity
  8
OUTLINE
100
AcDbPolyline
 90
5
 70
0
 10
372.77055738396143
 20
224.11650753944085
 10
372.77522308036345
 20
224.09305150553334
 10
372.78850985383093
 20
224.07316644973034
 10
372.80839490963393
 20
224.05987967626288
 10
372.83185094354144
 20
224.0552139798609
  0
LWPOLYLINE
  5
6C6
330
17
100
AcDbEntity
  8
OUTLINE
100
AcDbPolyline
 90
5
 70
0
 10
374.8238916298907
 20
226.8835616456645
 10
374.81922593348867
 20
226.90701767957202
 10
374.80593916002124
 20
226.92690273537502
 10
374.78605410421824
 20
226.94018950884248
 10
374.76259807031073
 20
226.94485520524447
  0
LWPOLYLINE
  5
6C7
330
17
100
AcDbEntity
  8
OUTLINE
100
AcDbPolyline
 90
2
 70
0
 10
356.23087645008326
 20
212.39063512474138
 10
356.8912308582019
 20
211.34999034262913
  0
LWPOLYLINE
  5
6C8
330
17
100
AcDbEntity
  8
OUTLINE
100
AcDbPolyline
 90
2
 70
0
 10
356.22133607688784
 20
212.80004134928734
 10
356.22133607688784
 20
212.42347576958602
  0
LWPOLYLINE
  5
6C9
330
17
100
AcDbEntity
  8
OUTLINE
100
AcDbPolyline
 90
2
 70
0
 10
359.6882213058898
 20
213.5227140380384
 10
360.04738383586636
 20
212.95671403145718
  0
LWPOLYLINE
  5
6CA
330
17
100
AcDbEntity
  8
OUTLINE
100
AcDbPolyline
 90
2
 70
0
 10
360.0569241937384
 20
212.92387338661254
 10
360.0569241937384
 20
212.02011598613532
  0
LWPOLYLINE
  5
6CB
330
17
100
AcDbEntity
  8
OUTLINE
100
AcDbPolyline
 90
5
 70
0
 10
356.8912308582019
 20
211.34999034262913
 10
356.9033777553418
 20
211.33605232509115
 10
356.919128162143
 20
211.32637039441988
 10
356.9370490505059
 20
211.32182543100686
 10
356.95550993512865
 20
211.32283095185178
  0
LWPOLYLINE
  5
6CC
330
17
100
AcDbEntity
  8
OUTLINE
100
AcDbPolyline
 90
3
 70
0
 10
356.22133607688784
 20
212.42347576958602
 10
356.22376947717333
 20
212.40637659800626
 10
356.23087645008326
 20
212.39063512474138
  0
LWPOLYLINE
  5
6CD
330
17
100
AcDbEntity
  8
OUTLINE
100
AcDbPolyline
 90
3
 70
0
 10
360.0569241937384
 20
212.92387338661254
 10
360.0544908087763
 20
212.9409725581923
 10
360.04738383586636
 20
212.95671403145718
  0
LWPOLYLINE
  5
6CE
330
17
100
AcDbEntity
  8
OUTLINE
100
AcDbPolyline
 90
5
 70
0
 10
360.0081565247006
 20
211.96011596583674
 10
360.0275140115129
 20
211.96776762396385
 10
360.04319457430296
 20
211.98145628397808
 10
360.05338989982926
 20
211.9996033455758
 10
360.0569241937384
 20
212.02011598613532
  0
LWPOLYLINE
  5
6CF
330
17
100
AcDbEntity
  8
OUTLINE
100
AcDbPolyline
 90
2
 70
0
 10
356.95550993512865
 20
211.32283095185178
 10
357.1468931907354
 20
211.36278503607687
  0
LWPOLYLINE
  5
6D0
330
17
100
AcDbEntity
  8
OUTLINE
100
AcDbPolyline
 90
2
 70
0
 10
357.8186661446255
 20
211.5030275505464
 10
358.73081360674206
 20
211.69345179179655
  0
LWPOLYLINE
  5
6D1
330
17
100
AcDbEntity
  8
OUTLINE
100
AcDbPolyline
 90
2
 70
0
 10
359.4025865453088
 20
211.83369429094267
 10
360.0081565247006
 20
211.96011596583674
  0
LWPOLYLINE
  5
6D2
330
17
100
AcDbEntity
  8
OUTLINE
100
AcDbPolyline
 90
2
 70
0
 10
343.77866392311216
 20
238.57659341551934
 10
343.77866392311216
 20
238.26693798475995
  0
LWPOLYLINE
  5
6D3
330
17
100
AcDbEntity
  8
OUTLINE
100
AcDbPolyline
 90
3
 70
0
 10
343.77866392311216
 20
238.57659341551934
 10
343.77623052282667
 20
238.5936925870991
 10
343.76912354991674
 20
238.60943406036398
  0
LWPOLYLINE
  5
6D4
330
17
100
AcDbEntity
  8
OUTLINE
100
AcDbPolyline
 90
2
 70
0
 10
343.76912354991674
 20
238.60943406036398
 10
343.1087691417981
 20
239.65007884247623
  0
LWPOLYLINE
  5
6D5
330
17
100
AcDbEntity
  8
OUTLINE
100
AcDbPolyline
 90
2
 70
0
 10
343.77866392311216
 20
238.04940159474344
 10
343.77866392311216
 20
237.67283601504212
  0
LWPOLYLINE
  5
6D6
330
17
100
AcDbEntity
  8
OUTLINE
100
AcDbPolyline
 90
2
 70
0
 10
339.9430758062616
 20
238.97995319897004
 10
339.9430758062616
 20
238.07619579849282
  0
LWPOLYLINE
  5
6D7
330
17
100
AcDbEntity
  8
OUTLINE
100
AcDbPolyline
 90
2
 70
0
 10
340.61297058757566
 20
237.00271035621253
 10
339.95261616413364
 20
238.04335515364818
  0
LWPOLYLINE
  5
6D8
330
17
100
AcDbEntity
  8
OUTLINE
100
AcDbPolyline
 90
2
 70
0
 10
343.04449006487135
 20
239.67723823325358
 10
339.9918434752994
 20
239.03995321926863
  0
LWPOLYLINE
  5
6D9
330
17
100
AcDbEntity
  8
OUTLINE
100
AcDbPolyline
 90
5
 70
0
 10
343.1087691417981
 20
239.65007884247623
 10
343.0966222446582
 20
239.66401686001421
 10
343.080871837857
 20
239.67369879068548
 10
343.0629509494941
 20
239.6782437540985
 10
343.04449006487135
 20
239.67723823325358
  0
LWPOLYLINE
  5
6DA
330
17
100
AcDbEntity
  8
OUTLINE
100
AcDbPolyline
 90
5
 70
0
 10
343.7298962540744
 20
237.61283599474353
 10
343.74925374088673
 20
237.62048765287065
 10
343.76493430367674
 20
237.63417631288488
 10
343.77512962920304
 20
237.6523233591592
 10
343.77866392311216
 20
237.67283601504212
  0
LWPOLYLINE
  5
6DB
330
17
100
AcDbEntity
  8
OUTLINE
100
AcDbPolyline
 90
5
 70
0
 10
339.9918434752994
 20
239.03995321926863
 10
339.9724859884871
 20
239.0323015611415
 10
339.95680542569704
 20
239.01861290112728
 10
339.94661010017074
 20
239.00046583952957
 10
339.9430758062616
 20
238.97995319897004
  0
LWPOLYLINE
  5
6DC
330
17
100
AcDbEntity
  8
OUTLINE
100
AcDbPolyline
 90
3
 70
0
 10
339.9430758062616
 20
238.07619579849282
 10
339.9455091912237
 20
238.05909662691306
 10
339.95261616413364
 20
238.04335515364818
  0
LWPOLYLINE
  5
6DD
330
17
100
AcDbEntity
  8
OUTLINE
100
AcDbPolyline
 90
5
 70
0
 10
340.61297058757566
 20
237.00271035621253
 10
340.6251174847156
 20
236.98877235399794
 10
340.6408678915168
 20
236.9790904233267
 10
340.65878877987967
 20
236.97454545991368
 10
340.6772496645024
 20
236.97555098075858
  0
LWPOLYLINE
  5
6DE
330
17
100
AcDbEntity
  8
OUTLINE
100
AcDbPolyline
 90
2
 70
0
 10
343.7298962540744
 20
237.61283599474353
 10
340.6772496645024
 20
236.97555098075858
  0
LWPOLYLINE
  5
6DF
330
17
100
AcDbEntity
  8
OUTLINE
100
AcDbPolyline
 90
2
 70
0
 10
327.1392653552631
 20
226.94485520524447
 10
325.23740192968927
 20
226.94485520524447
  0
LWPOLYLINE
  5
6E0
330
17
100
AcDbEntity
  8
OUTLINE
100
AcDbPolyline
 90
2
 70
0
 10
327.16814905645856
 20
224.0552139798609
 10
326.39447206603387
 20
224.0552139798609
  0
LWPOLYLINE
  5
6E1
330
17
100
AcDbEntity
  8
OUTLINE
100
AcDbPolyline
 90
2
 70
0
 10
325.6433176086043
 20
224.0552139798609
 10
325.23740192968927
 20
224.0552139798609
  0
LWPOLYLINE
  5
6E2
330
17
100
AcDbEntity
  8
OUTLINE
100
AcDbPolyline
 90
5
 70
0
 10
325.23740192968927
 20
226.94485520524447
 10
325.21394589578176
 20
226.94018950884248
 10
325.19406083997876
 20
226.92690273537502
 10
325.18077406651133
 20
226.90701767957202
 10
325.1761083701093
 20
226.8835616456645
  0
LWPOLYLINE
  5
6E3
330
17
100
AcDbEntity
  8
OUTLINE
100
AcDbPolyline
 90
5
 70
0
 10
325.1761083701093
 20
224.11650753944085
 10
325.18077406651133
 20
224.09305150553334
 10
325.19406083997876
 20
224.07316644973034
 10
325.21394589578176
 20
224.05987967626288
 10
325.23740192968927
 20
224.0552139798609
  0
LWPOLYLINE
  5
6E4
330
17
100
AcDbEntity
  8
OUTLINE
100
AcDbPolyline
 90
5
 70
0
 10
327.16814905645856
 20
224.0552139798609
 10
327.19160509036607
 20
224.05987967626288
 10
327.21149014616907
 20
224.07316644973034
 10
327.22477691963655
 20
224.09305150553334
 10
327.22944261603857
 20
224.11650753944085
  0
LWPOLYLINE
  5
6E5
330
17
100
AcDbEntity
  8
OUTLINE
100
AcDbPolyline
 90
2
 70
0
 10
311.6129769376536
 20
221.306383889299
 10
355.17240111099153
 20
203.8119371159547
  0
LWPOLYLINE
  5
6E6
330
17
100
AcDbEntity
  8
OUTLINE
100
AcDbPolyline
 90
2
 70
0
 10
355.93262464011354
 20
203.5066142204542
 10
357.8299940678691
 20
202.7445878791877
  0
LWPOLYLINE
  5
6E7
330
17
100
AcDbEntity
  8
OUTLINE
100
AcDbPolyline
 90
2
 70
0
 10
313.0994185282467
 20
223.02122187811833
 10
358.6295127754507
 20
204.73530957410495
  0
LWPOLYLINE
  5
6E8
330
17
100
AcDbEntity
  8
OUTLINE
100
AcDbPolyline
 90
2
 70
0
 10
305.3538707426855
 20
223.8433003085623
 10
308.6334195160883
 20
222.52615958963224
  0
LWPOLYLINE
  5
6E9
330
17
100
AcDbEntity
  8
OUTLINE
100
AcDbPolyline
 90
2
 70
0
 10
308.89992231950947
 20
224.68471596829716
 10
309.4169478525829
 20
224.4770668576999
  0
LWPOLYLINE
  5
6EA
330
17
100
AcDbEntity
  8
OUTLINE
100
AcDbPolyline
 90
2
 70
0
 10
360.8345335644183
 20
201.56101534240753
 10
364.11408232249767
 20
200.24387462347744
  0
LWPOLYLINE
  5
6EB
330
17
100
AcDbEntity
  8
OUTLINE
100
AcDbPolyline
 90
2
 70
0
 10
362.0340071675691
 20
203.34486960349287
 10
362.46665387189694
 20
203.17110893581787
  0
LWPOLYLINE
  5
6EC
330
17
100
AcDbEntity
  8
OUTLINE
100
AcDbPolyline
 90
2
 70
0
 10
303.3077025566576
 20
224.14657794524334
 10
304.68844303599366
 20
223.5920414432595
  0
LWPOLYLINE
  5
6ED
330
17
100
AcDbEntity
  8
OUTLINE
100
AcDbPolyline
 90
2
 70
0
 10
304.44987215205134
 20
226.9904660720832
 10
305.8306126313874
 20
226.43592957009938
  0
LWPOLYLINE
  5
6EE
330
17
100
AcDbEntity
  8
OUTLINE
100
AcDbPolyline
 90
2
 70
0
 10
363.93476170070977
 20
199.79738418642964
 10
365.3155021800458
 20
199.24284768444582
  0
LWPOLYLINE
  5
6EF
330
17
100
AcDbEntity
  8
OUTLINE
100
AcDbPolyline
 90
2
 70
0
 10
365.0769312961035
 20
202.64127232859292
 10
366.45767177543956
 20
202.08673581128568
  0
LWPOLYLINE
  5
6F0
330
17
100
AcDbEntity
  8
OUTLINE
100
AcDbPolyline
 90
2
 70
0
 10
341.84760260555646
 20
246.07313931787536
 10
385.40702677889436
 20
228.57869254453104
  0
LWPOLYLINE
  5
6F1
330
17
100
AcDbEntity
  8
OUTLINE
100
AcDbPolyline
 90
2
 70
0
 10
386.1672503080164
 20
228.27336963370715
 10
388.06461973577194
 20
227.51134330776404
  0
LWPOLYLINE
  5
6F2
330
17
100
AcDbEntity
  8
OUTLINE
100
AcDbPolyline
 90
2
 70
0
 10
342.6471213284615
 20
248.06386101279261
 10
388.8641384433535
 20
229.5020650026813
  0
LWPOLYLINE
  5
6F3
330
17
100
AcDbEntity
  8
OUTLINE
100
AcDbPolyline
 90
2
 70
0
 10
335.58849641058833
 20
248.61005573713865
 10
338.8680451839911
 20
247.29291501820856
  0
LWPOLYLINE
  5
6F4
330
17
100
AcDbEntity
  8
OUTLINE
100
AcDbPolyline
 90
2
 70
0
 10
339.1345479874123
 20
249.4514713815501
 10
339.6515735204857
 20
249.24382228627624
  0
LWPOLYLINE
  5
6F5
330
17
100
AcDbEntity
  8
OUTLINE
100
AcDbPolyline
 90
2
 70
0
 10
391.0691592323211
 20
226.32777077098385
 10
394.3487079904005
 20
225.01063005205378
  0
LWPOLYLINE
  5
6F6
330
17
100
AcDbEntity
  8
OUTLINE
100
AcDbPolyline
 90
2
 70
0
 10
391.8526875688157
 20
228.27867803905153
 10
392.70127953979977
 20
227.93786436439422
  0
LWPOLYLINE
  5
6F7
330
17
100
AcDbEntity
  8
OUTLINE
100
AcDbPolyline
 90
2
 70
0
 10
333.54232822456044
 20
248.91333337381968
 10
334.9230687038965
 20
248.35879685651244
  0
LWPOLYLINE
  5
6F8
330
17
100
AcDbEntity
  8
OUTLINE
100
AcDbPolyline
 90
2
 70
0
 10
334.6844978199542
 20
251.75722150065954
 10
336.06523829929023
 20
251.20268499867572
  0
LWPOLYLINE
  5
6F9
330
17
100
AcDbEntity
  8
OUTLINE
100
AcDbPolyline
 90
2
 70
0
 10
394.1693873686126
 20
224.56413961500598
 10
395.55012784794866
 20
224.00960311302217
  0
LWPOLYLINE
  5
6FA
330
17
100
AcDbEntity
  8
OUTLINE
100
AcDbPolyline
 90
2
 70
0
 10
395.31155696400634
 20
227.40802774184587
 10
396.6922974433424
 20
226.85349123986202
  0
LWPOLYLINE
  5
6FB
330
17
100
AcDbEntity
  8
OUTLINE
100
AcDbPolyline
 90
5
 70
0
 10
374.40249840777835
 20
224.1756356741778
 10
374.3980480662979
 20
224.1369263089139
 10
374.38706354022185
 20
224.10413794747558
 10
374.36589905797956
 20
224.06726421705736
 10
374.3177644594719
 20
224.0165632418867
  0
LWPOLYLINE
  5
6FC
330
17
100
AcDbEntity
  8
OUTLINE
100
AcDbPolyline
 90
19
 70
0
 10
373.55971196355364
 20
224.1756356741778
 10
373.56416222841716
 20
224.13692658473494
 10
373.56910547738033
 20
224.1196055457929
 10
373.5865447669222
 20
224.0821651870631
 10
373.60020394473423
 20
224.06197682008053
 10
373.63217236690264
 20
224.027174689389
 10
373.6515953152366
 20
224.01087694642413
 10
373.69842554082624
 20
223.98031095154568
 10
373.75321403025134
 20
223.95477493601717
 10
373.81891003039493
 20
223.93390141430223
 10
373.89199480058863
 20
223.92006761113893
 10
373.96968113879757
 20
223.9144235622623
 10
373.9837401344988
 20
223.91433523824293
 10
374.0622062187259
 20
223.9190728779605
 10
374.13729545687517
 20
223.93242161921668
 10
374.2021913768622
 20
223.9521755987425
 10
374.20520222377246
 20
223.95331192004357
 10
374.264320122485
 20
223.9806072139659
 10
374.3177644594719
 20
224.0165632418867
  0
LWPOLYLINE
  5
6FD
330
17
100
AcDbEntity
  8
OUTLINE
100
AcDbPolyline
 90
2
 70
0
 10
374.40249840777835
 20
224.1756356741778
 10
374.40249840777835
 20
224.48755749559626
  0
LWPOLYLINE
  5
6FE
330
17
100
AcDbEntity
  8
OUTLINE
100
AcDbPolyline
 90
2
 70
0
 10
373.55971196355364
 20
224.1756356741778
 10
373.55971196355364
 20
224.48755749559626
  0
LWPOLYLINE
  5
6FF
330
17
100
AcDbEntity
  8
OUTLINE
100
AcDbPolyline
 90
2
 70
0
 10
373.70377691295585
 20
224.67055415264974
 10
373.68025598449213
 20
224.6567985140983
  0
LWPOLYLINE
  5
700
330
17
100
AcDbEntity
  8
OUTLINE
100
AcDbPolyline
 90
2
 70
0
 10
374.25843345837615
 20
224.67055415264974
 10
374.28195438683986
 20
224.6567985140983
  0
LWPOLYLINE
  5
701
330
17
100
AcDbEntity
  8
OUTLINE
100
AcDbPolyline
 90
5
 70
0
 10
374.40249840777835
 20
225.14244056476576
 10
374.3980480662979
 20
225.10373119950185
 10
374.38706354022185
 20
225.07094283806353
 10
374.36589905797956
 20
225.0340691076453
 10
374.3177644594719
 20
224.98336813247465
  0
LWPOLYLINE
  5
702
330
17
100
AcDbEntity
  8
OUTLINE
100
AcDbPolyline
 90
19
 70
0
 10
373.55971196355364
 20
225.14244056476576
 10
373.56416222841716
 20
225.1037314753229
 10
373.56910547738033
 20
225.08641043638082
 10
373.5865447669222
 20
225.04897007765106
 10
373.60020394473423
 20
225.02878171066848
 10
373.63217236690264
 20
224.99397957997692
 10
373.6515953152366
 20
224.97768183701208
 10
373.69842554082624
 20
224.94711584213363
 10
373.75321403025134
 20
224.92157982660513
 10
373.81891003039493
 20
224.90070630489018
 10
373.89199480058863
 20
224.88687250172688
 10
373.96968113879757
 20
224.88122845285025
 10
373.9837401344988
 20
224.88114012883088
 10
374.0622062187259
 20
224.88587776854845
 10
374.13729545687517
 20
224.89922650980463
 10
374.2021913768622
 20
224.91898048933047
 10
374.20520222377246
 20
224.92011681063153
 10
374.264320122485
 20
224.94741210455385
 10
374.3177644594719
 20
224.98336813247465
  0
LWPOLYLINE
  5
703
330
17
100
AcDbEntity
  8
OUTLINE
100
AcDbPolyline
 90
2
 70
0
 10
374.40249840777835
 20
225.14244056476576
 10
374.40249840777835
 20
225.45436238618421
  0
LWPOLYLINE
  5
704
330
17
100
AcDbEntity
  8
OUTLINE
100
AcDbPolyline
 90
2
 70
0
 10
373.55971196355364
 20
225.14244056476576
 10
373.55971196355364
 20
225.45436238618421
  0
LWPOLYLINE
  5
705
330
17
100
AcDbEntity
  8
OUTLINE
100
AcDbPolyline
 90
2
 70
0
 10
373.70377691295585
 20
225.6373590432377
 10
373.68025598449213
 20
225.62360340468626
  0
LWPOLYLINE
  5
706
330
17
100
AcDbEntity
  8
OUTLINE
100
AcDbPolyline
 90
2
 70
0
 10
374.25843345837615
 20
225.6373590432377
 10
374.28195438683986
 20
225.62360340468626
  0
LWPOLYLINE
  5
707
330
17
100
AcDbEntity
  8
OUTLINE
100
AcDbPolyline
 90
2
 70
0
 10
374.21095603409094
 20
226.94485520524447
 10
374.21095603409094
 20
226.94995536572017
  0
LWPOLYLINE
  5
708
330
17
100
AcDbEntity
  8
OUTLINE
100
AcDbPolyline
 90
2
 70
0
 10
373.7512543372411
 20
226.94485520524447
 10
373.7512543372411
 20
226.94995536572017
  0
LWPOLYLINE
  5
709
330
17
100
AcDbEntity
  8
OUTLINE
100
AcDbPolyline
 90
5
 70
0
 10
357.83145404981155
 20
211.56823569992588
 10
357.8270037083311
 20
211.52952633466197
 10
357.81601918225505
 20
211.49673797322365
 10
357.79485470001276
 20
211.4598642428054
 10
357.7467201015051
 20
211.40916326763477
  0
LWPOLYLINE
  5
70A
330
17
100
AcDbEntity
  8
OUTLINE
100
AcDbPolyline
 90
19
 70
0
 10
356.98866760558684
 20
211.56823569992588
 10
356.9931178704503
 20
211.52952662580637
 10
356.9980611194135
 20
211.51220558686433
 10
357.01550040895535
 20
211.47476522813457
 10
357.02915958676743
 20
211.45457684582857
 10
357.06112802425923
 20
211.41977473046043
 10
357.0805509572698
 20
211.40347697217217
 10
357.1273811828594
 20
211.3729109772937
 10
357.18216967228454
 20
211.34737496176524
 10
357.24786567242813
 20
211.32650145537366
 10
357.3209504426218
 20
211.31266765221037
 10
357.39863678083077
 20
211.30702360333373
 10
357.41269577653196
 20
211.3069352793144
 10
357.4911618607591
 20
211.31167291903193
 10
357.56625109890837
 20
211.32502164496472
 10
357.6311470188954
 20
211.34477562449058
 10
357.63415788112906
 20
211.3459119457916
 10
357.69327577984154
 20
211.37320723971396
 10
357.7467201015051
 20
211.40916326763477
  0
LWPOLYLINE
  5
70B
330
17
100
AcDbEntity
  8
OUTLINE
100
AcDbPolyline
 90
2
 70
0
 10
357.83145404981155
 20
211.56823569992588
 10
357.83145404981155
 20
211.8801575366677
  0
LWPOLYLINE
  5
70C
330
17
100
AcDbEntity
  8
OUTLINE
100
AcDbPolyline
 90
2
 70
0
 10
356.98866760558684
 20
211.56823569992588
 10
356.98866760558684
 20
211.8801575366677
  0
LWPOLYLINE
  5
70D
330
17
100
AcDbEntity
  8
OUTLINE
100
AcDbPolyline
 90
2
 70
0
 10
357.13273255498905
 20
212.0631541783978
 10
357.10921162652534
 20
212.04939855516974
  0
LWPOLYLINE
  5
70E
330
17
100
AcDbEntity
  8
OUTLINE
100
AcDbPolyline
 90
2
 70
0
 10
357.68738910040935
 20
212.0631541783978
 10
357.71091002887306
 20
212.04939855516974
  0
LWPOLYLINE
  5
70F
330
17
100
AcDbEntity
  8
OUTLINE
100
AcDbPolyline
 90
5
 70
0
 10
359.4153744504948
 20
211.89890245564555
 10
359.4109241243378
 20
211.86019309038164
 10
359.3999395982617
 20
211.82740471361993
 10
359.37877510069603
 20
211.7905309832017
 10
359.3306405021884
 20
211.73983002335444
  0
LWPOLYLINE
  5
710
330
17
100
AcDbEntity
  8
OUTLINE
100
AcDbPolyline
 90
19
 70
0
 10
358.5725880062701
 20
211.89890245564555
 10
358.57703828645697
 20
211.86019336620268
 10
358.58198152009675
 20
211.84287232726064
 10
358.5994208096386
 20
211.80543196853085
 10
358.6130799874507
 20
211.78524358622488
 10
358.6450484249425
 20
211.75044147085674
 10
358.66447135795306
 20
211.73414372789188
 10
358.7113015835427
 20
211.70357773301342
 10
358.7660900882912
 20
211.67804171748492
 10
358.8317860731114
 20
211.65716819576997
 10
358.9048708433051
 20
211.64333439260668
 10
358.98255718151404
 20
211.63769034373004
 10
358.9966161925386
 20
211.63760201971067
 10
359.0750822614424
 20
211.64233965942825
 10
359.15017149959164
 20
211.65568840068443
 10
359.21506743490204
 20
211.67544238021026
 10
359.2180782818123
 20
211.67657870151132
 10
359.2771961805248
 20
211.70387399543364
 10
359.3306405021884
 20
211.73983002335444
  0
LWPOLYLINE
  5
711
330
17
100
AcDbEntity
  8
OUTLINE
100
AcDbPolyline
 90
2
 70
0
 10
359.4153744504948
 20
211.89890245564555
 10
359.4153744504948
 20
212.210824277064
  0
LWPOLYLINE
  5
712
330
17
100
AcDbEntity
  8
OUTLINE
100
AcDbPolyline
 90
2
 70
0
 10
358.5725880062701
 20
211.89890245564555
 10
358.5725880062701
 20
212.210824277064
  0
LWPOLYLINE
  5
713
330
17
100
AcDbEntity
  8
OUTLINE
100
AcDbPolyline
 90
2
 70
0
 10
358.7166529709957
 20
212.39382093411749
 10
358.6931320272086
 20
212.38006529556606
  0
LWPOLYLINE
  5
714
330
17
100
AcDbEntity
  8
OUTLINE
100
AcDbPolyline
 90
2
 70
0
 10
359.2713095010926
 20
212.39382093411749
 10
359.2948304448797
 20
212.38006529556606
  0
LWPOLYLINE
  5
715
330
17
100
AcDbEntity
  8
OUTLINE
100
AcDbPolyline
 90
5
 70
0
 10
343.01133239441316
 20
237.74984053901773
 10
343.0068820529327
 20
237.7111311737538
 10
342.99589752685665
 20
237.6783427969921
 10
342.974733029291
 20
237.64146906657385
 10
342.92659844610677
 20
237.59076809140322
  0
LWPOLYLINE
  5
716
330
17
100
AcDbEntity
  8
OUTLINE
100
AcDbPolyline
 90
19
 70
0
 10
342.16854595018845
 20
237.74984053901773
 10
342.17299621505197
 20
237.71113144957482
 10
342.17793944869175
 20
237.69381041063278
 10
342.195378753557
 20
237.65637005190302
 10
342.20903793136904
 20
237.63618166959702
 10
342.2410063535375
 20
237.60137955422888
 10
342.2604293018714
 20
237.58508181126402
 10
342.30725952746104
 20
237.55451580106217
 10
342.3620480168862
 20
237.5289798008571
 10
342.4277440017064
 20
237.5081062791421
 10
342.50082878722344
 20
237.49427247597882
 10
342.57851511010904
 20
237.48862842710219
 10
342.5925741211336
 20
237.48854010308284
 10
342.6710401900374
 20
237.4932777428004
 10
342.7461294281866
 20
237.50662648405657
 10
342.811025363497
 20
237.52638046358243
 10
342.81403621040727
 20
237.52751678488346
 10
342.8731541091198
 20
237.55481207880578
 10
342.92659844610677
 20
237.59076809140322
  0
LWPOLYLINE
  5
717
330
17
100
AcDbEntity
  8
OUTLINE
100
AcDbPolyline
 90
2
 70
0
 10
343.01133239441316
 20
237.74984053901773
 10
343.01133239441316
 20
238.06176236043615
  0
LWPOLYLINE
  5
718
330
17
100
AcDbEntity
  8
OUTLINE
100
AcDbPolyline
 90
2
 70
0
 10
342.16854595018845
 20
237.74984053901773
 10
342.16854595018845
 20
238.06176236043615
  0
LWPOLYLINE
  5
719
330
17
100
AcDbEntity
  8
OUTLINE
100
AcDbPolyline
 90
2
 70
0
 10
342.31261089959065
 20
238.24475900216626
 10
342.28908997112694
 20
238.2310033789382
  0
LWPOLYLINE
  5
71A
330
17
100
AcDbEntity
  8
OUTLINE
100
AcDbPolyline
 90
2
 70
0
 10
342.86726744501095
 20
238.24475900216626
 10
342.89078837347466
 20
238.2310033789382
  0
LWPOLYLINE
  5
71B
330
17
100
AcDbEntity
  8
OUTLINE
100
AcDbPolyline
 90
2
 70
0
 10
342.3600883238759
 20
239.53435926825907
 10
342.3600883238759
 20
239.55735533997213
  0
LWPOLYLINE
  5
71C
330
17
100
AcDbEntity
  8
OUTLINE
100
AcDbPolyline
 90
5
 70
0
 10
341.4274119937299
 20
237.41917378329802
 10
341.42296165224946
 20
237.3804644180341
 10
341.4119771261734
 20
237.3476760565958
 10
341.3908126286077
 20
237.31080232617757
 10
341.34267803010005
 20
237.2601013510069
  0
LWPOLYLINE
  5
71D
330
17
100
AcDbEntity
  8
OUTLINE
100
AcDbPolyline
 90
19
 70
0
 10
340.5846255495052
 20
237.41917378329802
 10
340.5890758143687
 20
237.3804647091785
 10
340.5940190480085
 20
237.36314367023647
 10
340.6114583528737
 20
237.32570331150671
 10
340.6251175153624
 20
237.30551492920074
 10
340.6570859528542
 20
237.27071279850918
 10
340.67650888586473
 20
237.25441505554434
 10
340.7233391114544
 20
237.22384906066588
 10
340.7781276162029
 20
237.19831304513738
 10
340.84382360102313
 20
237.17743953874583
 10
340.9169083712168
 20
237.1636057355825
 10
340.9945947094257
 20
237.15796168670587
 10
341.0086537204503
 20
237.15787334736314
 10
341.0871197893541
 20
237.1626109870807
 10
341.1622090275033
 20
237.1759597283369
 10
341.2271049628137
 20
237.19571370786272
 10
341.230115809724
 20
237.19685002916378
 10
341.28923370843654
 20
237.2241453230861
 10
341.34267803010005
 20
237.2601013510069
  0
LWPOLYLINE
  5
71E
330
17
100
AcDbEntity
  8
OUTLINE
100
AcDbPolyline
 90
2
 70
0
 10
341.4274119937299
 20
237.41917378329802
 10
341.4274119937299
 20
237.73109562003987
  0
LWPOLYLINE
  5
71F
330
17
100
AcDbEntity
  8
OUTLINE
100
AcDbPolyline
 90
2
 70
0
 10
340.5846255495052
 20
237.41917378329802
 10
340.5846255495052
 20
237.73109562003987
  0
LWPOLYLINE
  5
720
330
17
100
AcDbEntity
  8
OUTLINE
100
AcDbPolyline
 90
2
 70
0
 10
340.7286904989074
 20
237.91409226176995
 10
340.7051695551203
 20
237.90033663854192
  0
LWPOLYLINE
  5
721
330
17
100
AcDbEntity
  8
OUTLINE
100
AcDbPolyline
 90
2
 70
0
 10
341.2833470290043
 20
237.91409226176995
 10
341.3068679727914
 20
237.90033663854192
  0
LWPOLYLINE
  5
722
330
17
100
AcDbEntity
  8
OUTLINE
100
AcDbPolyline
 90
2
 70
0
 10
340.77616792319265
 20
239.2036925125394
 10
340.77616792319265
 20
239.22668859957582
  0
LWPOLYLINE
  5
723
330
17
100
AcDbEntity
  8
OUTLINE
100
AcDbPolyline
 90
5
 70
0
 10
326.44028803644636
 20
225.14244056476576
 10
326.4358376949659
 20
225.10373119950185
 10
326.42485316888985
 20
225.07094283806353
 10
326.40368868664757
 20
225.0340691076453
 10
326.3555540881399
 20
224.98336813247465
  0
LWPOLYLINE
  5
724
330
17
100
AcDbEntity
  8
OUTLINE
100
AcDbPolyline
 90
19
 70
0
 10
325.59750159222165
 20
225.14244056476576
 10
325.6019518570851
 20
225.1037314753229
 10
325.6068951060483
 20
225.08641043638082
 10
325.62433439559015
 20
225.04897007765106
 10
325.63799357340224
 20
225.02878171066848
 10
325.66996199557065
 20
224.99397957997692
 10
325.6893849439046
 20
224.97768183701208
 10
325.73621516949424
 20
224.94711584213363
 10
325.79100365891935
 20
224.92157982660513
 10
325.85669965906294
 20
224.90070630489018
 10
325.92978442925664
 20
224.88687250172688
 10
326.0074707674656
 20
224.88122845285025
 10
326.02152976316677
 20
224.88114012883088
 10
326.0999958473939
 20
224.88587776854845
 10
326.1750850855432
 20
224.89922650980463
 10
326.2399810055302
 20
224.91898048933047
 10
326.24299185244047
 20
224.92011681063153
 10
326.30210975115295
 20
224.94741210455385
 10
326.3555540881399
 20
224.98336813247465
  0
LWPOLYLINE
  5
725
330
17
100
AcDbEntity
  8
OUTLINE
100
AcDbPolyline
 90
2
 70
0
 10
326.44028803644636
 20
225.14244056476576
 10
326.44028803644636
 20
225.45436238618421
  0
LWPOLYLINE
  5
726
330
17
100
AcDbEntity
  8
OUTLINE
100
AcDbPolyline
 90
2
 70
0
 10
325.59750159222165
 20
225.14244056476576
 10
325.59750159222165
 20
225.45436238618421
  0
LWPOLYLINE
  5
727
330
17
100
AcDbEntity
  8
OUTLINE
100
AcDbPolyline
 90
2
 70
0
 10
325.74156654162385
 20
225.6373590432377
 10
325.71804561316014
 20
225.62360340468626
  0
LWPOLYLINE
  5
728
330
17
100
AcDbEntity
  8
OUTLINE
100
AcDbPolyline
 90
2
 70
0
 10
326.29622308704415
 20
225.6373590432377
 10
326.31974401550787
 20
225.62360340468626
  0
LWPOLYLINE
  5
729
330
17
100
AcDbEntity
  8
OUTLINE
100
AcDbPolyline
 90
2
 70
0
 10
326.2487456627589
 20
226.94485520524447
 10
326.2487456627589
 20
226.94995536572017
  0
LWPOLYLINE
  5
72A
330
17
100
AcDbEntity
  8
OUTLINE
100
AcDbPolyline
 90
2
 70
0
 10
325.78904396590906
 20
226.94485520524447
 10
325.78904396590906
 20
226.94995536572017
  0
LWPOLYLINE
  5
72B
330
17
100
AcDbEntity
  8
OUTLINE
100
AcDbPolyline
 90
5
 70
0
 10
326.44028803644636
 20
224.1756356741778
 10
326.4358376949659
 20
224.1369263089139
 10
326.42485316888985
 20
224.10413794747558
 10
326.40368868664757
 20
224.06726421705736
 10
326.3555540881399
 20
224.0165632418867
  0
LWPOLYLINE
  5
72C
330
17
100
AcDbEntity
  8
OUTLINE
100
AcDbPolyline
 90
19
 70
0
 10
325.59750159222165
 20
224.1756356741778
 10
325.6019518570851
 20
224.13692658473494
 10
325.6068951060483
 20
224.1196055457929
 10
325.62433439559015
 20
224.0821651870631
 10
325.63799357340224
 20
224.06197682008053
 10
325.66996199557065
 20
224.027174689389
 10
325.6893849439046
 20
224.01087694642413
 10
325.73621516949424
 20
223.98031095154568
 10
325.79100365891935
 20
223.95477493601717
 10
325.85669965906294
 20
223.93390141430223
 10
325.92978442925664
 20
223.92006761113893
 10
326.0074707674656
 20
223.9144235622623
 10
326.02152976316677
 20
223.91433523824293
 10
326.0999958473939
 20
223.9190728779605
 10
326.1750850855432
 20
223.93242161921668
 10
326.2399810055302
 20
223.9521755987425
 10
326.24299185244047
 20
223.95331192004357
 10
326.30210975115295
 20
223.9806072139659
 10
326.3555540881399
 20
224.0165632418867
  0
LWPOLYLINE
  5
72D
330
17
100
AcDbEntity
  8
OUTLINE
100
AcDbPolyline
 90
2
 70
0
 10
326.44028803644636
 20
224.1756356741778
 10
326.44028803644636
 20
224.48755749559626
  0
LWPOLYLINE
  5
72E
330
17
100
AcDbEntity
  8
OUTLINE
100
AcDbPolyline
 90
2
 70
0
 10
325.59750159222165
 20
224.1756356741778
 10
325.59750159222165
 20
224.48755749559626
  0
LWPOLYLINE
  5
72F
330
17
100
AcDbEntity
  8
OUTLINE
100
AcDbPolyline
 90
2
 70
0
 10
325.74156654162385
 20
224.67055415264974
 10
325.71804561316014
 20
224.6567985140983
  0
LWPOLYLINE
  5
730
330
17
100
AcDbEntity
  8
OUTLINE
100
AcDbPolyline
 90
2
 70
0
 10
326.29622308704415
 20
224.67055415264974
 10
326.31974401550787
 20
224.6567985140983
  0
LWPOLYLINE
  5
731
330
17
100
AcDbEntity
  8
OUTLINE
100
AcDbPolyline
 90
21
 70
0
 10
303.62678833867295
 20
226.2476871037492
 10
303.5896550913235
 20
226.2578272344251
 10
303.5390625751065
 20
226.25844208544464
 10
303.49655875541987
 20
226.24884423421375
 10
303.46168512579106
 20
226.23462087983253
 10
303.41508067502815
 20
226.20701407671703
 10
303.3494307063478
 20
226.15143609559772
 10
303.2993291821898
 20
226.0950871947328
 10
303.2502655112295
 20
226.02637769673245
 10
303.2043761571028
 20
225.94671632679993
 10
303.1637284443107
 20
225.85803355624094
 10
303.1315178053182
 20
225.76649939396694
 10
303.10866396531014
 20
225.67506800566895
 10
303.09602406874717
 20
225.5883563900159
 10
303.09339167892045
 20
225.50979594435375
 10
303.0998323295442
 20
225.44135408468134
 10
303.1168837840878
 20
225.3758094949533
 10
303.13842842431
 20
225.33056104160897
 10
303.1565153109556
 20
225.30489370462908
 10
303.1862399751119
 20
225.27582327260438
 10
303.2270289695588
 20
225.25232626395228
  0
LWPOLYLINE
  5
732
330
17
100
AcDbEntity
  8
OUTLINE
100
AcDbPolyline
 90
2
 70
0
 10
303.2270289695588
 20
225.25232626395228
 10
303.6494100446475
 20
225.08268850756247
  0
LWPOLYLINE
  5
733
330
17
100
AcDbEntity
  8
OUTLINE
100
AcDbPolyline
 90
2
 70
0
 10
303.62678833867295
 20
226.2476871037492
 10
304.04916939843827
 20
226.07804934735938
  0
LWPOLYLINE
  5
734
330
17
100
AcDbEntity
  8
OUTLINE
100
AcDbPolyline
 90
2
 70
0
 10
304.15274305621244
 20
225.91493216839498
 10
304.1429635155476
 20
225.95171211966704
  0
LWPOLYLINE
  5
735
330
17
100
AcDbEntity
  8
OUTLINE
100
AcDbPolyline
 90
2
 70
0
 10
303.83703606634555
 20
225.12885333026927
 10
303.8045333635417
 20
225.10905486694256
  0
LWPOLYLINE
  5
736
330
17
100
AcDbEntity
  8
OUTLINE
100
AcDbPolyline
 90
11
 70
0
 10
366.67116893520307
 20
200.7417493056513
 10
366.6720803244639
 20
200.71963244408028
 10
366.6692887399396
 20
200.64428280024316
 10
366.6571980796406
 20
200.56072410997152
 10
366.63523973853796
 20
200.47145149616534
 10
366.60325596233287
 20
200.3792891055524
 10
366.5632065972694
 20
200.29090313373231
 10
366.51647080973174
 20
200.20906328342858
 10
366.4656229905157
 20
200.13769683220755
 10
366.4131856607425
 20
200.079139171953
 10
366.3999876863195
 20
200.06653508615216
  0
LWPOLYLINE
  5
737
330
17
100
AcDbEntity
  8
OUTLINE
100
AcDbPolyline
 90
21
 70
0
 10
333.86141400657584
 20
251.01444253232555
 10
333.8242807592263
 20
251.02458264767807
 10
333.77368824300936
 20
251.0251974986976
 10
333.7311844233227
 20
251.0155996474667
 10
333.6963107936939
 20
251.00137630840888
 10
333.6497063582544
 20
250.97376948996998
 10
333.5840563742506
 20
250.91819152417406
 10
333.5339548500927
 20
250.86184262330914
 10
333.4848911944557
 20
250.7931331253088
 10
333.4390018250056
 20
250.71347175537625
 10
333.39835411221355
 20
250.6247889848173
 10
333.36614347322103
 20
250.53325482254328
 10
333.34328963321303
 20
250.4418234342453
 10
333.33064973665
 20
250.35511180326884
 10
333.32801734682334
 20
250.2765513729301
 10
333.33445799744703
 20
250.20810951325768
 10
333.35150945199064
 20
250.14256490820625
 10
333.37305409221284
 20
250.09731647018532
 10
333.39114097885846
 20
250.07164913320543
 10
333.42086564301474
 20
250.04257868585734
 10
333.4616546374616
 20
250.01908169252863
  0
LWPOLYLINE
  5
738
330
17
100
AcDbEntity
  8
OUTLINE
100
AcDbPolyline
 90
2
 70
0
 10
333.4616546374616
 20
250.01908169252863
 10
333.8840357125503
 20
249.84944392081542
  0
LWPOLYLINE
  5
739
330
17
100
AcDbEntity
  8
OUTLINE
100
AcDbPolyline
 90
2
 70
0
 10
333.86141400657584
 20
251.01444253232555
 10
334.28379506634116
 20
250.84480477593573
  0
LWPOLYLINE
  5
73A
330
17
100
AcDbEntity
  8
OUTLINE
100
AcDbPolyline
 90
2
 70
0
 10
334.3873687241153
 20
250.6816875969713
 10
334.3775891834504
 20
250.71846754824338
  0
LWPOLYLINE
  5
73B
330
17
100
AcDbEntity
  8
OUTLINE
100
AcDbPolyline
 90
2
 70
0
 10
334.0716617342484
 20
249.89560874352222
 10
334.0391590314445
 20
249.8758102955189
  0
LWPOLYLINE
  5
73C
330
17
100
AcDbEntity
  8
OUTLINE
100
AcDbPolyline
 90
11
 70
0
 10
396.90579461842935
 20
225.50850471890425
 10
396.9067059923667
 20
225.4863878726566
 10
396.9039144078424
 20
225.4110382134961
 10
396.8918237475434
 20
225.32747953854786
 10
396.86986540644085
 20
225.23820692474166
 10
396.8378816302357
 20
225.14604451880535
 10
396.79783228049564
 20
225.05765856230866
 10
396.7510964776346
 20
224.97581871200492
 10
396.70024865841856
 20
224.9044522454605
 10
396.64781132864533
 20
224.84589460052933
 10
396.6346133695457
 20
224.8332905147285
  0
LWPOLYLINE
  5
73D
330
17
100
AcDbEntity
  8
OUTLINE
100
AcDbPolyline
 90
2
 70
0
 10
325.94769489771437
 20
234.57732326890607
 10
325.94769489771437
 20
234.47188489249217
  0
LWPOLYLINE
  5
73E
330
17
100
AcDbEntity
  8
OUTLINE
100
AcDbPolyline
 90
5
 70
0
 10
325.94463021973536
 20
234.13297586922866
 10
325.9401798782549
 20
234.09426650396472
 10
325.9291953521789
 20
234.0614781425264
 10
325.90803085461323
 20
234.02460441210818
 10
325.85989627142897
 20
233.97390343693752
  0
LWPOLYLINE
  5
73F
330
17
100
AcDbEntity
  8
OUTLINE
100
AcDbPolyline
 90
19
 70
0
 10
325.1018437755107
 20
234.13297586922866
 10
325.10629404037417
 20
234.09426677978576
 10
325.11123727401394
 20
234.0769457408437
 10
325.1286765788792
 20
234.03950539743732
 10
325.14233574136784
 20
234.01931701513135
 10
325.1743041788597
 20
233.98451488443982
 10
325.19372711187026
 20
233.96821714147495
 10
325.24055733745985
 20
233.9376511465965
 10
325.2953458422084
 20
233.91211513106802
 10
325.3610418270286
 20
233.89124162467644
 10
325.43412659722225
 20
233.87740782151315
 10
325.51181293543124
 20
233.8717637726365
 10
325.5258719464558
 20
233.87167543329377
 10
325.6043380153596
 20
233.87641307301132
 10
325.6794272535088
 20
233.8897618142675
 10
325.7443231888192
 20
233.90951579379333
 10
325.74733403572947
 20
233.9106521150944
 10
325.806451934442
 20
233.93794740901672
 10
325.85989627142897
 20
233.97390343693752
  0
LWPOLYLINE
  5
740
330
17
100
AcDbEntity
  8
OUTLINE
100
AcDbPolyline
 90
2
 70
0
 10
325.94463021973536
 20
234.13297586922866
 10
325.94463021973536
 20
234.44489770597048
  0
LWPOLYLINE
  5
741
330
17
100
AcDbEntity
  8
OUTLINE
100
AcDbPolyline
 90
2
 70
0
 10
325.1018437755107
 20
234.13297586922866
 10
325.1018437755107
 20
234.44489770597048
  0
LWPOLYLINE
  5
742
330
17
100
AcDbEntity
  8
OUTLINE
100
AcDbPolyline
 90
2
 70
0
 10
325.2459087249129
 20
234.6278943477006
 10
325.22238778112575
 20
234.61413872447253
  0
LWPOLYLINE
  5
743
330
17
100
AcDbEntity
  8
OUTLINE
100
AcDbPolyline
 90
2
 70
0
 10
325.80056525500976
 20
234.6278943477006
 10
325.82408619879686
 20
234.61413872447253
  0
LWPOLYLINE
  5
744
330
17
100
AcDbEntity
  8
OUTLINE
100
AcDbPolyline
 90
2
 70
0
 10
374.05230510228563
 20
214.9164835820706
 10
374.05230510228563
 20
214.81104522098013
  0
LWPOLYLINE
  5
745
330
17
100
AcDbEntity
  8
OUTLINE
100
AcDbPolyline
 90
5
 70
0
 10
374.8981562244893
 20
214.4721361977166
 10
374.8937058983323
 20
214.43342683245268
 10
374.88272137225624
 20
214.40063845569097
 10
374.86155687469056
 20
214.36376472527274
 10
374.8134222761829
 20
214.31306376542548
  0
LWPOLYLINE
  5
746
330
17
100
AcDbEntity
  8
OUTLINE
100
AcDbPolyline
 90
19
 70
0
 10
374.05536978026464
 20
214.4721361977166
 10
374.0598200604515
 20
214.4334271082737
 10
374.0647632940913
 20
214.41610606933165
 10
374.08220258363315
 20
214.3786657106019
 10
374.09586176144524
 20
214.35847732829592
 10
374.12783019893703
 20
214.32367521292775
 10
374.1472531319476
 20
214.30737746996292
 10
374.1940833575372
 20
214.27681145976106
 10
374.24887184696234
 20
214.25127545955596
 10
374.31456784710593
 20
214.230401937841
 10
374.3876526172996
 20
214.2165681346777
 10
374.46533895550857
 20
214.21092408580105
 10
374.47939795120976
 20
214.2108357617817
 10
374.5578640354369
 20
214.21557340149928
 10
374.63295327358617
 20
214.22892214275544
 10
374.6978492088965
 20
214.2486761222813
 10
374.70086005580686
 20
214.24981244358236
 10
374.75997795451934
 20
214.27710773750468
 10
374.8134222761829
 20
214.31306376542548
  0
LWPOLYLINE
  5
747
330
17
100
AcDbEntity
  8
OUTLINE
100
AcDbPolyline
 90
2
 70
0
 10
374.8981562244893
 20
214.4721361977166
 10
374.8981562244893
 20
214.78405801913505
  0
LWPOLYLINE
  5
748
330
17
100
AcDbEntity
  8
OUTLINE
100
AcDbPolyline
 90
2
 70
0
 10
374.05536978026464
 20
214.4721361977166
 10
374.05536978026464
 20
214.78405801913505
  0
LWPOLYLINE
  5
749
330
17
100
AcDbEntity
  8
OUTLINE
100
AcDbPolyline
 90
2
 70
0
 10
374.19943474499024
 20
214.96705466086513
 10
374.17591380120314
 20
214.9532990376371
  0
LWPOLYLINE
  5
74A
330
17
100
AcDbEntity
  8
OUTLINE
100
AcDbPolyline
 90
2
 70
0
 10
374.7540912750871
 20
214.96705466086513
 10
374.77761221887425
 20
214.9532990376371
  0
LWPOLYLINE
  5
74B
330
17
100
AcDbEntity
  8
OUTLINE
100
AcDbPolyline
 90
2
 70
0
 10
355.1693364330125
 20
204.10823908585382
 10
355.1693364330125
 20
204.00280072476335
  0
LWPOLYLINE
  5
74C
330
17
100
AcDbEntity
  8
OUTLINE
100
AcDbPolyline
 90
5
 70
0
 10
356.01518755521624
 20
203.6638917014998
 10
356.0107372137358
 20
203.6251823209125
 10
355.99975268765974
 20
203.59239395947418
 10
355.97858819009406
 20
203.55552022905596
 10
355.9304535915864
 20
203.5048192538853
  0
LWPOLYLINE
  5
74D
330
17
100
AcDbEntity
  8
OUTLINE
100
AcDbPolyline
 90
19
 70
0
 10
355.17240111099153
 20
203.6638917014998
 10
355.176851375855
 20
203.6251826120569
 10
355.18179460949483
 20
203.60786157311486
 10
355.19923391436004
 20
203.5704212143851
 10
355.21289307684873
 20
203.55023283207913
 10
355.2448615143405
 20
203.51543071671097
 10
355.2642844473511
 20
203.4991329737461
 10
355.31111467294073
 20
203.46856696354428
 10
355.36590317768923
 20
203.44303096333917
 10
355.43159916250943
 20
203.42215744162422
 10
355.50468393270313
 20
203.4083236384609
 10
355.58237027091207
 20
203.40267958958427
 10
355.59642928193665
 20
203.40259126556492
 10
355.6748953508404
 20
203.4073289052825
 10
355.74998458898966
 20
203.42067763121526
 10
355.81488052430007
 20
203.44043161074111
 10
355.81789137121035
 20
203.44156794736557
 10
355.87700926992284
 20
203.4688632259645
 10
355.9304535915864
 20
203.5048192538853
  0
LWPOLYLINE
  5
74E
330
17
100
AcDbEntity
  8
OUTLINE
100
AcDbPolyline
 90
2
 70
0
 10
356.01518755521624
 20
203.6638917014998
 10
356.01518755521624
 20
203.97581352291823
  0
LWPOLYLINE
  5
74F
330
17
100
AcDbEntity
  8
OUTLINE
100
AcDbPolyline
 90
2
 70
0
 10
355.17240111099153
 20
203.6638917014998
 10
355.17240111099153
 20
203.97581352291823
  0
LWPOLYLINE
  5
750
330
17
100
AcDbEntity
  8
OUTLINE
100
AcDbPolyline
 90
2
 70
0
 10
355.31646606039374
 20
204.15881016464834
 10
355.29294511660663
 20
204.14505454142028
  0
LWPOLYLINE
  5
751
330
17
100
AcDbEntity
  8
OUTLINE
100
AcDbPolyline
 90
2
 70
0
 10
355.87112259049064
 20
204.15881016464834
 10
355.89464353427775
 20
204.14505454142028
  0
LWPOLYLINE
  5
752
330
17
100
AcDbEntity
  8
OUTLINE
100
AcDbPolyline
 90
2
 70
0
 10
385.4039621009154
 20
228.87499451443017
 10
385.4039621009154
 20
228.7695561533397
  0
LWPOLYLINE
  5
753
330
17
100
AcDbEntity
  8
OUTLINE
100
AcDbPolyline
 90
5
 70
0
 10
386.2498132231191
 20
228.43064711475276
 10
386.24536288163864
 20
228.39193774948885
 10
386.23437835556257
 20
228.35914938805053
 10
386.2132138579969
 20
228.3222756576323
 10
386.1650792748126
 20
228.27157468246165
  0
LWPOLYLINE
  5
754
330
17
100
AcDbEntity
  8
OUTLINE
100
AcDbPolyline
 90
19
 70
0
 10
385.40702677889436
 20
228.43064711475276
 10
385.4114770437578
 20
228.39193804063325
 10
385.41642027739766
 20
228.3746170016912
 10
385.4338595822629
 20
228.33717664296145
 10
385.44751874475156
 20
228.31698826065548
 10
385.47948718224336
 20
228.28218612996392
 10
385.4989101152539
 20
228.26588838699908
 10
385.54574034084357
 20
228.2353223921206
 10
385.60052884559207
 20
228.20978637659212
 10
385.66622483041226
 20
228.18891287020054
 10
385.73930960060596
 20
228.17507906703725
 10
385.8169959388149
 20
228.1694350181606
 10
385.8310549498395
 20
228.16934669414127
 10
385.90952101874325
 20
228.17408433385881
 10
385.9846102568925
 20
228.1874330597916
 10
386.0495061922029
 20
228.20718703931746
 10
386.0525170391132
 20
228.20832336061852
 10
386.1116349378257
 20
228.23561865454084
 10
386.1650792748126
 20
228.27157468246165
  0
LWPOLYLINE
  5
755
330
17
100
AcDbEntity
  8
OUTLINE
100
AcDbPolyline
 90
2
 70
0
 10
386.2498132231191
 20
228.43064711475276
 10
386.2498132231191
 20
228.74256895149458
  0
LWPOLYLINE
  5
756
330
17
100
AcDbEntity
  8
OUTLINE
100
AcDbPolyline
 90
2
 70
0
 10
385.40702677889436
 20
228.43064711475276
 10
385.40702677889436
 20
228.74256895149458
  0
LWPOLYLINE
  5
757
330
17
100
AcDbEntity
  8
OUTLINE
100
AcDbPolyline
 90
2
 70
0
 10
385.55109172829657
 20
228.9255655932247
 10
385.52757078450946
 20
228.91180996999663
  0
LWPOLYLINE
  5
758
330
17
100
AcDbEntity
  8
OUTLINE
100
AcDbPolyline
 90
2
 70
0
 10
386.1057482583935
 20
228.9255655932247
 10
386.1292692021806
 20
228.91180996999663
  0
TEXT
  5
759
330
17
100
AcDbEntity
  8
TEXT
100
AcDbText
 10
299.0
 20
175.0
 30
0.0
 40
2.65
  1
闭合硬止挡：X=±186
  7
CJK
 11
299.0
 21
175.0
 31
0.0
100
AcDbText
  0
TEXT
  5
75A
330
17
100
AcDbEntity
  8
TEXT
100
AcDbText
 10
299.0
 20
168.0
 30
0.0
 40
2.65
  1
槽块角：35° / -35°
  7
CJK
 11
299.0
 21
168.0
 31
0.0
100
AcDbText
  0
TEXT
  5
75B
330
17
100
AcDbEntity
  8
TEXT
100
AcDbText
 10
299.0
 20
161.0
 30
0.0
 40
2.65
  1
145° / 215°
  7
CJK
 11
299.0
 21
161.0
 31
0.0
100
AcDbText
  0
TEXT
  5
75C
330
17
100
AcDbEntity
  8
TEXT
100
AcDbText
 10
299.0
 20
154.0
 30
0.0
 40
2.65
  1
槽后壁 R150.20 名义
  7
CJK
 11
299.0
 21
154.0
 31
0.0
100
AcDbText
  0
TEXT
  5
75D
330
17
100
AcDbEntity
  8
TEXT
100
AcDbText
 10
299.0
 20
147.0
 30
0.0
 40
2.65
  1
槽内缘 R148.60 名义
  7
CJK
 11
299.0
 21
147.0
 31
0.0
100
AcDbText
  0
TEXT
  5
75E
330
17
100
AcDbEntity
  8
TEXT
100
AcDbText
 10
299.0
 20
140.0
 30
0.0
 40
2.65
  1
下承托面 Z=-0.60
  7
CJK
 11
299.0
 21
140.0
 31
0.0
100
AcDbText
  0
TEXT
  5
75F
330
17
100
AcDbEntity
  8
TEXT
100
AcDbText
 10
299.0
 20
133.0
 30
0.0
 40
2.65
  1
槽高 1.20
  7
CJK
 11
299.0
 21
133.0
 31
0.0
100
AcDbText
  0
TEXT
  5
760
330
17
100
AcDbEntity
  8
TEXT
100
AcDbText
 10
299.0
 20
126.0
 30
0.0
 40
2.65
  1
衬套 4×JSM-1012-20
  7
CJK
 11
299.0
 21
126.0
 31
0.0
100
AcDbText
  0
TEXT
  5
761
330
17
100
AcDbEntity
  8
TEXT
100
AcDbText
 10
299.0
 20
119.0
 30
0.0
 40
2.65
  1
弹簧 4×LP024K05S316
  7
CJK
 11
299.0
 21
119.0
 31
0.0
100
AcDbText
  0
TEXT
  5
762
330
17
100
AcDbEntity
  8
TEXT
100
AcDbText
 10
299.0
 20
112.0
 30
0.0
 40
2.65
  1
4金属部件独立接地
  7
CJK
 11
299.0
 21
112.0
 31
0.0
100
AcDbText
  0
TEXT
  5
763
330
17
100
AcDbEntity
  8
TEXT
100
AcDbText
 10
299.0
 20
105.0
 30
0.0
 40
2.65
  1
弹簧/端子为简化表示
  7
CJK
 11
299.0
 21
105.0
 31
0.0
100
AcDbText
  0
TEXT
  5
764
330
17
100
AcDbEntity
  8
TEXT
100
AcDbText
 10
299.0
 20
98.0
 30
0.0
 40
2.65
  1
线材与端子筒部未建模
  7
CJK
 11
299.0
 21
98.0
 31
0.0
100
AcDbText
  0
TEXT
  5
765
330
17
100
AcDbEntity
  8
TEXT
100
AcDbText
 10
299.0
 20
91.0
 30
0.0
 40
2.65
  1
首件先假片，禁止直接实片
  7
CJK
 11
299.0
 21
91.0
 31
0.0
100
AcDbText
  0
LWPOLYLINE
  5
766
330
17
100
AcDbEntity
  8
OUTLINE
100
AcDbPolyline
 90
15
 70
0
 10
57.0
 20
66.0
 10
57.0
 20
65.87463955
 10
57.0
 20
65.50484435
 10
57.0
 20
64.9091574
 10
57.0
 20
64.117449
 10
57.0
 20
63.1694187
 10
57.0
 20
62.11260465
 10
57.0
 20
61.0
 10
57.0
 20
59.88739535
 10
57.0
 20
58.8305813
 10
57.0
 20
57.882551
 10
57.0
 20
57.0908426
 10
57.0
 20
56.49515565
 10
57.0
 20
56.12536045
 10
57.0
 20
56.0
  0
LWPOLYLINE
  5
767
330
17
100
AcDbEntity
  8
OUTLINE
100
AcDbPolyline
 90
2
 70
0
 10
47.0
 20
66.0
 10
57.0
 20
66.0
  0
LWPOLYLINE
  5
768
330
17
100
AcDbEntity
  8
OUTLINE
100
AcDbPolyline
 90
15
 70
0
 10
47.0
 20
66.0
 10
47.0
 20
65.87463955
 10
47.0
 20
65.50484435
 10
47.0
 20
64.9091574
 10
47.0
 20
64.117449
 10
47.0
 20
63.1694187
 10
47.0
 20
62.11260465
 10
47.0
 20
61.0
 10
47.0
 20
59.88739535
 10
47.0
 20
58.8305813
 10
47.0
 20
57.882551
 10
47.0
 20
57.0908426
 10
47.0
 20
56.49515565
 10
47.0
 20
56.12536045
 10
47.0
 20
56.0
  0
LWPOLYLINE
  5
769
330
17
100
AcDbEntity
  8
OUTLINE
100
AcDbPolyline
 90
2
 70
0
 10
81.9355672
 20
56.0
 10
81.9355672
 20
57.5
  0
LWPOLYLINE
  5
76A
330
17
100
AcDbEntity
  8
OUTLINE
100
AcDbPolyline
 90
2
 70
0
 10
57.0
 20
56.0
 10
81.9355672
 20
56.0
  0
LWPOLYLINE
  5
76B
330
17
100
AcDbEntity
  8
OUTLINE
100
AcDbPolyline
 90
2
 70
0
 10
32.0
 20
64.5
 10
47.0
 20
64.5
  0
LWPOLYLINE
  5
76C
330
17
100
AcDbEntity
  8
OUTLINE
100
AcDbPolyline
 90
2
 70
0
 10
24.5
 20
65.0
 10
26.5
 20
65.0
  0
LWPOLYLINE
  5
76D
330
17
100
AcDbEntity
  8
OUTLINE
100
AcDbPolyline
 90
2
 70
0
 10
32.0
 20
57.5
 10
47.0
 20
57.5
  0
LWPOLYLINE
  5
76E
330
17
100
AcDbEntity
  8
OUTLINE
100
AcDbPolyline
 90
2
 70
0
 10
85.1650507
 20
56.0
 10
85.1650507
 20
57.5
  0
LWPOLYLINE
  5
76F
330
17
100
AcDbEntity
  8
OUTLINE
100
AcDbPolyline
 90
2
 70
0
 10
81.9355672
 20
56.0
 10
85.1650507
 20
56.0
  0
LWPOLYLINE
  5
770
330
17
100
AcDbEntity
  8
OUTLINE
100
AcDbPolyline
 90
2
 70
0
 10
90.48953900000001
 20
56.0
 10
85.1650507
 20
56.0
  0
LWPOLYLINE
  5
771
330
17
100
AcDbEntity
  8
OUTLINE
100
AcDbPolyline
 90
2
 70
0
 10
90.48953900000001
 20
56.0
 10
90.48953900000001
 20
57.5
  0
LWPOLYLINE
  5
772
330
17
100
AcDbEntity
  8
OUTLINE
100
AcDbPolyline
 90
2
 70
0
 10
24.5
 20
57.0
 10
26.5
 20
57.0
  0
LWPOLYLINE
  5
773
330
17
100
AcDbEntity
  8
OUTLINE
100
AcDbPolyline
 90
14
 70
0
 10
24.5
 20
65.0
 10
24.258926650000006
 20
64.98541775
 10
24.02136865
 20
64.94188365
 10
23.79079025
 20
64.8700325
 10
23.570553649999994
 20
64.77091205
 10
23.363870500000004
 20
64.64596775
 10
23.173754700000003
 20
64.4970215
 10
23.002978499999998
 20
64.3262453
 10
22.854032250000003
 20
64.1361295
 10
22.729087949999993
 20
63.92944635
 10
22.629967500000006
 20
63.70920975
 10
22.558116350000006
 20
63.47863135
 10
22.514582250000004
 20
63.24107335
 10
22.5
 20
63.0
  0
LWPOLYLINE
  5
774
330
17
100
AcDbEntity
  8
OUTLINE
100
AcDbPolyline
 90
14
 70
0
 10
22.5
 20
63.0
 10
22.514582250000004
 20
63.24107335
 10
22.558116350000006
 20
63.47863135
 10
22.629967500000006
 20
63.70920975
 10
22.729087949999993
 20
63.92944635
 10
22.854032250000003
 20
64.1361295
 10
23.002978499999998
 20
64.3262453
 10
23.173754700000003
 20
64.4970215
 10
23.363870500000004
 20
64.64596775
 10
23.570553649999994
 20
64.77091205
 10
23.79079025
 20
64.8700325
 10
24.02136865
 20
64.94188365
 10
24.258926650000006
 20
64.98541775
 10
24.5
 20
65.0
  0
LWPOLYLINE
  5
775
330
17
100
AcDbEntity
  8
OUTLINE
100
AcDbPolyline
 90
2
 70
0
 10
22.5
 20
59.0
 10
22.5
 20
63.0
  0
LWPOLYLINE
  5
776
330
17
100
AcDbEntity
  8
OUTLINE
100
AcDbPolyline
 90
14
 70
0
 10
24.5
 20
57.0
 10
24.258926650000006
 20
57.014582250000004
 10
24.02136865
 20
57.05811635
 10
23.79079025
 20
57.1299675
 10
23.570553649999994
 20
57.22908795
 10
23.363870500000004
 20
57.35403225
 10
23.173754700000003
 20
57.5029785
 10
23.002978499999998
 20
57.6737547
 10
22.854032250000003
 20
57.8638705
 10
22.729087949999993
 20
58.07055365
 10
22.629967500000006
 20
58.29079025
 10
22.558116350000006
 20
58.52136865
 10
22.514582250000004
 20
58.75892665
 10
22.5
 20
59.0
  0
LWPOLYLINE
  5
777
330
17
100
AcDbEntity
  8
OUTLINE
100
AcDbPolyline
 90
15
 70
0
 10
243.0
 20
66.0
 10
243.0
 20
65.87463955
 10
243.0
 20
65.50484435
 10
243.0
 20
64.9091574
 10
243.0
 20
64.117449
 10
243.0
 20
63.1694187
 10
243.0
 20
62.11260465
 10
243.0
 20
61.0
 10
243.0
 20
59.88739535
 10
243.0
 20
58.8305813
 10
243.0
 20
57.882551
 10
243.0
 20
57.0908426
 10
243.0
 20
56.49515565
 10
243.0
 20
56.12536045
 10
243.0
 20
56.0
  0
LWPOLYLINE
  5
778
330
17
100
AcDbEntity
  8
OUTLINE
100
AcDbPolyline
 90
2
 70
0
 10
243.0
 20
66.0
 10
253.0
 20
66.0
  0
LWPOLYLINE
  5
779
330
17
100
AcDbEntity
  8
OUTLINE
100
AcDbPolyline
 90
15
 70
0
 10
253.0
 20
66.0
 10
253.0
 20
65.87463955
 10
253.0
 20
65.50484435
 10
253.0
 20
64.9091574
 10
253.0
 20
64.117449
 10
253.0
 20
63.1694187
 10
253.0
 20
62.11260465
 10
253.0
 20
61.0
 10
253.0
 20
59.88739535
 10
253.0
 20
58.8305813
 10
253.0
 20
57.882551
 10
253.0
 20
57.0908426
 10
253.0
 20
56.49515565
 10
253.0
 20
56.12536045
 10
253.0
 20
56.0
  0
LWPOLYLINE
  5
77A
330
17
100
AcDbEntity
  8
OUTLINE
100
AcDbPolyline
 90
2
 70
0
 10
253.0
 20
64.5
 10
268.0
 20
64.5
  0
LWPOLYLINE
  5
77B
330
17
100
AcDbEntity
  8
OUTLINE
100
AcDbPolyline
 90
2
 70
0
 10
218.06443280000002
 20
57.5
 10
218.06443280000002
 20
56.0
  0
LWPOLYLINE
  5
77C
330
17
100
AcDbEntity
  8
OUTLINE
100
AcDbPolyline
 90
2
 70
0
 10
218.06443280000002
 20
56.0
 10
243.0
 20
56.0
  0
LWPOLYLINE
  5
77D
330
17
100
AcDbEntity
  8
OUTLINE
100
AcDbPolyline
 90
2
 70
0
 10
253.0
 20
57.5
 10
268.0
 20
57.5
  0
LWPOLYLINE
  5
77E
330
17
100
AcDbEntity
  8
OUTLINE
100
AcDbPolyline
 90
2
 70
0
 10
214.8349493
 20
56.0
 10
218.06443280000002
 20
56.0
  0
LWPOLYLINE
  5
77F
330
17
100
AcDbEntity
  8
OUTLINE
100
AcDbPolyline
 90
2
 70
0
 10
214.8349493
 20
56.0
 10
214.8349493
 20
57.5
  0
LWPOLYLINE
  5
780
330
17
100
AcDbEntity
  8
OUTLINE
100
AcDbPolyline
 90
2
 70
0
 10
209.510461
 20
56.0
 10
214.8349493
 20
56.0
  0
LWPOLYLINE
  5
781
330
17
100
AcDbEntity
  8
OUTLINE
100
AcDbPolyline
 90
2
 70
0
 10
209.510461
 20
56.0
 10
209.510461
 20
57.5
  0
LWPOLYLINE
  5
782
330
17
100
AcDbEntity
  8
OUTLINE
100
AcDbPolyline
 90
2
 70
0
 10
273.5
 20
65.0
 10
275.5
 20
65.0
  0
LWPOLYLINE
  5
783
330
17
100
AcDbEntity
  8
OUTLINE
100
AcDbPolyline
 90
2
 70
0
 10
273.5
 20
57.0
 10
275.5
 20
57.0
  0
LWPOLYLINE
  5
784
330
17
100
AcDbEntity
  8
OUTLINE
100
AcDbPolyline
 90
14
 70
0
 10
275.5
 20
65.0
 10
275.74107334999997
 20
64.98541775
 10
275.97863135
 20
64.94188365
 10
276.20920975
 20
64.8700325
 10
276.42944635000003
 20
64.77091205
 10
276.6361295
 20
64.64596775
 10
276.8262453
 20
64.4970215
 10
276.9970215
 20
64.3262453
 10
277.14596775
 20
64.1361295
 10
277.27091205
 20
63.92944635
 10
277.3700325
 20
63.70920975
 10
277.44188365
 20
63.47863135
 10
277.48541775
 20
63.24107335
 10
277.5
 20
63.0
  0
LWPOLYLINE
  5
785
330
17
100
AcDbEntity
  8
OUTLINE
100
AcDbPolyline
 90
14
 70
0
 10
277.43649165
 20
63.5
 10
277.4239846
 20
63.54615315
 10
277.41379745
 20
63.5808436
 10
277.37949779999997
 20
63.68373095
 10
277.31159245000003
 20
63.8474272
 10
277.25801155
 20
63.95362225
 10
277.21041815
 20
64.03656635
 10
277.1711902
 20
64.09869165
 10
277.13308025000003
 20
64.1545774
 10
277.0923968
 20
64.21007125
 10
277.04687555
 20
64.2677445
 10
276.97193864999997
 20
64.35402975
 10
276.94157445
 20
64.3863128
 10
276.9216118
 20
64.40677645
  0
LWPOLYLINE
  5
786
330
17
100
AcDbEntity
  8
OUTLINE
100
AcDbPolyline
 90
2
 70
0
 10
277.03315265000003
 20
64.2843064
 10
277.04304
 20
64.27241015
  0
LWPOLYLINE
  5
787
330
17
100
AcDbEntity
  8
OUTLINE
100
AcDbPolyline
 90
2
 70
0
 10
277.1056906
 20
64.19237485
 10
277.1266335
 20
64.1636423
  0
LWPOLYLINE
  5
788
330
17
100
AcDbEntity
  8
OUTLINE
100
AcDbPolyline
 90
3
 70
0
 10
277.1830478
 20
64.08043975
 10
277.2098415
 20
64.03751725
 10
277.2242084
 20
64.0134621
  0
LWPOLYLINE
  5
789
330
17
100
AcDbEntity
  8
OUTLINE
100
AcDbPolyline
 90
2
 70
0
 10
277.26969099999997
 20
63.9317692
 10
277.27054325
 20
63.930148700000004
  0
LWPOLYLINE
  5
78A
330
17
100
AcDbEntity
  8
OUTLINE
100
AcDbPolyline
 90
3
 70
0
 10
277.27395065
 20
63.9236336
 10
277.2888544
 20
63.8944272
 10
277.32629105
 20
63.81526745
  0
LWPOLYLINE
  5
78B
330
17
100
AcDbEntity
  8
OUTLINE
100
AcDbPolyline
 90
2
 70
0
 10
277.36798975
 20
63.71457285
 10
277.36848355
 20
63.7132806
  0
LWPOLYLINE
  5
78C
330
17
100
AcDbEntity
  8
OUTLINE
100
AcDbPolyline
 90
2
 70
0
 10
277.40556835
 20
63.60729665
 10
277.41545525
 20
63.57535315
  0
LWPOLYLINE
  5
78D
330
17
100
AcDbEntity
  8
OUTLINE
100
AcDbPolyline
 90
2
 70
0
 10
277.40630799999997
 20
63.604971
 10
277.4057467
 20
63.6067367
  0
LWPOLYLINE
  5
78E
330
17
100
AcDbEntity
  8
OUTLINE
100
AcDbPolyline
 90
2
 70
0
 10
277.37953195
 20
63.683637
 10
277.3458359
 20
63.7699934
  0
LWPOLYLINE
  5
78F
330
17
100
AcDbEntity
  8
OUTLINE
100
AcDbPolyline
 90
2
 70
0
 10
277.32684695
 20
63.81402105
 10
277.3268423
 20
63.81403145
  0
LWPOLYLINE
  5
790
330
17
100
AcDbEntity
  8
OUTLINE
100
AcDbPolyline
 90
5
 70
0
 10
277.3097717
 20
63.85130865
 10
277.21041815
 20
64.03656635
 10
277.1711902
 20
64.09869165
 10
277.13308025000003
 20
64.1545774
 10
277.09980205
 20
64.2002639
  0
LWPOLYLINE
  5
791
330
17
100
AcDbEntity
  8
OUTLINE
100
AcDbPolyline
 90
2
 70
0
 10
277.1317634
 20
64.1564377
 10
277.13206005
 20
64.15601905
  0
LWPOLYLINE
  5
792
330
17
100
AcDbEntity
  8
OUTLINE
100
AcDbPolyline
 90
2
 70
0
 10
277.18077675
 20
64.0839693
 10
277.20459395
 20
64.04611635
  0
LWPOLYLINE
  5
793
330
17
100
AcDbEntity
  8
OUTLINE
100
AcDbPolyline
 90
4
 70
0
 10
277.23038355
 20
64.00288225
 10
277.28685835
 20
63.89840815
 10
277.29169045000003
 20
63.8887324
 10
277.3110827
 20
63.848516000000004
  0
LWPOLYLINE
  5
794
330
17
100
AcDbEntity
  8
OUTLINE
100
AcDbPolyline
 90
2
 70
0
 10
277.3654554
 20
63.72116305
 10
277.366383
 20
63.718759
  0
LWPOLYLINE
  5
795
330
17
100
AcDbEntity
  8
OUTLINE
100
AcDbPolyline
 90
2
 70
0
 10
277.40600655000003
 20
63.60591995
 10
277.40624479999997
 20
63.60516995
  0
LWPOLYLINE
  5
796
330
17
100
AcDbEntity
  8
OUTLINE
100
AcDbPolyline
 90
14
 70
0
 10
275.5
 20
57.0
 10
275.74107334999997
 20
57.014582250000004
 10
275.97863135
 20
57.05811635
 10
276.20920975
 20
57.1299675
 10
276.42944635000003
 20
57.22908795
 10
276.6361295
 20
57.35403225
 10
276.8262453
 20
57.5029785
 10
276.9970215
 20
57.6737547
 10
277.14596775
 20
57.8638705
 10
277.27091205
 20
58.07055365
 10
277.3700325
 20
58.29079025
 10
277.44188365
 20
58.52136865
 10
277.48541775
 20
58.75892665
 10
277.5
 20
59.0
  0
LWPOLYLINE
  5
797
330
17
100
AcDbEntity
  8
OUTLINE
100
AcDbPolyline
 90
2
 70
0
 10
277.5
 20
59.0
 10
277.5
 20
63.0
  0
LWPOLYLINE
  5
798
330
17
100
AcDbEntity
  8
OUTLINE
100
AcDbPolyline
 90
2
 70
0
 10
277.5
 20
58.5
 10
277.5
 20
59.0
  0
LWPOLYLINE
  5
799
330
17
100
AcDbEntity
  8
OUTLINE
100
AcDbPolyline
 90
2
 70
0
 10
277.5
 20
63.0
 10
277.5
 20
63.5
  0
LWPOLYLINE
  5
79A
330
17
100
AcDbEntity
  8
OUTLINE
100
AcDbPolyline
 90
8
 70
0
 10
276.9216118
 20
64.40677645
 10
277.06253355
 20
64.3267745
 10
277.18868355
 20
64.22506205
 10
277.2967493
 20
64.10431
 10
277.38389295
 20
63.96768925
 10
277.44782625
 20
63.81878735
 10
277.48687035
 20
63.6615143
 10
277.5
 20
63.5
  0
LWPOLYLINE
  5
79B
330
17
100
AcDbEntity
  8
OUTLINE
100
AcDbPolyline
 90
8
 70
0
 10
277.5
 20
63.5
 10
277.48687035
 20
63.6615143
 10
277.44782625
 20
63.81878735
 10
277.38389295
 20
63.96768925
 10
277.2967493
 20
64.10431
 10
277.18868355
 20
64.22506205
 10
277.06253355
 20
64.3267745
 10
276.9216118
 20
64.40677645
  0
LWPOLYLINE
  5
79C
330
17
100
AcDbEntity
  8
OUTLINE
100
AcDbPolyline
 90
14
 70
0
 10
277.43649165
 20
58.5
 10
277.4239846
 20
58.45384685
 10
277.41379745
 20
58.4191564
 10
277.37949779999997
 20
58.31626905
 10
277.31159245000003
 20
58.1525728
 10
277.25801155
 20
58.04637775
 10
277.21041815
 20
57.96343365
 10
277.1711902
 20
57.90130835
 10
277.13308025000003
 20
57.8454226
 10
277.0923968
 20
57.78992875
 10
277.04687555
 20
57.7322555
 10
276.97193864999997
 20
57.64597025
 10
276.94157445
 20
57.6136872
 10
276.9216118
 20
57.59322355
  0
LWPOLYLINE
  5
79D
330
17
100
AcDbEntity
  8
OUTLINE
100
AcDbPolyline
 90
4
 70
0
 10
276.9216118
 20
57.59322355
 10
276.93408495
 20
57.60594105
 10
276.94292475
 20
57.61509275
 10
276.95890395000004
 20
57.6319359
  0
LWPOLYLINE
  5
79E
330
17
100
AcDbEntity
  8
OUTLINE
100
AcDbPolyline
 90
13
 70
0
 10
276.97118765
 20
57.6451543
 10
276.97211055
 20
57.64615715
 10
277.0467699
 20
57.73212665
 10
277.09248985
 20
57.7900512
 10
277.133109
 20
57.84546335
 10
277.17145170000003
 20
57.9017062
 10
277.21050125
 20
57.96357075
 10
277.25829154999997
 20
58.04689415
 10
277.31184285
 20
58.1531083
 10
277.3795568
 20
58.3164312
 10
277.4141254
 20
58.42023805
 10
277.42432214999997
 20
58.45503735
 10
277.43649165
 20
58.5
  0
LWPOLYLINE
  5
79F
330
17
100
AcDbEntity
  8
OUTLINE
100
AcDbPolyline
 90
2
 70
0
 10
277.43649165
 20
58.5
 10
277.43628209999997
 20
58.499189
  0
LWPOLYLINE
  5
7A0
330
17
100
AcDbEntity
  8
OUTLINE
100
AcDbPolyline
 90
2
 70
0
 10
277.40630799999997
 20
58.395029
 10
277.4057467
 20
58.3932633
  0
LWPOLYLINE
  5
7A1
330
17
100
AcDbEntity
  8
OUTLINE
100
AcDbPolyline
 90
2
 70
0
 10
277.37953175
 20
58.31636245
 10
277.3458359
 20
58.2300066
  0
LWPOLYLINE
  5
7A2
330
17
100
AcDbEntity
  8
OUTLINE
100
AcDbPolyline
 90
2
 70
0
 10
277.32684695
 20
58.18597895
 10
277.3268423
 20
58.18596855
  0
LWPOLYLINE
  5
7A3
330
17
100
AcDbEntity
  8
OUTLINE
100
AcDbPolyline
 90
5
 70
0
 10
277.3097717
 20
58.14869135
 10
277.21041815
 20
57.96343365
 10
277.1711902
 20
57.90130835
 10
277.13308025000003
 20
57.8454226
 10
277.09980205
 20
57.7997361
  0
LWPOLYLINE
  5
7A4
330
17
100
AcDbEntity
  8
OUTLINE
100
AcDbPolyline
 90
2
 70
0
 10
276.9216118
 20
57.59322355
 10
276.92164005
 20
57.5932521
  0
LWPOLYLINE
  5
7A5
330
17
100
AcDbEntity
  8
OUTLINE
100
AcDbPolyline
 90
4
 70
0
 10
276.92894025
 20
57.6006681
 10
276.93408495
 20
57.60594105
 10
276.94292475
 20
57.61509275
 10
276.95890385
 20
57.63193585
  0
LWPOLYLINE
  5
7A6
330
17
100
AcDbEntity
  8
OUTLINE
100
AcDbPolyline
 90
13
 70
0
 10
276.97071555
 20
57.6446418
 10
276.97211055
 20
57.64615715
 10
277.0467699
 20
57.73212665
 10
277.09248985
 20
57.7900512
 10
277.133109
 20
57.84546335
 10
277.17110225
 20
57.9011746
 10
277.2095114
 20
57.96193895
 10
277.29422745
 20
58.1164006
 10
277.36479255
 20
58.2771247
 10
277.37205405
 20
58.2961437
 10
277.3784672
 20
58.3134427
 10
277.38472055
 20
58.3308001
 10
277.43649165
 20
58.5
  0
LWPOLYLINE
  5
7A7
330
17
100
AcDbEntity
  8
OUTLINE
100
AcDbPolyline
 90
8
 70
0
 10
276.9216118
 20
57.59322355
 10
277.06253355
 20
57.6732255
 10
277.18868355
 20
57.77493795
 10
277.2967493
 20
57.89569
 10
277.38389295
 20
58.03231075
 10
277.44782625
 20
58.18121265
 10
277.48687035
 20
58.3384857
 10
277.5
 20
58.5
  0
LWPOLYLINE
  5
7A8
330
17
100
AcDbEntity
  8
OUTLINE
100
AcDbPolyline
 90
8
 70
0
 10
276.9216118
 20
57.59322355
 10
277.06253355
 20
57.6732255
 10
277.18868355
 20
57.77493795
 10
277.2967493
 20
57.89569
 10
277.38389295
 20
58.03231075
 10
277.44782625
 20
58.18121265
 10
277.48687035
 20
58.3384857
 10
277.5
 20
58.5
  0
LWPOLYLINE
  5
7A9
330
17
100
AcDbEntity
  8
OUTLINE
100
AcDbPolyline
 90
2
 70
0
 10
238.5
 20
64.5
 10
243.0
 20
64.5
  0
LWPOLYLINE
  5
7AA
330
17
100
AcDbEntity
  8
OUTLINE
100
AcDbPolyline
 90
2
 70
0
 10
57.0
 20
64.5
 10
230.0
 20
64.5
  0
LWPOLYLINE
  5
7AB
330
17
100
AcDbEntity
  8
OUTLINE
100
AcDbPolyline
 90
15
 70
0
 10
230.0
 20
64.5
 10
230.0
 20
64.49602915
 10
230.0
 20
64.48412569999999
 10
230.0
 20
64.46431655
 10
230.0
 20
64.4366467
 10
230.0
 20
64.40117895
 10
230.0
 20
64.35799375
 10
230.0
 20
64.30718915
 10
230.0
 20
64.24888035
 10
230.0
 20
64.18319965
 10
230.0
 20
64.11029615
 10
230.0
 20
64.03033525
 10
230.0
 20
63.9434984
 10
230.0
 20
63.84998255
 10
230.0
 20
63.75
  0
LWPOLYLINE
  5
7AC
330
17
100
AcDbEntity
  8
OUTLINE
100
AcDbPolyline
 90
2
 70
0
 10
230.0
 20
63.75
 10
238.5
 20
63.75
  0
LWPOLYLINE
  5
7AD
330
17
100
AcDbEntity
  8
OUTLINE
100
AcDbPolyline
 90
15
 70
0
 10
238.5
 20
64.5
 10
238.5
 20
64.49602915
 10
238.5
 20
64.48412569999999
 10
238.5
 20
64.46431655
 10
238.5
 20
64.4366467
 10
238.5
 20
64.40117895
 10
238.5
 20
64.35799375
 10
238.5
 20
64.30718915
 10
238.5
 20
64.24888035
 10
238.5
 20
64.18319965
 10
238.5
 20
64.11029615
 10
238.5
 20
64.03033525
 10
238.5
 20
63.9434984
 10
238.5
 20
63.84998255
 10
238.5
 20
63.75
  0
LWPOLYLINE
  5
7AE
330
17
100
AcDbEntity
  8
OUTLINE
100
AcDbPolyline
 90
2
 70
0
 10
32.0
 20
64.43
 10
47.0
 20
64.43
  0
LWPOLYLINE
  5
7AF
330
17
100
AcDbEntity
  8
OUTLINE
100
AcDbPolyline
 90
2
 70
0
 10
253.0
 20
64.43
 10
268.0
 20
64.43
  0
LWPOLYLINE
  5
7B0
330
17
100
AcDbEntity
  8
OUTLINE
100
AcDbPolyline
 90
15
 70
0
 10
32.0
 20
66.0
 10
32.0
 20
65.97609865
 10
32.0
 20
65.90462305
 10
32.0
 20
65.78625665
 10
32.0
 20
65.62213095
 10
32.0
 20
65.4138152
 10
32.0
 20
65.163301
 10
32.0
 20
64.87298335
 10
32.0
 20
64.54563785
 10
32.0
 20
64.18439415
 10
32.0
 20
63.7927059
 10
32.0
 20
63.3743179
 10
32.0
 20
62.93323005
 10
32.0
 20
62.47365955
 10
32.0
 20
62.0
  0
LWPOLYLINE
  5
7B1
330
17
100
AcDbEntity
  8
OUTLINE
100
AcDbPolyline
 90
15
 70
0
 10
32.0
 20
60.0
 10
32.0
 20
59.52634045
 10
32.0
 20
59.06676995
 10
32.0
 20
58.6256821
 10
32.0
 20
58.2072941
 10
32.0
 20
57.81560585
 10
32.0
 20
57.45436215
 10
32.0
 20
57.12701665
 10
32.0
 20
56.836699
 10
32.0
 20
56.5861848
 10
32.0
 20
56.37786905
 10
32.0
 20
56.21374335
 10
32.0
 20
56.09537695
 10
32.0
 20
56.02390135
 10
32.0
 20
56.0
  0
LWPOLYLINE
  5
7B2
330
17
100
AcDbEntity
  8
OUTLINE
100
AcDbPolyline
 90
2
 70
0
 10
26.5
 20
66.0
 10
32.0
 20
66.0
  0
LWPOLYLINE
  5
7B3
330
17
100
AcDbEntity
  8
OUTLINE
100
AcDbPolyline
 90
15
 70
0
 10
26.5
 20
66.0
 10
26.5
 20
65.87463955
 10
26.5
 20
65.50484435
 10
26.5
 20
64.9091574
 10
26.5
 20
64.117449
 10
26.5
 20
63.1694187
 10
26.5
 20
62.11260465
 10
26.5
 20
61.0
 10
26.5
 20
59.88739535
 10
26.5
 20
58.8305813
 10
26.5
 20
57.882551
 10
26.5
 20
57.0908426
 10
26.5
 20
56.49515565
 10
26.5
 20
56.12536045
 10
26.5
 20
56.0
  0
LWPOLYLINE
  5
7B4
330
17
100
AcDbEntity
  8
OUTLINE
100
AcDbPolyline
 90
2
 70
0
 10
31.5
 20
62.0
 10
43.0
 20
62.0
  0
LWPOLYLINE
  5
7B5
330
17
100
AcDbEntity
  8
OUTLINE
100
AcDbPolyline
 90
2
 70
0
 10
31.5
 20
61.0
 10
31.5
 20
62.0
  0
LWPOLYLINE
  5
7B6
330
17
100
AcDbEntity
  8
OUTLINE
100
AcDbPolyline
 90
2
 70
0
 10
31.5
 20
60.0
 10
31.5
 20
61.0
  0
LWPOLYLINE
  5
7B7
330
17
100
AcDbEntity
  8
OUTLINE
100
AcDbPolyline
 90
2
 70
0
 10
31.5
 20
60.0
 10
43.0
 20
60.0
  0
LWPOLYLINE
  5
7B8
330
17
100
AcDbEntity
  8
OUTLINE
100
AcDbPolyline
 90
2
 70
0
 10
43.0
 20
60.0
 10
43.0
 20
62.0
  0
LWPOLYLINE
  5
7B9
330
17
100
AcDbEntity
  8
OUTLINE
100
AcDbPolyline
 90
2
 70
0
 10
31.5
 20
61.0
 10
32.0
 20
61.0
  0
LWPOLYLINE
  5
7BA
330
17
100
AcDbEntity
  8
OUTLINE
100
AcDbPolyline
 90
15
 70
0
 10
273.5
 20
66.0
 10
273.5
 20
65.87463955
 10
273.5
 20
65.50484435
 10
273.5
 20
64.9091574
 10
273.5
 20
64.117449
 10
273.5
 20
63.1694187
 10
273.5
 20
62.11260465
 10
273.5
 20
61.0
 10
273.5
 20
59.88739535
 10
273.5
 20
58.8305813
 10
273.5
 20
57.882551
 10
273.5
 20
57.0908426
 10
273.5
 20
56.49515565
 10
273.5
 20
56.12536045
 10
273.5
 20
56.0
  0
LWPOLYLINE
  5
7BB
330
17
100
AcDbEntity
  8
OUTLINE
100
AcDbPolyline
 90
2
 70
0
 10
268.0
 20
66.0
 10
273.5
 20
66.0
  0
LWPOLYLINE
  5
7BC
330
17
100
AcDbEntity
  8
OUTLINE
100
AcDbPolyline
 90
15
 70
0
 10
268.0
 20
60.0
 10
268.0
 20
59.52634045
 10
268.0
 20
59.06676995
 10
268.0
 20
58.6256821
 10
268.0
 20
58.2072941
 10
268.0
 20
57.81560585
 10
268.0
 20
57.45436215
 10
268.0
 20
57.12701665
 10
268.0
 20
56.836699
 10
268.0
 20
56.5861848
 10
268.0
 20
56.37786905
 10
268.0
 20
56.21374335
 10
268.0
 20
56.09537695
 10
268.0
 20
56.02390135
 10
268.0
 20
56.0
  0
LWPOLYLINE
  5
7BD
330
17
100
AcDbEntity
  8
OUTLINE
100
AcDbPolyline
 90
15
 70
0
 10
268.0
 20
66.0
 10
268.0
 20
65.97609865
 10
268.0
 20
65.90462305
 10
268.0
 20
65.78625665
 10
268.0
 20
65.62213095
 10
268.0
 20
65.4138152
 10
268.0
 20
65.163301
 10
268.0
 20
64.87298335
 10
268.0
 20
64.54563785
 10
268.0
 20
64.18439415
 10
268.0
 20
63.7927059
 10
268.0
 20
63.3743179
 10
268.0
 20
62.93323005
 10
268.0
 20
62.47365955
 10
268.0
 20
62.0
  0
LWPOLYLINE
  5
7BE
330
17
100
AcDbEntity
  8
OUTLINE
100
AcDbPolyline
 90
2
 70
0
 10
257.0
 20
60.0
 10
268.5
 20
60.0
  0
LWPOLYLINE
  5
7BF
330
17
100
AcDbEntity
  8
OUTLINE
100
AcDbPolyline
 90
2
 70
0
 10
268.5
 20
60.0
 10
268.5
 20
61.0
  0
LWPOLYLINE
  5
7C0
330
17
100
AcDbEntity
  8
OUTLINE
100
AcDbPolyline
 90
2
 70
0
 10
268.5
 20
61.0
 10
268.5
 20
62.0
  0
LWPOLYLINE
  5
7C1
330
17
100
AcDbEntity
  8
OUTLINE
100
AcDbPolyline
 90
2
 70
0
 10
257.0
 20
62.0
 10
268.5
 20
62.0
  0
LWPOLYLINE
  5
7C2
330
17
100
AcDbEntity
  8
OUTLINE
100
AcDbPolyline
 90
2
 70
0
 10
257.0
 20
60.0
 10
257.0
 20
62.0
  0
LWPOLYLINE
  5
7C3
330
17
100
AcDbEntity
  8
OUTLINE
100
AcDbPolyline
 90
2
 70
0
 10
268.0
 20
61.0
 10
268.5
 20
61.0
  0
LWPOLYLINE
  5
7C4
330
17
100
AcDbEntity
  8
OUTLINE
100
AcDbPolyline
 90
5
 70
0
 10
216.90098265
 20
64.5
 10
216.9583852
 20
64.48858195
 10
217.00704869999998
 20
64.45606599999999
 10
217.0395646
 20
64.4074025
 10
217.05098264999998
 20
64.35
  0
LWPOLYLINE
  5
7C5
330
17
100
AcDbEntity
  8
OUTLINE
100
AcDbPolyline
 90
5
 70
0
 10
213.74631225000002
 20
64.5
 10
213.8037148
 20
64.48858195
 10
213.8523783
 20
64.45606599999999
 10
213.8848942
 20
64.4074025
 10
213.89631225
 20
64.35
  0
LWPOLYLINE
  5
7C6
330
17
100
AcDbEntity
  8
OUTLINE
100
AcDbPolyline
 90
5
 70
0
 10
213.74631225000002
 20
64.5
 10
213.8037148
 20
64.48858195
 10
213.8523783
 20
64.45606599999999
 10
213.8848942
 20
64.4074025
 10
213.89631225
 20
64.35
  0
LWPOLYLINE
  5
7C7
330
17
100
AcDbEntity
  8
OUTLINE
100
AcDbPolyline
 90
5
 70
0
 10
216.90098265
 20
64.5
 10
216.9583852
 20
64.48858195
 10
217.00704869999998
 20
64.45606599999999
 10
217.0395646
 20
64.4074025
 10
217.05098264999998
 20
64.35
  0
LWPOLYLINE
  5
7C8
330
17
100
AcDbEntity
  8
OUTLINE
100
AcDbPolyline
 90
5
 70
0
 10
85.54901735
 20
64.5
 10
85.60641985
 20
64.48858195
 10
85.65508335
 20
64.45606599999999
 10
85.68759925
 20
64.4074025
 10
85.69901735
 20
64.35
  0
LWPOLYLINE
  5
7C9
330
17
100
AcDbEntity
  8
OUTLINE
100
AcDbPolyline
 90
5
 70
0
 10
88.70368775
 20
64.5
 10
88.76109025
 20
64.48858195
 10
88.80975375
 20
64.45606599999999
 10
88.84226964999999
 20
64.4074025
 10
88.85368775
 20
64.35
  0
LWPOLYLINE
  5
7CA
330
17
100
AcDbEntity
  8
OUTLINE
100
AcDbPolyline
 90
15
 70
0
 10
24.5
 20
59.45
 10
24.5
 20
59.48886175
 10
24.5
 20
59.60349825
 10
24.5
 20
59.7881612
 10
24.5
 20
60.0335908
 10
24.5
 20
60.3274802
 10
24.5
 20
60.65509255
 10
24.5
 20
61.0
 10
24.5
 20
61.34490745
 10
24.5
 20
61.6725198
 10
24.5
 20
61.9664092
 10
24.5
 20
62.2118388
 10
24.5
 20
62.39650175
 10
24.5
 20
62.51113825
 10
24.5
 20
62.55
  0
LWPOLYLINE
  5
7CB
330
17
100
AcDbEntity
  8
OUTLINE
100
AcDbPolyline
 90
5
 70
0
 10
24.5
 20
62.55
 10
24.515224099999998
 20
62.6265367
 10
24.55857865
 20
62.69142135
 10
24.623463299999997
 20
62.7347759
 10
24.700000000000003
 20
62.75
  0
LWPOLYLINE
  5
7CC
330
17
100
AcDbEntity
  8
OUTLINE
100
AcDbPolyline
 90
15
 70
0
 10
26.382499999999993
 20
59.25
 10
26.382499999999993
 20
59.29387615
 10
26.382499999999993
 20
59.4233045
 10
26.382499999999993
 20
59.6317949
 10
26.382499999999993
 20
59.90889285
 10
26.382499999999993
 20
60.24070345
 10
26.382499999999993
 20
60.61058835
 10
26.382499999999993
 20
61.0
 10
26.382499999999993
 20
61.38941165
 10
26.382499999999993
 20
61.75929655
 10
26.382499999999993
 20
62.09110715
 10
26.382499999999993
 20
62.3682051
 10
26.382499999999993
 20
62.5766955
 10
26.382499999999993
 20
62.70612385
 10
26.382499999999993
 20
62.75
  0
LWPOLYLINE
  5
7CD
330
17
100
AcDbEntity
  8
OUTLINE
100
AcDbPolyline
 90
2
 70
0
 10
24.700000000000003
 20
62.75
 10
26.382499999999993
 20
62.75
  0
LWPOLYLINE
  5
7CE
330
17
100
AcDbEntity
  8
OUTLINE
100
AcDbPolyline
 90
2
 70
0
 10
26.382499999999993
 20
62.75
 10
26.5
 20
62.6325
  0
LWPOLYLINE
  5
7CF
330
17
100
AcDbEntity
  8
OUTLINE
100
AcDbPolyline
 90
15
 70
0
 10
275.5
 20
62.55
 10
275.5
 20
62.51113825
 10
275.5
 20
62.39650175
 10
275.5
 20
62.2118388
 10
275.5
 20
61.9664092
 10
275.5
 20
61.6725198
 10
275.5
 20
61.34490745
 10
275.5
 20
61.0
 10
275.5
 20
60.65509255
 10
275.5
 20
60.3274802
 10
275.5
 20
60.0335908
 10
275.5
 20
59.7881612
 10
275.5
 20
59.60349825
 10
275.5
 20
59.48886175
 10
275.5
 20
59.45
  0
LWPOLYLINE
  5
7D0
330
17
100
AcDbEntity
  8
OUTLINE
100
AcDbPolyline
 90
5
 70
0
 10
275.5
 20
59.45
 10
275.4847759
 20
59.3734633
 10
275.44142135
 20
59.30857865
 10
275.3765367
 20
59.2652241
 10
275.3
 20
59.25
  0
LWPOLYLINE
  5
7D1
330
17
100
AcDbEntity
  8
OUTLINE
100
AcDbPolyline
 90
15
 70
0
 10
273.6175
 20
62.75
 10
273.6175
 20
62.70612385
 10
273.6175
 20
62.5766955
 10
273.6175
 20
62.3682051
 10
273.6175
 20
62.09110715
 10
273.6175
 20
61.75929655
 10
273.6175
 20
61.38941165
 10
273.6175
 20
61.0
 10
273.6175
 20
60.61058835
 10
273.6175
 20
60.24070345
 10
273.6175
 20
59.90889285
 10
273.6175
 20
59.6317949
 10
273.6175
 20
59.4233045
 10
273.6175
 20
59.29387615
 10
273.6175
 20
59.25
  0
LWPOLYLINE
  5
7D2
330
17
100
AcDbEntity
  8
OUTLINE
100
AcDbPolyline
 90
2
 70
0
 10
275.3
 20
59.25
 10
273.6175
 20
59.25
  0
LWPOLYLINE
  5
7D3
330
17
100
AcDbEntity
  8
OUTLINE
100
AcDbPolyline
 90
2
 70
0
 10
273.6175
 20
59.25
 10
273.5
 20
59.3675
  0
LWPOLYLINE
  5
7D4
330
17
100
AcDbEntity
  8
OUTLINE
100
AcDbPolyline
 90
15
 70
0
 10
231.115
 20
64.17
 10
231.1237086
 20
64.17
 10
231.14972484999998
 20
64.17
 10
231.1927216
 20
64.17
 10
231.2521581
 20
64.17
 10
231.327287
 20
64.17
 10
231.4171634
 20
64.17
 10
231.5206571
 20
64.17
 10
231.6364666
 20
64.17
 10
231.76313555000002
 20
64.17
 10
231.899071
 20
64.17
 10
232.0425635
 20
64.17
 10
232.19180849999998
 20
64.17
 10
232.3449292
 20
64.17
 10
232.5
 20
64.17
  0
LWPOLYLINE
  5
7D5
330
17
100
AcDbEntity
  8
OUTLINE
100
AcDbPolyline
 90
2
 70
0
 10
232.5
 20
63.75
 10
232.5
 20
64.17
  0
LWPOLYLINE
  5
7D6
330
17
100
AcDbEntity
  8
OUTLINE
100
AcDbPolyline
 90
2
 70
0
 10
236.815
 20
63.75
 10
236.815
 20
64.17
  0
LWPOLYLINE
  5
7D7
330
17
100
AcDbEntity
  8
OUTLINE
100
AcDbPolyline
 90
2
 70
0
 10
232.5
 20
64.17
 10
236.815
 20
64.17
  0
LWPOLYLINE
  5
7D8
330
17
100
AcDbEntity
  8
OUTLINE
100
AcDbPolyline
 90
15
 70
0
 10
233.725
 20
65.67
 10
233.72235935
 20
65.67
 10
233.7144487
 20
65.67
 10
233.70130225
 20
65.67
 10
233.68297665
 20
65.67
 10
233.65955085000002
 20
65.67
 10
233.6311259
 20
65.67
 10
233.59782435
 20
65.67
 10
233.55978975
 20
65.67
 10
233.5171861
 20
65.67
 10
233.47019705
 20
65.67
 10
233.4190252
 20
65.67
 10
233.36389115
 20
65.67
 10
233.30503265
 20
65.67
 10
233.24270339999998
 20
65.67
  0
LWPOLYLINE
  5
7D9
330
17
100
AcDbEntity
  8
OUTLINE
100
AcDbPolyline
 90
15
 70
0
 10
231.275
 20
65.67
 10
231.30571329999998
 20
65.67
 10
231.39631315
 20
65.67
 10
231.54225645
 20
65.67
 10
231.736225
 20
65.67
 10
231.9684924
 20
65.67
 10
232.22741185
 20
65.67
 10
232.5
 20
65.67
 10
232.77258815
 20
65.67
 10
233.0315076
 20
65.67
 10
233.263775
 20
65.67
 10
233.45774355
 20
65.67
 10
233.60368685
 20
65.67
 10
233.69428670000002
 20
65.67
 10
233.725
 20
65.67
  0
LWPOLYLINE
  5
7DA
330
17
100
AcDbEntity
  8
OUTLINE
100
AcDbPolyline
 90
5
 70
0
 10
233.725
 20
65.67
 10
233.7824025
 20
65.65858195
 10
233.83106600000002
 20
65.626066
 10
233.86358195
 20
65.5774025
 10
233.875
 20
65.52
  0
LWPOLYLINE
  5
7DB
330
17
100
AcDbEntity
  8
OUTLINE
100
AcDbPolyline
 90
15
 70
0
 10
231.125
 20
64.2775
 10
231.1594741
 20
64.2775
 10
231.2611678
 20
64.2775
 10
231.4249817
 20
64.2775
 10
231.6427015
 20
64.2775
 10
231.90340985
 20
64.2775
 10
232.1940337
 20
64.2775
 10
232.5
 20
64.2775
 10
232.8059663
 20
64.2775
 10
233.09659015
 20
64.2775
 10
233.3572985
 20
64.2775
 10
233.5750183
 20
64.2775
 10
233.7388322
 20
64.2775
 10
233.8405259
 20
64.2775
 10
233.875
 20
64.2775
  0
LWPOLYLINE
  5
7DC
330
17
100
AcDbEntity
  8
OUTLINE
100
AcDbPolyline
 90
2
 70
0
 10
233.875
 20
65.52
 10
233.875
 20
64.2775
  0
LWPOLYLINE
  5
7DD
330
17
100
AcDbEntity
  8
OUTLINE
100
AcDbPolyline
 90
2
 70
0
 10
233.875
 20
64.2775
 10
233.76749999999998
 20
64.17
  0
LWPOLYLINE
  5
7DE
330
17
100
AcDbEntity
  8
OUTLINE
100
AcDbPolyline
 90
15
 70
0
 10
233.725
 20
65.67
 10
233.72235935
 20
65.67
 10
233.7144487
 20
65.67
 10
233.70130225
 20
65.67
 10
233.68297665
 20
65.67
 10
233.65955085000002
 20
65.67
 10
233.6311259
 20
65.67
 10
233.59782435
 20
65.67
 10
233.55978975
 20
65.67
 10
233.5171861
 20
65.67
 10
233.47019705
 20
65.67
 10
233.4190252
 20
65.67
 10
233.36389115
 20
65.67
 10
233.30503265
 20
65.67
 10
233.24270339999998
 20
65.67
  0
LWPOLYLINE
  5
7DF
330
17
100
AcDbEntity
  8
OUTLINE
100
AcDbPolyline
 90
15
 70
0
 10
233.24270339999998
 20
65.67
 10
233.30503265
 20
65.67
 10
233.36389115
 20
65.67
 10
233.4190252
 20
65.67
 10
233.47019705
 20
65.67
 10
233.5171861
 20
65.67
 10
233.55978975
 20
65.67
 10
233.59782435
 20
65.67
 10
233.6311259
 20
65.67
 10
233.65955085000002
 20
65.67
 10
233.68297665
 20
65.67
 10
233.70130225
 20
65.67
 10
233.7144487
 20
65.67
 10
233.72235935
 20
65.67
 10
233.725
 20
65.67
  0
LWPOLYLINE
  5
7E0
330
17
100
AcDbEntity
  8
OUTLINE
100
AcDbPolyline
 90
5
 70
0
 10
233.725
 20
65.67
 10
233.7824025
 20
65.65858195
 10
233.83106600000002
 20
65.626066
 10
233.86358195
 20
65.5774025
 10
233.875
 20
65.52
  0
LWPOLYLINE
  5
7E1
330
17
100
AcDbEntity
  8
OUTLINE
100
AcDbPolyline
 90
2
 70
0
 10
47.0
 20
56.0
 10
57.0
 20
56.0
  0
LWPOLYLINE
  5
7E2
330
17
100
AcDbEntity
  8
OUTLINE
100
AcDbPolyline
 90
2
 70
0
 10
243.0
 20
56.0
 10
253.0
 20
56.0
  0
LWPOLYLINE
  5
7E3
330
17
100
AcDbEntity
  8
OUTLINE
100
AcDbPolyline
 90
2
 70
0
 10
57.0
 20
57.5
 10
243.0
 20
57.5
  0
LWPOLYLINE
  5
7E4
330
17
100
AcDbEntity
  8
OUTLINE
100
AcDbPolyline
 90
2
 70
0
 10
32.0
 20
57.57
 10
47.0
 20
57.57
  0
LWPOLYLINE
  5
7E5
330
17
100
AcDbEntity
  8
OUTLINE
100
AcDbPolyline
 90
2
 70
0
 10
253.0
 20
57.57
 10
268.0
 20
57.57
  0
LWPOLYLINE
  5
7E6
330
17
100
AcDbEntity
  8
OUTLINE
100
AcDbPolyline
 90
2
 70
0
 10
26.5
 20
56.0
 10
32.0
 20
56.0
  0
LWPOLYLINE
  5
7E7
330
17
100
AcDbEntity
  8
OUTLINE
100
AcDbPolyline
 90
2
 70
0
 10
268.0
 20
56.0
 10
273.5
 20
56.0
  0
LWPOLYLINE
  5
7E8
330
17
100
AcDbEntity
  8
OUTLINE
100
AcDbPolyline
 90
2
 70
0
 10
211.296285
 20
64.5
 10
211.29631225
 20
64.5
  0
LWPOLYLINE
  5
7E9
330
17
100
AcDbEntity
  8
OUTLINE
100
AcDbPolyline
 90
2
 70
0
 10
211.296285
 20
64.5
 10
211.29631225
 20
64.5
  0
LWPOLYLINE
  5
7EA
330
17
100
AcDbEntity
  8
OUTLINE
100
AcDbPolyline
 90
2
 70
0
 10
86.2536605
 20
64.5
 10
86.25368775
 20
64.5
  0
LWPOLYLINE
  5
7EB
330
17
100
AcDbEntity
  8
OUTLINE
100
AcDbPolyline
 90
2
 70
0
 10
86.2536605
 20
64.5
 10
86.25368775
 20
64.5
  0
LWPOLYLINE
  5
7EC
330
17
100
AcDbEntity
  8
OUTLINE
100
AcDbPolyline
 90
5
 70
0
 10
24.700000000000003
 20
59.25
 10
24.625621949999996
 20
59.26434465
 10
24.559693699999997
 20
59.3074723
 10
24.516754500000005
 20
59.36986835
 10
24.5
 20
59.45
  0
LWPOLYLINE
  5
7ED
330
17
100
AcDbEntity
  8
OUTLINE
100
AcDbPolyline
 90
2
 70
0
 10
24.700000000000003
 20
59.25
 10
26.382499999999993
 20
59.25
  0
LWPOLYLINE
  5
7EE
330
17
100
AcDbEntity
  8
OUTLINE
100
AcDbPolyline
 90
2
 70
0
 10
26.5
 20
59.3675
 10
26.382499999999993
 20
59.25
  0
LWPOLYLINE
  5
7EF
330
17
100
AcDbEntity
  8
OUTLINE
100
AcDbPolyline
 90
5
 70
0
 10
275.3
 20
62.75
 10
275.37437805
 20
62.73565535
 10
275.4403063
 20
62.6925277
 10
275.4832455
 20
62.63013165
 10
275.5
 20
62.55
  0
LWPOLYLINE
  5
7F0
330
17
100
AcDbEntity
  8
OUTLINE
100
AcDbPolyline
 90
2
 70
0
 10
275.3
 20
62.75
 10
273.6175
 20
62.75
  0
LWPOLYLINE
  5
7F1
330
17
100
AcDbEntity
  8
OUTLINE
100
AcDbPolyline
 90
2
 70
0
 10
273.5
 20
62.6325
 10
273.6175
 20
62.75
  0
LWPOLYLINE
  5
7F2
330
17
100
AcDbEntity
  8
OUTLINE
100
AcDbPolyline
 90
5
 70
0
 10
275.3
 20
62.75
 10
275.37437805
 20
62.73565535
 10
275.4403063
 20
62.6925277
 10
275.4832455
 20
62.63013165
 10
275.5
 20
62.55
  0
LWPOLYLINE
  5
7F3
330
17
100
AcDbEntity
  8
OUTLINE
100
AcDbPolyline
 90
2
 70
0
 10
231.115
 20
63.75
 10
231.115
 20
64.17
  0
LWPOLYLINE
  5
7F4
330
17
100
AcDbEntity
  8
OUTLINE
100
AcDbPolyline
 90
6
 70
0
 10
231.125
 20
65.52
 10
231.12765735
 20
65.5481071
 10
231.1537366
 20
65.6082907
 10
231.2029374
 20
65.65155605
 10
231.23780795
 20
65.6653162
 10
231.275
 20
65.67
  0
LWPOLYLINE
  5
7F5
330
17
100
AcDbEntity
  8
OUTLINE
100
AcDbPolyline
 90
2
 70
0
 10
231.125
 20
65.52
 10
231.125
 20
64.2775
  0
LWPOLYLINE
  5
7F6
330
17
100
AcDbEntity
  8
OUTLINE
100
AcDbPolyline
 90
2
 70
0
 10
231.23250000000002
 20
64.17
 10
231.125
 20
64.2775
  0
LINE
  5
7F7
330
17
100
AcDbEntity
  8
DIM
100
AcDbLine
 10
277.5
 20
56.0
 30
0.0
 11
283.5
 21
56.0
 31
0.0
  0
LINE
  5
7F8
330
17
100
AcDbEntity
  8
DIM
100
AcDbLine
 10
277.5
 20
66.0
 30
0.0
 11
283.5
 21
66.0
 31
0.0
  0
LINE
  5
7F9
330
17
100
AcDbEntity
  8
DIM
100
AcDbLine
 10
282.0
 20
56.0
 30
0.0
 11
282.0
 21
66.0
 31
0.0
  0
LINE
  5
7FA
330
17
100
AcDbEntity
  8
DIM
100
AcDbLine
 10
282.0
 20
56.0
 30
0.0
 11
282.6857956149109
 21
57.87874542569476
 31
0.0
  0
LINE
  5
7FB
330
17
100
AcDbEntity
  8
DIM
100
AcDbLine
 10
282.0
 20
56.0
 30
0.0
 11
281.3142043850891
 21
57.87874542569476
 31
0.0
  0
LINE
  5
7FC
330
17
100
AcDbEntity
  8
DIM
100
AcDbLine
 10
282.0
 20
66.0
 30
0.0
 11
281.3142043850891
 21
64.12125457430524
 31
0.0
  0
LINE
  5
7FD
330
17
100
AcDbEntity
  8
DIM
100
AcDbLine
 10
282.0
 20
66.0
 30
0.0
 11
282.6857956149109
 21
64.12125457430524
 31
0.0
  0
TEXT
  5
7FE
330
17
100
AcDbEntity
  8
TEXT
100
AcDbText
 10
280.2
 20
61.0
 30
0.0
 40
2.8
  1
20 REF，不含线束
 50
90.0
  7
CJK
 72
1
 11
280.2
 21
61.0
 31
0.0
100
AcDbText
  0
ENDSEC
  0
SECTION
  2
OBJECTS
  0
DICTIONARY
  5
A
330
0
100
AcDbDictionary
281
1
  3
ACAD_COLOR
350
B
  3
ACAD_GROUP
350
C
  3
ACAD_LAYOUT
350
D
  3
ACAD_MATERIAL
350
E
  3
ACAD_MLEADERSTYLE
350
F
  3
ACAD_MLINESTYLE
350
10
  3
ACAD_PLOTSETTINGS
350
11
  3
ACAD_PLOTSTYLENAME
350
12
  3
ACAD_SCALELIST
350
14
  3
ACAD_TABLESTYLE
350
15
  3
ACAD_VISUALSTYLE
350
16
  3
EZDXF_META
350
2D
  0
DICTIONARY
  5
B
330
A
100
AcDbDictionary
281
1
  0
DICTIONARY
  5
C
330
A
100
AcDbDictionary
281
1
  0
DICTIONARY
  5
D
330
A
100
AcDbDictionary
281
1
  3
Model
350
1A
  3
Layout1
350
1E
  0
DICTIONARY
  5
E
330
A
100
AcDbDictionary
281
1
  3
ByBlock
350
1F
  3
ByLayer
350
20
  3
Global
350
21
  0
DICTIONARY
  5
F
330
A
100
AcDbDictionary
281
1
  3
Standard
350
2C
  0
DICTIONARY
  5
10
330
A
100
AcDbDictionary
281
1
  3
Standard
350
22
  0
DICTIONARY
  5
11
330
A
100
AcDbDictionary
281
1
  0
ACDBDICTIONARYWDFLT
  5
12
330
A
100
AcDbDictionary
281
1
  3
Normal
350
13
100
AcDbDictionaryWithDefault
340
13
  0
ACDBPLACEHOLDER
  5
13
330
12
  0
DICTIONARY
  5
14
330
A
100
AcDbDictionary
281
1
  0
DICTIONARY
  5
15
330
A
100
AcDbDictionary
281
1
  0
DICTIONARY
  5
16
330
A
100
AcDbDictionary
281
1
  0
LAYOUT
  5
1A
330
D
100
AcDbPlotSettings
  1

  4
A3
  6

 40
7.5
 41
20.0
 42
7.5
 43
20.0
 44
420.0
 45
297.0
 46
0.0
 47
0.0
 48
0.0
 49
0.0
140
0.0
141
0.0
142
1.0
143
1.0
 70
1024
 72
1
 73
0
 74
5
  7

 75
16
 76
0
 77
2
 78
300
147
1.0
148
0.0
149
0.0
100
AcDbLayout
  1
Model
 70
1
 71
0
 10
0.0
 20
0.0
 11
420.0
 21
297.0
 12
0.0
 22
0.0
 32
0.0
 14
1e+20
 24
1e+20
 34
1e+20
 15
-1e+20
 25
-1e+20
 35
-1e+20
146
0.0
 13
0.0
 23
0.0
 33
0.0
 16
1.0
 26
0.0
 36
0.0
 17
0.0
 27
1.0
 37
0.0
 76
1
330
17
  0
LAYOUT
  5
1E
330
D
100
AcDbPlotSettings
  1

  4
A3
  6

 40
7.5
 41
20.0
 42
7.5
 43
20.0
 44
420.0
 45
297.0
 46
0.0
 47
0.0
 48
0.0
 49
0.0
140
0.0
141
0.0
142
1.0
143
1.0
 70
0
 72
1
 73
0
 74
5
  7

 75
16
 76
0
 77
2
 78
300
147
1.0
148
0.0
149
0.0
100
AcDbLayout
  1
Layout1
 70
1
 71
1
 10
0.0
 20
0.0
 11
420.0
 21
297.0
 12
0.0
 22
0.0
 32
0.0
 14
1e+20
 24
1e+20
 34
1e+20
 15
-1e+20
 25
-1e+20
 35
-1e+20
146
0.0
 13
0.0
 23
0.0
 33
0.0
 16
1.0
 26
0.0
 36
0.0
 17
0.0
 27
1.0
 37
0.0
 76
1
330
1B
  0
MATERIAL
  5
1F
102
{ACAD_REACTORS
330
E
102
}
330
E
100
AcDbMaterial
  1
ByBlock
  2

 70
0
 40
1.0
 71
1
 41
1.0
 91
-1023410177
 42
1.0
 72
1
  3

 73
1
 74
1
 75
1
 44
0.5
 73
0
 45
1.0
 46
1.0
 77
1
  4

 78
1
 79
1
170
1
 48
1.0
171
1
  6

172
1
173
1
174
1
140
1.0
141
1.0
175
1
  7

176
1
177
1
178
1
143
1.0
179
1
  8

270
1
271
1
272
1
145
1.0
146
1.0
273
1
  9

274
1
275
1
276
1
 42
1.0
 72
1
  3

 73
1
 74
1
 75
1
 94
63
  0
MATERIAL
  5
20
102
{ACAD_REACTORS
330
E
102
}
330
E
100
AcDbMaterial
  1
ByLayer
  2

 70
0
 40
1.0
 71
1
 41
1.0
 91
-1023410177
 42
1.0
 72
1
  3

 73
1
 74
1
 75
1
 44
0.5
 73
0
 45
1.0
 46
1.0
 77
1
  4

 78
1
 79
1
170
1
 48
1.0
171
1
  6

172
1
173
1
174
1
140
1.0
141
1.0
175
1
  7

176
1
177
1
178
1
143
1.0
179
1
  8

270
1
271
1
272
1
145
1.0
146
1.0
273
1
  9

274
1
275
1
276
1
 42
1.0
 72
1
  3

 73
1
 74
1
 75
1
 94
63
  0
MATERIAL
  5
21
102
{ACAD_REACTORS
330
E
102
}
330
E
100
AcDbMaterial
  1
Global
  2

 70
0
 40
1.0
 71
1
 41
1.0
 91
-1023410177
 42
1.0
 72
1
  3

 73
1
 74
1
 75
1
 44
0.5
 73
0
 45
1.0
 46
1.0
 77
1
  4

 78
1
 79
1
170
1
 48
1.0
171
1
  6

172
1
173
1
174
1
140
1.0
141
1.0
175
1
  7

176
1
177
1
178
1
143
1.0
179
1
  8

270
1
271
1
272
1
145
1.0
146
1.0
273
1
  9

274
1
275
1
276
1
 42
1.0
 72
1
  3

 73
1
 74
1
 75
1
 94
63
  0
MLINESTYLE
  5
22
102
{ACAD_REACTORS
330
10
102
}
330
10
100
AcDbMlineStyle
  2
Standard
 70
0
  3

 62
256
 51
90.0
 52
90.0
 71
2
 49
0.5
 62
256
  6
BYLAYER
 49
-0.5
 62
256
  6
BYLAYER
  0
MLEADERSTYLE
  5
2C
102
{ACAD_REACTORS
330
F
102
}
330
F
100
AcDbMLeaderStyle
179
2
170
2
171
1
172
0
 90
2
 40
0.0
 41
0.0
173
1
 91
-1056964608
 92
-2
290
1
 42
2.0
291
1
 43
8.0
  3
Standard
 44
4.0
300

342
29
174
1
175
1
176
0
178
1
 93
-1056964608
 45
4.0
292
0
297
0
 46
4.0
 94
-1056964608
 47
1.0
 49
1.0
140
1.0
294
1
141
0.0
177
0
142
1.0
295
0
296
0
143
3.75
271
0
272
9
273
9
  0
DICTIONARY
  5
2D
330
A
100
AcDbDictionary
280
1
281
1
  3
CREATED_BY_EZDXF
350
2E
  3
WRITTEN_BY_EZDXF
350
801
  0
DICTIONARYVAR
  5
2E
330
2D
100
DictionaryVariables
280
0
  1
1.4.4 @ 2026-09-13T11:05:27.352193+00:00
  0
DICTIONARYVAR
  5
801
330
2D
100
DictionaryVariables
280
0
  1
1.4.4 @ 2026-09-13T11:05:27.465829+00:00
  0
ENDSEC
  0
EOF
