  0
SECTION
  2
HEADER
  9
$ACADVER
  1
AC1024
  9
$ACADMAINTVER
 70
6
  9
$DWGCODEPAGE
  3
ANSI_1252
  9
$LASTSAVEDBY
  1
ezdxf
  9
$INSBASE
 10
0.0
 20
0.0
 30
0.0
  9
$EXTMIN
 10
1e+20
 20
1e+20
 30
1e+20
  9
$EXTMAX
 10
-1e+20
 20
-1e+20
 30
-1e+20
  9
$LIMMIN
 10
0.0
 20
0.0
  9
$LIMMAX
 10
420.0
 20
297.0
  9
$ORTHOMODE
 70
0
  9
$REGENMODE
 70
1
  9
$FILLMODE
 70
1
  9
$QTEXTMODE
 70
0
  9
$MIRRTEXT
 70
1
  9
$LTSCALE
 40
1.0
  9
$ATTMODE
 70
1
  9
$TEXTSIZE
 40
2.5
  9
$TRACEWID
 40
1.0
  9
$TEXTSTYLE
  7
Standard
  9
$CLAYER
  8
0
  9
$CELTYPE
  6
ByLayer
  9
$CECOLOR
 62
256
  9
$CELTSCALE
 40
1.0
  9
$DISPSILH
 70
0
  9
$DIMSCALE
 40
1.0
  9
$DIMASZ
 40
2.5
  9
$DIMEXO
 40
0.625
  9
$DIMDLI
 40
3.75
  9
$DIMRND
 40
0.0
  9
$DIMDLE
 40
0.0
  9
$DIMEXE
 40
1.25
  9
$DIMTP
 40
0.0
  9
$DIMTM
 40
0.0
  9
$DIMTXT
 40
2.5
  9
$DIMCEN
 40
2.5
  9
$DIMTSZ
 40
0.0
  9
$DIMTOL
 70
0
  9
$DIMLIM
 70
0
  9
$DIMTIH
 70
0
  9
$DIMTOH
 70
0
  9
$DIMSE1
 70
0
  9
$DIMSE2
 70
0
  9
$DIMTAD
 70
1
  9
$DIMZIN
 70
8
  9
$DIMBLK
  1

  9
$DIMASO
 70
1
  9
$DIMSHO
 70
1
  9
$DIMPOST
  1

  9
$DIMAPOST
  1

  9
$DIMALT
 70
0
  9
$DIMALTD
 70
3
  9
$DIMALTF
 40
0.03937007874
  9
$DIMLFAC
 40
1.0
  9
$DIMTOFL
 70
1
  9
$DIMTVP
 40
0.0
  9
$DIMTIX
 70
0
  9
$DIMSOXD
 70
0
  9
$DIMSAH
 70
0
  9
$DIMBLK1
  1

  9
$DIMBLK2
  1

  9
$DIMSTYLE
  2
ISO-25
  9
$DIMCLRD
 70
0
  9
$DIMCLRE
 70
0
  9
$DIMCLRT
 70
0
  9
$DIMTFAC
 40
1.0
  9
$DIMGAP
 40
0.625
  9
$DIMJUST
 70
0
  9
$DIMSD1
 70
0
  9
$DIMSD2
 70
0
  9
$DIMTOLJ
 70
0
  9
$DIMTZIN
 70
8
  9
$DIMALTZ
 70
0
  9
$DIMALTTZ
 70
0
  9
$DIMUPT
 70
0
  9
$DIMDEC
 70
2
  9
$DIMTDEC
 70
2
  9
$DIMALTU
 70
2
  9
$DIMALTTD
 70
3
  9
$DIMTXSTY
  7
Standard
  9
$DIMAUNIT
 70
0
  9
$DIMADEC
 70
0
  9
$DIMALTRND
 40
0.0
  9
$DIMAZIN
 70
0
  9
$DIMDSEP
 70
44
  9
$DIMATFIT
 70
3
  9
$DIMFRAC
 70
0
  9
$DIMLDRBLK
  1

  9
$DIMLUNIT
 70
2
  9
$DIMLWD
 70
-2
  9
$DIMLWE
 70
-2
  9
$DIMTMOVE
 70
0
  9
$DIMFXL
 40
1.0
  9
$DIMFXLON
 70
0
  9
$DIMJOGANG
 40
0.785398163397
  9
$DIMTFILL
 70
0
  9
$DIMTFILLCLR
 70
0
  9
$DIMARCSYM
 70
0
  9
$DIMLTYPE
  6

  9
$DIMLTEX1
  6

  9
$DIMLTEX2
  6

  9
$DIMTXTDIRECTION
 70
0
  9
$LUNITS
 70
2
  9
$LUPREC
 70
4
  9
$SKETCHINC
 40
1.0
  9
$FILLETRAD
 40
10.0
  9
$AUNITS
 70
0
  9
$AUPREC
 70
2
  9
$MENU
  1
.
  9
$ELEVATION
 40
0.0
  9
$PELEVATION
 40
0.0
  9
$THICKNESS
 40
0.0
  9
$LIMCHECK
 70
0
  9
$CHAMFERA
 40
0.0
  9
$CHAMFERB
 40
0.0
  9
$CHAMFERC
 40
0.0
  9
$CHAMFERD
 40
0.0
  9
$SKPOLY
 70
0
  9
$TDCREATE
 40
2461297.7954513887
  9
$TDUCREATE
 40
2458532.153996898
  9
$TDUPDATE
 40
2461297.7954513887
  9
$TDUUPDATE
 40
2458532.1544311
  9
$TDINDWG
 40
0.0
  9
$TDUSRTIMER
 40
0.0
  9
$USRTIMER
 70
1
  9
$ANGBASE
 50
0.0
  9
$ANGDIR
 70
0
  9
$PDMODE
 70
0
  9
$PDSIZE
 40
0.0
  9
$PLINEWID
 40
0.0
  9
$SPLFRAME
 70
0
  9
$SPLINETYPE
 70
6
  9
$SPLINESEGS
 70
8
  9
$HANDSEED
  5
2D2
  9
$SURFTAB1
 70
6
  9
$SURFTAB2
 70
6
  9
$SURFTYPE
 70
6
  9
$SURFU
 70
6
  9
$SURFV
 70
6
  9
$UCSBASE
  2

  9
$UCSNAME
  2

  9
$UCSORG
 10
0.0
 20
0.0
 30
0.0
  9
$UCSXDIR
 10
1.0
 20
0.0
 30
0.0
  9
$UCSYDIR
 10
0.0
 20
1.0
 30
0.0
  9
$UCSORTHOREF
  2

  9
$UCSORTHOVIEW
 70
0
  9
$UCSORGTOP
 10
0.0
 20
0.0
 30
0.0
  9
$UCSORGBOTTOM
 10
0.0
 20
0.0
 30
0.0
  9
$UCSORGLEFT
 10
0.0
 20
0.0
 30
0.0
  9
$UCSORGRIGHT
 10
0.0
 20
0.0
 30
0.0
  9
$UCSORGFRONT
 10
0.0
 20
0.0
 30
0.0
  9
$UCSORGBACK
 10
0.0
 20
0.0
 30
0.0
  9
$PUCSBASE
  2

  9
$PUCSNAME
  2

  9
$PUCSORG
 10
0.0
 20
0.0
 30
0.0
  9
$PUCSXDIR
 10
1.0
 20
0.0
 30
0.0
  9
$PUCSYDIR
 10
0.0
 20
1.0
 30
0.0
  9
$PUCSORTHOREF
  2

  9
$PUCSORTHOVIEW
 70
0
  9
$PUCSORGTOP
 10
0.0
 20
0.0
 30
0.0
  9
$PUCSORGBOTTOM
 10
0.0
 20
0.0
 30
0.0
  9
$PUCSORGLEFT
 10
0.0
 20
0.0
 30
0.0
  9
$PUCSORGRIGHT
 10
0.0
 20
0.0
 30
0.0
  9
$PUCSORGFRONT
 10
0.0
 20
0.0
 30
0.0
  9
$PUCSORGBACK
 10
0.0
 20
0.0
 30
0.0
  9
$USERI1
 70
0
  9
$USERI2
 70
0
  9
$USERI3
 70
0
  9
$USERI4
 70
0
  9
$USERI5
 70
0
  9
$USERR1
 40
0.0
  9
$USERR2
 40
0.0
  9
$USERR3
 40
0.0
  9
$USERR4
 40
0.0
  9
$USERR5
 40
0.0
  9
$WORLDVIEW
 70
1
  9
$SHADEDGE
 70
3
  9
$SHADEDIF
 70
70
  9
$TILEMODE
 70
1
  9
$MAXACTVP
 70
64
  9
$PINSBASE
 10
0.0
 20
0.0
 30
0.0
  9
$PLIMCHECK
 70
0
  9
$PEXTMIN
 10
1e+20
 20
1e+20
 30
1e+20
  9
$PEXTMAX
 10
-1e+20
 20
-1e+20
 30
-1e+20
  9
$PLIMMIN
 10
0.0
 20
0.0
  9
$PLIMMAX
 10
420.0
 20
297.0
  9
$UNITMODE
 70
0
  9
$VISRETAIN
 70
1
  9
$PLINEGEN
 70
0
  9
$PSLTSCALE
 70
1
  9
$TREEDEPTH
 70
3020
  9
$CMLSTYLE
  2
Standard
  9
$CMLJUST
 70
0
  9
$CMLSCALE
 40
20.0
  9
$PROXYGRAPHICS
 70
1
  9
$MEASUREMENT
 70
1
  9
$CELWEIGHT
370
-1
  9
$ENDCAPS
280
0
  9
$JOINSTYLE
280
0
  9
$LWDISPLAY
290
0
  9
$INSUNITS
 70
4
  9
$HYPERLINKBASE
  1

  9
$STYLESHEET
  1

  9
$XEDIT
290
1
  9
$CEPSNTYPE
380
0
  9
$PSTYLEMODE
290
1
  9
$FINGERPRINTGUID
  2
{99AC3BA3-5EF1-40B7-8282-71085DF9C070}
  9
$VERSIONGUID
  2
{E7C8F110-FB20-4779-A719-ACD31B94561B}
  9
$EXTNAMES
290
1
  9
$PSVPSCALE
 40
0.0
  9
$OLESTARTUP
290
0
  9
$SORTENTS
280
127
  9
$INDEXCTL
280
0
  9
$HIDETEXT
280
1
  9
$XCLIPFRAME
280
1
  9
$HALOGAP
280
0
  9
$OBSCOLOR
 70
257
  9
$OBSLTYPE
280
0
  9
$INTERSECTIONDISPLAY
280
0
  9
$INTERSECTIONCOLOR
 70
257
  9
$DIMASSOC
280
2
  9
$PROJECTNAME
  1

  9
$CAMERADISPLAY
290
0
  9
$LENSLENGTH
 40
50.0
  9
$CAMERAHEIGHT
 40
0.0
  9
$STEPSPERSEC
 40
24.0
  9
$STEPSIZE
 40
100.0
  9
$3DDWFPREC
 40
2.0
  9
$PSOLWIDTH
 40
0.005
  9
$PSOLHEIGHT
 40
0.08
  9
$LOFTANG1
 40
1.570796326795
  9
$LOFTANG2
 40
1.570796326795
  9
$LOFTMAG1
 40
0.0
  9
$LOFTMAG2
 40
0.0
  9
$LOFTPARAM
 70
7
  9
$LOFTNORMALS
280
1
  9
$LATITUDE
 40
37.795
  9
$LONGITUDE
 40
-122.394
  9
$NORTHDIRECTION
 40
0.0
  9
$TIMEZONE
 70
-8000
  9
$LIGHTGLYPHDISPLAY
280
1
  9
$TILEMODELIGHTSYNCH
280
1
  9
$CMATERIAL
347
20
  9
$SOLIDHIST
280
0
  9
$SHOWHIST
280
1
  9
$DWFFRAME
280
2
  9
$DGNFRAME
280
2
  9
$REALWORLDSCALE
290
1
  9
$INTERFERECOLOR
 62
256
  9
$CSHADOW
280
0
  9
$SHADOWPLANELOCATION
 40
0.0
  0
ENDSEC
  0
SECTION
  2
CLASSES
  0
CLASS
  1
ACDBDICTIONARYWDFLT
  2
AcDbDictionaryWithDefault
  3
ObjectDBX Classes
 90
0
 91
0
280
0
281
0
  0
CLASS
  1
SUN
  2
AcDbSun
  3
SCENEOE
 90
1153
 91
0
280
0
281
0
  0
CLASS
  1
VISUALSTYLE
  2
AcDbVisualStyle
  3
ObjectDBX Classes
 90
4095
 91
0
280
0
281
0
  0
CLASS
  1
MATERIAL
  2
AcDbMaterial
  3
ObjectDBX Classes
 90
1153
 91
0
280
0
281
0
  0
CLASS
  1
SCALE
  2
AcDbScale
  3
ObjectDBX Classes
 90
1153
 91
0
280
0
281
0
  0
CLASS
  1
TABLESTYLE
  2
AcDbTableStyle
  3
ObjectDBX Classes
 90
4095
 91
0
280
0
281
0
  0
CLASS
  1
MLEADERSTYLE
  2
AcDbMLeaderStyle
  3
ACDB_MLEADERSTYLE_CLASS
 90
4095
 91
0
280
0
281
0
  0
CLASS
  1
DICTIONARYVAR
  2
AcDbDictionaryVar
  3
ObjectDBX Classes
 90
0
 91
0
280
0
281
0
  0
CLASS
  1
CELLSTYLEMAP
  2
AcDbCellStyleMap
  3
ObjectDBX Classes
 90
1152
 91
0
280
0
281
0
  0
CLASS
  1
MENTALRAYRENDERSETTINGS
  2
AcDbMentalRayRenderSettings
  3
SCENEOE
 90
1024
 91
0
280
0
281
0
  0
CLASS
  1
ACDBDETAILVIEWSTYLE
  2
AcDbDetailViewStyle
  3
ObjectDBX Classes
 90
1025
 91
0
280
0
281
0
  0
CLASS
  1
ACDBSECTIONVIEWSTYLE
  2
AcDbSectionViewStyle
  3
ObjectDBX Classes
 90
1025
 91
0
280
0
281
0
  0
CLASS
  1
RASTERVARIABLES
  2
AcDbRasterVariables
  3
ISM
 90
0
 91
0
280
0
281
0
  0
CLASS
  1
LAYOUT
  2
AcDbLayout
  3
ObjectDBX Classes
 90
0
 91
0
280
0
281
0
  0
CLASS
  1
ACDBPLACEHOLDER
  2
AcDbPlaceHolder
  3
ObjectDBX Classes
 90
0
 91
0
280
0
281
0
  0
ENDSEC
  0
SECTION
  2
TABLES
  0
TABLE
  2
VPORT
  5
8
330
0
100
AcDbSymbolTable
 70
1
  0
VPORT
  5
23
330
8
100
AcDbSymbolTableRecord
100
AcDbViewportTableRecord
  2
*Active
 70
0
 10
0.0
 20
0.0
 11
1.0
 21
1.0
 12
0.0
 22
0.0
 13
0.0
 23
0.0
 14
0.5
 24
0.5
 15
0.5
 25
0.5
 16
0.0
 26
0.0
 36
1.0
 17
0.0
 27
0.0
 37
0.0
 40
1000.0
 41
1.34
 42
50.0
 43
0.0
 44
0.0
 50
0.0
 51
0.0
 71
0
 72
1000
 73
1
 74
3
 75
0
 76
0
 77
0
 78
0
281
0
 65
0
146
0.0
  0
ENDTAB
  0
TABLE
  2
LTYPE
  5
2
330
0
100
AcDbSymbolTable
 70
3
  0
LTYPE
  5
24
330
2
100
AcDbSymbolTableRecord
100
AcDbLinetypeTableRecord
  2
ByBlock
 70
0
  3

 72
65
 73
0
 40
0.0
  0
LTYPE
  5
25
330
2
100
AcDbSymbolTableRecord
100
AcDbLinetypeTableRecord
  2
ByLayer
 70
0
  3

 72
65
 73
0
 40
0.0
  0
LTYPE
  5
26
330
2
100
AcDbSymbolTableRecord
100
AcDbLinetypeTableRecord
  2
Continuous
 70
0
  3

 72
65
 73
0
 40
0.0
  0
ENDTAB
  0
TABLE
  2
LAYER
  5
1
330
0
100
AcDbSymbolTable
 70
9
  0
LAYER
  5
27
330
1
100
AcDbSymbolTableRecord
100
AcDbLayerTableRecord
  2
0
 70
0
 62
7
  6
Continuous
370
-3
390
13
347
21
  0
LAYER
  5
28
330
1
100
AcDbSymbolTableRecord
100
AcDbLayerTableRecord
  2
Defpoints
 70
0
 62
7
  6
Continuous
290
0
370
-3
390
13
347
21
  0
LAYER
  5
2F
330
1
100
AcDbSymbolTableRecord
100
AcDbLayerTableRecord
  2
OUTLINE
 70
0
 62
7
  6
Continuous
370
-3
390
13
347
21
  0
LAYER
  5
30
330
1
100
AcDbSymbolTableRecord
100
AcDbLayerTableRecord
  2
TANGENT
 70
0
 62
8
  6
Continuous
370
-3
390
13
347
21
  0
LAYER
  5
31
330
1
100
AcDbSymbolTableRecord
100
AcDbLayerTableRecord
  2
HIDDEN
 70
0
 62
8
  6
Continuous
370
-3
390
13
347
21
  0
LAYER
  5
32
330
1
100
AcDbSymbolTableRecord
100
AcDbLayerTableRecord
  2
DIM
 70
0
 62
7
  6
Continuous
370
-3
390
13
347
21
  0
LAYER
  5
33
330
1
100
AcDbSymbolTableRecord
100
AcDbLayerTableRecord
  2
TEXT
 70
0
 62
7
  6
Continuous
370
-3
390
13
347
21
  0
LAYER
  5
34
330
1
100
AcDbSymbolTableRecord
100
AcDbLayerTableRecord
  2
HOLD
 70
0
 62
1
  6
Continuous
370
-3
390
13
347
21
  0
LAYER
  5
35
330
1
100
AcDbSymbolTableRecord
100
AcDbLayerTableRecord
  2
CENTER
 70
0
 62
4
  6
Continuous
370
-3
390
13
347
21
  0
ENDTAB
  0
TABLE
  2
STYLE
  5
5
330
0
100
AcDbSymbolTable
 70
2
  0
STYLE
  5
29
330
5
100
AcDbSymbolTableRecord
100
AcDbTextStyleTableRecord
  2
Standard
 70
0
 40
0.0
 41
1.0
 50
0.0
 71
0
 42
2.5
  3
txt
  4

  0
STYLE
  5
36
330
5
100
AcDbSymbolTableRecord
100
AcDbTextStyleTableRecord
  2
CJK
 70
0
 40
0.0
 41
1.0
 50
0.0
 71
0
 42
2.5
  3
Arial Unicode.ttf
  4

  0
ENDTAB
  0
TABLE
  2
VIEW
  5
7
330
0
100
AcDbSymbolTable
 70
0
  0
ENDTAB
  0
TABLE
  2
UCS
  5
6
330
0
100
AcDbSymbolTable
 70
0
  0
ENDTAB
  0
TABLE
  2
APPID
  5
3
330
0
100
AcDbSymbolTable
 70
3
  0
APPID
  5
2A
330
3
100
AcDbSymbolTableRecord
100
AcDbRegAppTableRecord
  2
ACAD
 70
0
  0
APPID
  5
2CF
330
3
100
AcDbSymbolTableRecord
100
AcDbRegAppTableRecord
  2
HATCHBACKGROUNDCOLOR
 70
0
  0
APPID
  5
2D0
330
3
100
AcDbSymbolTableRecord
100
AcDbRegAppTableRecord
  2
EZDXF
 70
0
  0
ENDTAB
  0
TABLE
  2
DIMSTYLE
  5
4
330
0
100
AcDbSymbolTable
 70
1
100
AcDbDimStyleTable
  0
DIMSTYLE
105
2B
330
4
100
AcDbSymbolTableRecord
100
AcDbDimStyleTableRecord
  2
Standard
 70
0
 40
1.0
 41
2.5
 42
0.625
 43
3.75
 44
1.25
 45
0.0
 46
0.0
 47
0.0
 48
0.0
 49
2.5
140
2.5
141
2.5
142
0.0
143
0.03937007874
144
1.0
145
0.0
146
1.0
147
0.625
148
0.0
 69
0
 70
0
 71
0
 72
0
 73
0
 74
0
 75
0
 76
0
 77
1
 78
8
 79
3
170
0
171
3
172
1
173
0
174
0
175
0
176
0
177
0
178
0
179
2
271
2
272
2
273
2
274
3
275
0
276
0
277
2
278
44
279
0
280
0
281
0
282
0
283
0
284
8
285
0
286
0
288
0
289
3
290
0
371
-2
372
-2
  0
ENDTAB
  0
TABLE
  2
BLOCK_RECORD
  5
9
330
0
100
AcDbSymbolTable
 70
2
  0
BLOCK_RECORD
  5
17
330
9
100
AcDbSymbolTableRecord
100
AcDbBlockTableRecord
  2
*Model_Space
340
1A
 70
0
280
1
281
0
  0
BLOCK_RECORD
  5
1B
330
9
100
AcDbSymbolTableRecord
100
AcDbBlockTableRecord
  2
*Paper_Space
340
1E
 70
0
280
1
281
0
  0
ENDTAB
  0
ENDSEC
  0
SECTION
  2
BLOCKS
  0
BLOCK
  5
18
330
17
100
AcDbEntity
  8
0
100
AcDbBlockBegin
  2
*Model_Space
 70
0
 10
0.0
 20
0.0
 30
0.0
  3
*Model_Space
  1

  0
ENDBLK
  5
19
330
17
100
AcDbEntity
  8
0
100
AcDbBlockEnd
  0
BLOCK
  5
1C
330
1B
100
AcDbEntity
  8
0
100
AcDbBlockBegin
  2
*Paper_Space
 70
0
 10
0.0
 20
0.0
 30
0.0
  3
*Paper_Space
  1

  0
ENDBLK
  5
1D
330
1B
100
AcDbEntity
  8
0
100
AcDbBlockEnd
  0
ENDSEC
  0
SECTION
  2
ENTITIES
  0
LWPOLYLINE
  5
37
330
17
100
AcDbEntity
  8
OUTLINE
100
AcDbPolyline
 90
5
 70
0
 10
10.0
 20
10.0
 10
410.0
 20
10.0
 10
410.0
 20
287.0
 10
10.0
 20
287.0
 10
10.0
 20
10.0
  0
TEXT
  5
38
330
17
100
AcDbEntity
  8
TEXT
100
AcDbText
 10
15.0
 20
278.0
 30
0.0
 40
5.0
  1
P1 开启总装 / 行程、止挡和装配索引
  7
CJK
 11
15.0
 21
278.0
 31
0.0
100
AcDbText
  0
TEXT
  5
39
330
17
100
AcDbEntity
  8
TEXT
100
AcDbText
 10
405.0
 20
279.0
 30
0.0
 40
3.0
  1
WF300-DH | P1D1 | 02/12
  7
CJK
 72
2
 11
405.0
 21
279.0
 31
0.0
100
AcDbText
  0
LINE
  5
3A
330
17
100
AcDbEntity
  8
OUTLINE
100
AcDbLine
 10
10.0
 20
273.0
 30
0.0
 11
410.0
 21
273.0
 31
0.0
  0
LINE
  5
3B
330
17
100
AcDbEntity
  8
OUTLINE
100
AcDbLine
 10
10.0
 20
38.0
 30
0.0
 11
410.0
 21
38.0
 31
0.0
  0
TEXT
  5
3C
330
17
100
AcDbEntity
  8
HOLD
100
AcDbText
 10
15.0
 20
30.0
 30
0.0
 40
3.3
  1
状态：工程试制 / 首件评审后执行；未获实片使用批准
  7
CJK
 11
15.0
 21
30.0
 31
0.0
100
AcDbText
  0
TEXT
  5
3D
330
17
100
AcDbEntity
  8
TEXT
100
AcDbText
 10
15.0
 20
22.0
 30
0.0
 40
2.6
  1
单位mm；成品尺寸；试制公差见第11页。复杂轮廓依同版STEP；不得量图。
  7
CJK
 11
15.0
 21
22.0
 31
0.0
100
AcDbText
  0
TEXT
  5
3E
330
17
100
AcDbEntity
  8
TEXT
100
AcDbText
 10
15.0
 20
15.0
 30
0.0
 40
2.5
  1
源模型 SHA-256：11d3f112668962898e65…；晶圆厚0.50–0.90；外缘2接触；先假片验收。
  7
CJK
 11
15.0
 21
15.0
 31
0.0
100
AcDbText
  0
LINE
  5
3F
330
17
100
AcDbEntity
  8
OUTLINE
100
AcDbLine
 10
282.0
 20
10.0
 30
0.0
 11
282.0
 21
38.0
 31
0.0
  0
TEXT
  5
40
330
17
100
AcDbEntity
  8
TEXT
100
AcDbText
 10
287.0
 20
30.0
 30
0.0
 40
2.7
  1
图号 WF300-P1-001  |  比例 1:2
  7
CJK
 11
287.0
 21
30.0
 31
0.0
100
AcDbText
  0
TEXT
  5
41
330
17
100
AcDbEntity
  8
TEXT
100
AcDbText
 10
287.0
 20
22.0
 30
0.0
 40
2.6
  1
材料/来源：见12页BOM
  7
CJK
 11
287.0
 21
22.0
 31
0.0
100
AcDbText
  0
TEXT
  5
42
330
17
100
AcDbEntity
  8
TEXT
100
AcDbText
 10
287.0
 20
15.0
 30
0.0
 40
2.6
  1
工艺/质量首件评审签署：待完成
  7
CJK
 11
287.0
 21
15.0
 31
0.0
100
AcDbText
  0
LWPOLYLINE
  5
43
330
17
100
AcDbEntity
  8
OUTLINE
100
AcDbPolyline
 90
2
 70
0
 10
54.0
 20
193.0
 10
54.0
 20
200.0
  0
LWPOLYLINE
  5
44
330
17
100
AcDbEntity
  8
OUTLINE
100
AcDbPolyline
 90
7
 70
0
 10
54.0
 20
193.0
 10
53.98549815
 20
192.87957635
 10
53.94141315
 20
192.75795275000002
 10
53.8647957
 20
192.63229865
 10
53.75227515
 20
192.50228035
 10
53.595488149999994
 20
192.36398755
 10
53.5
 20
192.2928932
  0
LWPOLYLINE
  5
45
330
17
100
AcDbEntity
  8
OUTLINE
100
AcDbPolyline
 90
5
 70
0
 10
53.5
 20
192.2928932
 10
53.385719050000006
 20
192.22461570000002
 10
53.262323800000004
 20
192.17465995
 10
53.132730050000006
 20
192.14420635
 10
53.0
 20
192.1339746
  0
LWPOLYLINE
  5
46
330
17
100
AcDbEntity
  8
OUTLINE
100
AcDbPolyline
 90
2
 70
0
 10
27.82287565
 20
193.0
 10
27.82287565
 20
200.0
  0
LWPOLYLINE
  5
47
330
17
100
AcDbEntity
  8
OUTLINE
100
AcDbPolyline
 90
2
 70
0
 10
54.0
 20
83.0
 10
54.0
 20
88.5
  0
LWPOLYLINE
  5
48
330
17
100
AcDbEntity
  8
OUTLINE
100
AcDbPolyline
 90
15
 70
0
 10
54.0
 20
83.0
 10
54.0
 20
82.7926681
 10
54.0
 20
82.56870335
 10
54.0
 20
82.329088
 10
54.0
 20
82.0748729
 10
54.0
 20
81.80717285
 10
54.0
 20
81.52716185
 10
54.0
 20
81.236068
 10
54.0
 20
80.93516775
 10
54.0
 20
80.62578085
 10
54.0
 20
80.309264
 10
54.0
 20
79.98700535
 10
54.0
 20
79.6604182
 10
54.0
 20
79.33093475
 10
54.0
 20
79.0
  0
LWPOLYLINE
  5
49
330
17
100
AcDbEntity
  8
OUTLINE
100
AcDbPolyline
 90
15
 70
0
 10
54.0
 20
79.0
 10
54.0
 20
78.4401776
 10
54.0
 20
77.88739535
 10
54.0
 20
77.3486047
 10
54.0
 20
76.8305813
 10
54.0
 20
76.3398396
 10
54.0
 20
75.882551
 10
54.0
 20
75.4644661
 10
54.0
 20
75.0908426
 10
54.0
 20
74.766379
 10
54.0
 20
74.49515565
 10
54.0
 20
74.28058335
 10
54.0
 20
74.12536045
 10
54.0
 20
74.03143895
 10
54.0
 20
74.0
  0
LWPOLYLINE
  5
4A
330
17
100
AcDbEntity
  8
OUTLINE
100
AcDbPolyline
 90
2
 70
0
 10
54.0
 20
88.5
 10
54.0
 20
130.0
  0
LWPOLYLINE
  5
4B
330
17
100
AcDbEntity
  8
OUTLINE
100
AcDbPolyline
 90
2
 70
0
 10
54.0
 20
130.0
 10
54.0
 20
137.0
  0
LWPOLYLINE
  5
4C
330
17
100
AcDbEntity
  8
OUTLINE
100
AcDbPolyline
 90
2
 70
0
 10
54.0
 20
137.0
 10
54.0
 20
193.0
  0
LWPOLYLINE
  5
4D
330
17
100
AcDbEntity
  8
OUTLINE
100
AcDbPolyline
 90
2
 70
0
 10
54.0
 20
200.0
 10
54.0
 20
241.5
  0
LWPOLYLINE
  5
4E
330
17
100
AcDbEntity
  8
OUTLINE
100
AcDbPolyline
 90
2
 70
0
 10
54.0
 20
241.5
 10
54.0
 20
247.0
  0
LWPOLYLINE
  5
4F
330
17
100
AcDbEntity
  8
OUTLINE
100
AcDbPolyline
 90
15
 70
0
 10
54.0
 20
251.0
 10
54.0
 20
250.66906525000002
 10
54.0
 20
250.33958180000002
 10
54.0
 20
250.01299465
 10
54.0
 20
249.69073600000002
 10
54.0
 20
249.37421915
 10
54.0
 20
249.06483225
 10
54.0
 20
248.763932
 10
54.0
 20
248.47283815
 10
54.0
 20
248.19282715
 10
54.0
 20
247.9251271
 10
54.0
 20
247.670912
 10
54.0
 20
247.43129664999998
 10
54.0
 20
247.20733189999999
 10
54.0
 20
247.0
  0
LWPOLYLINE
  5
50
330
17
100
AcDbEntity
  8
OUTLINE
100
AcDbPolyline
 90
15
 70
0
 10
54.0
 20
256.0
 10
54.0
 20
255.96856105
 10
54.0
 20
255.87463954999998
 10
54.0
 20
255.71941665
 10
54.0
 20
255.50484434999998
 10
54.0
 20
255.233621
 10
54.0
 20
254.9091574
 10
54.0
 20
254.53553390000002
 10
54.0
 20
254.117449
 10
54.0
 20
253.6601604
 10
54.0
 20
253.1694187
 10
54.0
 20
252.6513953
 10
54.0
 20
252.11260464999998
 10
54.0
 20
251.5598224
 10
54.0
 20
251.0
  0
LWPOLYLINE
  5
51
330
17
100
AcDbEntity
  8
OUTLINE
100
AcDbPolyline
 90
5
 70
0
 10
53.5
 20
200.7071068
 10
53.385719050000006
 20
200.77538429999998
 10
53.262323800000004
 20
200.82534005
 10
53.132730050000006
 20
200.85579365
 10
53.0
 20
200.8660254
  0
LWPOLYLINE
  5
52
330
17
100
AcDbEntity
  8
OUTLINE
100
AcDbPolyline
 90
7
 70
0
 10
54.0
 20
200.0
 10
53.9854553
 20
200.1206052
 10
53.9412997
 20
200.24228025
 10
53.86448059999999
 20
200.3681291
 10
53.844224999999994
 20
200.3946834
 10
53.71174619999999
 20
200.5368927
 10
53.5
 20
200.7071068
  0
LWPOLYLINE
  5
53
330
17
100
AcDbEntity
  8
OUTLINE
100
AcDbPolyline
 90
7
 70
0
 10
54.0
 20
137.0
 10
53.9854553
 20
137.1206052
 10
53.9412997
 20
137.24228025
 10
53.86448059999999
 20
137.3681291
 10
53.844224999999994
 20
137.3946834
 10
53.71174619999999
 20
137.5368927
 10
53.5
 20
137.7071068
  0
LWPOLYLINE
  5
54
330
17
100
AcDbEntity
  8
OUTLINE
100
AcDbPolyline
 90
2
 70
0
 10
45.5
 20
137.8660254
 10
53.0
 20
137.8660254
  0
LWPOLYLINE
  5
55
330
17
100
AcDbEntity
  8
OUTLINE
100
AcDbPolyline
 90
2
 70
0
 10
45.5
 20
192.1339746
 10
53.0
 20
192.1339746
  0
LWPOLYLINE
  5
56
330
17
100
AcDbEntity
  8
OUTLINE
100
AcDbPolyline
 90
5
 70
0
 10
53.5
 20
137.7071068
 10
53.385719050000006
 20
137.77538429999998
 10
53.262323800000004
 20
137.82534005
 10
53.132730050000006
 20
137.85579365
 10
53.0
 20
137.8660254
  0
LWPOLYLINE
  5
57
330
17
100
AcDbEntity
  8
OUTLINE
100
AcDbPolyline
 90
10
 70
0
 10
28.436491649999994
 20
192.0
 10
28.385872500000005
 20
192.01386525
 10
28.324081300000003
 20
192.0526499
 10
28.24632615
 20
192.1199367
 10
28.113637600000004
 20
192.2682731
 10
28.052860850000002
 20
192.35055195
 10
27.9398707
 20
192.5403154
 10
27.877670699999996
 20
192.6872506
 10
27.833879100000004
 20
192.86051115
 10
27.82287565
 20
193.0
  0
LWPOLYLINE
  5
58
330
17
100
AcDbEntity
  8
OUTLINE
100
AcDbPolyline
 90
2
 70
0
 10
28.436491649999994
 20
192.0
 10
45.0
 20
192.0
  0
LWPOLYLINE
  5
59
330
17
100
AcDbEntity
  8
OUTLINE
100
AcDbPolyline
 90
7
 70
0
 10
45.0
 20
192.0
 10
45.052727700000005
 20
192.0252936
 10
45.09664875
 20
192.0446507
 10
45.131508749999995
 20
192.05883805
 10
45.2320866
 20
192.0934805
 10
45.403743500000004
 20
192.12864165
 10
45.5
 20
192.1339746
  0
LWPOLYLINE
  5
5A
330
17
100
AcDbEntity
  8
OUTLINE
100
AcDbPolyline
 90
5
 70
0
 10
27.960813
 20
129.5
 10
27.87922195
 20
129.6828041
 10
27.834549050000007
 20
129.85631684999998
 10
27.825841749999995
 20
129.9276449
 10
27.82287565
 20
130.0
  0
LWPOLYLINE
  5
5B
330
17
100
AcDbEntity
  8
OUTLINE
100
AcDbPolyline
 90
2
 70
0
 10
27.82287565
 20
130.0
 10
27.82287565
 20
137.0
  0
LWPOLYLINE
  5
5C
330
17
100
AcDbEntity
  8
OUTLINE
100
AcDbPolyline
 90
10
 70
0
 10
28.436491649999994
 20
138.0
 10
28.385872500000005
 20
137.98613475
 10
28.324081300000003
 20
137.9473501
 10
28.24632615
 20
137.8800633
 10
28.113637600000004
 20
137.7317269
 10
28.052860850000002
 20
137.64944805
 10
27.9398707
 20
137.4596846
 10
27.877670699999996
 20
137.3127494
 10
27.833879100000004
 20
137.13948885
 10
27.82287565
 20
137.0
  0
LWPOLYLINE
  5
5D
330
17
100
AcDbEntity
  8
OUTLINE
100
AcDbPolyline
 90
2
 70
0
 10
28.5
 20
138.0
 10
28.5
 20
192.0
  0
LWPOLYLINE
  5
5E
330
17
100
AcDbEntity
  8
OUTLINE
100
AcDbPolyline
 90
5
 70
0
 10
27.960813
 20
200.5
 10
27.87922195
 20
200.3171959
 10
27.834549050000007
 20
200.14368315000002
 10
27.825841749999995
 20
200.0723551
 10
27.82287565
 20
200.0
  0
LWPOLYLINE
  5
5F
330
17
100
AcDbEntity
  8
OUTLINE
100
AcDbPolyline
 90
2
 70
0
 10
28.370828700000004
 20
201.0
 10
45.0
 20
201.0
  0
LWPOLYLINE
  5
60
330
17
100
AcDbEntity
  8
OUTLINE
100
AcDbPolyline
 90
7
 70
0
 10
45.0
 20
201.0
 10
45.052727700000005
 20
200.9747064
 10
45.09664875
 20
200.9553493
 10
45.131508749999995
 20
200.94116195
 10
45.2320866
 20
200.9065195
 10
45.403743500000004
 20
200.87135835
 10
45.5
 20
200.8660254
  0
LWPOLYLINE
  5
61
330
17
100
AcDbEntity
  8
OUTLINE
100
AcDbPolyline
 90
2
 70
0
 10
45.5
 20
200.8660254
 10
53.0
 20
200.8660254
  0
LWPOLYLINE
  5
62
330
17
100
AcDbEntity
  8
OUTLINE
100
AcDbPolyline
 90
5
 70
0
 10
28.370828700000004
 20
201.0
 10
28.321456249999997
 20
200.98577475
 10
28.23840715
 20
200.91819295
 10
28.138692000000006
 20
200.79366565
 10
27.960813
 20
200.5
  0
LWPOLYLINE
  5
63
330
17
100
AcDbEntity
  8
OUTLINE
100
AcDbPolyline
 90
2
 70
0
 10
45.0
 20
88.5
 10
45.5
 20
88.5
  0
LWPOLYLINE
  5
64
330
17
100
AcDbEntity
  8
OUTLINE
100
AcDbPolyline
 90
2
 70
0
 10
45.0
 20
83.0
 10
45.0
 20
88.5
  0
LWPOLYLINE
  5
65
330
17
100
AcDbEntity
  8
OUTLINE
100
AcDbPolyline
 90
2
 70
0
 10
45.0
 20
83.0
 10
54.0
 20
83.0
  0
LWPOLYLINE
  5
66
330
17
100
AcDbEntity
  8
OUTLINE
100
AcDbPolyline
 90
2
 70
0
 10
53.5
 20
88.5
 10
54.0
 20
88.5
  0
LWPOLYLINE
  5
67
330
17
100
AcDbEntity
  8
OUTLINE
100
AcDbPolyline
 90
2
 70
0
 10
53.5
 20
88.5
 10
53.5
 20
129.2928932
  0
LWPOLYLINE
  5
68
330
17
100
AcDbEntity
  8
OUTLINE
100
AcDbPolyline
 90
5
 70
0
 10
53.5
 20
129.2928932
 10
53.385719050000006
 20
129.22461570000002
 10
53.262323800000004
 20
129.17465995
 10
53.132730050000006
 20
129.14420635
 10
53.0
 20
129.1339746
  0
LWPOLYLINE
  5
69
330
17
100
AcDbEntity
  8
OUTLINE
100
AcDbPolyline
 90
2
 70
0
 10
45.5
 20
129.1339746
 10
53.0
 20
129.1339746
  0
LWPOLYLINE
  5
6A
330
17
100
AcDbEntity
  8
OUTLINE
100
AcDbPolyline
 90
2
 70
0
 10
45.5
 20
88.5
 10
45.5
 20
129.1339746
  0
LWPOLYLINE
  5
6B
330
17
100
AcDbEntity
  8
OUTLINE
100
AcDbPolyline
 90
15
 70
0
 10
44.0
 20
79.0
 10
44.0
 20
78.4401776
 10
44.0
 20
77.88739535
 10
44.0
 20
77.3486047
 10
44.0
 20
76.8305813
 10
44.0
 20
76.3398396
 10
44.0
 20
75.882551
 10
44.0
 20
75.4644661
 10
44.0
 20
75.0908426
 10
44.0
 20
74.766379
 10
44.0
 20
74.49515565
 10
44.0
 20
74.28058335
 10
44.0
 20
74.12536045
 10
44.0
 20
74.03143895
 10
44.0
 20
74.0
  0
LWPOLYLINE
  5
6C
330
17
100
AcDbEntity
  8
OUTLINE
100
AcDbPolyline
 90
15
 70
0
 10
44.0
 20
84.0
 10
44.0
 20
83.96856105
 10
44.0
 20
83.87463955
 10
44.0
 20
83.71941665
 10
44.0
 20
83.50484435
 10
44.0
 20
83.233621
 10
44.0
 20
82.9091574
 10
44.0
 20
82.5355339
 10
44.0
 20
82.117449
 10
44.0
 20
81.6601604
 10
44.0
 20
81.1694187
 10
44.0
 20
80.6513953
 10
44.0
 20
80.11260465
 10
44.0
 20
79.5598224
 10
44.0
 20
79.0
  0
LWPOLYLINE
  5
6D
330
17
100
AcDbEntity
  8
OUTLINE
100
AcDbPolyline
 90
7
 70
0
 10
54.0
 20
130.0
 10
53.98549815
 20
129.87957635
 10
53.94141315
 20
129.75795275000002
 10
53.8647957
 20
129.63229865
 10
53.75227515
 20
129.50228035
 10
53.595488149999994
 20
129.36398755
 10
53.5
 20
129.2928932
  0
LWPOLYLINE
  5
6E
330
17
100
AcDbEntity
  8
OUTLINE
100
AcDbPolyline
 90
2
 70
0
 10
54.0
 20
117.5
 10
78.9355672
 20
117.5
  0
LWPOLYLINE
  5
6F
330
17
100
AcDbEntity
  8
OUTLINE
100
AcDbPolyline
 90
2
 70
0
 10
53.5
 20
200.7071068
 10
53.5
 20
241.5
  0
LWPOLYLINE
  5
70
330
17
100
AcDbEntity
  8
OUTLINE
100
AcDbPolyline
 90
2
 70
0
 10
54.0
 20
126.5
 10
81.0
 20
126.5
  0
LWPOLYLINE
  5
71
330
17
100
AcDbEntity
  8
OUTLINE
100
AcDbPolyline
 90
2
 70
0
 10
81.0
 20
125.5005627
 10
81.0
 20
126.5
  0
LWPOLYLINE
  5
72
330
17
100
AcDbEntity
  8
OUTLINE
100
AcDbPolyline
 90
2
 70
0
 10
81.1801982
 20
125.62673885000001
 10
81.0
 20
125.5005627
  0
LWPOLYLINE
  5
73
330
17
100
AcDbEntity
  8
OUTLINE
100
AcDbPolyline
 90
2
 70
0
 10
83.9671852
 20
114.1496877
 10
82.1650507
 20
112.88781955
  0
LWPOLYLINE
  5
74
330
17
100
AcDbEntity
  8
OUTLINE
100
AcDbPolyline
 90
2
 70
0
 10
78.9355672
 20
117.5
 10
82.1650507
 20
112.88781955
  0
LWPOLYLINE
  5
75
330
17
100
AcDbEntity
  8
OUTLINE
100
AcDbPolyline
 90
2
 70
0
 10
53.5
 20
241.5
 10
54.0
 20
241.5
  0
LWPOLYLINE
  5
76
330
17
100
AcDbEntity
  8
OUTLINE
100
AcDbPolyline
 90
2
 70
0
 10
45.5
 20
200.8660254
 10
45.5
 20
241.5
  0
LWPOLYLINE
  5
77
330
17
100
AcDbEntity
  8
OUTLINE
100
AcDbPolyline
 90
2
 70
0
 10
45.0
 20
247.0
 10
54.0
 20
247.0
  0
LWPOLYLINE
  5
78
330
17
100
AcDbEntity
  8
OUTLINE
100
AcDbPolyline
 90
2
 70
0
 10
45.0
 20
241.5
 10
45.0
 20
247.0
  0
LWPOLYLINE
  5
79
330
17
100
AcDbEntity
  8
OUTLINE
100
AcDbPolyline
 90
2
 70
0
 10
45.0
 20
241.5
 10
45.5
 20
241.5
  0
LWPOLYLINE
  5
7A
330
17
100
AcDbEntity
  8
OUTLINE
100
AcDbPolyline
 90
15
 70
0
 10
44.0
 20
251.0
 10
44.0
 20
250.4401776
 10
44.0
 20
249.88739535000002
 10
44.0
 20
249.3486047
 10
44.0
 20
248.8305813
 10
44.0
 20
248.3398396
 10
44.0
 20
247.882551
 10
44.0
 20
247.46446609999998
 10
44.0
 20
247.0908426
 10
44.0
 20
246.766379
 10
44.0
 20
246.49515565000002
 10
44.0
 20
246.28058335
 10
44.0
 20
246.12536045000002
 10
44.0
 20
246.03143895
 10
44.0
 20
246.0
  0
LWPOLYLINE
  5
7B
330
17
100
AcDbEntity
  8
OUTLINE
100
AcDbPolyline
 90
15
 70
0
 10
44.0
 20
256.0
 10
44.0
 20
255.96856105
 10
44.0
 20
255.87463954999998
 10
44.0
 20
255.71941665
 10
44.0
 20
255.50484434999998
 10
44.0
 20
255.233621
 10
44.0
 20
254.9091574
 10
44.0
 20
254.53553390000002
 10
44.0
 20
254.117449
 10
44.0
 20
253.6601604
 10
44.0
 20
253.1694187
 10
44.0
 20
252.6513953
 10
44.0
 20
252.11260464999998
 10
44.0
 20
251.5598224
 10
44.0
 20
251.0
  0
LWPOLYLINE
  5
7C
330
17
100
AcDbEntity
  8
OUTLINE
100
AcDbPolyline
 90
2
 70
0
 10
54.0
 20
137.0
 10
53.9913981
 20
137.09274635
  0
LWPOLYLINE
  5
7D
330
17
100
AcDbEntity
  8
OUTLINE
100
AcDbPolyline
 90
2
 70
0
 10
53.807307050000006
 20
137.43896805
 10
53.773138200000005
 20
137.47630015
  0
LWPOLYLINE
  5
7E
330
17
100
AcDbEntity
  8
OUTLINE
100
AcDbPolyline
 90
2
 70
0
 10
53.5925108
 20
137.6383488
 10
53.521795299999994
 20
137.69152345
  0
LWPOLYLINE
  5
7F
330
17
100
AcDbEntity
  8
OUTLINE
100
AcDbPolyline
 90
2
 70
0
 10
54.0
 20
200.0
 10
53.9913981
 20
200.09274635
  0
LWPOLYLINE
  5
80
330
17
100
AcDbEntity
  8
OUTLINE
100
AcDbPolyline
 90
2
 70
0
 10
53.807307050000006
 20
200.43896805
 10
53.773138200000005
 20
200.47630015
  0
LWPOLYLINE
  5
81
330
17
100
AcDbEntity
  8
OUTLINE
100
AcDbPolyline
 90
2
 70
0
 10
53.59251085
 20
200.63834880000002
 10
53.5
 20
200.7071068
  0
LWPOLYLINE
  5
82
330
17
100
AcDbEntity
  8
OUTLINE
100
AcDbPolyline
 90
2
 70
0
 10
54.0
 20
203.5
 10
81.0
 20
203.5
  0
LWPOLYLINE
  5
83
330
17
100
AcDbEntity
  8
OUTLINE
100
AcDbPolyline
 90
2
 70
0
 10
54.0
 20
212.5
 10
78.9355672
 20
212.5
  0
LWPOLYLINE
  5
84
330
17
100
AcDbEntity
  8
OUTLINE
100
AcDbPolyline
 90
2
 70
0
 10
82.1650507
 20
217.11218044999998
 10
78.9355672
 20
212.5
  0
LWPOLYLINE
  5
85
330
17
100
AcDbEntity
  8
OUTLINE
100
AcDbPolyline
 90
2
 70
0
 10
83.9671852
 20
215.85031229999998
 10
82.1650507
 20
217.11218044999998
  0
LWPOLYLINE
  5
86
330
17
100
AcDbEntity
  8
OUTLINE
100
AcDbPolyline
 90
2
 70
0
 10
81.1801982
 20
204.37326115
 10
81.0
 20
204.4994373
  0
LWPOLYLINE
  5
87
330
17
100
AcDbEntity
  8
OUTLINE
100
AcDbPolyline
 90
2
 70
0
 10
81.0
 20
203.5
 10
81.0
 20
204.4994373
  0
LWPOLYLINE
  5
88
330
17
100
AcDbEntity
  8
OUTLINE
100
AcDbPolyline
 90
2
 70
0
 10
45.0
 20
138.0
 10
45.0
 20
192.0
  0
LWPOLYLINE
  5
89
330
17
100
AcDbEntity
  8
OUTLINE
100
AcDbPolyline
 90
7
 70
0
 10
45.0
 20
138.0
 10
45.052727700000005
 20
137.9747064
 10
45.09664875
 20
137.9553493
 10
45.131508749999995
 20
137.94116195
 10
45.2320866
 20
137.9065195
 10
45.403743500000004
 20
137.87135835
 10
45.5
 20
137.8660254
  0
LWPOLYLINE
  5
8A
330
17
100
AcDbEntity
  8
OUTLINE
100
AcDbPolyline
 90
2
 70
0
 10
28.436491649999994
 20
138.0
 10
45.0
 20
138.0
  0
LWPOLYLINE
  5
8B
330
17
100
AcDbEntity
  8
OUTLINE
100
AcDbPolyline
 90
2
 70
0
 10
28.5
 20
192.0
 10
45.0
 20
192.0
  0
LWPOLYLINE
  5
8C
330
17
100
AcDbEntity
  8
OUTLINE
100
AcDbPolyline
 90
5
 70
0
 10
28.370828700000004
 20
129.0
 10
28.321459599999997
 20
129.01422345
 10
28.251394750000003
 20
129.06860534999998
 10
28.15667415
 20
129.1812626
 10
27.960813
 20
129.5
  0
LWPOLYLINE
  5
8D
330
17
100
AcDbEntity
  8
OUTLINE
100
AcDbPolyline
 90
12
 70
0
 10
28.436491649999994
 20
129.0
 10
28.362834250000006
 20
128.77209299999998
 10
28.262460500000003
 20
128.5546255
 10
28.136809999999997
 20
128.3507163
 10
27.987684799999997
 20
128.16328985
 10
27.817223549999994
 20
127.99503415000001
 10
27.627871
 20
127.84836235
 10
27.422342850000007
 20
127.72537785
 10
27.203586650000005
 20
127.6278446
 10
26.974739799999995
 20
127.55716129999999
 10
26.73908435
 20
127.51434175
 10
26.5
 20
127.5
  0
LWPOLYLINE
  5
8E
330
17
100
AcDbEntity
  8
OUTLINE
100
AcDbPolyline
 90
2
 70
0
 10
28.370828700000004
 20
129.0
 10
45.0
 20
129.0
  0
LWPOLYLINE
  5
8F
330
17
100
AcDbEntity
  8
OUTLINE
100
AcDbPolyline
 90
7
 70
0
 10
45.0
 20
129.0
 10
45.052727700000005
 20
129.0252936
 10
45.09664875
 20
129.0446507
 10
45.131508749999995
 20
129.05883805
 10
45.2320866
 20
129.0934805
 10
45.403743500000004
 20
129.12864165
 10
45.5
 20
129.1339746
  0
LWPOLYLINE
  5
90
330
17
100
AcDbEntity
  8
OUTLINE
100
AcDbPolyline
 90
2
 70
0
 10
28.5
 20
138.0
 10
45.0
 20
138.0
  0
LWPOLYLINE
  5
91
330
17
100
AcDbEntity
  8
OUTLINE
100
AcDbPolyline
 90
12
 70
0
 10
26.5
 20
202.5
 10
26.73908435
 20
202.48565825
 10
26.974739799999995
 20
202.4428387
 10
27.203586650000005
 20
202.3721554
 10
27.422342850000007
 20
202.27462215
 10
27.627871
 20
202.15163765
 10
27.817223549999994
 20
202.00496585
 10
27.987684799999997
 20
201.83671015
 10
28.136809999999997
 20
201.6492837
 10
28.262460500000003
 20
201.4453745
 10
28.362834250000006
 20
201.22790700000002
 10
28.436491649999994
 20
201.0
  0
LWPOLYLINE
  5
92
330
17
100
AcDbEntity
  8
OUTLINE
100
AcDbPolyline
 90
2
 70
0
 10
28.436491649999994
 20
201.0
 10
45.0
 20
201.0
  0
LWPOLYLINE
  5
93
330
17
100
AcDbEntity
  8
OUTLINE
100
AcDbPolyline
 90
2
 70
0
 10
45.0
 20
201.0
 10
45.0
 20
241.5
  0
LWPOLYLINE
  5
94
330
17
100
AcDbEntity
  8
OUTLINE
100
AcDbPolyline
 90
2
 70
0
 10
45.0
 20
88.5
 10
45.0
 20
129.0
  0
LWPOLYLINE
  5
95
330
17
100
AcDbEntity
  8
OUTLINE
100
AcDbPolyline
 90
5
 70
0
 10
27.960813
 20
129.5
 10
27.87922195
 20
129.6828041
 10
27.834549050000007
 20
129.85631684999998
 10
27.825841749999995
 20
129.9276449
 10
27.82287565
 20
130.0
  0
LWPOLYLINE
  5
96
330
17
100
AcDbEntity
  8
OUTLINE
100
AcDbPolyline
 90
2
 70
0
 10
28.436491649999994
 20
129.0
 10
45.0
 20
129.0
  0
LWPOLYLINE
  5
97
330
17
100
AcDbEntity
  8
OUTLINE
100
AcDbPolyline
 90
2
 70
0
 10
28.370828700000004
 20
201.0
 10
28.370796850000005
 20
201.0
  0
LWPOLYLINE
  5
98
330
17
100
AcDbEntity
  8
OUTLINE
100
AcDbPolyline
 90
2
 70
0
 10
28.033711299999993
 20
200.62937335
 10
27.960813
 20
200.5
  0
LWPOLYLINE
  5
99
330
17
100
AcDbEntity
  8
OUTLINE
100
AcDbPolyline
 90
15
 70
0
 10
28.436491649999994
 20
129.0
 10
28.43615475
 20
129.0
 10
28.43514415
 20
129.0
 10
28.433460150000002
 20
129.0
 10
28.43110335
 20
129.0
 10
28.42807465
 20
129.0
 10
28.424374999999998
 20
129.0
 10
28.42000575
 20
129.0
 10
28.414968400000006
 20
129.0
 10
28.409264699999994
 20
129.0
 10
28.4028967
 20
129.0
 10
28.395866499999997
 20
129.0
 10
28.388176599999994
 20
129.0
 10
28.379829700000002
 20
129.0
 10
28.370828700000004
 20
129.0
  0
LWPOLYLINE
  5
9A
330
17
100
AcDbEntity
  8
OUTLINE
100
AcDbPolyline
 90
2
 70
0
 10
21.5
 20
127.5
 10
26.5
 20
127.5
  0
LWPOLYLINE
  5
9B
330
17
100
AcDbEntity
  8
OUTLINE
100
AcDbPolyline
 90
2
 70
0
 10
21.5
 20
202.5
 10
26.5
 20
202.5
  0
LWPOLYLINE
  5
9C
330
17
100
AcDbEntity
  8
OUTLINE
100
AcDbPolyline
 90
2
 70
0
 10
19.5
 20
129.5
 10
19.5
 20
200.5
  0
LWPOLYLINE
  5
9D
330
17
100
AcDbEntity
  8
OUTLINE
100
AcDbPolyline
 90
14
 70
0
 10
19.5
 20
129.5
 10
19.51458224999999
 20
129.25892665
 10
19.558116350000006
 20
129.02136865
 10
19.629967499999992
 20
128.79079025
 10
19.729087950000007
 20
128.57055365
 10
19.85403224999999
 20
128.3638705
 10
20.00297850000001
 20
128.17375470000002
 10
20.17375469999999
 20
128.00297849999998
 10
20.36387049999999
 20
127.85403225
 10
20.570553649999994
 20
127.72908795000001
 10
20.790790249999986
 20
127.62996749999999
 10
21.02136865
 20
127.55811635
 10
21.258926650000006
 20
127.51458224999999
 10
21.5
 20
127.5
  0
LWPOLYLINE
  5
9E
330
17
100
AcDbEntity
  8
OUTLINE
100
AcDbPolyline
 90
14
 70
0
 10
21.5
 20
202.5
 10
21.258926650000006
 20
202.48541775
 10
21.02136865
 20
202.44188365
 10
20.790790249999986
 20
202.3700325
 10
20.570553649999994
 20
202.27091205
 10
20.36387049999999
 20
202.14596775
 10
20.17375469999999
 20
201.99702150000002
 10
20.00297850000001
 20
201.82624529999998
 10
19.85403224999999
 20
201.6361295
 10
19.729087950000007
 20
201.42944635
 10
19.629967499999992
 20
201.20920975
 10
19.558116350000006
 20
200.97863135
 10
19.51458224999999
 20
200.74107335
 10
19.5
 20
200.5
  0
LWPOLYLINE
  5
9F
330
17
100
AcDbEntity
  8
OUTLINE
100
AcDbPolyline
 90
2
 70
0
 10
248.0
 20
88.5
 10
248.5
 20
88.5
  0
LWPOLYLINE
  5
A0
330
17
100
AcDbEntity
  8
OUTLINE
100
AcDbPolyline
 90
2
 70
0
 10
248.0
 20
88.5
 10
248.0
 20
241.5
  0
LWPOLYLINE
  5
A1
330
17
100
AcDbEntity
  8
OUTLINE
100
AcDbPolyline
 90
2
 70
0
 10
248.5
 20
88.5
 10
248.5
 20
241.5
  0
LWPOLYLINE
  5
A2
330
17
100
AcDbEntity
  8
OUTLINE
100
AcDbPolyline
 90
2
 70
0
 10
248.0
 20
83.0
 10
248.0
 20
88.5
  0
LWPOLYLINE
  5
A3
330
17
100
AcDbEntity
  8
OUTLINE
100
AcDbPolyline
 90
2
 70
0
 10
248.0
 20
83.0
 10
257.0
 20
83.0
  0
LWPOLYLINE
  5
A4
330
17
100
AcDbEntity
  8
OUTLINE
100
AcDbPolyline
 90
2
 70
0
 10
248.0
 20
241.5
 10
248.5
 20
241.5
  0
LWPOLYLINE
  5
A5
330
17
100
AcDbEntity
  8
OUTLINE
100
AcDbPolyline
 90
2
 70
0
 10
257.0
 20
83.0
 10
257.0
 20
88.5
  0
LWPOLYLINE
  5
A6
330
17
100
AcDbEntity
  8
OUTLINE
100
AcDbPolyline
 90
2
 70
0
 10
248.0
 20
241.5
 10
248.0
 20
247.0
  0
LWPOLYLINE
  5
A7
330
17
100
AcDbEntity
  8
OUTLINE
100
AcDbPolyline
 90
2
 70
0
 10
256.5
 20
88.5
 10
257.0
 20
88.5
  0
LWPOLYLINE
  5
A8
330
17
100
AcDbEntity
  8
OUTLINE
100
AcDbPolyline
 90
2
 70
0
 10
248.0
 20
247.0
 10
257.0
 20
247.0
  0
LWPOLYLINE
  5
A9
330
17
100
AcDbEntity
  8
OUTLINE
100
AcDbPolyline
 90
2
 70
0
 10
256.5
 20
88.5
 10
256.5
 20
129.1339746
  0
LWPOLYLINE
  5
AA
330
17
100
AcDbEntity
  8
OUTLINE
100
AcDbPolyline
 90
2
 70
0
 10
257.0
 20
241.5
 10
257.0
 20
247.0
  0
LWPOLYLINE
  5
AB
330
17
100
AcDbEntity
  8
OUTLINE
100
AcDbPolyline
 90
2
 70
0
 10
253.0
 20
129.1339746
 10
256.5
 20
129.1339746
  0
LWPOLYLINE
  5
AC
330
17
100
AcDbEntity
  8
OUTLINE
100
AcDbPolyline
 90
2
 70
0
 10
256.5
 20
241.5
 10
257.0
 20
241.5
  0
LWPOLYLINE
  5
AD
330
17
100
AcDbEntity
  8
OUTLINE
100
AcDbPolyline
 90
10
 70
0
 10
253.0
 20
129.1339746
 10
252.84961625
 20
129.14713145000002
 10
252.70380185
 20
129.1862023
 10
252.5669873
 20
129.25
 10
252.4433296
 20
129.33658605
 10
252.33658605
 20
129.4433296
 10
252.25
 20
129.5669873
 10
252.1862023
 20
129.70380185
 10
252.14713145000002
 20
129.84961625
 10
252.1339746
 20
130.0
  0
LWPOLYLINE
  5
AE
330
17
100
AcDbEntity
  8
OUTLINE
100
AcDbPolyline
 90
2
 70
0
 10
256.5
 20
200.8660254
 10
256.5
 20
241.5
  0
LWPOLYLINE
  5
AF
330
17
100
AcDbEntity
  8
OUTLINE
100
AcDbPolyline
 90
2
 70
0
 10
252.1339746
 20
130.0
 10
252.1339746
 20
137.0
  0
LWPOLYLINE
  5
B0
330
17
100
AcDbEntity
  8
OUTLINE
100
AcDbPolyline
 90
2
 70
0
 10
253.0
 20
200.8660254
 10
256.5
 20
200.8660254
  0
LWPOLYLINE
  5
B1
330
17
100
AcDbEntity
  8
OUTLINE
100
AcDbPolyline
 90
10
 70
0
 10
253.0
 20
137.8660254
 10
252.84961625
 20
137.85286855
 10
252.70380185
 20
137.8137977
 10
252.5669873
 20
137.75
 10
252.4433296
 20
137.66341395
 10
252.33658605
 20
137.5566704
 10
252.25
 20
137.4330127
 10
252.1862023
 20
137.29619815
 10
252.14713145000002
 20
137.15038375
 10
252.1339746
 20
137.0
  0
LWPOLYLINE
  5
B2
330
17
100
AcDbEntity
  8
OUTLINE
100
AcDbPolyline
 90
10
 70
0
 10
253.0
 20
200.8660254
 10
252.84961625
 20
200.85286854999998
 10
252.70380185
 20
200.8137977
 10
252.5669873
 20
200.75
 10
252.4433296
 20
200.66341395
 10
252.33658605
 20
200.5566704
 10
252.25
 20
200.4330127
 10
252.1862023
 20
200.29619815
 10
252.14713145000002
 20
200.15038375
 10
252.1339746
 20
200.0
  0
LWPOLYLINE
  5
B3
330
17
100
AcDbEntity
  8
OUTLINE
100
AcDbPolyline
 90
2
 70
0
 10
253.0
 20
137.8660254
 10
256.5
 20
137.8660254
  0
LWPOLYLINE
  5
B4
330
17
100
AcDbEntity
  8
OUTLINE
100
AcDbPolyline
 90
2
 70
0
 10
252.1339746
 20
193.0
 10
252.1339746
 20
200.0
  0
LWPOLYLINE
  5
B5
330
17
100
AcDbEntity
  8
OUTLINE
100
AcDbPolyline
 90
2
 70
0
 10
256.5
 20
137.8660254
 10
256.5
 20
163.615
  0
LWPOLYLINE
  5
B6
330
17
100
AcDbEntity
  8
OUTLINE
100
AcDbPolyline
 90
2
 70
0
 10
256.5
 20
166.385
 10
256.5
 20
192.1339746
  0
LWPOLYLINE
  5
B7
330
17
100
AcDbEntity
  8
OUTLINE
100
AcDbPolyline
 90
10
 70
0
 10
253.0
 20
192.1339746
 10
252.84961625
 20
192.14713145
 10
252.70380185
 20
192.1862023
 10
252.5669873
 20
192.25
 10
252.4433296
 20
192.33658605
 10
252.33658605
 20
192.4433296
 10
252.25
 20
192.5669873
 10
252.1862023
 20
192.70380185
 10
252.14713145000002
 20
192.84961625
 10
252.1339746
 20
193.0
  0
LWPOLYLINE
  5
B8
330
17
100
AcDbEntity
  8
OUTLINE
100
AcDbPolyline
 90
2
 70
0
 10
253.0
 20
192.1339746
 10
256.5
 20
192.1339746
  0
LWPOLYLINE
  5
B9
330
17
100
AcDbEntity
  8
OUTLINE
100
AcDbPolyline
 90
15
 70
0
 10
248.0
 20
83.0
 10
248.0
 20
82.7926681
 10
248.0
 20
82.56870335
 10
248.0
 20
82.329088
 10
248.0
 20
82.0748729
 10
248.0
 20
81.80717285
 10
248.0
 20
81.52716185
 10
248.0
 20
81.236068
 10
248.0
 20
80.93516775
 10
248.0
 20
80.62578085
 10
248.0
 20
80.309264
 10
248.0
 20
79.98700535
 10
248.0
 20
79.6604182
 10
248.0
 20
79.33093475
 10
248.0
 20
79.0
  0
LWPOLYLINE
  5
BA
330
17
100
AcDbEntity
  8
OUTLINE
100
AcDbPolyline
 90
15
 70
0
 10
248.0
 20
79.0
 10
248.0
 20
78.4401776
 10
248.0
 20
77.88739535
 10
248.0
 20
77.3486047
 10
248.0
 20
76.8305813
 10
248.0
 20
76.3398396
 10
248.0
 20
75.882551
 10
248.0
 20
75.4644661
 10
248.0
 20
75.0908426
 10
248.0
 20
74.766379
 10
248.0
 20
74.49515565
 10
248.0
 20
74.28058335
 10
248.0
 20
74.12536045
 10
248.0
 20
74.03143895
 10
248.0
 20
74.0
  0
LWPOLYLINE
  5
BB
330
17
100
AcDbEntity
  8
OUTLINE
100
AcDbPolyline
 90
15
 70
0
 10
248.0
 20
251.0
 10
248.0
 20
250.66906525000002
 10
248.0
 20
250.33958180000002
 10
248.0
 20
250.01299465
 10
248.0
 20
249.69073600000002
 10
248.0
 20
249.37421915
 10
248.0
 20
249.06483225
 10
248.0
 20
248.763932
 10
248.0
 20
248.47283815
 10
248.0
 20
248.19282715
 10
248.0
 20
247.9251271
 10
248.0
 20
247.670912
 10
248.0
 20
247.43129664999998
 10
248.0
 20
247.20733189999999
 10
248.0
 20
247.0
  0
LWPOLYLINE
  5
BC
330
17
100
AcDbEntity
  8
OUTLINE
100
AcDbPolyline
 90
15
 70
0
 10
248.0
 20
256.0
 10
248.0
 20
255.96856105
 10
248.0
 20
255.87463954999998
 10
248.0
 20
255.71941665
 10
248.0
 20
255.50484434999998
 10
248.0
 20
255.233621
 10
248.0
 20
254.9091574
 10
248.0
 20
254.53553390000002
 10
248.0
 20
254.117449
 10
248.0
 20
253.6601604
 10
248.0
 20
253.1694187
 10
248.0
 20
252.6513953
 10
248.0
 20
252.11260464999998
 10
248.0
 20
251.5598224
 10
248.0
 20
251.0
  0
LWPOLYLINE
  5
BD
330
17
100
AcDbEntity
  8
OUTLINE
100
AcDbPolyline
 90
15
 70
0
 10
258.0
 20
79.0
 10
258.0
 20
78.4401776
 10
258.0
 20
77.88739535
 10
258.0
 20
77.3486047
 10
258.0
 20
76.8305813
 10
258.0
 20
76.3398396
 10
258.0
 20
75.882551
 10
258.0
 20
75.4644661
 10
258.0
 20
75.0908426
 10
258.0
 20
74.766379
 10
258.0
 20
74.49515565
 10
258.0
 20
74.28058335
 10
258.0
 20
74.12536045
 10
258.0
 20
74.03143895
 10
258.0
 20
74.0
  0
LWPOLYLINE
  5
BE
330
17
100
AcDbEntity
  8
OUTLINE
100
AcDbPolyline
 90
15
 70
0
 10
258.0
 20
84.0
 10
258.0
 20
83.96856105
 10
258.0
 20
83.87463955
 10
258.0
 20
83.71941665
 10
258.0
 20
83.50484435
 10
258.0
 20
83.233621
 10
258.0
 20
82.9091574
 10
258.0
 20
82.5355339
 10
258.0
 20
82.117449
 10
258.0
 20
81.6601604
 10
258.0
 20
81.1694187
 10
258.0
 20
80.6513953
 10
258.0
 20
80.11260465
 10
258.0
 20
79.5598224
 10
258.0
 20
79.0
  0
LWPOLYLINE
  5
BF
330
17
100
AcDbEntity
  8
OUTLINE
100
AcDbPolyline
 90
2
 70
0
 10
257.0
 20
88.5
 10
257.0
 20
129.0
  0
LWPOLYLINE
  5
C0
330
17
100
AcDbEntity
  8
OUTLINE
100
AcDbPolyline
 90
15
 70
0
 10
258.0
 20
251.0
 10
258.0
 20
250.4401776
 10
258.0
 20
249.88739535000002
 10
258.0
 20
249.3486047
 10
258.0
 20
248.8305813
 10
258.0
 20
248.3398396
 10
258.0
 20
247.882551
 10
258.0
 20
247.46446609999998
 10
258.0
 20
247.0908426
 10
258.0
 20
246.766379
 10
258.0
 20
246.49515565000002
 10
258.0
 20
246.28058335
 10
258.0
 20
246.12536045000002
 10
258.0
 20
246.03143895
 10
258.0
 20
246.0
  0
LWPOLYLINE
  5
C1
330
17
100
AcDbEntity
  8
OUTLINE
100
AcDbPolyline
 90
15
 70
0
 10
258.0
 20
256.0
 10
258.0
 20
255.96856105
 10
258.0
 20
255.87463954999998
 10
258.0
 20
255.71941665
 10
258.0
 20
255.50484434999998
 10
258.0
 20
255.233621
 10
258.0
 20
254.9091574
 10
258.0
 20
254.53553390000002
 10
258.0
 20
254.117449
 10
258.0
 20
253.6601604
 10
258.0
 20
253.1694187
 10
258.0
 20
252.6513953
 10
258.0
 20
252.11260464999998
 10
258.0
 20
251.5598224
 10
258.0
 20
251.0
  0
LWPOLYLINE
  5
C2
330
17
100
AcDbEntity
  8
OUTLINE
100
AcDbPolyline
 90
7
 70
0
 10
257.0
 20
129.0
 10
256.9472723
 20
129.0252936
 10
256.90335125
 20
129.0446507
 10
256.86849125000003
 20
129.05883805
 10
256.7679134
 20
129.0934805
 10
256.5962565
 20
129.12864165
 10
256.5
 20
129.1339746
  0
LWPOLYLINE
  5
C3
330
17
100
AcDbEntity
  8
OUTLINE
100
AcDbPolyline
 90
2
 70
0
 10
257.0
 20
201.0
 10
257.0
 20
241.5
  0
LWPOLYLINE
  5
C4
330
17
100
AcDbEntity
  8
OUTLINE
100
AcDbPolyline
 90
2
 70
0
 10
257.0
 20
129.0
 10
273.6291713
 20
129.0
  0
LWPOLYLINE
  5
C5
330
17
100
AcDbEntity
  8
OUTLINE
100
AcDbPolyline
 90
5
 70
0
 10
273.6291713
 20
129.0
 10
273.6785404
 20
129.01422345
 10
273.74860524999997
 20
129.06860534999998
 10
273.84332585
 20
129.1812626
 10
274.03918699999997
 20
129.5
  0
LWPOLYLINE
  5
C6
330
17
100
AcDbEntity
  8
OUTLINE
100
AcDbPolyline
 90
5
 70
0
 10
274.03918699999997
 20
129.5
 10
274.12077805
 20
129.6828041
 10
274.16545095
 20
129.85631684999998
 10
274.17415825
 20
129.9276449
 10
274.17712435
 20
130.0
  0
LWPOLYLINE
  5
C7
330
17
100
AcDbEntity
  8
OUTLINE
100
AcDbPolyline
 90
7
 70
0
 10
257.0
 20
201.0
 10
256.9472723
 20
200.9747064
 10
256.90335125
 20
200.9553493
 10
256.86849125000003
 20
200.94116195
 10
256.7679134
 20
200.9065195
 10
256.5962565
 20
200.87135835
 10
256.5
 20
200.8660254
  0
LWPOLYLINE
  5
C8
330
17
100
AcDbEntity
  8
OUTLINE
100
AcDbPolyline
 90
2
 70
0
 10
257.0
 20
201.0
 10
273.6291713
 20
201.0
  0
LWPOLYLINE
  5
C9
330
17
100
AcDbEntity
  8
OUTLINE
100
AcDbPolyline
 90
5
 70
0
 10
273.6291713
 20
201.0
 10
273.67854375
 20
200.98577475
 10
273.76159285
 20
200.91819295
 10
273.861308
 20
200.79366565
 10
274.03918699999997
 20
200.5
  0
LWPOLYLINE
  5
CA
330
17
100
AcDbEntity
  8
OUTLINE
100
AcDbPolyline
 90
5
 70
0
 10
274.03918699999997
 20
200.5
 10
274.12077805
 20
200.3171959
 10
274.16545095
 20
200.14368315000002
 10
274.17415825
 20
200.0723551
 10
274.17712435
 20
200.0
  0
LWPOLYLINE
  5
CB
330
17
100
AcDbEntity
  8
OUTLINE
100
AcDbPolyline
 90
7
 70
0
 10
257.0
 20
138.0
 10
256.9472723
 20
137.9747064
 10
256.90335125
 20
137.9553493
 10
256.86849125000003
 20
137.94116195
 10
256.7679134
 20
137.9065195
 10
256.5962565
 20
137.87135835
 10
256.5
 20
137.8660254
  0
LWPOLYLINE
  5
CC
330
17
100
AcDbEntity
  8
OUTLINE
100
AcDbPolyline
 90
2
 70
0
 10
257.0
 20
138.0
 10
273.56350835
 20
138.0
  0
LWPOLYLINE
  5
CD
330
17
100
AcDbEntity
  8
OUTLINE
100
AcDbPolyline
 90
10
 70
0
 10
273.56350835
 20
138.0
 10
273.6141275
 20
137.98613475
 10
273.6759187
 20
137.9473501
 10
273.75367385
 20
137.8800633
 10
273.8863624
 20
137.7317269
 10
273.94713915
 20
137.64944805
 10
274.06012929999997
 20
137.4596846
 10
274.1223293
 20
137.3127494
 10
274.1661209
 20
137.13948885
 10
274.17712435
 20
137.0
  0
LWPOLYLINE
  5
CE
330
17
100
AcDbEntity
  8
OUTLINE
100
AcDbPolyline
 90
2
 70
0
 10
257.0
 20
138.0
 10
257.0
 20
192.0
  0
LWPOLYLINE
  5
CF
330
17
100
AcDbEntity
  8
OUTLINE
100
AcDbPolyline
 90
7
 70
0
 10
257.0
 20
192.0
 10
256.9472723
 20
192.0252936
 10
256.90335125
 20
192.0446507
 10
256.86849125000003
 20
192.05883805
 10
256.7679134
 20
192.0934805
 10
256.5962565
 20
192.12864165
 10
256.5
 20
192.1339746
  0
LWPOLYLINE
  5
D0
330
17
100
AcDbEntity
  8
OUTLINE
100
AcDbPolyline
 90
2
 70
0
 10
257.0
 20
192.0
 10
273.56350835
 20
192.0
  0
LWPOLYLINE
  5
D1
330
17
100
AcDbEntity
  8
OUTLINE
100
AcDbPolyline
 90
10
 70
0
 10
273.56350835
 20
192.0
 10
273.6141275
 20
192.01386525
 10
273.6759187
 20
192.0526499
 10
273.75367385
 20
192.1199367
 10
273.8863624
 20
192.2682731
 10
273.94713915
 20
192.35055195
 10
274.06012929999997
 20
192.5403154
 10
274.1223293
 20
192.6872506
 10
274.1661209
 20
192.86051115
 10
274.17712435
 20
193.0
  0
LWPOLYLINE
  5
D2
330
17
100
AcDbEntity
  8
OUTLINE
100
AcDbPolyline
 90
2
 70
0
 10
223.06443280000002
 20
117.5
 10
248.0
 20
117.5
  0
LWPOLYLINE
  5
D3
330
17
100
AcDbEntity
  8
OUTLINE
100
AcDbPolyline
 90
2
 70
0
 10
221.0
 20
126.5
 10
248.0
 20
126.5
  0
LWPOLYLINE
  5
D4
330
17
100
AcDbEntity
  8
OUTLINE
100
AcDbPolyline
 90
2
 70
0
 10
219.8349493
 20
112.88781955
 10
223.06443280000002
 20
117.5
  0
LWPOLYLINE
  5
D5
330
17
100
AcDbEntity
  8
OUTLINE
100
AcDbPolyline
 90
2
 70
0
 10
218.03281479999998
 20
114.1496877
 10
219.8349493
 20
112.88781955
  0
LWPOLYLINE
  5
D6
330
17
100
AcDbEntity
  8
OUTLINE
100
AcDbPolyline
 90
2
 70
0
 10
220.8198018
 20
125.62673885000001
 10
221.0
 20
125.5005627
  0
LWPOLYLINE
  5
D7
330
17
100
AcDbEntity
  8
OUTLINE
100
AcDbPolyline
 90
2
 70
0
 10
221.0
 20
125.5005627
 10
221.0
 20
126.5
  0
LWPOLYLINE
  5
D8
330
17
100
AcDbEntity
  8
OUTLINE
100
AcDbPolyline
 90
2
 70
0
 10
221.0
 20
203.5
 10
248.0
 20
203.5
  0
LWPOLYLINE
  5
D9
330
17
100
AcDbEntity
  8
OUTLINE
100
AcDbPolyline
 90
2
 70
0
 10
223.06443280000002
 20
212.5
 10
248.0
 20
212.5
  0
LWPOLYLINE
  5
DA
330
17
100
AcDbEntity
  8
OUTLINE
100
AcDbPolyline
 90
2
 70
0
 10
221.0
 20
203.5
 10
221.0
 20
204.4994373
  0
LWPOLYLINE
  5
DB
330
17
100
AcDbEntity
  8
OUTLINE
100
AcDbPolyline
 90
2
 70
0
 10
220.8198018
 20
204.37326115
 10
221.0
 20
204.4994373
  0
LWPOLYLINE
  5
DC
330
17
100
AcDbEntity
  8
OUTLINE
100
AcDbPolyline
 90
2
 70
0
 10
218.03281479999998
 20
215.85031229999998
 10
219.8349493
 20
217.11218044999998
  0
LWPOLYLINE
  5
DD
330
17
100
AcDbEntity
  8
OUTLINE
100
AcDbPolyline
 90
2
 70
0
 10
223.06443280000002
 20
212.5
 10
219.8349493
 20
217.11218044999998
  0
LWPOLYLINE
  5
DE
330
17
100
AcDbEntity
  8
OUTLINE
100
AcDbPolyline
 90
2
 70
0
 10
257.0
 20
129.0
 10
256.9712556
 20
129.0140579
  0
LWPOLYLINE
  5
DF
330
17
100
AcDbEntity
  8
OUTLINE
100
AcDbPolyline
 90
2
 70
0
 10
257.0
 20
129.0
 10
273.56350835
 20
129.0
  0
LWPOLYLINE
  5
E0
330
17
100
AcDbEntity
  8
OUTLINE
100
AcDbPolyline
 90
15
 70
0
 10
273.6291713
 20
129.0
 10
273.6201703
 20
129.0
 10
273.6118234
 20
129.0
 10
273.6041335
 20
129.0
 10
273.5971033
 20
129.0
 10
273.5907353
 20
129.0
 10
273.5850316
 20
129.0
 10
273.57999425
 20
129.0
 10
273.575625
 20
129.0
 10
273.57192535
 20
129.0
 10
273.56889665
 20
129.0
 10
273.56653985
 20
129.0
 10
273.56485585
 20
129.0
 10
273.56384525
 20
129.0
 10
273.56350835
 20
129.0
  0
LWPOLYLINE
  5
E1
330
17
100
AcDbEntity
  8
OUTLINE
100
AcDbPolyline
 90
2
 70
0
 10
257.0
 20
201.0
 10
273.56350835
 20
201.0
  0
LWPOLYLINE
  5
E2
330
17
100
AcDbEntity
  8
OUTLINE
100
AcDbPolyline
 90
12
 70
0
 10
273.56350835
 20
129.0
 10
273.63716575
 20
128.77209299999998
 10
273.7375395
 20
128.5546255
 10
273.86319000000003
 20
128.3507163
 10
274.0123152
 20
128.16328985
 10
274.18277645
 20
127.99503415000001
 10
274.372129
 20
127.84836235
 10
274.57765715
 20
127.72537785
 10
274.79641334999997
 20
127.6278446
 10
275.0252602
 20
127.55716129999999
 10
275.26091565
 20
127.51434175
 10
275.5
 20
127.5
  0
LWPOLYLINE
  5
E3
330
17
100
AcDbEntity
  8
OUTLINE
100
AcDbPolyline
 90
2
 70
0
 10
274.17712435
 20
130.0
 10
274.17712435
 20
137.0
  0
LWPOLYLINE
  5
E4
330
17
100
AcDbEntity
  8
OUTLINE
100
AcDbPolyline
 90
2
 70
0
 10
273.5
 20
138.0
 10
273.5
 20
192.0
  0
LWPOLYLINE
  5
E5
330
17
100
AcDbEntity
  8
OUTLINE
100
AcDbPolyline
 90
2
 70
0
 10
274.17712435
 20
193.0
 10
274.17712435
 20
200.0
  0
LWPOLYLINE
  5
E6
330
17
100
AcDbEntity
  8
OUTLINE
100
AcDbPolyline
 90
12
 70
0
 10
275.5
 20
202.5
 10
275.26091565
 20
202.48565825
 10
275.0252602
 20
202.4428387
 10
274.79641334999997
 20
202.3721554
 10
274.57765715
 20
202.27462215
 10
274.372129
 20
202.15163765
 10
274.18277645
 20
202.00496585
 10
274.0123152
 20
201.83671015
 10
273.86319000000003
 20
201.6492837
 10
273.7375395
 20
201.4453745
 10
273.63716575
 20
201.22790700000002
 10
273.56350835
 20
201.0
  0
LWPOLYLINE
  5
E7
330
17
100
AcDbEntity
  8
OUTLINE
100
AcDbPolyline
 90
2
 70
0
 10
257.0
 20
138.0
 10
273.5
 20
138.0
  0
LWPOLYLINE
  5
E8
330
17
100
AcDbEntity
  8
OUTLINE
100
AcDbPolyline
 90
2
 70
0
 10
257.0
 20
192.0
 10
273.5
 20
192.0
  0
LWPOLYLINE
  5
E9
330
17
100
AcDbEntity
  8
OUTLINE
100
AcDbPolyline
 90
2
 70
0
 10
273.6291713
 20
201.0
 10
273.62920314999997
 20
201.0
  0
LWPOLYLINE
  5
EA
330
17
100
AcDbEntity
  8
OUTLINE
100
AcDbPolyline
 90
2
 70
0
 10
273.9662887
 20
200.62937335
 10
274.03918699999997
 20
200.5
  0
LWPOLYLINE
  5
EB
330
17
100
AcDbEntity
  8
OUTLINE
100
AcDbPolyline
 90
2
 70
0
 10
275.5
 20
127.5
 10
280.5
 20
127.5
  0
LWPOLYLINE
  5
EC
330
17
100
AcDbEntity
  8
OUTLINE
100
AcDbPolyline
 90
2
 70
0
 10
275.5
 20
202.5
 10
280.5
 20
202.5
  0
LWPOLYLINE
  5
ED
330
17
100
AcDbEntity
  8
OUTLINE
100
AcDbPolyline
 90
14
 70
0
 10
282.5
 20
129.5
 10
282.48541775
 20
129.25892665
 10
282.44188365
 20
129.02136865
 10
282.3700325
 20
128.79079025
 10
282.27091205
 20
128.57055365
 10
282.14596775
 20
128.3638705
 10
281.99702149999996
 20
128.17375470000002
 10
281.8262453
 20
128.00297849999998
 10
281.63612950000004
 20
127.85403225
 10
281.42944635000003
 20
127.72908795000001
 10
281.20920975
 20
127.62996749999999
 10
280.97863135
 20
127.55811635
 10
280.74107334999997
 20
127.51458224999999
 10
280.5
 20
127.5
  0
LWPOLYLINE
  5
EE
330
17
100
AcDbEntity
  8
OUTLINE
100
AcDbPolyline
 90
2
 70
0
 10
282.5
 20
129.5
 10
282.5
 20
130.0
  0
LWPOLYLINE
  5
EF
330
17
100
AcDbEntity
  8
OUTLINE
100
AcDbPolyline
 90
11
 70
0
 10
282.5
 20
130.0
 10
282.49999955
 20
129.99903325
 10
282.49999815
 20
129.9980665
 10
282.49999579999997
 20
129.99709975
 10
282.4999924
 20
129.99609850000002
 10
282.49998800000003
 20
129.99509725000001
 10
282.49998255
 20
129.99409595
 10
282.49997615
 20
129.9930947
 10
282.4999693
 20
129.9921625
 10
282.49996154999997
 20
129.99123029999998
 10
282.4974334
 20
129.9283998
  0
LWPOLYLINE
  5
F0
330
17
100
AcDbEntity
  8
OUTLINE
100
AcDbPolyline
 90
2
 70
0
 10
282.45006645
 20
129.6879523
 10
282.43649165
 20
129.6493102
  0
LWPOLYLINE
  5
F1
330
17
100
AcDbEntity
  8
OUTLINE
100
AcDbPolyline
 90
14
 70
0
 10
282.43649165
 20
129.6493102
 10
282.42398460000004
 20
129.6203655
 10
282.41379745
 20
129.60195665
 10
282.37949779999997
 20
129.56099365
 10
282.31159245000003
 20
129.5303064
 10
282.25801155
 20
129.53133665000001
 10
282.21041815
 20
129.5445852
 10
282.1711902
 20
129.56288215
 10
282.13308025000003
 20
129.58679560000002
 10
282.09239679999996
 20
129.61938885
 10
282.04687555
 20
129.6660905
 10
281.97193864999997
 20
129.78112314999998
 10
281.94157444999996
 20
129.8604949
 10
281.9216118
 20
130.0
  0
LWPOLYLINE
  5
F2
330
17
100
AcDbEntity
  8
OUTLINE
100
AcDbPolyline
 90
2
 70
0
 10
281.9216118
 20
130.0
 10
281.9216118
 20
137.0
  0
LWPOLYLINE
  5
F3
330
17
100
AcDbEntity
  8
OUTLINE
100
AcDbPolyline
 90
10
 70
0
 10
281.9216118
 20
137.0
 10
281.93595335
 20
137.1184949
 10
281.989217
 20
137.25186685
 10
282.0832064
 20
137.3721341
 10
282.16759845
 20
137.43512355000001
 10
282.20984150000004
 20
137.45519255
 10
282.2888544
 20
137.471313
 10
282.359454
 20
137.4532185
 10
282.38914869999996
 20
137.4299913
 10
282.43649165
 20
137.3506898
  0
LWPOLYLINE
  5
F4
330
17
100
AcDbEntity
  8
OUTLINE
100
AcDbPolyline
 90
11
 70
0
 10
282.5
 20
137.0
 10
282.49999955
 20
137.00096675
 10
282.49999815
 20
137.0019335
 10
282.49999579999997
 20
137.00290025
 10
282.4999924
 20
137.0039015
 10
282.49998800000003
 20
137.00490274999999
 10
282.49998255
 20
137.00590405
 10
282.49997615
 20
137.0069053
 10
282.4999693
 20
137.0078375
 10
282.49996154999997
 20
137.0087697
 10
282.4974334
 20
137.0716002
  0
LWPOLYLINE
  5
F5
330
17
100
AcDbEntity
  8
OUTLINE
100
AcDbPolyline
 90
2
 70
0
 10
282.45006645
 20
137.3120477
 10
282.43649165
 20
137.3506898
  0
LWPOLYLINE
  5
F6
330
17
100
AcDbEntity
  8
OUTLINE
100
AcDbPolyline
 90
2
 70
0
 10
282.5
 20
137.0
 10
282.5
 20
193.0
  0
LWPOLYLINE
  5
F7
330
17
100
AcDbEntity
  8
OUTLINE
100
AcDbPolyline
 90
12
 70
0
 10
282.5
 20
193.0
 10
282.49999955
 20
192.99903325
 10
282.49999815
 20
192.9980665
 10
282.49999579999997
 20
192.99709975
 10
282.4999924
 20
192.9960985
 10
282.49998800000003
 20
192.99509725000001
 10
282.49998255
 20
192.99409595
 10
282.49997615
 20
192.9930947
 10
282.4999693
 20
192.9921625
 10
282.49996154999997
 20
192.9912303
 10
282.4838724
 20
192.82112825000002
 10
282.43649165
 20
192.6493102
  0
LWPOLYLINE
  5
F8
330
17
100
AcDbEntity
  8
OUTLINE
100
AcDbPolyline
 90
14
 70
0
 10
282.43649165
 20
192.6493102
 10
282.3942609
 20
192.5754776
 10
282.37989619999996
 20
192.56133475000001
 10
282.32406105
 20
192.53270270000002
 10
282.25693445
 20
192.53151935
 10
282.21263415
 20
192.5437444
 10
282.21041815
 20
192.5445852
 10
282.1711902
 20
192.56288215
 10
282.13308025000003
 20
192.5867956
 10
282.09239679999996
 20
192.61938885
 10
282.04687555
 20
192.6660905
 10
281.97193864999997
 20
192.78112314999998
 10
281.94157444999996
 20
192.8604949
 10
281.9216118
 20
193.0
  0
LWPOLYLINE
  5
F9
330
17
100
AcDbEntity
  8
OUTLINE
100
AcDbPolyline
 90
2
 70
0
 10
281.9216118
 20
193.0
 10
281.9216118
 20
200.0
  0
LWPOLYLINE
  5
FA
330
17
100
AcDbEntity
  8
OUTLINE
100
AcDbPolyline
 90
11
 70
0
 10
281.9216118
 20
200.0
 10
281.93595335
 20
200.1184949
 10
281.989217
 20
200.25186685
 10
282.0832064
 20
200.37213409999998
 10
282.16759845
 20
200.43512355000001
 10
282.2547605
 20
200.46809439999998
 10
282.28685835
 20
200.47130125
 10
282.29169045000003
 20
200.471289
 10
282.35497399999997
 20
200.455696
 10
282.38914869999996
 20
200.42999129999998
 10
282.43649165
 20
200.3506898
  0
LWPOLYLINE
  5
FB
330
17
100
AcDbEntity
  8
OUTLINE
100
AcDbPolyline
 90
12
 70
0
 10
282.5
 20
200.0
 10
282.49999955
 20
200.00096675
 10
282.49999815
 20
200.0019335
 10
282.49999579999997
 20
200.00290025
 10
282.4999924
 20
200.00390149999998
 10
282.49998800000003
 20
200.00490274999999
 10
282.49998255
 20
200.00590405
 10
282.49997615
 20
200.0069053
 10
282.4999693
 20
200.0078375
 10
282.49996154999997
 20
200.00876970000002
 10
282.4838724
 20
200.17887174999998
 10
282.43649165
 20
200.3506898
  0
LWPOLYLINE
  5
FC
330
17
100
AcDbEntity
  8
OUTLINE
100
AcDbPolyline
 90
2
 70
0
 10
282.5
 20
200.0
 10
282.5
 20
200.5
  0
LWPOLYLINE
  5
FD
330
17
100
AcDbEntity
  8
OUTLINE
100
AcDbPolyline
 90
14
 70
0
 10
280.5
 20
202.5
 10
280.74107334999997
 20
202.48541775
 10
280.97863135
 20
202.44188365
 10
281.20920975
 20
202.3700325
 10
281.42944635000003
 20
202.27091205
 10
281.63612950000004
 20
202.14596775
 10
281.8262453
 20
201.99702150000002
 10
281.99702149999996
 20
201.82624529999998
 10
282.14596775
 20
201.6361295
 10
282.27091205
 20
201.42944635
 10
282.3700325
 20
201.20920975
 10
282.44188365
 20
200.97863135
 10
282.48541775
 20
200.74107335
 10
282.5
 20
200.5
  0
LWPOLYLINE
  5
FE
330
17
100
AcDbEntity
  8
OUTLINE
100
AcDbPolyline
 90
2
 70
0
 10
282.5
 20
193.0
 10
282.5
 20
200.0
  0
LWPOLYLINE
  5
FF
330
17
100
AcDbEntity
  8
OUTLINE
100
AcDbPolyline
 90
2
 70
0
 10
282.5
 20
130.0
 10
282.5
 20
137.0
  0
LWPOLYLINE
  5
100
330
17
100
AcDbEntity
  8
OUTLINE
100
AcDbPolyline
 90
4
 70
0
 10
282.5
 20
130.0
 10
282.492876
 20
129.8808479
 10
282.47160555
 20
129.76339345
 10
282.43649165
 20
129.6493102
  0
LWPOLYLINE
  5
101
330
17
100
AcDbEntity
  8
OUTLINE
100
AcDbPolyline
 90
4
 70
0
 10
282.43649165
 20
137.3506898
 10
282.47160555
 20
137.23660655
 10
282.492876
 20
137.1191521
 10
282.5
 20
137.0
  0
LWPOLYLINE
  5
102
330
17
100
AcDbEntity
  8
OUTLINE
100
AcDbPolyline
 90
4
 70
0
 10
282.5
 20
193.0
 10
282.492876
 20
192.8808479
 10
282.47160555
 20
192.76339345
 10
282.43649165
 20
192.6493102
  0
LWPOLYLINE
  5
103
330
17
100
AcDbEntity
  8
OUTLINE
100
AcDbPolyline
 90
4
 70
0
 10
282.43649165
 20
200.3506898
 10
282.47160555
 20
200.23660655
 10
282.492876
 20
200.1191521
 10
282.5
 20
200.0
  0
LWPOLYLINE
  5
104
330
17
100
AcDbEntity
  8
OUTLINE
100
AcDbPolyline
 90
2
 70
0
 10
281.99637265
 20
137.26405045
 10
282.0064598
 20
137.2800612
  0
LWPOLYLINE
  5
105
330
17
100
AcDbEntity
  8
OUTLINE
100
AcDbPolyline
 90
2
 70
0
 10
282.13502845
 20
137.41457655
 10
282.1393151
 20
137.41753785
  0
LWPOLYLINE
  5
106
330
17
100
AcDbEntity
  8
OUTLINE
100
AcDbPolyline
 90
2
 70
0
 10
282.19599975
 20
137.44943560000002
 10
282.2095319
 20
137.45507265
  0
LWPOLYLINE
  5
107
330
17
100
AcDbEntity
  8
OUTLINE
100
AcDbPolyline
 90
2
 70
0
 10
282.34461784999996
 20
137.46058935
 10
282.3603794
 20
137.45267775
  0
LWPOLYLINE
  5
108
330
17
100
AcDbEntity
  8
OUTLINE
100
AcDbPolyline
 90
2
 70
0
 10
282.40584515
 20
137.41002165
 10
282.40613765
 20
137.40961295
  0
LWPOLYLINE
  5
109
330
17
100
AcDbEntity
  8
OUTLINE
100
AcDbPolyline
 90
2
 70
0
 10
281.9216118
 20
200.0
 10
281.92254775000004
 20
200.0304205
  0
LWPOLYLINE
  5
10A
330
17
100
AcDbEntity
  8
OUTLINE
100
AcDbPolyline
 90
2
 70
0
 10
282.06354035000004
 20
200.35244015
 10
282.0830727
 20
200.37200745
  0
LWPOLYLINE
  5
10B
330
17
100
AcDbEntity
  8
OUTLINE
100
AcDbPolyline
 90
2
 70
0
 10
282.17741125
 20
200.4404459
 10
282.1984089
 20
200.4504955
  0
LWPOLYLINE
  5
10C
330
17
100
AcDbEntity
  8
OUTLINE
100
AcDbPolyline
 90
2
 70
0
 10
282.20397545000003
 20
200.45285145
 10
282.20410715
 20
200.4529056
  0
LWPOLYLINE
  5
10D
330
17
100
AcDbEntity
  8
OUTLINE
100
AcDbPolyline
 90
2
 70
0
 10
282.2524766
 20
200.46766365
 10
282.2534557
 20
200.4678514
  0
LWPOLYLINE
  5
10E
330
17
100
AcDbEntity
  8
OUTLINE
100
AcDbPolyline
 90
2
 70
0
 10
282.33029550000003
 20
200.4656481
 10
282.33117534999997
 20
200.46538965
  0
LWPOLYLINE
  5
10F
330
17
100
AcDbEntity
  8
OUTLINE
100
AcDbPolyline
 90
2
 70
0
 10
282.37695435
 20
200.441125
 10
282.3780375
 20
200.440235
  0
LWPOLYLINE
  5
110
330
17
100
AcDbEntity
  8
OUTLINE
100
AcDbPolyline
 90
2
 70
0
 10
282.4051578
 20
200.41097324999998
 10
282.42210115
 20
200.38333725
  0
LWPOLYLINE
  5
111
330
17
100
AcDbEntity
  8
OUTLINE
100
AcDbPolyline
 90
2
 70
0
 10
282.43360405
 20
200.35813585
 10
282.43649165
 20
200.3506898
  0
LWPOLYLINE
  5
112
330
17
100
AcDbEntity
  8
OUTLINE
100
AcDbPolyline
 90
2
 70
0
 10
219.1814977
 20
203.22610825
 10
219.67298895
 20
203.57025414999998
  0
LWPOLYLINE
  5
113
330
17
100
AcDbEntity
  8
OUTLINE
100
AcDbPolyline
 90
2
 70
0
 10
212.8721569
 20
212.23678075
 10
213.36364815000002
 20
212.5809266
  0
LWPOLYLINE
  5
114
330
17
100
AcDbEntity
  8
OUTLINE
100
AcDbPolyline
 90
2
 70
0
 10
219.1814977
 20
203.22610825
 10
224.3421556
 20
206.8396398
  0
LWPOLYLINE
  5
115
330
17
100
AcDbEntity
  8
OUTLINE
100
AcDbPolyline
 90
2
 70
0
 10
212.8721569
 20
212.23678075
 10
218.03281479999998
 20
215.85031229999998
  0
LWPOLYLINE
  5
116
330
17
100
AcDbEntity
  8
OUTLINE
100
AcDbPolyline
 90
2
 70
0
 10
224.3912707
 20
207.1181855
 10
218.31136045
 20
215.8011972
  0
LWPOLYLINE
  5
117
330
17
100
AcDbEntity
  8
OUTLINE
100
AcDbPolyline
 90
5
 70
0
 10
224.3912707
 20
207.1181855
 10
224.4226995
 20
207.04675815000002
 10
224.42440184999998
 20
206.9687406
 10
224.3961186
 20
206.8960103
 10
224.3421556
 20
206.8396398
  0
LWPOLYLINE
  5
118
330
17
100
AcDbEntity
  8
OUTLINE
100
AcDbPolyline
 90
5
 70
0
 10
218.902952
 20
203.27522340000002
 10
218.95932249999998
 20
203.2212604
 10
219.0320528
 20
203.1929771
 10
219.11007035
 20
203.19467945
 10
219.1814977
 20
203.22610825
  0
LWPOLYLINE
  5
119
330
17
100
AcDbEntity
  8
OUTLINE
100
AcDbPolyline
 90
2
 70
0
 10
218.902952
 20
203.27522340000002
 10
212.8230418
 20
211.95823504999998
  0
LWPOLYLINE
  5
11A
330
17
100
AcDbEntity
  8
OUTLINE
100
AcDbPolyline
 90
5
 70
0
 10
218.31136045
 20
215.8011972
 10
218.25499000000002
 20
215.8551602
 10
218.1822597
 20
215.88344345000002
 10
218.10424215
 20
215.8817411
 10
218.03281479999998
 20
215.85031229999998
  0
LWPOLYLINE
  5
11B
330
17
100
AcDbEntity
  8
OUTLINE
100
AcDbPolyline
 90
5
 70
0
 10
218.03281479999998
 20
215.85031229999998
 10
218.10424215
 20
215.8817411
 10
218.1822597
 20
215.88344345000002
 10
218.25499000000002
 20
215.8551602
 10
218.31136045
 20
215.8011972
  0
LWPOLYLINE
  5
11C
330
17
100
AcDbEntity
  8
OUTLINE
100
AcDbPolyline
 90
5
 70
0
 10
212.8721569
 20
212.23678075
 10
212.81819389999998
 20
212.18041025
 10
212.78991065
 20
212.10768000000002
 10
212.79161299999998
 20
212.0296624
 10
212.8230418
 20
211.95823504999998
  0
LWPOLYLINE
  5
11D
330
17
100
AcDbEntity
  8
OUTLINE
100
AcDbPolyline
 90
2
 70
0
 10
212.8721569
 20
117.76321924999999
 10
213.36364815000002
 20
117.4190734
  0
LWPOLYLINE
  5
11E
330
17
100
AcDbEntity
  8
OUTLINE
100
AcDbPolyline
 90
2
 70
0
 10
219.1814977
 20
126.77389174999999
 10
219.67298895
 20
126.42974585
  0
LWPOLYLINE
  5
11F
330
17
100
AcDbEntity
  8
OUTLINE
100
AcDbPolyline
 90
2
 70
0
 10
212.8721569
 20
117.76321924999999
 10
218.03281479999998
 20
114.1496877
  0
LWPOLYLINE
  5
120
330
17
100
AcDbEntity
  8
OUTLINE
100
AcDbPolyline
 90
2
 70
0
 10
219.1814977
 20
126.77389174999999
 10
224.3421556
 20
123.1603602
  0
LWPOLYLINE
  5
121
330
17
100
AcDbEntity
  8
OUTLINE
100
AcDbPolyline
 90
2
 70
0
 10
218.31136045
 20
114.19880280000001
 10
224.3912707
 20
122.88181449999999
  0
LWPOLYLINE
  5
122
330
17
100
AcDbEntity
  8
OUTLINE
100
AcDbPolyline
 90
5
 70
0
 10
218.31136045
 20
114.19880280000001
 10
218.25499000000002
 20
114.1448398
 10
218.1822597
 20
114.11655655
 10
218.10424215
 20
114.1182589
 10
218.03281479999998
 20
114.1496877
  0
LWPOLYLINE
  5
123
330
17
100
AcDbEntity
  8
OUTLINE
100
AcDbPolyline
 90
2
 70
0
 10
218.31136045
 20
114.19880280000001
 10
224.3912707
 20
122.88181449999999
  0
LWPOLYLINE
  5
124
330
17
100
AcDbEntity
  8
OUTLINE
100
AcDbPolyline
 90
5
 70
0
 10
218.31136045
 20
114.19880280000001
 10
218.25499000000002
 20
114.1448398
 10
218.1822597
 20
114.11655655
 10
218.10424215
 20
114.1182589
 10
218.03281479999998
 20
114.1496877
  0
LWPOLYLINE
  5
125
330
17
100
AcDbEntity
  8
OUTLINE
100
AcDbPolyline
 90
5
 70
0
 10
212.8230418
 20
118.04176495
 10
212.79161299999998
 20
117.9703376
 10
212.78991065
 20
117.89232
 10
212.81819389999998
 20
117.81958975
 10
212.8721569
 20
117.76321924999999
  0
LWPOLYLINE
  5
126
330
17
100
AcDbEntity
  8
OUTLINE
100
AcDbPolyline
 90
2
 70
0
 10
212.8230418
 20
118.04176495
 10
218.902952
 20
126.7247766
  0
LWPOLYLINE
  5
127
330
17
100
AcDbEntity
  8
OUTLINE
100
AcDbPolyline
 90
5
 70
0
 10
224.3421556
 20
123.1603602
 10
224.3961186
 20
123.1039897
 10
224.42440184999998
 20
123.03125940000001
 10
224.4226995
 20
122.95324185
 10
224.3912707
 20
122.88181449999999
  0
LWPOLYLINE
  5
128
330
17
100
AcDbEntity
  8
OUTLINE
100
AcDbPolyline
 90
5
 70
0
 10
219.1814977
 20
126.77389174999999
 10
219.11007035
 20
126.80532055
 10
219.0320528
 20
126.80702289999999
 10
218.95932249999998
 20
126.7787396
 10
218.902952
 20
126.7247766
  0
LWPOLYLINE
  5
129
330
17
100
AcDbEntity
  8
OUTLINE
100
AcDbPolyline
 90
2
 70
0
 10
89.1278431
 20
212.23678075
 10
88.63635185
 20
212.5809266
  0
LWPOLYLINE
  5
12A
330
17
100
AcDbEntity
  8
OUTLINE
100
AcDbPolyline
 90
2
 70
0
 10
82.8185023
 20
203.22610825
 10
82.32701105
 20
203.57025414999998
  0
LWPOLYLINE
  5
12B
330
17
100
AcDbEntity
  8
OUTLINE
100
AcDbPolyline
 90
2
 70
0
 10
89.1278431
 20
212.23678075
 10
83.9671852
 20
215.85031229999998
  0
LWPOLYLINE
  5
12C
330
17
100
AcDbEntity
  8
OUTLINE
100
AcDbPolyline
 90
2
 70
0
 10
82.8185023
 20
203.22610825
 10
77.6578444
 20
206.8396398
  0
LWPOLYLINE
  5
12D
330
17
100
AcDbEntity
  8
OUTLINE
100
AcDbPolyline
 90
2
 70
0
 10
83.68863955
 20
215.8011972
 10
77.6087293
 20
207.1181855
  0
LWPOLYLINE
  5
12E
330
17
100
AcDbEntity
  8
OUTLINE
100
AcDbPolyline
 90
5
 70
0
 10
83.68863955
 20
215.8011972
 10
83.74501
 20
215.8551602
 10
83.8177403
 20
215.88344345000002
 10
83.89575785
 20
215.8817411
 10
83.9671852
 20
215.85031229999998
  0
LWPOLYLINE
  5
12F
330
17
100
AcDbEntity
  8
OUTLINE
100
AcDbPolyline
 90
2
 70
0
 10
83.68863955
 20
215.8011972
 10
77.6087293
 20
207.1181855
  0
LWPOLYLINE
  5
130
330
17
100
AcDbEntity
  8
OUTLINE
100
AcDbPolyline
 90
5
 70
0
 10
83.68863955
 20
215.8011972
 10
83.74501
 20
215.8551602
 10
83.8177403
 20
215.88344345000002
 10
83.89575785
 20
215.8817411
 10
83.9671852
 20
215.85031229999998
  0
LWPOLYLINE
  5
131
330
17
100
AcDbEntity
  8
OUTLINE
100
AcDbPolyline
 90
5
 70
0
 10
89.1769582
 20
211.95823504999998
 10
89.208387
 20
212.0296624
 10
89.21008935
 20
212.10768000000002
 10
89.1818061
 20
212.18041025
 10
89.1278431
 20
212.23678075
  0
LWPOLYLINE
  5
132
330
17
100
AcDbEntity
  8
OUTLINE
100
AcDbPolyline
 90
2
 70
0
 10
89.1769582
 20
211.95823504999998
 10
83.097048
 20
203.27522340000002
  0
LWPOLYLINE
  5
133
330
17
100
AcDbEntity
  8
OUTLINE
100
AcDbPolyline
 90
5
 70
0
 10
77.6578444
 20
206.8396398
 10
77.6038814
 20
206.8960103
 10
77.57559815
 20
206.9687406
 10
77.5773005
 20
207.04675815000002
 10
77.6087293
 20
207.1181855
  0
LWPOLYLINE
  5
134
330
17
100
AcDbEntity
  8
OUTLINE
100
AcDbPolyline
 90
5
 70
0
 10
82.8185023
 20
203.22610825
 10
82.88992965
 20
203.19467945
 10
82.9679472
 20
203.1929771
 10
83.0406775
 20
203.2212604
 10
83.097048
 20
203.27522340000002
  0
LWPOLYLINE
  5
135
330
17
100
AcDbEntity
  8
OUTLINE
100
AcDbPolyline
 90
2
 70
0
 10
82.8185023
 20
126.77389174999999
 10
82.32701105
 20
126.42974585
  0
LWPOLYLINE
  5
136
330
17
100
AcDbEntity
  8
OUTLINE
100
AcDbPolyline
 90
2
 70
0
 10
89.1278431
 20
117.76321924999999
 10
88.63635185
 20
117.4190734
  0
LWPOLYLINE
  5
137
330
17
100
AcDbEntity
  8
OUTLINE
100
AcDbPolyline
 90
2
 70
0
 10
82.8185023
 20
126.77389174999999
 10
77.6578444
 20
123.1603602
  0
LWPOLYLINE
  5
138
330
17
100
AcDbEntity
  8
OUTLINE
100
AcDbPolyline
 90
2
 70
0
 10
89.1278431
 20
117.76321924999999
 10
83.9671852
 20
114.1496877
  0
LWPOLYLINE
  5
139
330
17
100
AcDbEntity
  8
OUTLINE
100
AcDbPolyline
 90
2
 70
0
 10
77.6087293
 20
122.88181449999999
 10
83.68863955
 20
114.19880280000001
  0
LWPOLYLINE
  5
13A
330
17
100
AcDbEntity
  8
OUTLINE
100
AcDbPolyline
 90
5
 70
0
 10
77.6087293
 20
122.88181449999999
 10
77.5773005
 20
122.95324185
 10
77.57559815
 20
123.03125940000001
 10
77.6038814
 20
123.1039897
 10
77.6578444
 20
123.1603602
  0
LWPOLYLINE
  5
13B
330
17
100
AcDbEntity
  8
OUTLINE
100
AcDbPolyline
 90
5
 70
0
 10
83.097048
 20
126.7247766
 10
83.0406775
 20
126.7787396
 10
82.9679472
 20
126.80702289999999
 10
82.88992965
 20
126.80532055
 10
82.8185023
 20
126.77389174999999
  0
LWPOLYLINE
  5
13C
330
17
100
AcDbEntity
  8
OUTLINE
100
AcDbPolyline
 90
2
 70
0
 10
83.097048
 20
126.7247766
 10
89.1769582
 20
118.04176495
  0
LWPOLYLINE
  5
13D
330
17
100
AcDbEntity
  8
OUTLINE
100
AcDbPolyline
 90
5
 70
0
 10
83.68863955
 20
114.19880280000001
 10
83.74501
 20
114.1448398
 10
83.8177403
 20
114.11655655
 10
83.89575785
 20
114.1182589
 10
83.9671852
 20
114.1496877
  0
LWPOLYLINE
  5
13E
330
17
100
AcDbEntity
  8
OUTLINE
100
AcDbPolyline
 90
5
 70
0
 10
83.9671852
 20
114.1496877
 10
83.89575785
 20
114.1182589
 10
83.8177403
 20
114.11655655
 10
83.74501
 20
114.1448398
 10
83.68863955
 20
114.19880280000001
  0
LWPOLYLINE
  5
13F
330
17
100
AcDbEntity
  8
OUTLINE
100
AcDbPolyline
 90
5
 70
0
 10
89.1278431
 20
117.76321924999999
 10
89.1818061
 20
117.81958975
 10
89.21008935
 20
117.89232
 10
89.208387
 20
117.9703376
 10
89.1769582
 20
118.04176495
  0
LWPOLYLINE
  5
140
330
17
100
AcDbEntity
  8
OUTLINE
100
AcDbPolyline
 90
15
 70
0
 10
244.0
 20
79.0
 10
244.0
 20
78.60812435
 10
244.0
 20
78.22117675
 10
244.0
 20
77.8440233
 10
244.0
 20
77.4814069
 10
244.0
 20
77.13788775
 10
244.0
 20
76.8177857
 10
244.0
 20
76.52512625
 10
244.0
 20
76.2635898
 10
244.0
 20
76.0364653
 10
244.0
 20
75.84660895
 10
244.0
 20
75.69640835
 10
244.0
 20
75.5877523
 10
244.0
 20
75.52200725
 10
244.0
 20
75.5
  0
LWPOLYLINE
  5
141
330
17
100
AcDbEntity
  8
OUTLINE
100
AcDbPolyline
 90
15
 70
0
 10
244.0
 20
82.5
 10
244.0
 20
82.47799275
 10
244.0
 20
82.4122477
 10
244.0
 20
82.30359165
 10
244.0
 20
82.15339105
 10
244.0
 20
81.9635347
 10
244.0
 20
81.7364102
 10
244.0
 20
81.47487375
 10
244.0
 20
81.1822143
 10
244.0
 20
80.86211225
 10
244.0
 20
80.5185931
 10
244.0
 20
80.1559767
 10
244.0
 20
79.77882325
 10
244.0
 20
79.39187565
 10
244.0
 20
79.0
  0
LWPOLYLINE
  5
142
330
17
100
AcDbEntity
  8
OUTLINE
100
AcDbPolyline
 90
15
 70
0
 10
239.5
 20
81.1650635
 10
239.5
 20
81.0316494
 10
239.5
 20
80.89362545
 10
239.5
 20
80.7513047
 10
239.5
 20
80.6050102
 10
239.5
 20
80.45507385
 10
239.5
 20
80.30183585
 10
239.5
 20
80.1456439
 10
239.5
 20
79.9868525
 10
239.5
 20
79.82582185
 10
239.5
 20
79.66291735
 10
239.5
 20
79.4985087
 10
239.5
 20
79.33296885
 10
239.5
 20
79.16667355
 10
239.5
 20
79.0
  0
LWPOLYLINE
  5
143
330
17
100
AcDbEntity
  8
OUTLINE
100
AcDbPolyline
 90
2
 70
0
 10
231.0
 20
81.1650635
 10
239.5
 20
81.1650635
  0
LWPOLYLINE
  5
144
330
17
100
AcDbEntity
  8
OUTLINE
100
AcDbPolyline
 90
15
 70
0
 10
231.0
 20
81.1650635
 10
231.0
 20
81.0316494
 10
231.0
 20
80.89362545
 10
231.0
 20
80.7513047
 10
231.0
 20
80.6050102
 10
231.0
 20
80.45507385
 10
231.0
 20
80.30183585
 10
231.0
 20
80.1456439
 10
231.0
 20
79.9868525
 10
231.0
 20
79.82582185
 10
231.0
 20
79.66291735
 10
231.0
 20
79.4985087
 10
231.0
 20
79.33296885
 10
231.0
 20
79.16667355
 10
231.0
 20
79.0
  0
LWPOLYLINE
  5
145
330
17
100
AcDbEntity
  8
OUTLINE
100
AcDbPolyline
 90
15
 70
0
 10
58.0
 20
79.0
 10
58.0
 20
78.60812435
 10
58.0
 20
78.22117675
 10
58.0
 20
77.8440233
 10
58.0
 20
77.4814069
 10
58.0
 20
77.13788775
 10
58.0
 20
76.8177857
 10
58.0
 20
76.52512625
 10
58.0
 20
76.2635898
 10
58.0
 20
76.0364653
 10
58.0
 20
75.84660895
 10
58.0
 20
75.69640835
 10
58.0
 20
75.5877523
 10
58.0
 20
75.52200725
 10
58.0
 20
75.5
  0
LWPOLYLINE
  5
146
330
17
100
AcDbEntity
  8
OUTLINE
100
AcDbPolyline
 90
15
 70
0
 10
58.0
 20
82.5
 10
58.0
 20
82.47799275
 10
58.0
 20
82.4122477
 10
58.0
 20
82.30359165
 10
58.0
 20
82.15339105
 10
58.0
 20
81.9635347
 10
58.0
 20
81.7364102
 10
58.0
 20
81.47487375
 10
58.0
 20
81.1822143
 10
58.0
 20
80.86211225
 10
58.0
 20
80.5185931
 10
58.0
 20
80.1559767
 10
58.0
 20
79.77882325
 10
58.0
 20
79.39187565
 10
58.0
 20
79.0
  0
LWPOLYLINE
  5
147
330
17
100
AcDbEntity
  8
OUTLINE
100
AcDbPolyline
 90
15
 70
0
 10
231.0
 20
79.0
 10
231.0
 20
78.83332645
 10
231.0
 20
78.66703115
 10
231.0
 20
78.5014913
 10
231.0
 20
78.33708265
 10
231.0
 20
78.17417815
 10
231.0
 20
78.0131475
 10
231.0
 20
77.8543561
 10
231.0
 20
77.69816415
 10
231.0
 20
77.54492615
 10
231.0
 20
77.3949898
 10
231.0
 20
77.2486953
 10
231.0
 20
77.10637455
 10
231.0
 20
76.9683506
 10
231.0
 20
76.8349365
  0
LWPOLYLINE
  5
148
330
17
100
AcDbEntity
  8
OUTLINE
100
AcDbPolyline
 90
2
 70
0
 10
231.0
 20
76.8349365
 10
239.5
 20
76.8349365
  0
LWPOLYLINE
  5
149
330
17
100
AcDbEntity
  8
OUTLINE
100
AcDbPolyline
 90
15
 70
0
 10
239.5
 20
79.0
 10
239.5
 20
78.83332645
 10
239.5
 20
78.66703115
 10
239.5
 20
78.5014913
 10
239.5
 20
78.33708265
 10
239.5
 20
78.17417815
 10
239.5
 20
78.0131475
 10
239.5
 20
77.8543561
 10
239.5
 20
77.69816415
 10
239.5
 20
77.54492615
 10
239.5
 20
77.3949898
 10
239.5
 20
77.2486953
 10
239.5
 20
77.10637455
 10
239.5
 20
76.9683506
 10
239.5
 20
76.8349365
  0
LWPOLYLINE
  5
14A
330
17
100
AcDbEntity
  8
OUTLINE
100
AcDbPolyline
 90
15
 70
0
 10
33.0
 20
79.0
 10
33.0
 20
78.5116944
 10
33.0
 20
78.0280573
 10
33.0
 20
77.5537125
 10
33.0
 20
77.093195
 10
33.0
 20
76.6509076
 10
33.0
 20
76.23107875
 10
33.0
 20
75.83772235
 10
33.0
 20
75.474599
 10
33.0
 20
75.14518045
 10
33.0
 20
74.85261605
 10
33.0
 20
74.5997029
 10
33.0
 20
74.388859
 10
33.0
 20
74.2221001
 10
33.0
 20
74.1010205
  0
LWPOLYLINE
  5
14B
330
17
100
AcDbEntity
  8
OUTLINE
100
AcDbPolyline
 90
2
 70
0
 10
32.5
 20
74.1010205
 10
33.0
 20
74.1010205
  0
LWPOLYLINE
  5
14C
330
17
100
AcDbEntity
  8
OUTLINE
100
AcDbPolyline
 90
2
 70
0
 10
32.5
 20
83.8989795
 10
33.0
 20
83.8989795
  0
LWPOLYLINE
  5
14D
330
17
100
AcDbEntity
  8
OUTLINE
100
AcDbPolyline
 90
15
 70
0
 10
33.0
 20
83.8989795
 10
33.0
 20
83.7778999
 10
33.0
 20
83.611141
 10
33.0
 20
83.4002971
 10
33.0
 20
83.14738395
 10
33.0
 20
82.85481955
 10
33.0
 20
82.525401
 10
33.0
 20
82.16227765
 10
33.0
 20
81.76892125
 10
33.0
 20
81.3490924
 10
33.0
 20
80.906805
 10
33.0
 20
80.4462875
 10
33.0
 20
79.9719427
 10
33.0
 20
79.4883056
 10
33.0
 20
79.0
  0
LWPOLYLINE
  5
14E
330
17
100
AcDbEntity
  8
OUTLINE
100
AcDbPolyline
 90
15
 70
0
 10
27.5
 20
79.0
 10
27.5
 20
78.4401776
 10
27.5
 20
77.88739535
 10
27.5
 20
77.3486047
 10
27.5
 20
76.8305813
 10
27.5
 20
76.3398396
 10
27.5
 20
75.882551
 10
27.5
 20
75.4644661
 10
27.5
 20
75.0908426
 10
27.5
 20
74.766379
 10
27.5
 20
74.49515565
 10
27.5
 20
74.28058335
 10
27.5
 20
74.12536045
 10
27.5
 20
74.03143895
 10
27.5
 20
74.0
  0
LWPOLYLINE
  5
14F
330
17
100
AcDbEntity
  8
OUTLINE
100
AcDbPolyline
 90
15
 70
0
 10
27.5
 20
84.0
 10
27.5
 20
83.96856105
 10
27.5
 20
83.87463955
 10
27.5
 20
83.71941665
 10
27.5
 20
83.50484435
 10
27.5
 20
83.233621
 10
27.5
 20
82.9091574
 10
27.5
 20
82.5355339
 10
27.5
 20
82.117449
 10
27.5
 20
81.6601604
 10
27.5
 20
81.1694187
 10
27.5
 20
80.6513953
 10
27.5
 20
80.11260465
 10
27.5
 20
79.5598224
 10
27.5
 20
79.0
  0
LWPOLYLINE
  5
150
330
17
100
AcDbEntity
  8
OUTLINE
100
AcDbPolyline
 90
2
 70
0
 10
32.5
 20
74.0
 10
32.5
 20
74.1010205
  0
LWPOLYLINE
  5
151
330
17
100
AcDbEntity
  8
OUTLINE
100
AcDbPolyline
 90
2
 70
0
 10
33.0
 20
75.0
 10
44.0
 20
75.0
  0
LWPOLYLINE
  5
152
330
17
100
AcDbEntity
  8
OUTLINE
100
AcDbPolyline
 90
2
 70
0
 10
32.5
 20
74.0
 10
44.0
 20
74.0
  0
LWPOLYLINE
  5
153
330
17
100
AcDbEntity
  8
OUTLINE
100
AcDbPolyline
 90
2
 70
0
 10
32.5
 20
83.8989795
 10
32.5
 20
84.0
  0
LWPOLYLINE
  5
154
330
17
100
AcDbEntity
  8
OUTLINE
100
AcDbPolyline
 90
2
 70
0
 10
32.5
 20
84.0
 10
44.0
 20
84.0
  0
LWPOLYLINE
  5
155
330
17
100
AcDbEntity
  8
OUTLINE
100
AcDbPolyline
 90
2
 70
0
 10
33.0
 20
83.0
 10
44.0
 20
83.0
  0
LWPOLYLINE
  5
156
330
17
100
AcDbEntity
  8
OUTLINE
100
AcDbPolyline
 90
15
 70
0
 10
274.5
 20
79.0
 10
274.5
 20
78.4401776
 10
274.5
 20
77.88739535
 10
274.5
 20
77.3486047
 10
274.5
 20
76.8305813
 10
274.5
 20
76.3398396
 10
274.5
 20
75.882551
 10
274.5
 20
75.4644661
 10
274.5
 20
75.0908426
 10
274.5
 20
74.766379
 10
274.5
 20
74.49515565
 10
274.5
 20
74.28058335
 10
274.5
 20
74.12536045
 10
274.5
 20
74.03143895
 10
274.5
 20
74.0
  0
LWPOLYLINE
  5
157
330
17
100
AcDbEntity
  8
OUTLINE
100
AcDbPolyline
 90
15
 70
0
 10
274.5
 20
84.0
 10
274.5
 20
83.96856105
 10
274.5
 20
83.87463955
 10
274.5
 20
83.71941665
 10
274.5
 20
83.50484435
 10
274.5
 20
83.233621
 10
274.5
 20
82.9091574
 10
274.5
 20
82.5355339
 10
274.5
 20
82.117449
 10
274.5
 20
81.6601604
 10
274.5
 20
81.1694187
 10
274.5
 20
80.6513953
 10
274.5
 20
80.11260465
 10
274.5
 20
79.5598224
 10
274.5
 20
79.0
  0
LWPOLYLINE
  5
158
330
17
100
AcDbEntity
  8
OUTLINE
100
AcDbPolyline
 90
15
 70
0
 10
269.0
 20
83.8989795
 10
269.0
 20
83.7778999
 10
269.0
 20
83.611141
 10
269.0
 20
83.4002971
 10
269.0
 20
83.14738395
 10
269.0
 20
82.85481955
 10
269.0
 20
82.525401
 10
269.0
 20
82.16227765
 10
269.0
 20
81.76892125
 10
269.0
 20
81.3490924
 10
269.0
 20
80.906805
 10
269.0
 20
80.4462875
 10
269.0
 20
79.9719427
 10
269.0
 20
79.4883056
 10
269.0
 20
79.0
  0
LWPOLYLINE
  5
159
330
17
100
AcDbEntity
  8
OUTLINE
100
AcDbPolyline
 90
2
 70
0
 10
269.0
 20
83.8989795
 10
269.5
 20
83.8989795
  0
LWPOLYLINE
  5
15A
330
17
100
AcDbEntity
  8
OUTLINE
100
AcDbPolyline
 90
2
 70
0
 10
269.0
 20
74.1010205
 10
269.5
 20
74.1010205
  0
LWPOLYLINE
  5
15B
330
17
100
AcDbEntity
  8
OUTLINE
100
AcDbPolyline
 90
15
 70
0
 10
269.0
 20
79.0
 10
269.0
 20
78.5116944
 10
269.0
 20
78.0280573
 10
269.0
 20
77.5537125
 10
269.0
 20
77.093195
 10
269.0
 20
76.6509076
 10
269.0
 20
76.23107875
 10
269.0
 20
75.83772235
 10
269.0
 20
75.474599
 10
269.0
 20
75.14518045
 10
269.0
 20
74.85261605
 10
269.0
 20
74.5997029
 10
269.0
 20
74.388859
 10
269.0
 20
74.2221001
 10
269.0
 20
74.1010205
  0
LWPOLYLINE
  5
15C
330
17
100
AcDbEntity
  8
OUTLINE
100
AcDbPolyline
 90
2
 70
0
 10
258.0
 20
84.0
 10
269.5
 20
84.0
  0
LWPOLYLINE
  5
15D
330
17
100
AcDbEntity
  8
OUTLINE
100
AcDbPolyline
 90
2
 70
0
 10
269.5
 20
83.8989795
 10
269.5
 20
84.0
  0
LWPOLYLINE
  5
15E
330
17
100
AcDbEntity
  8
OUTLINE
100
AcDbPolyline
 90
2
 70
0
 10
258.0
 20
83.0
 10
269.0
 20
83.0
  0
LWPOLYLINE
  5
15F
330
17
100
AcDbEntity
  8
OUTLINE
100
AcDbPolyline
 90
2
 70
0
 10
269.5
 20
74.0
 10
269.5
 20
74.1010205
  0
LWPOLYLINE
  5
160
330
17
100
AcDbEntity
  8
OUTLINE
100
AcDbPolyline
 90
2
 70
0
 10
258.0
 20
75.0
 10
269.0
 20
75.0
  0
LWPOLYLINE
  5
161
330
17
100
AcDbEntity
  8
OUTLINE
100
AcDbPolyline
 90
2
 70
0
 10
258.0
 20
74.0
 10
269.5
 20
74.0
  0
LWPOLYLINE
  5
162
330
17
100
AcDbEntity
  8
OUTLINE
100
AcDbPolyline
 90
15
 70
0
 10
244.0
 20
251.0
 10
244.0
 20
250.60812435
 10
244.0
 20
250.22117674999998
 10
244.0
 20
249.8440233
 10
244.0
 20
249.4814069
 10
244.0
 20
249.13788775
 10
244.0
 20
248.8177857
 10
244.0
 20
248.52512625
 10
244.0
 20
248.2635898
 10
244.0
 20
248.0364653
 10
244.0
 20
247.84660895000002
 10
244.0
 20
247.69640835
 10
244.0
 20
247.5877523
 10
244.0
 20
247.52200725
 10
244.0
 20
247.5
  0
LWPOLYLINE
  5
163
330
17
100
AcDbEntity
  8
OUTLINE
100
AcDbPolyline
 90
15
 70
0
 10
244.0
 20
254.5
 10
244.0
 20
254.47799275
 10
244.0
 20
254.4122477
 10
244.0
 20
254.30359165
 10
244.0
 20
254.15339104999998
 10
244.0
 20
253.9635347
 10
244.0
 20
253.7364102
 10
244.0
 20
253.47487375
 10
244.0
 20
253.1822143
 10
244.0
 20
252.86211225
 10
244.0
 20
252.5185931
 10
244.0
 20
252.1559767
 10
244.0
 20
251.77882325000002
 10
244.0
 20
251.39187565
 10
244.0
 20
251.0
  0
LWPOLYLINE
  5
164
330
17
100
AcDbEntity
  8
OUTLINE
100
AcDbPolyline
 90
15
 70
0
 10
239.5
 20
253.1650635
 10
239.5
 20
253.0316494
 10
239.5
 20
252.89362545
 10
239.5
 20
252.7513047
 10
239.5
 20
252.60501019999998
 10
239.5
 20
252.45507385000002
 10
239.5
 20
252.30183585
 10
239.5
 20
252.14564389999998
 10
239.5
 20
251.9868525
 10
239.5
 20
251.82582185
 10
239.5
 20
251.66291735
 10
239.5
 20
251.4985087
 10
239.5
 20
251.33296885
 10
239.5
 20
251.16667354999998
 10
239.5
 20
251.0
  0
LWPOLYLINE
  5
165
330
17
100
AcDbEntity
  8
OUTLINE
100
AcDbPolyline
 90
2
 70
0
 10
231.0
 20
253.1650635
 10
239.5
 20
253.1650635
  0
LWPOLYLINE
  5
166
330
17
100
AcDbEntity
  8
OUTLINE
100
AcDbPolyline
 90
15
 70
0
 10
231.0
 20
253.1650635
 10
231.0
 20
253.0316494
 10
231.0
 20
252.89362545
 10
231.0
 20
252.7513047
 10
231.0
 20
252.60501019999998
 10
231.0
 20
252.45507385000002
 10
231.0
 20
252.30183585
 10
231.0
 20
252.14564389999998
 10
231.0
 20
251.9868525
 10
231.0
 20
251.82582185
 10
231.0
 20
251.66291735
 10
231.0
 20
251.4985087
 10
231.0
 20
251.33296885
 10
231.0
 20
251.16667354999998
 10
231.0
 20
251.0
  0
LWPOLYLINE
  5
167
330
17
100
AcDbEntity
  8
OUTLINE
100
AcDbPolyline
 90
15
 70
0
 10
58.0
 20
251.0
 10
58.0
 20
250.60812435
 10
58.0
 20
250.22117674999998
 10
58.0
 20
249.8440233
 10
58.0
 20
249.4814069
 10
58.0
 20
249.13788775
 10
58.0
 20
248.8177857
 10
58.0
 20
248.52512625
 10
58.0
 20
248.2635898
 10
58.0
 20
248.0364653
 10
58.0
 20
247.84660895000002
 10
58.0
 20
247.69640835
 10
58.0
 20
247.5877523
 10
58.0
 20
247.52200725
 10
58.0
 20
247.5
  0
LWPOLYLINE
  5
168
330
17
100
AcDbEntity
  8
OUTLINE
100
AcDbPolyline
 90
15
 70
0
 10
58.0
 20
254.5
 10
58.0
 20
254.47799275
 10
58.0
 20
254.4122477
 10
58.0
 20
254.30359165
 10
58.0
 20
254.15339104999998
 10
58.0
 20
253.9635347
 10
58.0
 20
253.7364102
 10
58.0
 20
253.47487375
 10
58.0
 20
253.1822143
 10
58.0
 20
252.86211225
 10
58.0
 20
252.5185931
 10
58.0
 20
252.1559767
 10
58.0
 20
251.77882325000002
 10
58.0
 20
251.39187565
 10
58.0
 20
251.0
  0
LWPOLYLINE
  5
169
330
17
100
AcDbEntity
  8
OUTLINE
100
AcDbPolyline
 90
15
 70
0
 10
231.0
 20
251.0
 10
231.0
 20
250.83332645000002
 10
231.0
 20
250.66703115
 10
231.0
 20
250.5014913
 10
231.0
 20
250.33708265
 10
231.0
 20
250.17417815
 10
231.0
 20
250.0131475
 10
231.0
 20
249.85435610000002
 10
231.0
 20
249.69816415
 10
231.0
 20
249.54492614999998
 10
231.0
 20
249.39498980000002
 10
231.0
 20
249.2486953
 10
231.0
 20
249.10637455
 10
231.0
 20
248.9683506
 10
231.0
 20
248.8349365
  0
LWPOLYLINE
  5
16A
330
17
100
AcDbEntity
  8
OUTLINE
100
AcDbPolyline
 90
2
 70
0
 10
231.0
 20
248.8349365
 10
239.5
 20
248.8349365
  0
LWPOLYLINE
  5
16B
330
17
100
AcDbEntity
  8
OUTLINE
100
AcDbPolyline
 90
15
 70
0
 10
239.5
 20
251.0
 10
239.5
 20
250.83332645000002
 10
239.5
 20
250.66703115
 10
239.5
 20
250.5014913
 10
239.5
 20
250.33708265
 10
239.5
 20
250.17417815
 10
239.5
 20
250.0131475
 10
239.5
 20
249.85435610000002
 10
239.5
 20
249.69816415
 10
239.5
 20
249.54492614999998
 10
239.5
 20
249.39498980000002
 10
239.5
 20
249.2486953
 10
239.5
 20
249.10637455
 10
239.5
 20
248.9683506
 10
239.5
 20
248.8349365
  0
LWPOLYLINE
  5
16C
330
17
100
AcDbEntity
  8
OUTLINE
100
AcDbPolyline
 90
15
 70
0
 10
33.0
 20
251.0
 10
33.0
 20
250.5116944
 10
33.0
 20
250.0280573
 10
33.0
 20
249.55371250000002
 10
33.0
 20
249.09319499999998
 10
33.0
 20
248.65090759999998
 10
33.0
 20
248.23107875
 10
33.0
 20
247.83772235
 10
33.0
 20
247.474599
 10
33.0
 20
247.14518045
 10
33.0
 20
246.85261605
 10
33.0
 20
246.5997029
 10
33.0
 20
246.388859
 10
33.0
 20
246.2221001
 10
33.0
 20
246.1010205
  0
LWPOLYLINE
  5
16D
330
17
100
AcDbEntity
  8
OUTLINE
100
AcDbPolyline
 90
2
 70
0
 10
32.5
 20
246.1010205
 10
33.0
 20
246.1010205
  0
LWPOLYLINE
  5
16E
330
17
100
AcDbEntity
  8
OUTLINE
100
AcDbPolyline
 90
2
 70
0
 10
32.5
 20
255.8989795
 10
33.0
 20
255.8989795
  0
LWPOLYLINE
  5
16F
330
17
100
AcDbEntity
  8
OUTLINE
100
AcDbPolyline
 90
15
 70
0
 10
33.0
 20
255.8989795
 10
33.0
 20
255.7778999
 10
33.0
 20
255.611141
 10
33.0
 20
255.4002971
 10
33.0
 20
255.14738395
 10
33.0
 20
254.85481955
 10
33.0
 20
254.525401
 10
33.0
 20
254.16227765
 10
33.0
 20
253.76892125
 10
33.0
 20
253.34909240000002
 10
33.0
 20
252.90680500000002
 10
33.0
 20
252.44628749999998
 10
33.0
 20
251.9719427
 10
33.0
 20
251.4883056
 10
33.0
 20
251.0
  0
LWPOLYLINE
  5
170
330
17
100
AcDbEntity
  8
OUTLINE
100
AcDbPolyline
 90
15
 70
0
 10
27.5
 20
251.0
 10
27.5
 20
250.4401776
 10
27.5
 20
249.88739535000002
 10
27.5
 20
249.3486047
 10
27.5
 20
248.8305813
 10
27.5
 20
248.3398396
 10
27.5
 20
247.882551
 10
27.5
 20
247.46446609999998
 10
27.5
 20
247.0908426
 10
27.5
 20
246.766379
 10
27.5
 20
246.49515565000002
 10
27.5
 20
246.28058335
 10
27.5
 20
246.12536045000002
 10
27.5
 20
246.03143895
 10
27.5
 20
246.0
  0
LWPOLYLINE
  5
171
330
17
100
AcDbEntity
  8
OUTLINE
100
AcDbPolyline
 90
15
 70
0
 10
27.5
 20
256.0
 10
27.5
 20
255.96856105
 10
27.5
 20
255.87463954999998
 10
27.5
 20
255.71941665
 10
27.5
 20
255.50484434999998
 10
27.5
 20
255.233621
 10
27.5
 20
254.9091574
 10
27.5
 20
254.53553390000002
 10
27.5
 20
254.117449
 10
27.5
 20
253.6601604
 10
27.5
 20
253.1694187
 10
27.5
 20
252.6513953
 10
27.5
 20
252.11260464999998
 10
27.5
 20
251.5598224
 10
27.5
 20
251.0
  0
LWPOLYLINE
  5
172
330
17
100
AcDbEntity
  8
OUTLINE
100
AcDbPolyline
 90
2
 70
0
 10
32.5
 20
246.0
 10
32.5
 20
246.1010205
  0
LWPOLYLINE
  5
173
330
17
100
AcDbEntity
  8
OUTLINE
100
AcDbPolyline
 90
2
 70
0
 10
33.0
 20
247.0
 10
44.0
 20
247.0
  0
LWPOLYLINE
  5
174
330
17
100
AcDbEntity
  8
OUTLINE
100
AcDbPolyline
 90
2
 70
0
 10
32.5
 20
246.0
 10
44.0
 20
246.0
  0
LWPOLYLINE
  5
175
330
17
100
AcDbEntity
  8
OUTLINE
100
AcDbPolyline
 90
2
 70
0
 10
32.5
 20
255.8989795
 10
32.5
 20
256.0
  0
LWPOLYLINE
  5
176
330
17
100
AcDbEntity
  8
OUTLINE
100
AcDbPolyline
 90
2
 70
0
 10
32.5
 20
256.0
 10
44.0
 20
256.0
  0
LWPOLYLINE
  5
177
330
17
100
AcDbEntity
  8
OUTLINE
100
AcDbPolyline
 90
2
 70
0
 10
33.0
 20
255.0
 10
44.0
 20
255.0
  0
LWPOLYLINE
  5
178
330
17
100
AcDbEntity
  8
OUTLINE
100
AcDbPolyline
 90
15
 70
0
 10
274.5
 20
251.0
 10
274.5
 20
250.4401776
 10
274.5
 20
249.88739535000002
 10
274.5
 20
249.3486047
 10
274.5
 20
248.8305813
 10
274.5
 20
248.3398396
 10
274.5
 20
247.882551
 10
274.5
 20
247.46446609999998
 10
274.5
 20
247.0908426
 10
274.5
 20
246.766379
 10
274.5
 20
246.49515565000002
 10
274.5
 20
246.28058335
 10
274.5
 20
246.12536045000002
 10
274.5
 20
246.03143895
 10
274.5
 20
246.0
  0
LWPOLYLINE
  5
179
330
17
100
AcDbEntity
  8
OUTLINE
100
AcDbPolyline
 90
15
 70
0
 10
274.5
 20
256.0
 10
274.5
 20
255.96856105
 10
274.5
 20
255.87463954999998
 10
274.5
 20
255.71941665
 10
274.5
 20
255.50484434999998
 10
274.5
 20
255.233621
 10
274.5
 20
254.9091574
 10
274.5
 20
254.53553390000002
 10
274.5
 20
254.117449
 10
274.5
 20
253.6601604
 10
274.5
 20
253.1694187
 10
274.5
 20
252.6513953
 10
274.5
 20
252.11260464999998
 10
274.5
 20
251.5598224
 10
274.5
 20
251.0
  0
LWPOLYLINE
  5
17A
330
17
100
AcDbEntity
  8
OUTLINE
100
AcDbPolyline
 90
15
 70
0
 10
269.0
 20
255.8989795
 10
269.0
 20
255.7778999
 10
269.0
 20
255.611141
 10
269.0
 20
255.4002971
 10
269.0
 20
255.14738395
 10
269.0
 20
254.85481955
 10
269.0
 20
254.525401
 10
269.0
 20
254.16227765
 10
269.0
 20
253.76892125
 10
269.0
 20
253.34909240000002
 10
269.0
 20
252.90680500000002
 10
269.0
 20
252.44628749999998
 10
269.0
 20
251.9719427
 10
269.0
 20
251.4883056
 10
269.0
 20
251.0
  0
LWPOLYLINE
  5
17B
330
17
100
AcDbEntity
  8
OUTLINE
100
AcDbPolyline
 90
2
 70
0
 10
269.0
 20
255.8989795
 10
269.5
 20
255.8989795
  0
LWPOLYLINE
  5
17C
330
17
100
AcDbEntity
  8
OUTLINE
100
AcDbPolyline
 90
2
 70
0
 10
269.0
 20
246.1010205
 10
269.5
 20
246.1010205
  0
LWPOLYLINE
  5
17D
330
17
100
AcDbEntity
  8
OUTLINE
100
AcDbPolyline
 90
15
 70
0
 10
269.0
 20
251.0
 10
269.0
 20
250.5116944
 10
269.0
 20
250.0280573
 10
269.0
 20
249.55371250000002
 10
269.0
 20
249.09319499999998
 10
269.0
 20
248.65090759999998
 10
269.0
 20
248.23107875
 10
269.0
 20
247.83772235
 10
269.0
 20
247.474599
 10
269.0
 20
247.14518045
 10
269.0
 20
246.85261605
 10
269.0
 20
246.5997029
 10
269.0
 20
246.388859
 10
269.0
 20
246.2221001
 10
269.0
 20
246.1010205
  0
LWPOLYLINE
  5
17E
330
17
100
AcDbEntity
  8
OUTLINE
100
AcDbPolyline
 90
2
 70
0
 10
258.0
 20
256.0
 10
269.5
 20
256.0
  0
LWPOLYLINE
  5
17F
330
17
100
AcDbEntity
  8
OUTLINE
100
AcDbPolyline
 90
2
 70
0
 10
269.5
 20
255.8989795
 10
269.5
 20
256.0
  0
LWPOLYLINE
  5
180
330
17
100
AcDbEntity
  8
OUTLINE
100
AcDbPolyline
 90
2
 70
0
 10
258.0
 20
255.0
 10
269.0
 20
255.0
  0
LWPOLYLINE
  5
181
330
17
100
AcDbEntity
  8
OUTLINE
100
AcDbPolyline
 90
2
 70
0
 10
269.5
 20
246.0
 10
269.5
 20
246.1010205
  0
LWPOLYLINE
  5
182
330
17
100
AcDbEntity
  8
OUTLINE
100
AcDbPolyline
 90
2
 70
0
 10
258.0
 20
247.0
 10
269.0
 20
247.0
  0
LWPOLYLINE
  5
183
330
17
100
AcDbEntity
  8
OUTLINE
100
AcDbPolyline
 90
2
 70
0
 10
258.0
 20
246.0
 10
269.5
 20
246.0
  0
LWPOLYLINE
  5
184
330
17
100
AcDbEntity
  8
OUTLINE
100
AcDbPolyline
 90
78
 70
0
 10
226.0
 20
165.0
 10
225.9843946
 20
166.5298903
 10
225.93758495
 20
168.05914395
 10
225.8595905
 20
169.58712455
 10
225.7504437
 20
171.11319625
 10
225.61018995
 20
172.636724
 10
225.4388877
 20
174.15707375
 10
225.23660815
 20
175.67361285
 10
225.0034355
 20
177.1857102
 10
224.7394668
 20
178.69273655
 10
224.4448119
 20
180.19406475
 10
224.11959339999999
 20
181.68907005
 10
223.76394664999998
 20
183.1771303
 10
223.37801965
 20
184.6576262
 10
222.961973
 20
186.12994175
 10
222.51597985
 20
187.5934642
 10
222.04022575
 20
189.04758455
 10
221.53490875
 20
190.4916976
 10
221.0002391
 20
191.9252025
 10
220.43643925
 20
193.34750259999998
 10
219.8437439
 20
194.7580061
 10
219.22239965
 20
196.156126
 10
218.5726651
 20
197.54128045
 10
217.8948106
 20
198.91289305
 10
217.18911825
 20
200.270393
 10
216.45588175
 20
201.61321544999998
 10
215.69540615
 20
202.94080155
 10
214.908008
 20
204.2525988
 10
214.09401495
 20
205.5480613
 10
213.25376575
 20
206.82665
 10
212.38761
 20
208.08783284999998
 10
211.4959082
 20
209.33108495
 10
210.5790314
 20
210.55588895
 10
209.6373612
 20
211.76173515
 10
208.6712894
 20
212.94812174999998
 10
207.6812181
 20
214.11455505
 10
206.66755925
 20
215.26054965
 10
205.63073465
 20
216.3856286
 10
204.57117590000001
 20
217.4893238
 10
203.4893238
 20
218.57117590000001
 10
202.3856286
 20
219.63073465
 10
201.26054965
 20
220.66755925
 10
200.11455505
 20
221.6812181
 10
198.94812174999998
 20
222.6712894
 10
197.76173515
 20
223.6373612
 10
196.55588895
 20
224.5790314
 10
195.33108495
 20
225.4959082
 10
194.08783284999998
 20
226.38761
 10
192.82665
 20
227.25376575
 10
191.5480613
 20
228.09401495
 10
190.2525988
 20
228.908008
 10
188.94080155
 20
229.69540615
 10
187.61321544999998
 20
230.45588175
 10
186.270393
 20
231.18911825
 10
184.91289305
 20
231.8948106
 10
183.54128045
 20
232.5726651
 10
182.156126
 20
233.22239965
 10
180.7580061
 20
233.8437439
 10
179.34750259999998
 20
234.43643925
 10
177.9252025
 20
235.0002391
 10
176.4916976
 20
235.53490875
 10
175.04758455
 20
236.04022575
 10
173.5934642
 20
236.51597985
 10
172.12994175
 20
236.961973
 10
170.6576262
 20
237.37801965
 10
169.1771303
 20
237.76394664999998
 10
167.68907005
 20
238.11959339999999
 10
166.19406475
 20
238.4448119
 10
164.69273655
 20
238.7394668
 10
163.1857102
 20
239.0034355
 10
161.67361285
 20
239.23660815
 10
160.15707375
 20
239.4388877
 10
158.636724
 20
239.61018995
 10
157.11319625
 20
239.7504437
 10
155.58712455
 20
239.8595905
 10
154.05914395
 20
239.93758495
 10
152.5298903
 20
239.9843946
 10
151.0
 20
240.0
  0
LWPOLYLINE
  5
185
330
17
100
AcDbEntity
  8
OUTLINE
100
AcDbPolyline
 90
2
 70
0
 10
151.0
 20
165.0
 10
226.0
 20
165.0
  0
LWPOLYLINE
  5
186
330
17
100
AcDbEntity
  8
OUTLINE
100
AcDbPolyline
 90
2
 70
0
 10
151.0
 20
165.0
 10
151.0
 20
240.0
  0
LWPOLYLINE
  5
187
330
17
100
AcDbEntity
  8
OUTLINE
100
AcDbPolyline
 90
78
 70
0
 10
151.0
 20
240.0
 10
149.4701097
 20
239.9843946
 10
147.94085605
 20
239.93758495
 10
146.41287545
 20
239.8595905
 10
144.88680375
 20
239.7504437
 10
143.363276
 20
239.61018995
 10
141.84292625
 20
239.4388877
 10
140.32638715
 20
239.23660815
 10
138.8142898
 20
239.0034355
 10
137.30726345
 20
238.7394668
 10
135.80593525
 20
238.4448119
 10
134.31092995
 20
238.11959339999999
 10
132.8228697
 20
237.76394664999998
 10
131.3423738
 20
237.37801965
 10
129.87005825
 20
236.961973
 10
128.4065358
 20
236.51597985
 10
126.95241545
 20
236.04022575
 10
125.5083024
 20
235.53490875
 10
124.0747975
 20
235.0002391
 10
122.6524974
 20
234.43643925
 10
121.2419939
 20
233.8437439
 10
119.843874
 20
233.22239965
 10
118.45871955
 20
232.5726651
 10
117.08710694999999
 20
231.8948106
 10
115.729607
 20
231.18911825
 10
114.38678455
 20
230.45588175
 10
113.05919845
 20
229.69540615
 10
111.7474012
 20
228.908008
 10
110.4519387
 20
228.09401495
 10
109.17335
 20
227.25376575
 10
107.91216715
 20
226.38761
 10
106.66891505000001
 20
225.4959082
 10
105.44411105
 20
224.5790314
 10
104.23826485000001
 20
223.6373612
 10
103.05187825
 20
222.6712894
 10
101.88544495
 20
221.6812181
 10
100.73945035
 20
220.66755925
 10
99.61437140000001
 20
219.63073465
 10
98.5106762
 20
218.57117590000001
 10
97.4288241
 20
217.4893238
 10
96.36926535
 20
216.3856286
 10
95.33244075
 20
215.26054965
 10
94.3187819
 20
214.11455505
 10
93.3287106
 20
212.94812174999998
 10
92.3626388
 20
211.76173515
 10
91.42096860000001
 20
210.55588895
 10
90.5040918
 20
209.33108495
 10
89.61239
 20
208.08783284999998
 10
88.74623425
 20
206.82665
 10
87.90598505
 20
205.5480613
 10
87.091992
 20
204.2525988
 10
86.30459385
 20
202.94080155
 10
85.54411825
 20
201.61321544999998
 10
84.81088175
 20
200.270393
 10
84.1051894
 20
198.91289305
 10
83.4273349
 20
197.54128045
 10
82.77760035
 20
196.156126
 10
82.1562561
 20
194.7580061
 10
81.56356075
 20
193.34750259999998
 10
80.9997609
 20
191.9252025
 10
80.46509125
 20
190.4916976
 10
79.95977425
 20
189.04758455
 10
79.48402015
 20
187.5934642
 10
79.038027
 20
186.12994175
 10
78.62198035
 20
184.6576262
 10
78.23605335
 20
183.1771303
 10
77.8804066
 20
181.68907005
 10
77.5551881
 20
180.19406475
 10
77.2605332
 20
178.69273655
 10
76.9965645
 20
177.1857102
 10
76.76339185
 20
175.67361285
 10
76.5611123
 20
174.15707375
 10
76.38981005
 20
172.636724
 10
76.2495563
 20
171.11319625
 10
76.1404095
 20
169.58712455
 10
76.06241505
 20
168.05914395
 10
76.0156054
 20
166.5298903
 10
76.0
 20
165.0
  0
LWPOLYLINE
  5
188
330
17
100
AcDbEntity
  8
OUTLINE
100
AcDbPolyline
 90
77
 70
0
 10
151.6061223
 20
90.00244925
 10
153.1479877
 20
90.0307653
 10
154.688945
 20
90.09077705
 10
156.22834265
 20
90.18245905
 10
157.76552985
 20
90.3057726
 10
159.29985675
 20
90.46066555
 10
160.8306746
 20
90.64707245
 10
162.3573362
 20
90.8649144
 10
163.8791961
 20
91.1140994
 10
165.3956109
 20
91.39452205
 10
166.90593955
 20
91.70606375
 10
168.4095434
 20
92.0485929
 10
169.9057868
 20
92.4219646
 10
171.3940372
 20
92.826021
 10
172.87366535
 20
93.26059125
 10
174.34404565
 20
93.7254917
 10
175.80455655
 20
94.22052575
 10
177.2545805
 20
94.7454841
 10
178.6935045
 20
95.30014485
 10
180.1207202
 20
95.88427345
 10
181.5356241
 20
96.49762295
 10
182.93761815
 20
97.13993405
 10
184.3261095
 20
97.8109352
 10
185.70051115
 20
98.5103427
 10
187.06024205
 20
99.23786085
 10
188.4047273
 20
99.9931821
 10
189.7333985
 20
100.77598705
 10
191.0456939
 20
101.5859448
 10
192.3410587
 20
102.42271285000001
 10
193.61894519999998
 20
103.2859375
 10
194.8788132
 20
104.17525380000001
 10
196.12013000000002
 20
105.09028570000001
 10
197.3423708
 20
106.03064635
 10
198.54501885
 20
106.99593825
 10
199.72756575
 20
107.9857532
 10
200.88951145
 20
108.9996728
 10
202.03036475
 20
110.03726835
 10
203.14964335
 20
111.09810114999999
 10
204.24687395
 20
112.1817227
 10
205.32159275
 20
113.28767495
 10
206.37334529999998
 20
114.4154902
 10
207.401687
 20
115.56469175000001
 10
208.40618305
 20
116.73479365
 10
209.3864088
 20
117.9253012
 10
210.3419498
 20
119.13571110000001
 10
211.27240204999998
 20
120.36551165
 10
212.1773722
 20
121.61418284999999
 10
213.05647765
 20
122.88119685000001
 10
213.90934670000001
 20
124.1660179
 10
214.7356188
 20
125.4681028
 10
215.53494460000002
 20
126.78690115
 10
216.30698619999998
 20
128.1218553
 10
217.05141709999998
 20
129.4724009
 10
217.76792265
 20
130.8379669
 10
218.4561999
 20
132.21797605
 10
219.11595785
 20
133.61184485
 10
219.74691760000002
 20
135.018984
 10
220.34881235
 20
136.43879859999998
 10
220.92138764999999
 20
137.87068835
 10
221.46440139999999
 20
139.3140479
 10
221.97762405
 20
140.76826705
 10
222.46083865
 20
142.2327309
 10
222.9138408
 20
143.7068204
 10
223.3364391
 20
145.18991225
 10
223.72845485
 20
146.68137945
 10
224.08972225
 20
148.18059145
 10
224.42008859999999
 20
149.6869144
 10
224.71941425
 20
151.19971145
 10
224.9875726
 20
152.71834305
 10
225.22445034999998
 20
154.2421671
 10
225.42994729999998
 20
155.77053935
 10
225.6039766
 20
157.30281365
 10
225.7464646
 20
158.8383422
 10
225.85735115
 20
160.3764758
 10
225.93658935000002
 20
161.91656415
 10
225.98414565000002
 20
163.4579561
 10
226.0
 20
165.0
  0
LWPOLYLINE
  5
189
330
17
100
AcDbEntity
  8
OUTLINE
100
AcDbPolyline
 90
7
 70
0
 10
151.6061223
 20
90.00244925
 10
151.5580384
 20
90.1314572
 10
151.4828756
 20
90.24680745
 10
151.3842813
 20
90.3429025
 10
151.26703965
 20
90.4150795
 10
151.1368399
 20
90.4598359
 10
151.0
 20
90.475
  0
LWPOLYLINE
  5
18A
330
17
100
AcDbEntity
  8
OUTLINE
100
AcDbPolyline
 90
2
 70
0
 10
151.0
 20
165.0
 10
151.0
 20
90.475
  0
LWPOLYLINE
  5
18B
330
17
100
AcDbEntity
  8
OUTLINE
100
AcDbPolyline
 90
2
 70
0
 10
151.0
 20
165.0
 10
76.0
 20
165.0
  0
LWPOLYLINE
  5
18C
330
17
100
AcDbEntity
  8
OUTLINE
100
AcDbPolyline
 90
77
 70
0
 10
76.0
 20
165.0
 10
76.01585435
 20
163.4579561
 10
76.06341065
 20
161.91656415
 10
76.14264885
 20
160.3764758
 10
76.2535354
 20
158.8383422
 10
76.3960234
 20
157.30281365
 10
76.5700527
 20
155.77053935
 10
76.77554965
 20
154.2421671
 10
77.0124274
 20
152.71834305
 10
77.28058575
 20
151.19971145
 10
77.5799114
 20
149.6869144
 10
77.91027775
 20
148.18059145
 10
78.27154515
 20
146.68137945
 10
78.6635609
 20
145.18991225
 10
79.0861592
 20
143.7068204
 10
79.53916135
 20
142.2327309
 10
80.02237595
 20
140.76826705
 10
80.5355986
 20
139.3140479
 10
81.07861235
 20
137.87068835
 10
81.65118765
 20
136.43879859999998
 10
82.2530824
 20
135.018984
 10
82.88404215
 20
133.61184485
 10
83.5438001
 20
132.21797605
 10
84.23207735
 20
130.8379669
 10
84.9485829
 20
129.4724009
 10
85.6930138
 20
128.1218553
 10
86.4650554
 20
126.78690115
 10
87.2643812
 20
125.4681028
 10
88.0906533
 20
124.1660179
 10
88.94352235
 20
122.88119685000001
 10
89.82262779999999
 20
121.61418284999999
 10
90.72759795
 20
120.36551165
 10
91.65805019999999
 20
119.13571110000001
 10
92.6135912
 20
117.9253012
 10
93.59381694999999
 20
116.73479365
 10
94.59831299999999
 20
115.56469175000001
 10
95.6266547
 20
114.4154902
 10
96.67840724999999
 20
113.28767495
 10
97.75312604999999
 20
112.1817227
 10
98.85035665000001
 20
111.09810114999999
 10
99.96963525000001
 20
110.03726835
 10
101.11048855
 20
108.9996728
 10
102.27243425
 20
107.9857532
 10
103.45498115000001
 20
106.99593825
 10
104.6576292
 20
106.03064635
 10
105.87987
 20
105.09028570000001
 10
107.1211868
 20
104.17525380000001
 10
108.3810548
 20
103.2859375
 10
109.65894130000001
 20
102.42271285000001
 10
110.9543061
 20
101.5859448
 10
112.26660150000001
 20
100.77598705
 10
113.59527270000001
 20
99.9931821
 10
114.93975795
 20
99.23786085
 10
116.29948885
 20
98.5103427
 10
117.6738905
 20
97.8109352
 10
119.06238185000001
 20
97.13993405
 10
120.4643759
 20
96.49762295
 10
121.8792798
 20
95.88427345
 10
123.3064955
 20
95.30014485
 10
124.7454195
 20
94.7454841
 10
126.19544345
 20
94.22052575
 10
127.65595435
 20
93.7254917
 10
129.12633465
 20
93.26059125
 10
130.6059628
 20
92.826021
 10
132.0942132
 20
92.4219646
 10
133.5904566
 20
92.0485929
 10
135.09406045
 20
91.70606375
 10
136.6043891
 20
91.39452205
 10
138.1208039
 20
91.1140994
 10
139.6426638
 20
90.8649144
 10
141.1693254
 20
90.64707245
 10
142.70014325
 20
90.46066555
 10
144.23447015
 20
90.3057726
 10
145.77165735
 20
90.18245905
 10
147.311055
 20
90.09077705
 10
148.8520123
 20
90.0307653
 10
150.3938777
 20
90.00244925
  0
LWPOLYLINE
  5
18D
330
17
100
AcDbEntity
  8
OUTLINE
100
AcDbPolyline
 90
7
 70
0
 10
151.0
 20
90.475
 10
150.8631601
 20
90.4598359
 10
150.73296035
 20
90.4150795
 10
150.6157187
 20
90.3429025
 10
150.5171244
 20
90.24680745
 10
150.4419616
 20
90.1314572
 10
150.3938777
 20
90.00244925
  0
LWPOLYLINE
  5
18E
330
17
100
AcDbEntity
  8
OUTLINE
100
AcDbPolyline
 90
32
 70
0
 10
219.93327929999998
 20
207.629688
 10
219.94848245
 20
207.7791931
 10
219.9934696
 20
207.92257745
 10
220.0663989
 20
208.05397084999998
 10
220.1642846
 20
208.1679941
 10
220.2831193
 20
208.259979
 10
220.4180379
 20
208.3261597
 10
220.56351675000002
 20
208.3638268
 10
220.71359995
 20
208.37143815000002
 10
220.86214315
 20
208.34868219999998
 10
221.0030649
 20
208.2964905
 10
221.13059585000002
 20
208.21699985
 10
221.23951490000002
 20
208.11346455
 10
221.32536285
 20
207.99012345
 10
221.3846251
 20
207.85202605
 10
221.4148755
 20
207.7048261
 10
221.4148755
 20
207.55454995
 10
221.3846251
 20
207.40735
 10
221.32536285
 20
207.26925260000002
 10
221.23951490000002
 20
207.14591145
 10
221.13059585000002
 20
207.0423762
 10
221.0030649
 20
206.96288555
 10
220.86214315
 20
206.91069385
 10
220.71359995
 20
206.8879379
 10
220.56351675000002
 20
206.89554925
 10
220.4180379
 20
206.93321635
 10
220.2831193
 20
206.99939705
 10
220.1642846
 20
207.09138195
 10
220.0663989
 20
207.2054052
 10
219.9934696
 20
207.3367986
 10
219.94848245
 20
207.48018295
 10
219.93327929999998
 20
207.629688
  0
LWPOLYLINE
  5
18F
330
17
100
AcDbEntity
  8
OUTLINE
100
AcDbPolyline
 90
43
 70
0
 10
222.05098264999998
 20
207.629688
 10
222.03562505
 20
207.83462115
 10
221.98989525000002
 20
208.0349764
 10
221.91481485
 20
208.22627814999998
 10
221.812061
 20
208.4042531
 10
221.683929
 20
208.56492555
 10
221.53328115
 20
208.7047063
 10
221.36348264999998
 20
208.82047295
 10
221.17832655
 20
208.90963945
 10
220.98194895
 20
208.9702139
 10
220.77873655000002
 20
209.00084325
 10
220.57322879999998
 20
209.00084325
 10
220.3700164
 20
208.9702139
 10
220.17363875
 20
208.90963945
 10
219.98848264999998
 20
208.82047295
 10
219.8186842
 20
208.7047063
 10
219.66803635
 20
208.56492555
 10
219.53990435
 20
208.4042531
 10
219.43715045
 20
208.22627814999998
 10
219.36207005
 20
208.0349764
 10
219.31634029999998
 20
207.83462115
 10
219.30098264999998
 20
207.629688
 10
219.31634029999998
 20
207.4247549
 10
219.36207005
 20
207.22439965
 10
219.43715045
 20
207.0330979
 10
219.53990435
 20
206.85512295
 10
219.66803635
 20
206.69445050000002
 10
219.8186842
 20
206.55466975000002
 10
219.98848264999998
 20
206.4389031
 10
220.17363875
 20
206.3497366
 10
220.3700164
 20
206.28916215
 10
220.57322879999998
 20
206.2585328
 10
220.77873655000002
 20
206.2585328
 10
220.98194895
 20
206.28916215
 10
221.17832655
 20
206.3497366
 10
221.36348264999998
 20
206.4389031
 10
221.53328115
 20
206.55466975000002
 10
221.683929
 20
206.69445050000002
 10
221.812061
 20
206.85512295
 10
221.91481485
 20
207.0330979
 10
221.98989525000002
 20
207.22439965
 10
222.03562505
 20
207.4247549
 10
222.05098264999998
 20
207.629688
  0
LWPOLYLINE
  5
190
330
17
100
AcDbEntity
  8
OUTLINE
100
AcDbPolyline
 90
15
 70
0
 10
221.04548685
 20
208.269688
 10
220.9885739
 20
208.269688
 10
220.9335868
 20
208.269688
 10
220.88018685
 20
208.269688
 10
220.82804505000001
 20
208.269688
 10
220.77684010000002
 20
208.269688
 10
220.7262565
 20
208.269688
 10
220.67598264999998
 20
208.269688
 10
220.62570885
 20
208.269688
 10
220.57512524999999
 20
208.269688
 10
220.5239203
 20
208.269688
 10
220.47177845
 20
208.269688
 10
220.41837850000002
 20
208.269688
 10
220.36339145
 20
208.269688
 10
220.3064785
 20
208.269688
  0
LWPOLYLINE
  5
191
330
17
100
AcDbEntity
  8
OUTLINE
100
AcDbPolyline
 90
15
 70
0
 10
221.414991
 20
207.629688
 10
221.38653455
 20
207.6789761
 10
221.359041
 20
207.72659629999998
 10
221.33234105
 20
207.772842
 10
221.3062701
 20
207.81799815
 10
221.28066765
 20
207.86234295
 10
221.25537585
 20
207.9061496
 10
221.23023890000002
 20
207.949688
 10
221.205102
 20
207.99322645
 10
221.17981020000002
 20
208.0370331
 10
221.15420775
 20
208.0813779
 10
221.1281368
 20
208.12653405
 10
221.10143685
 20
208.17277975
 10
221.0739433
 20
208.22039995
 10
221.04548685
 20
208.269688
  0
LWPOLYLINE
  5
192
330
17
100
AcDbEntity
  8
OUTLINE
100
AcDbPolyline
 90
15
 70
0
 10
221.04548685
 20
206.989688
 10
221.0739433
 20
207.0389761
 10
221.10143685
 20
207.0865963
 10
221.1281368
 20
207.13284199999998
 10
221.15420775
 20
207.17799815
 10
221.17981020000002
 20
207.22234294999998
 10
221.205102
 20
207.2661496
 10
221.23023890000002
 20
207.309688
 10
221.25537585
 20
207.35322645
 10
221.28066765
 20
207.3970331
 10
221.3062701
 20
207.4413779
 10
221.33234105
 20
207.48653405
 10
221.359041
 20
207.53277975
 10
221.38653455
 20
207.58039995000001
 10
221.414991
 20
207.629688
  0
LWPOLYLINE
  5
193
330
17
100
AcDbEntity
  8
OUTLINE
100
AcDbPolyline
 90
15
 70
0
 10
220.3064785
 20
206.989688
 10
220.36339145
 20
206.989688
 10
220.41837850000002
 20
206.989688
 10
220.47177845
 20
206.989688
 10
220.5239203
 20
206.989688
 10
220.57512524999999
 20
206.989688
 10
220.62570885
 20
206.989688
 10
220.67598264999998
 20
206.989688
 10
220.7262565
 20
206.989688
 10
220.77684010000002
 20
206.989688
 10
220.82804505000001
 20
206.989688
 10
220.88018685
 20
206.989688
 10
220.9335868
 20
206.989688
 10
220.9885739
 20
206.989688
 10
221.04548685
 20
206.989688
  0
LWPOLYLINE
  5
194
330
17
100
AcDbEntity
  8
OUTLINE
100
AcDbPolyline
 90
15
 70
0
 10
219.9369743
 20
207.629688
 10
219.96543079999998
 20
207.58039995000001
 10
219.99292435
 20
207.53277975
 10
220.0196243
 20
207.48653405
 10
220.0456952
 20
207.4413779
 10
220.0712977
 20
207.3970331
 10
220.0965895
 20
207.35322645
 10
220.1217264
 20
207.309688
 10
220.14686335
 20
207.2661496
 10
220.1721551
 20
207.22234294999998
 10
220.1977576
 20
207.17799815
 10
220.2238285
 20
207.13284199999998
 10
220.2505285
 20
207.0865963
 10
220.27802200000002
 20
207.0389761
 10
220.3064785
 20
206.989688
  0
LWPOLYLINE
  5
195
330
17
100
AcDbEntity
  8
OUTLINE
100
AcDbPolyline
 90
15
 70
0
 10
220.3064785
 20
208.269688
 10
220.27802200000002
 20
208.22039995
 10
220.2505285
 20
208.17277975
 10
220.2238285
 20
208.12653405
 10
220.1977576
 20
208.0813779
 10
220.1721551
 20
208.0370331
 10
220.14686335
 20
207.99322645
 10
220.1217264
 20
207.949688
 10
220.0965895
 20
207.9061496
 10
220.0712977
 20
207.86234295
 10
220.0456952
 20
207.81799815
 10
220.0196243
 20
207.772842
 10
219.99292435
 20
207.72659629999998
 10
219.96543079999998
 20
207.6789761
 10
219.9369743
 20
207.629688
  0
LWPOLYLINE
  5
196
330
17
100
AcDbEntity
  8
OUTLINE
100
AcDbPolyline
 90
15
 70
0
 10
221.04548685
 20
208.269688
 10
220.9885739
 20
208.269688
 10
220.9335868
 20
208.269688
 10
220.88018685
 20
208.269688
 10
220.82804505000001
 20
208.269688
 10
220.77684010000002
 20
208.269688
 10
220.7262565
 20
208.269688
 10
220.67598264999998
 20
208.269688
 10
220.62570885
 20
208.269688
 10
220.57512524999999
 20
208.269688
 10
220.5239203
 20
208.269688
 10
220.47177845
 20
208.269688
 10
220.41837850000002
 20
208.269688
 10
220.36339145
 20
208.269688
 10
220.3064785
 20
208.269688
  0
LWPOLYLINE
  5
197
330
17
100
AcDbEntity
  8
OUTLINE
100
AcDbPolyline
 90
15
 70
0
 10
221.414991
 20
207.629688
 10
221.38653455
 20
207.6789761
 10
221.359041
 20
207.72659629999998
 10
221.33234105
 20
207.772842
 10
221.3062701
 20
207.81799815
 10
221.28066765
 20
207.86234295
 10
221.25537585
 20
207.9061496
 10
221.23023890000002
 20
207.949688
 10
221.205102
 20
207.99322645
 10
221.17981020000002
 20
208.0370331
 10
221.15420775
 20
208.0813779
 10
221.1281368
 20
208.12653405
 10
221.10143685
 20
208.17277975
 10
221.0739433
 20
208.22039995
 10
221.04548685
 20
208.269688
  0
LWPOLYLINE
  5
198
330
17
100
AcDbEntity
  8
OUTLINE
100
AcDbPolyline
 90
15
 70
0
 10
221.04548685
 20
206.989688
 10
221.0739433
 20
207.0389761
 10
221.10143685
 20
207.0865963
 10
221.1281368
 20
207.13284199999998
 10
221.15420775
 20
207.17799815
 10
221.17981020000002
 20
207.22234294999998
 10
221.205102
 20
207.2661496
 10
221.23023890000002
 20
207.309688
 10
221.25537585
 20
207.35322645
 10
221.28066765
 20
207.3970331
 10
221.3062701
 20
207.4413779
 10
221.33234105
 20
207.48653405
 10
221.359041
 20
207.53277975
 10
221.38653455
 20
207.58039995000001
 10
221.414991
 20
207.629688
  0
LWPOLYLINE
  5
199
330
17
100
AcDbEntity
  8
OUTLINE
100
AcDbPolyline
 90
15
 70
0
 10
220.3064785
 20
206.989688
 10
220.36339145
 20
206.989688
 10
220.41837850000002
 20
206.989688
 10
220.47177845
 20
206.989688
 10
220.5239203
 20
206.989688
 10
220.57512524999999
 20
206.989688
 10
220.62570885
 20
206.989688
 10
220.67598264999998
 20
206.989688
 10
220.7262565
 20
206.989688
 10
220.77684010000002
 20
206.989688
 10
220.82804505000001
 20
206.989688
 10
220.88018685
 20
206.989688
 10
220.9335868
 20
206.989688
 10
220.9885739
 20
206.989688
 10
221.04548685
 20
206.989688
  0
LWPOLYLINE
  5
19A
330
17
100
AcDbEntity
  8
OUTLINE
100
AcDbPolyline
 90
15
 70
0
 10
219.9369743
 20
207.629688
 10
219.96543079999998
 20
207.58039995000001
 10
219.99292435
 20
207.53277975
 10
220.0196243
 20
207.48653405
 10
220.0456952
 20
207.4413779
 10
220.0712977
 20
207.3970331
 10
220.0965895
 20
207.35322645
 10
220.1217264
 20
207.309688
 10
220.14686335
 20
207.2661496
 10
220.1721551
 20
207.22234294999998
 10
220.1977576
 20
207.17799815
 10
220.2238285
 20
207.13284199999998
 10
220.2505285
 20
207.0865963
 10
220.27802200000002
 20
207.0389761
 10
220.3064785
 20
206.989688
  0
LWPOLYLINE
  5
19B
330
17
100
AcDbEntity
  8
OUTLINE
100
AcDbPolyline
 90
13
 70
0
 10
220.57358265
 20
207.629688
 10
220.58730165
 20
207.680888
 10
220.62478265
 20
207.718369
 10
220.67598264999998
 20
207.732088
 10
220.72718265
 20
207.718369
 10
220.76466365
 20
207.680888
 10
220.77838265
 20
207.629688
 10
220.76466365
 20
207.578488
 10
220.72718265
 20
207.541007
 10
220.67598264999998
 20
207.527288
 10
220.62478265
 20
207.541007
 10
220.58730165
 20
207.578488
 10
220.57358265
 20
207.629688
  0
LWPOLYLINE
  5
19C
330
17
100
AcDbEntity
  8
OUTLINE
100
AcDbPolyline
 90
32
 70
0
 10
216.7786089
 20
212.13502425000001
 10
216.79381204999999
 20
212.28452935
 10
216.83879919999998
 20
212.4279137
 10
216.91172849999998
 20
212.5593071
 10
217.0096142
 20
212.6733303
 10
217.1284489
 20
212.76531525000001
 10
217.26336750000002
 20
212.83149595
 10
217.40884635
 20
212.86916305
 10
217.55892955000002
 20
212.8767744
 10
217.70747275
 20
212.8540184
 10
217.84839449999998
 20
212.80182675
 10
217.97592545
 20
212.7223361
 10
218.0848445
 20
212.6188008
 10
218.17069245
 20
212.4954597
 10
218.2299547
 20
212.35736225
 10
218.2602051
 20
212.2101623
 10
218.2602051
 20
212.0598862
 10
218.2299547
 20
211.91268625
 10
218.17069245
 20
211.77458885
 10
218.0848445
 20
211.6512477
 10
217.97592545
 20
211.54771245
 10
217.84839449999998
 20
211.4682218
 10
217.70747275
 20
211.4160301
 10
217.55892955000002
 20
211.39327415
 10
217.40884635
 20
211.40088550000002
 10
217.26336750000002
 20
211.4385526
 10
217.1284489
 20
211.5047333
 10
217.0096142
 20
211.5967182
 10
216.91172849999998
 20
211.71074145
 10
216.83879919999998
 20
211.84213485
 10
216.79381204999999
 20
211.98551915000002
 10
216.7786089
 20
212.13502425000001
  0
LWPOLYLINE
  5
19D
330
17
100
AcDbEntity
  8
OUTLINE
100
AcDbPolyline
 90
43
 70
0
 10
218.89631225
 20
212.13502425000001
 10
218.88095465
 20
212.3399574
 10
218.83522485
 20
212.54031265
 10
218.76014444999998
 20
212.7316144
 10
218.65739059999999
 20
212.90958935
 10
218.5292586
 20
213.0702618
 10
218.37861075
 20
213.21004255
 10
218.20881225
 20
213.3258092
 10
218.02365615
 20
213.41497565
 10
217.82727855000002
 20
213.47555015
 10
217.62406615
 20
213.5061795
 10
217.4185584
 20
213.5061795
 10
217.215346
 20
213.47555015
 10
217.01896835
 20
213.41497565
 10
216.83381225
 20
213.3258092
 10
216.66401380000002
 20
213.21004255
 10
216.51336594999998
 20
213.0702618
 10
216.38523394999999
 20
212.90958935
 10
216.28248005
 20
212.7316144
 10
216.20739965
 20
212.54031265
 10
216.1616699
 20
212.3399574
 10
216.14631225
 20
212.13502425000001
 10
216.1616699
 20
211.93009115
 10
216.20739965
 20
211.7297359
 10
216.28248005
 20
211.53843410000002
 10
216.38523394999999
 20
211.3604592
 10
216.51336594999998
 20
211.19978675
 10
216.66401380000002
 20
211.060006
 10
216.83381225
 20
210.94423935
 10
217.01896835
 20
210.85507285
 10
217.215346
 20
210.7944984
 10
217.4185584
 20
210.76386904999998
 10
217.62406615
 20
210.76386904999998
 10
217.82727855000002
 20
210.7944984
 10
218.02365615
 20
210.85507285
 10
218.20881225
 20
210.94423935
 10
218.37861075
 20
211.060006
 10
218.5292586
 20
211.19978675
 10
218.65739059999999
 20
211.3604592
 10
218.76014444999998
 20
211.53843410000002
 10
218.83522485
 20
211.7297359
 10
218.88095465
 20
211.93009115
 10
218.89631225
 20
212.13502425000001
  0
LWPOLYLINE
  5
19E
330
17
100
AcDbEntity
  8
OUTLINE
100
AcDbPolyline
 90
15
 70
0
 10
217.89081645
 20
212.77502425
 10
217.83390350000002
 20
212.77502425
 10
217.7789164
 20
212.77502425
 10
217.72551645
 20
212.77502425
 10
217.67337465
 20
212.77502425
 10
217.6221697
 20
212.77502425
 10
217.5715861
 20
212.77502425
 10
217.52131225
 20
212.77502425
 10
217.47103844999998
 20
212.77502425
 10
217.42045485
 20
212.77502425
 10
217.3692499
 20
212.77502425
 10
217.31710805
 20
212.77502425
 10
217.2637081
 20
212.77502425
 10
217.20872105
 20
212.77502425
 10
217.15180809999998
 20
212.77502425
  0
LWPOLYLINE
  5
19F
330
17
100
AcDbEntity
  8
OUTLINE
100
AcDbPolyline
 90
15
 70
0
 10
218.2603206
 20
212.13502425000001
 10
218.23186415
 20
212.18431235
 10
218.2043706
 20
212.2319325
 10
218.17767064999998
 20
212.27817825
 10
218.15159970000002
 20
212.3233344
 10
218.12599725
 20
212.3676792
 10
218.10070545000002
 20
212.41148585
 10
218.0755685
 20
212.45502425
 10
218.0504316
 20
212.4985627
 10
218.0251398
 20
212.54236935
 10
217.99953735
 20
212.58671415
 10
217.9734664
 20
212.6318703
 10
217.94676644999998
 20
212.678116
 10
217.9192729
 20
212.7257362
 10
217.89081645
 20
212.77502425
  0
LWPOLYLINE
  5
1A0
330
17
100
AcDbEntity
  8
OUTLINE
100
AcDbPolyline
 90
15
 70
0
 10
217.89081645
 20
211.49502425
 10
217.9192729
 20
211.54431234999998
 10
217.94676644999998
 20
211.59193249999998
 10
217.9734664
 20
211.63817825
 10
217.99953735
 20
211.6833344
 10
218.0251398
 20
211.7276792
 10
218.0504316
 20
211.77148585
 10
218.0755685
 20
211.81502425
 10
218.10070545000002
 20
211.8585627
 10
218.12599725
 20
211.90236935000001
 10
218.15159970000002
 20
211.94671415
 10
218.17767064999998
 20
211.99187030000002
 10
218.2043706
 20
212.038116
 10
218.23186415
 20
212.08573619999999
 10
218.2603206
 20
212.13502425000001
  0
LWPOLYLINE
  5
1A1
330
17
100
AcDbEntity
  8
OUTLINE
100
AcDbPolyline
 90
15
 70
0
 10
217.15180809999998
 20
211.49502425
 10
217.20872105
 20
211.49502425
 10
217.2637081
 20
211.49502425
 10
217.31710805
 20
211.49502425
 10
217.3692499
 20
211.49502425
 10
217.42045485
 20
211.49502425
 10
217.47103844999998
 20
211.49502425
 10
217.52131225
 20
211.49502425
 10
217.5715861
 20
211.49502425
 10
217.6221697
 20
211.49502425
 10
217.67337465
 20
211.49502425
 10
217.72551645
 20
211.49502425
 10
217.7789164
 20
211.49502425
 10
217.83390350000002
 20
211.49502425
 10
217.89081645
 20
211.49502425
  0
LWPOLYLINE
  5
1A2
330
17
100
AcDbEntity
  8
OUTLINE
100
AcDbPolyline
 90
15
 70
0
 10
216.7823039
 20
212.13502425000001
 10
216.8107604
 20
212.08573619999999
 10
216.83825395
 20
212.038116
 10
216.8649539
 20
211.99187030000002
 10
216.8910248
 20
211.94671415
 10
216.91662730000002
 20
211.90236935000001
 10
216.9419191
 20
211.8585627
 10
216.967056
 20
211.81502425
 10
216.99219295
 20
211.77148585
 10
217.0174847
 20
211.7276792
 10
217.0430872
 20
211.6833344
 10
217.06915809999998
 20
211.63817825
 10
217.0958581
 20
211.59193249999998
 10
217.1233516
 20
211.54431234999998
 10
217.15180809999998
 20
211.49502425
  0
LWPOLYLINE
  5
1A3
330
17
100
AcDbEntity
  8
OUTLINE
100
AcDbPolyline
 90
15
 70
0
 10
217.15180809999998
 20
212.77502425
 10
217.1233516
 20
212.7257362
 10
217.0958581
 20
212.678116
 10
217.06915809999998
 20
212.6318703
 10
217.0430872
 20
212.58671415
 10
217.0174847
 20
212.54236935
 10
216.99219295
 20
212.4985627
 10
216.967056
 20
212.45502425
 10
216.9419191
 20
212.41148585
 10
216.91662730000002
 20
212.3676792
 10
216.8910248
 20
212.3233344
 10
216.8649539
 20
212.27817825
 10
216.83825395
 20
212.2319325
 10
216.8107604
 20
212.18431235
 10
216.7823039
 20
212.13502425000001
  0
LWPOLYLINE
  5
1A4
330
17
100
AcDbEntity
  8
OUTLINE
100
AcDbPolyline
 90
15
 70
0
 10
217.89081645
 20
212.77502425
 10
217.83390350000002
 20
212.77502425
 10
217.7789164
 20
212.77502425
 10
217.72551645
 20
212.77502425
 10
217.67337465
 20
212.77502425
 10
217.6221697
 20
212.77502425
 10
217.5715861
 20
212.77502425
 10
217.52131225
 20
212.77502425
 10
217.47103844999998
 20
212.77502425
 10
217.42045485
 20
212.77502425
 10
217.3692499
 20
212.77502425
 10
217.31710805
 20
212.77502425
 10
217.2637081
 20
212.77502425
 10
217.20872105
 20
212.77502425
 10
217.15180809999998
 20
212.77502425
  0
LWPOLYLINE
  5
1A5
330
17
100
AcDbEntity
  8
OUTLINE
100
AcDbPolyline
 90
15
 70
0
 10
218.2603206
 20
212.13502425000001
 10
218.23186415
 20
212.18431235
 10
218.2043706
 20
212.2319325
 10
218.17767064999998
 20
212.27817825
 10
218.15159970000002
 20
212.3233344
 10
218.12599725
 20
212.3676792
 10
218.10070545000002
 20
212.41148585
 10
218.0755685
 20
212.45502425
 10
218.0504316
 20
212.4985627
 10
218.0251398
 20
212.54236935
 10
217.99953735
 20
212.58671415
 10
217.9734664
 20
212.6318703
 10
217.94676644999998
 20
212.678116
 10
217.9192729
 20
212.7257362
 10
217.89081645
 20
212.77502425
  0
LWPOLYLINE
  5
1A6
330
17
100
AcDbEntity
  8
OUTLINE
100
AcDbPolyline
 90
15
 70
0
 10
217.89081645
 20
211.49502425
 10
217.9192729
 20
211.54431234999998
 10
217.94676644999998
 20
211.59193249999998
 10
217.9734664
 20
211.63817825
 10
217.99953735
 20
211.6833344
 10
218.0251398
 20
211.7276792
 10
218.0504316
 20
211.77148585
 10
218.0755685
 20
211.81502425
 10
218.10070545000002
 20
211.8585627
 10
218.12599725
 20
211.90236935000001
 10
218.15159970000002
 20
211.94671415
 10
218.17767064999998
 20
211.99187030000002
 10
218.2043706
 20
212.038116
 10
218.23186415
 20
212.08573619999999
 10
218.2603206
 20
212.13502425000001
  0
LWPOLYLINE
  5
1A7
330
17
100
AcDbEntity
  8
OUTLINE
100
AcDbPolyline
 90
15
 70
0
 10
217.15180809999998
 20
211.49502425
 10
217.20872105
 20
211.49502425
 10
217.2637081
 20
211.49502425
 10
217.31710805
 20
211.49502425
 10
217.3692499
 20
211.49502425
 10
217.42045485
 20
211.49502425
 10
217.47103844999998
 20
211.49502425
 10
217.52131225
 20
211.49502425
 10
217.5715861
 20
211.49502425
 10
217.6221697
 20
211.49502425
 10
217.67337465
 20
211.49502425
 10
217.72551645
 20
211.49502425
 10
217.7789164
 20
211.49502425
 10
217.83390350000002
 20
211.49502425
 10
217.89081645
 20
211.49502425
  0
LWPOLYLINE
  5
1A8
330
17
100
AcDbEntity
  8
OUTLINE
100
AcDbPolyline
 90
15
 70
0
 10
216.7823039
 20
212.13502425000001
 10
216.8107604
 20
212.08573619999999
 10
216.83825395
 20
212.038116
 10
216.8649539
 20
211.99187030000002
 10
216.8910248
 20
211.94671415
 10
216.91662730000002
 20
211.90236935000001
 10
216.9419191
 20
211.8585627
 10
216.967056
 20
211.81502425
 10
216.99219295
 20
211.77148585
 10
217.0174847
 20
211.7276792
 10
217.0430872
 20
211.6833344
 10
217.06915809999998
 20
211.63817825
 10
217.0958581
 20
211.59193249999998
 10
217.1233516
 20
211.54431234999998
 10
217.15180809999998
 20
211.49502425
  0
LWPOLYLINE
  5
1A9
330
17
100
AcDbEntity
  8
OUTLINE
100
AcDbPolyline
 90
13
 70
0
 10
217.41891225
 20
212.13502425000001
 10
217.43263125
 20
212.18622425
 10
217.47011225
 20
212.22370525
 10
217.52131225
 20
212.23742425
 10
217.57251225
 20
212.22370525
 10
217.60999325
 20
212.18622425
 10
217.62371224999998
 20
212.13502425000001
 10
217.60999325
 20
212.08382425
 10
217.57251225
 20
212.04634325
 10
217.52131225
 20
212.03262425
 10
217.47011225
 20
212.04634325
 10
217.43263125
 20
212.08382425
 10
217.41891225
 20
212.13502425000001
  0
LWPOLYLINE
  5
1AA
330
17
100
AcDbEntity
  8
OUTLINE
100
AcDbPolyline
 90
32
 70
0
 10
216.7786089
 20
117.86497575
 10
216.79381204999999
 20
118.01448085
 10
216.83879919999998
 20
118.15786514999999
 10
216.91172849999998
 20
118.28925855
 10
217.0096142
 20
118.4032818
 10
217.1284489
 20
118.4952667
 10
217.26336750000002
 20
118.56144739999999
 10
217.40884635
 20
118.5991145
 10
217.55892955000002
 20
118.60672585
 10
217.70747275
 20
118.5839699
 10
217.84839449999998
 20
118.53177819999999
 10
217.97592545
 20
118.45228755
 10
218.0848445
 20
118.3487523
 10
218.17069245
 20
118.22541115
 10
218.2299547
 20
118.08731374999999
 10
218.2602051
 20
117.9401138
 10
218.2602051
 20
117.78983769999999
 10
218.2299547
 20
117.64263775
 10
218.17069245
 20
117.5045403
 10
218.0848445
 20
117.3811992
 10
217.97592545
 20
117.2776639
 10
217.84839449999998
 20
117.19817325
 10
217.70747275
 20
117.1459816
 10
217.55892955000002
 20
117.1232256
 10
217.40884635
 20
117.13083695
 10
217.26336750000002
 20
117.16850405
 10
217.1284489
 20
117.23468475
 10
217.0096142
 20
117.3266697
 10
216.91172849999998
 20
117.4406929
 10
216.83879919999998
 20
117.5720863
 10
216.79381204999999
 20
117.71547065
 10
216.7786089
 20
117.86497575
  0
LWPOLYLINE
  5
1AB
330
17
100
AcDbEntity
  8
OUTLINE
100
AcDbPolyline
 90
43
 70
0
 10
218.89631225
 20
117.86497575
 10
218.88095465
 20
118.06990884999999
 10
218.83522485
 20
118.27026409999999
 10
218.76014444999998
 20
118.4615659
 10
218.65739059999999
 20
118.63954079999999
 10
218.5292586
 20
118.80021325
 10
218.37861075
 20
118.939994
 10
218.20881225
 20
119.05576065
 10
218.02365615
 20
119.14492715
 10
217.82727855000002
 20
119.20550159999999
 10
217.62406615
 20
119.23613095
 10
217.4185584
 20
119.23613095
 10
217.215346
 20
119.20550159999999
 10
217.01896835
 20
119.14492715
 10
216.83381225
 20
119.05576065
 10
216.66401380000002
 20
118.939994
 10
216.51336594999998
 20
118.80021325
 10
216.38523394999999
 20
118.63954079999999
 10
216.28248005
 20
118.4615659
 10
216.20739965
 20
118.27026409999999
 10
216.1616699
 20
118.06990884999999
 10
216.14631225
 20
117.86497575
 10
216.1616699
 20
117.6600426
 10
216.20739965
 20
117.45968735
 10
216.28248005
 20
117.2683856
 10
216.38523394999999
 20
117.09041065
 10
216.51336594999998
 20
116.9297382
 10
216.66401380000002
 20
116.78995745
 10
216.83381225
 20
116.67419079999999
 10
217.01896835
 20
116.58502435
 10
217.215346
 20
116.52444985
 10
217.4185584
 20
116.4938205
 10
217.62406615
 20
116.4938205
 10
217.82727855000002
 20
116.52444985
 10
218.02365615
 20
116.58502435
 10
218.20881225
 20
116.67419079999999
 10
218.37861075
 20
116.78995745
 10
218.5292586
 20
116.9297382
 10
218.65739059999999
 20
117.09041065
 10
218.76014444999998
 20
117.2683856
 10
218.83522485
 20
117.45968735
 10
218.88095465
 20
117.6600426
 10
218.89631225
 20
117.86497575
  0
LWPOLYLINE
  5
1AC
330
17
100
AcDbEntity
  8
OUTLINE
100
AcDbPolyline
 90
15
 70
0
 10
217.89081645
 20
118.50497575
 10
217.83390350000002
 20
118.50497575
 10
217.7789164
 20
118.50497575
 10
217.72551645
 20
118.50497575
 10
217.67337465
 20
118.50497575
 10
217.6221697
 20
118.50497575
 10
217.5715861
 20
118.50497575
 10
217.52131225
 20
118.50497575
 10
217.47103844999998
 20
118.50497575
 10
217.42045485
 20
118.50497575
 10
217.3692499
 20
118.50497575
 10
217.31710805
 20
118.50497575
 10
217.2637081
 20
118.50497575
 10
217.20872105
 20
118.50497575
 10
217.15180809999998
 20
118.50497575
  0
LWPOLYLINE
  5
1AD
330
17
100
AcDbEntity
  8
OUTLINE
100
AcDbPolyline
 90
15
 70
0
 10
218.2603206
 20
117.86497575
 10
218.23186415
 20
117.9142638
 10
218.2043706
 20
117.961884
 10
218.17767064999998
 20
118.0081297
 10
218.15159970000002
 20
118.05328585000001
 10
218.12599725
 20
118.09763065
 10
218.10070545000002
 20
118.1414373
 10
218.0755685
 20
118.18497575
 10
218.0504316
 20
118.22851415
 10
218.0251398
 20
118.2723208
 10
217.99953735
 20
118.3166656
 10
217.9734664
 20
118.36182174999999
 10
217.94676644999998
 20
118.4080675
 10
217.9192729
 20
118.45568765
 10
217.89081645
 20
118.50497575
  0
LWPOLYLINE
  5
1AE
330
17
100
AcDbEntity
  8
OUTLINE
100
AcDbPolyline
 90
15
 70
0
 10
217.89081645
 20
117.22497575
 10
217.9192729
 20
117.2742638
 10
217.94676644999998
 20
117.321884
 10
217.9734664
 20
117.3681297
 10
217.99953735
 20
117.41328585
 10
218.0251398
 20
117.45763065
 10
218.0504316
 20
117.50143729999999
 10
218.0755685
 20
117.54497574999999
 10
218.10070545000002
 20
117.58851415000001
 10
218.12599725
 20
117.6323208
 10
218.15159970000002
 20
117.6766656
 10
218.17767064999998
 20
117.72182175
 10
218.2043706
 20
117.7680675
 10
218.23186415
 20
117.81568765
 10
218.2603206
 20
117.86497575
  0
LWPOLYLINE
  5
1AF
330
17
100
AcDbEntity
  8
OUTLINE
100
AcDbPolyline
 90
15
 70
0
 10
217.15180809999998
 20
117.22497575
 10
217.20872105
 20
117.22497575
 10
217.2637081
 20
117.22497575
 10
217.31710805
 20
117.22497575
 10
217.3692499
 20
117.22497575
 10
217.42045485
 20
117.22497575
 10
217.47103844999998
 20
117.22497575
 10
217.52131225
 20
117.22497575
 10
217.5715861
 20
117.22497575
 10
217.6221697
 20
117.22497575
 10
217.67337465
 20
117.22497575
 10
217.72551645
 20
117.22497575
 10
217.7789164
 20
117.22497575
 10
217.83390350000002
 20
117.22497575
 10
217.89081645
 20
117.22497575
  0
LWPOLYLINE
  5
1B0
330
17
100
AcDbEntity
  8
OUTLINE
100
AcDbPolyline
 90
15
 70
0
 10
216.7823039
 20
117.86497575
 10
216.8107604
 20
117.81568765
 10
216.83825395
 20
117.7680675
 10
216.8649539
 20
117.72182175
 10
216.8910248
 20
117.6766656
 10
216.91662730000002
 20
117.6323208
 10
216.9419191
 20
117.58851415000001
 10
216.967056
 20
117.54497574999999
 10
216.99219295
 20
117.50143729999999
 10
217.0174847
 20
117.45763065
 10
217.0430872
 20
117.41328585
 10
217.06915809999998
 20
117.3681297
 10
217.0958581
 20
117.321884
 10
217.1233516
 20
117.2742638
 10
217.15180809999998
 20
117.22497575
  0
LWPOLYLINE
  5
1B1
330
17
100
AcDbEntity
  8
OUTLINE
100
AcDbPolyline
 90
15
 70
0
 10
217.15180809999998
 20
118.50497575
 10
217.1233516
 20
118.45568765
 10
217.0958581
 20
118.4080675
 10
217.06915809999998
 20
118.36182174999999
 10
217.0430872
 20
118.3166656
 10
217.0174847
 20
118.2723208
 10
216.99219295
 20
118.22851415
 10
216.967056
 20
118.18497575
 10
216.9419191
 20
118.1414373
 10
216.91662730000002
 20
118.09763065
 10
216.8910248
 20
118.05328585000001
 10
216.8649539
 20
118.0081297
 10
216.83825395
 20
117.961884
 10
216.8107604
 20
117.9142638
 10
216.7823039
 20
117.86497575
  0
LWPOLYLINE
  5
1B2
330
17
100
AcDbEntity
  8
OUTLINE
100
AcDbPolyline
 90
15
 70
0
 10
217.89081645
 20
118.50497575
 10
217.83390350000002
 20
118.50497575
 10
217.7789164
 20
118.50497575
 10
217.72551645
 20
118.50497575
 10
217.67337465
 20
118.50497575
 10
217.6221697
 20
118.50497575
 10
217.5715861
 20
118.50497575
 10
217.52131225
 20
118.50497575
 10
217.47103844999998
 20
118.50497575
 10
217.42045485
 20
118.50497575
 10
217.3692499
 20
118.50497575
 10
217.31710805
 20
118.50497575
 10
217.2637081
 20
118.50497575
 10
217.20872105
 20
118.50497575
 10
217.15180809999998
 20
118.50497575
  0
LWPOLYLINE
  5
1B3
330
17
100
AcDbEntity
  8
OUTLINE
100
AcDbPolyline
 90
15
 70
0
 10
218.2603206
 20
117.86497575
 10
218.23186415
 20
117.9142638
 10
218.2043706
 20
117.961884
 10
218.17767064999998
 20
118.0081297
 10
218.15159970000002
 20
118.05328585000001
 10
218.12599725
 20
118.09763065
 10
218.10070545000002
 20
118.1414373
 10
218.0755685
 20
118.18497575
 10
218.0504316
 20
118.22851415
 10
218.0251398
 20
118.2723208
 10
217.99953735
 20
118.3166656
 10
217.9734664
 20
118.36182174999999
 10
217.94676644999998
 20
118.4080675
 10
217.9192729
 20
118.45568765
 10
217.89081645
 20
118.50497575
  0
LWPOLYLINE
  5
1B4
330
17
100
AcDbEntity
  8
OUTLINE
100
AcDbPolyline
 90
15
 70
0
 10
217.89081645
 20
117.22497575
 10
217.9192729
 20
117.2742638
 10
217.94676644999998
 20
117.321884
 10
217.9734664
 20
117.3681297
 10
217.99953735
 20
117.41328585
 10
218.0251398
 20
117.45763065
 10
218.0504316
 20
117.50143729999999
 10
218.0755685
 20
117.54497574999999
 10
218.10070545000002
 20
117.58851415000001
 10
218.12599725
 20
117.6323208
 10
218.15159970000002
 20
117.6766656
 10
218.17767064999998
 20
117.72182175
 10
218.2043706
 20
117.7680675
 10
218.23186415
 20
117.81568765
 10
218.2603206
 20
117.86497575
  0
LWPOLYLINE
  5
1B5
330
17
100
AcDbEntity
  8
OUTLINE
100
AcDbPolyline
 90
15
 70
0
 10
217.15180809999998
 20
117.22497575
 10
217.20872105
 20
117.22497575
 10
217.2637081
 20
117.22497575
 10
217.31710805
 20
117.22497575
 10
217.3692499
 20
117.22497575
 10
217.42045485
 20
117.22497575
 10
217.47103844999998
 20
117.22497575
 10
217.52131225
 20
117.22497575
 10
217.5715861
 20
117.22497575
 10
217.6221697
 20
117.22497575
 10
217.67337465
 20
117.22497575
 10
217.72551645
 20
117.22497575
 10
217.7789164
 20
117.22497575
 10
217.83390350000002
 20
117.22497575
 10
217.89081645
 20
117.22497575
  0
LWPOLYLINE
  5
1B6
330
17
100
AcDbEntity
  8
OUTLINE
100
AcDbPolyline
 90
15
 70
0
 10
216.7823039
 20
117.86497575
 10
216.8107604
 20
117.81568765
 10
216.83825395
 20
117.7680675
 10
216.8649539
 20
117.72182175
 10
216.8910248
 20
117.6766656
 10
216.91662730000002
 20
117.6323208
 10
216.9419191
 20
117.58851415000001
 10
216.967056
 20
117.54497574999999
 10
216.99219295
 20
117.50143729999999
 10
217.0174847
 20
117.45763065
 10
217.0430872
 20
117.41328585
 10
217.06915809999998
 20
117.3681297
 10
217.0958581
 20
117.321884
 10
217.1233516
 20
117.2742638
 10
217.15180809999998
 20
117.22497575
  0
LWPOLYLINE
  5
1B7
330
17
100
AcDbEntity
  8
OUTLINE
100
AcDbPolyline
 90
13
 70
0
 10
217.41891225
 20
117.86497575
 10
217.43263125
 20
117.91617575000001
 10
217.47011225
 20
117.95365675
 10
217.52131225
 20
117.96737575
 10
217.57251225
 20
117.95365675
 10
217.60999325
 20
117.91617575000001
 10
217.62371224999998
 20
117.86497575
 10
217.60999325
 20
117.81377574999999
 10
217.57251225
 20
117.77629475
 10
217.52131225
 20
117.76257575
 10
217.47011225
 20
117.77629475
 10
217.43263125
 20
117.81377574999999
 10
217.41891225
 20
117.86497575
  0
LWPOLYLINE
  5
1B8
330
17
100
AcDbEntity
  8
OUTLINE
100
AcDbPolyline
 90
32
 70
0
 10
219.93327929999998
 20
122.370312
 10
219.94848245
 20
122.51981705
 10
219.9934696
 20
122.66320139999999
 10
220.0663989
 20
122.7945948
 10
220.1642846
 20
122.90861805
 10
220.2831193
 20
123.00060295
 10
220.4180379
 20
123.06678364999999
 10
220.56351675000002
 20
123.10445075
 10
220.71359995
 20
123.1120621
 10
220.86214315
 20
123.08930615
 10
221.0030649
 20
123.03711444999999
 10
221.13059585000002
 20
122.9576238
 10
221.23951490000002
 20
122.85408855
 10
221.32536285
 20
122.7307474
 10
221.3846251
 20
122.59264999999999
 10
221.4148755
 20
122.44545005
 10
221.4148755
 20
122.29517390000001
 10
221.3846251
 20
122.14797395
 10
221.32536285
 20
122.00987655
 10
221.23951490000002
 20
121.88653545
 10
221.13059585000002
 20
121.78300014999999
 10
221.0030649
 20
121.7035095
 10
220.86214315
 20
121.6513178
 10
220.71359995
 20
121.62856185
 10
220.56351675000002
 20
121.6361732
 10
220.4180379
 20
121.6738403
 10
220.2831193
 20
121.740021
 10
220.1642846
 20
121.8320059
 10
220.0663989
 20
121.94602915
 10
219.9934696
 20
122.07742255
 10
219.94848245
 20
122.2208069
 10
219.93327929999998
 20
122.370312
  0
LWPOLYLINE
  5
1B9
330
17
100
AcDbEntity
  8
OUTLINE
100
AcDbPolyline
 90
43
 70
0
 10
222.05098264999998
 20
122.370312
 10
222.03562505
 20
122.57524509999999
 10
221.98989525000002
 20
122.77560034999999
 10
221.91481485
 20
122.9669021
 10
221.812061
 20
123.14487704999999
 10
221.683929
 20
123.3055495
 10
221.53328115
 20
123.44533025
 10
221.36348264999998
 20
123.5610969
 10
221.17832655
 20
123.6502634
 10
220.98194895
 20
123.71083784999999
 10
220.77873655000002
 20
123.7414672
 10
220.57322879999998
 20
123.7414672
 10
220.3700164
 20
123.71083784999999
 10
220.17363875
 20
123.6502634
 10
219.98848264999998
 20
123.5610969
 10
219.8186842
 20
123.44533025
 10
219.66803635
 20
123.3055495
 10
219.53990435
 20
123.14487704999999
 10
219.43715045
 20
122.9669021
 10
219.36207005
 20
122.77560034999999
 10
219.31634029999998
 20
122.57524509999999
 10
219.30098264999998
 20
122.370312
 10
219.31634029999998
 20
122.16537885
 10
219.36207005
 20
121.9650236
 10
219.43715045
 20
121.77372185
 10
219.53990435
 20
121.5957469
 10
219.66803635
 20
121.43507445
 10
219.8186842
 20
121.2952937
 10
219.98848264999998
 20
121.17952704999999
 10
220.17363875
 20
121.09036055
 10
220.3700164
 20
121.0297861
 10
220.57322879999998
 20
120.99915675
 10
220.77873655000002
 20
120.99915675
 10
220.98194895
 20
121.0297861
 10
221.17832655
 20
121.09036055
 10
221.36348264999998
 20
121.17952704999999
 10
221.53328115
 20
121.2952937
 10
221.683929
 20
121.43507445
 10
221.812061
 20
121.5957469
 10
221.91481485
 20
121.77372185
 10
221.98989525000002
 20
121.9650236
 10
222.03562505
 20
122.16537885
 10
222.05098264999998
 20
122.370312
  0
LWPOLYLINE
  5
1BA
330
17
100
AcDbEntity
  8
OUTLINE
100
AcDbPolyline
 90
15
 70
0
 10
221.04548685
 20
123.010312
 10
220.9885739
 20
123.010312
 10
220.9335868
 20
123.010312
 10
220.88018685
 20
123.010312
 10
220.82804505000001
 20
123.010312
 10
220.77684010000002
 20
123.010312
 10
220.7262565
 20
123.010312
 10
220.67598264999998
 20
123.010312
 10
220.62570885
 20
123.010312
 10
220.57512524999999
 20
123.010312
 10
220.5239203
 20
123.010312
 10
220.47177845
 20
123.010312
 10
220.41837850000002
 20
123.010312
 10
220.36339145
 20
123.010312
 10
220.3064785
 20
123.010312
  0
LWPOLYLINE
  5
1BB
330
17
100
AcDbEntity
  8
OUTLINE
100
AcDbPolyline
 90
15
 70
0
 10
221.414991
 20
122.370312
 10
221.38653455
 20
122.41960005
 10
221.359041
 20
122.46722025
 10
221.33234105
 20
122.51346595
 10
221.3062701
 20
122.55862210000001
 10
221.28066765
 20
122.6029669
 10
221.25537585
 20
122.64677355
 10
221.23023890000002
 20
122.690312
 10
221.205102
 20
122.7338504
 10
221.17981020000002
 20
122.77765705
 10
221.15420775
 20
122.82200184999999
 10
221.1281368
 20
122.867158
 10
221.10143685
 20
122.9134037
 10
221.0739433
 20
122.9610239
 10
221.04548685
 20
123.010312
  0
LWPOLYLINE
  5
1BC
330
17
100
AcDbEntity
  8
OUTLINE
100
AcDbPolyline
 90
15
 70
0
 10
221.04548685
 20
121.730312
 10
221.0739433
 20
121.77960005
 10
221.10143685
 20
121.82722025000001
 10
221.1281368
 20
121.87346595
 10
221.15420775
 20
121.9186221
 10
221.17981020000002
 20
121.9629669
 10
221.205102
 20
122.00677354999999
 10
221.23023890000002
 20
122.05031199999999
 10
221.25537585
 20
122.09385040000001
 10
221.28066765
 20
122.13765705
 10
221.3062701
 20
122.18200185
 10
221.33234105
 20
122.227158
 10
221.359041
 20
122.2734037
 10
221.38653455
 20
122.3210239
 10
221.414991
 20
122.370312
  0
LWPOLYLINE
  5
1BD
330
17
100
AcDbEntity
  8
OUTLINE
100
AcDbPolyline
 90
15
 70
0
 10
220.3064785
 20
121.730312
 10
220.36339145
 20
121.730312
 10
220.41837850000002
 20
121.730312
 10
220.47177845
 20
121.730312
 10
220.5239203
 20
121.730312
 10
220.57512524999999
 20
121.730312
 10
220.62570885
 20
121.730312
 10
220.67598264999998
 20
121.730312
 10
220.7262565
 20
121.730312
 10
220.77684010000002
 20
121.730312
 10
220.82804505000001
 20
121.730312
 10
220.88018685
 20
121.730312
 10
220.9335868
 20
121.730312
 10
220.9885739
 20
121.730312
 10
221.04548685
 20
121.730312
  0
LWPOLYLINE
  5
1BE
330
17
100
AcDbEntity
  8
OUTLINE
100
AcDbPolyline
 90
15
 70
0
 10
219.9369743
 20
122.370312
 10
219.96543079999998
 20
122.3210239
 10
219.99292435
 20
122.2734037
 10
220.0196243
 20
122.227158
 10
220.0456952
 20
122.18200185
 10
220.0712977
 20
122.13765705
 10
220.0965895
 20
122.09385040000001
 10
220.1217264
 20
122.05031199999999
 10
220.14686335
 20
122.00677354999999
 10
220.1721551
 20
121.9629669
 10
220.1977576
 20
121.9186221
 10
220.2238285
 20
121.87346595
 10
220.2505285
 20
121.82722025000001
 10
220.27802200000002
 20
121.77960005
 10
220.3064785
 20
121.730312
  0
LWPOLYLINE
  5
1BF
330
17
100
AcDbEntity
  8
OUTLINE
100
AcDbPolyline
 90
15
 70
0
 10
220.3064785
 20
123.010312
 10
220.27802200000002
 20
122.9610239
 10
220.2505285
 20
122.9134037
 10
220.2238285
 20
122.867158
 10
220.1977576
 20
122.82200184999999
 10
220.1721551
 20
122.77765705
 10
220.14686335
 20
122.7338504
 10
220.1217264
 20
122.690312
 10
220.0965895
 20
122.64677355
 10
220.0712977
 20
122.6029669
 10
220.0456952
 20
122.55862210000001
 10
220.0196243
 20
122.51346595
 10
219.99292435
 20
122.46722025
 10
219.96543079999998
 20
122.41960005
 10
219.9369743
 20
122.370312
  0
LWPOLYLINE
  5
1C0
330
17
100
AcDbEntity
  8
OUTLINE
100
AcDbPolyline
 90
15
 70
0
 10
221.04548685
 20
123.010312
 10
220.9885739
 20
123.010312
 10
220.9335868
 20
123.010312
 10
220.88018685
 20
123.010312
 10
220.82804505000001
 20
123.010312
 10
220.77684010000002
 20
123.010312
 10
220.7262565
 20
123.010312
 10
220.67598264999998
 20
123.010312
 10
220.62570885
 20
123.010312
 10
220.57512524999999
 20
123.010312
 10
220.5239203
 20
123.010312
 10
220.47177845
 20
123.010312
 10
220.41837850000002
 20
123.010312
 10
220.36339145
 20
123.010312
 10
220.3064785
 20
123.010312
  0
LWPOLYLINE
  5
1C1
330
17
100
AcDbEntity
  8
OUTLINE
100
AcDbPolyline
 90
15
 70
0
 10
221.414991
 20
122.370312
 10
221.38653455
 20
122.41960005
 10
221.359041
 20
122.46722025
 10
221.33234105
 20
122.51346595
 10
221.3062701
 20
122.55862210000001
 10
221.28066765
 20
122.6029669
 10
221.25537585
 20
122.64677355
 10
221.23023890000002
 20
122.690312
 10
221.205102
 20
122.7338504
 10
221.17981020000002
 20
122.77765705
 10
221.15420775
 20
122.82200184999999
 10
221.1281368
 20
122.867158
 10
221.10143685
 20
122.9134037
 10
221.0739433
 20
122.9610239
 10
221.04548685
 20
123.010312
  0
LWPOLYLINE
  5
1C2
330
17
100
AcDbEntity
  8
OUTLINE
100
AcDbPolyline
 90
15
 70
0
 10
221.04548685
 20
121.730312
 10
221.0739433
 20
121.77960005
 10
221.10143685
 20
121.82722025000001
 10
221.1281368
 20
121.87346595
 10
221.15420775
 20
121.9186221
 10
221.17981020000002
 20
121.9629669
 10
221.205102
 20
122.00677354999999
 10
221.23023890000002
 20
122.05031199999999
 10
221.25537585
 20
122.09385040000001
 10
221.28066765
 20
122.13765705
 10
221.3062701
 20
122.18200185
 10
221.33234105
 20
122.227158
 10
221.359041
 20
122.2734037
 10
221.38653455
 20
122.3210239
 10
221.414991
 20
122.370312
  0
LWPOLYLINE
  5
1C3
330
17
100
AcDbEntity
  8
OUTLINE
100
AcDbPolyline
 90
15
 70
0
 10
220.3064785
 20
121.730312
 10
220.36339145
 20
121.730312
 10
220.41837850000002
 20
121.730312
 10
220.47177845
 20
121.730312
 10
220.5239203
 20
121.730312
 10
220.57512524999999
 20
121.730312
 10
220.62570885
 20
121.730312
 10
220.67598264999998
 20
121.730312
 10
220.7262565
 20
121.730312
 10
220.77684010000002
 20
121.730312
 10
220.82804505000001
 20
121.730312
 10
220.88018685
 20
121.730312
 10
220.9335868
 20
121.730312
 10
220.9885739
 20
121.730312
 10
221.04548685
 20
121.730312
  0
LWPOLYLINE
  5
1C4
330
17
100
AcDbEntity
  8
OUTLINE
100
AcDbPolyline
 90
15
 70
0
 10
219.9369743
 20
122.370312
 10
219.96543079999998
 20
122.3210239
 10
219.99292435
 20
122.2734037
 10
220.0196243
 20
122.227158
 10
220.0456952
 20
122.18200185
 10
220.0712977
 20
122.13765705
 10
220.0965895
 20
122.09385040000001
 10
220.1217264
 20
122.05031199999999
 10
220.14686335
 20
122.00677354999999
 10
220.1721551
 20
121.9629669
 10
220.1977576
 20
121.9186221
 10
220.2238285
 20
121.87346595
 10
220.2505285
 20
121.82722025000001
 10
220.27802200000002
 20
121.77960005
 10
220.3064785
 20
121.730312
  0
LWPOLYLINE
  5
1C5
330
17
100
AcDbEntity
  8
OUTLINE
100
AcDbPolyline
 90
13
 70
0
 10
220.57358265
 20
122.370312
 10
220.58730165
 20
122.421512
 10
220.62478265
 20
122.45899299999999
 10
220.67598264999998
 20
122.472712
 10
220.72718265
 20
122.45899299999999
 10
220.76466365
 20
122.421512
 10
220.77838265
 20
122.370312
 10
220.76466365
 20
122.31911199999999
 10
220.72718265
 20
122.281631
 10
220.67598264999998
 20
122.267912
 10
220.62478265
 20
122.281631
 10
220.58730165
 20
122.31911199999999
 10
220.57358265
 20
122.370312
  0
LWPOLYLINE
  5
1C6
330
17
100
AcDbEntity
  8
OUTLINE
100
AcDbPolyline
 90
32
 70
0
 10
83.73598435
 20
212.13502425000001
 10
83.75118755
 20
212.28452935
 10
83.79617465
 20
212.4279137
 10
83.86910395
 20
212.5593071
 10
83.96698965
 20
212.6733303
 10
84.08582435
 20
212.76531525000001
 10
84.22074295
 20
212.83149595
 10
84.3662218
 20
212.86916305
 10
84.51630505
 20
212.8767744
 10
84.6648482
 20
212.8540184
 10
84.80576995
 20
212.80182675
 10
84.9333009
 20
212.7223361
 10
85.04221995
 20
212.6188008
 10
85.12806795
 20
212.4954597
 10
85.1873302
 20
212.35736225
 10
85.21758055
 20
212.2101623
 10
85.21758055
 20
212.0598862
 10
85.1873302
 20
211.91268625
 10
85.12806795
 20
211.77458885
 10
85.04221995
 20
211.6512477
 10
84.9333009
 20
211.54771245
 10
84.80576995
 20
211.4682218
 10
84.6648482
 20
211.4160301
 10
84.51630505
 20
211.39327415
 10
84.3662218
 20
211.40088550000002
 10
84.22074295
 20
211.4385526
 10
84.08582435
 20
211.5047333
 10
83.96698965
 20
211.5967182
 10
83.86910395
 20
211.71074145
 10
83.79617465
 20
211.84213485
 10
83.75118755
 20
211.98551915000002
 10
83.73598435
 20
212.13502425000001
  0
LWPOLYLINE
  5
1C7
330
17
100
AcDbEntity
  8
OUTLINE
100
AcDbPolyline
 90
43
 70
0
 10
85.85368775
 20
212.13502425000001
 10
85.8383301
 20
212.3399574
 10
85.79260035
 20
212.54031265
 10
85.71751995
 20
212.7316144
 10
85.61476605
 20
212.90958935
 10
85.48663405
 20
213.0702618
 10
85.3359862
 20
213.21004255
 10
85.16618775
 20
213.3258092
 10
84.98103165
 20
213.41497565
 10
84.784654
 20
213.47555015
 10
84.5814416
 20
213.5061795
 10
84.37593385
 20
213.5061795
 10
84.17272145
 20
213.47555015
 10
83.97634385
 20
213.41497565
 10
83.79118775
 20
213.3258092
 10
83.62138925
 20
213.21004255
 10
83.4707414
 20
213.0702618
 10
83.3426094
 20
212.90958935
 10
83.23985555
 20
212.7316144
 10
83.16477515
 20
212.54031265
 10
83.11904535
 20
212.3399574
 10
83.10368775
 20
212.13502425000001
 10
83.11904535
 20
211.93009115
 10
83.16477515
 20
211.7297359
 10
83.23985555
 20
211.53843410000002
 10
83.3426094
 20
211.3604592
 10
83.4707414
 20
211.19978675
 10
83.62138925
 20
211.060006
 10
83.79118775
 20
210.94423935
 10
83.97634385
 20
210.85507285
 10
84.17272145
 20
210.7944984
 10
84.37593385
 20
210.76386904999998
 10
84.5814416
 20
210.76386904999998
 10
84.784654
 20
210.7944984
 10
84.98103165
 20
210.85507285
 10
85.16618775
 20
210.94423935
 10
85.3359862
 20
211.060006
 10
85.48663405
 20
211.19978675
 10
85.61476605
 20
211.3604592
 10
85.71751995
 20
211.53843410000002
 10
85.79260035
 20
211.7297359
 10
85.8383301
 20
211.93009115
 10
85.85368775
 20
212.13502425000001
  0
LWPOLYLINE
  5
1C8
330
17
100
AcDbEntity
  8
OUTLINE
100
AcDbPolyline
 90
15
 70
0
 10
84.8481919
 20
212.77502425
 10
84.79127895
 20
212.77502425
 10
84.7362919
 20
212.77502425
 10
84.68289195
 20
212.77502425
 10
84.6307501
 20
212.77502425
 10
84.57954515
 20
212.77502425
 10
84.52896155
 20
212.77502425
 10
84.47868775
 20
212.77502425
 10
84.4284139
 20
212.77502425
 10
84.3778303
 20
212.77502425
 10
84.32662535
 20
212.77502425
 10
84.27448355
 20
212.77502425
 10
84.2210836
 20
212.77502425
 10
84.1660965
 20
212.77502425
 10
84.10918355
 20
212.77502425
  0
LWPOLYLINE
  5
1C9
330
17
100
AcDbEntity
  8
OUTLINE
100
AcDbPolyline
 90
15
 70
0
 10
85.2176961
 20
212.13502425000001
 10
85.1892396
 20
212.18431235
 10
85.16174605
 20
212.2319325
 10
85.1350461
 20
212.27817825
 10
85.1089752
 20
212.3233344
 10
85.0833727
 20
212.3676792
 10
85.0580809
 20
212.41148585
 10
85.032944
 20
212.45502425
 10
85.00780705
 20
212.4985627
 10
84.9825153
 20
212.54236935
 10
84.9569128
 20
212.58671415
 10
84.9308419
 20
212.6318703
 10
84.9041419
 20
212.678116
 10
84.8766484
 20
212.7257362
 10
84.8481919
 20
212.77502425
  0
LWPOLYLINE
  5
1CA
330
17
100
AcDbEntity
  8
OUTLINE
100
AcDbPolyline
 90
15
 70
0
 10
84.8481919
 20
211.49502425
 10
84.8766484
 20
211.54431234999998
 10
84.9041419
 20
211.59193249999998
 10
84.9308419
 20
211.63817825
 10
84.9569128
 20
211.6833344
 10
84.9825153
 20
211.7276792
 10
85.00780705
 20
211.77148585
 10
85.032944
 20
211.81502425
 10
85.0580809
 20
211.8585627
 10
85.0833727
 20
211.90236935000001
 10
85.1089752
 20
211.94671415
 10
85.1350461
 20
211.99187030000002
 10
85.16174605
 20
212.038116
 10
85.1892396
 20
212.08573619999999
 10
85.2176961
 20
212.13502425000001
  0
LWPOLYLINE
  5
1CB
330
17
100
AcDbEntity
  8
OUTLINE
100
AcDbPolyline
 90
15
 70
0
 10
84.10918355
 20
211.49502425
 10
84.1660965
 20
211.49502425
 10
84.2210836
 20
211.49502425
 10
84.27448355
 20
211.49502425
 10
84.32662535
 20
211.49502425
 10
84.3778303
 20
211.49502425
 10
84.4284139
 20
211.49502425
 10
84.47868775
 20
211.49502425
 10
84.52896155
 20
211.49502425
 10
84.57954515
 20
211.49502425
 10
84.6307501
 20
211.49502425
 10
84.68289195
 20
211.49502425
 10
84.7362919
 20
211.49502425
 10
84.79127895
 20
211.49502425
 10
84.8481919
 20
211.49502425
  0
LWPOLYLINE
  5
1CC
330
17
100
AcDbEntity
  8
OUTLINE
100
AcDbPolyline
 90
15
 70
0
 10
83.7396794
 20
212.13502425000001
 10
83.76813585
 20
212.08573619999999
 10
83.7956294
 20
212.038116
 10
83.82232935
 20
211.99187030000002
 10
83.8484003
 20
211.94671415
 10
83.87400275
 20
211.90236935000001
 10
83.89929455
 20
211.8585627
 10
83.9244315
 20
211.81502425
 10
83.9495684
 20
211.77148585
 10
83.9748602
 20
211.7276792
 10
84.00046265
 20
211.6833344
 10
84.0265336
 20
211.63817825
 10
84.05323355
 20
211.59193249999998
 10
84.0807271
 20
211.54431234999998
 10
84.10918355
 20
211.49502425
  0
LWPOLYLINE
  5
1CD
330
17
100
AcDbEntity
  8
OUTLINE
100
AcDbPolyline
 90
15
 70
0
 10
84.10918355
 20
212.77502425
 10
84.0807271
 20
212.7257362
 10
84.05323355
 20
212.678116
 10
84.0265336
 20
212.6318703
 10
84.00046265
 20
212.58671415
 10
83.9748602
 20
212.54236935
 10
83.9495684
 20
212.4985627
 10
83.9244315
 20
212.45502425
 10
83.89929455
 20
212.41148585
 10
83.87400275
 20
212.3676792
 10
83.8484003
 20
212.3233344
 10
83.82232935
 20
212.27817825
 10
83.7956294
 20
212.2319325
 10
83.76813585
 20
212.18431235
 10
83.7396794
 20
212.13502425000001
  0
LWPOLYLINE
  5
1CE
330
17
100
AcDbEntity
  8
OUTLINE
100
AcDbPolyline
 90
15
 70
0
 10
84.8481919
 20
212.77502425
 10
84.79127895
 20
212.77502425
 10
84.7362919
 20
212.77502425
 10
84.68289195
 20
212.77502425
 10
84.6307501
 20
212.77502425
 10
84.57954515
 20
212.77502425
 10
84.52896155
 20
212.77502425
 10
84.47868775
 20
212.77502425
 10
84.4284139
 20
212.77502425
 10
84.3778303
 20
212.77502425
 10
84.32662535
 20
212.77502425
 10
84.27448355
 20
212.77502425
 10
84.2210836
 20
212.77502425
 10
84.1660965
 20
212.77502425
 10
84.10918355
 20
212.77502425
  0
LWPOLYLINE
  5
1CF
330
17
100
AcDbEntity
  8
OUTLINE
100
AcDbPolyline
 90
15
 70
0
 10
85.2176961
 20
212.13502425000001
 10
85.1892396
 20
212.18431235
 10
85.16174605
 20
212.2319325
 10
85.1350461
 20
212.27817825
 10
85.1089752
 20
212.3233344
 10
85.0833727
 20
212.3676792
 10
85.0580809
 20
212.41148585
 10
85.032944
 20
212.45502425
 10
85.00780705
 20
212.4985627
 10
84.9825153
 20
212.54236935
 10
84.9569128
 20
212.58671415
 10
84.9308419
 20
212.6318703
 10
84.9041419
 20
212.678116
 10
84.8766484
 20
212.7257362
 10
84.8481919
 20
212.77502425
  0
LWPOLYLINE
  5
1D0
330
17
100
AcDbEntity
  8
OUTLINE
100
AcDbPolyline
 90
15
 70
0
 10
84.8481919
 20
211.49502425
 10
84.8766484
 20
211.54431234999998
 10
84.9041419
 20
211.59193249999998
 10
84.9308419
 20
211.63817825
 10
84.9569128
 20
211.6833344
 10
84.9825153
 20
211.7276792
 10
85.00780705
 20
211.77148585
 10
85.032944
 20
211.81502425
 10
85.0580809
 20
211.8585627
 10
85.0833727
 20
211.90236935000001
 10
85.1089752
 20
211.94671415
 10
85.1350461
 20
211.99187030000002
 10
85.16174605
 20
212.038116
 10
85.1892396
 20
212.08573619999999
 10
85.2176961
 20
212.13502425000001
  0
LWPOLYLINE
  5
1D1
330
17
100
AcDbEntity
  8
OUTLINE
100
AcDbPolyline
 90
15
 70
0
 10
84.10918355
 20
211.49502425
 10
84.1660965
 20
211.49502425
 10
84.2210836
 20
211.49502425
 10
84.27448355
 20
211.49502425
 10
84.32662535
 20
211.49502425
 10
84.3778303
 20
211.49502425
 10
84.4284139
 20
211.49502425
 10
84.47868775
 20
211.49502425
 10
84.52896155
 20
211.49502425
 10
84.57954515
 20
211.49502425
 10
84.6307501
 20
211.49502425
 10
84.68289195
 20
211.49502425
 10
84.7362919
 20
211.49502425
 10
84.79127895
 20
211.49502425
 10
84.8481919
 20
211.49502425
  0
LWPOLYLINE
  5
1D2
330
17
100
AcDbEntity
  8
OUTLINE
100
AcDbPolyline
 90
15
 70
0
 10
83.7396794
 20
212.13502425000001
 10
83.76813585
 20
212.08573619999999
 10
83.7956294
 20
212.038116
 10
83.82232935
 20
211.99187030000002
 10
83.8484003
 20
211.94671415
 10
83.87400275
 20
211.90236935000001
 10
83.89929455
 20
211.8585627
 10
83.9244315
 20
211.81502425
 10
83.9495684
 20
211.77148585
 10
83.9748602
 20
211.7276792
 10
84.00046265
 20
211.6833344
 10
84.0265336
 20
211.63817825
 10
84.05323355
 20
211.59193249999998
 10
84.0807271
 20
211.54431234999998
 10
84.10918355
 20
211.49502425
  0
LWPOLYLINE
  5
1D3
330
17
100
AcDbEntity
  8
OUTLINE
100
AcDbPolyline
 90
13
 70
0
 10
84.37628775
 20
212.13502425000001
 10
84.39000675
 20
212.18622425
 10
84.42748775
 20
212.22370525
 10
84.47868775
 20
212.23742425
 10
84.52988775
 20
212.22370525
 10
84.56736875
 20
212.18622425
 10
84.58108775
 20
212.13502425000001
 10
84.56736875
 20
212.08382425
 10
84.52988775
 20
212.04634325
 10
84.47868775
 20
212.03262425
 10
84.42748775
 20
212.04634325
 10
84.39000675
 20
212.08382425
 10
84.37628775
 20
212.13502425000001
  0
LWPOLYLINE
  5
1D4
330
17
100
AcDbEntity
  8
OUTLINE
100
AcDbPolyline
 90
32
 70
0
 10
80.58131395
 20
207.629688
 10
80.59651715
 20
207.7791931
 10
80.64150425
 20
207.92257745
 10
80.71443355
 20
208.05397084999998
 10
80.81231925
 20
208.1679941
 10
80.93115395
 20
208.259979
 10
81.06607255
 20
208.3261597
 10
81.2115514
 20
208.3638268
 10
81.36163465
 20
208.37143815000002
 10
81.5101778
 20
208.34868219999998
 10
81.65109955
 20
208.2964905
 10
81.7786305
 20
208.21699985
 10
81.88754955
 20
208.11346455
 10
81.97339755
 20
207.99012345
 10
82.0326598
 20
207.85202605
 10
82.06291015
 20
207.7048261
 10
82.06291015
 20
207.55454995
 10
82.0326598
 20
207.40735
 10
81.97339755
 20
207.26925260000002
 10
81.88754955
 20
207.14591145
 10
81.7786305
 20
207.0423762
 10
81.65109955
 20
206.96288555
 10
81.5101778
 20
206.91069385
 10
81.36163465
 20
206.8879379
 10
81.2115514
 20
206.89554925
 10
81.06607255
 20
206.93321635
 10
80.93115395
 20
206.99939705
 10
80.81231925
 20
207.09138195
 10
80.71443355
 20
207.2054052
 10
80.64150425
 20
207.3367986
 10
80.59651715
 20
207.48018295
 10
80.58131395
 20
207.629688
  0
LWPOLYLINE
  5
1D5
330
17
100
AcDbEntity
  8
OUTLINE
100
AcDbPolyline
 90
43
 70
0
 10
82.69901735
 20
207.629688
 10
82.6836597
 20
207.83462115
 10
82.63792995
 20
208.0349764
 10
82.56284955
 20
208.22627814999998
 10
82.46009565
 20
208.4042531
 10
82.33196365
 20
208.56492555
 10
82.1813158
 20
208.7047063
 10
82.01151735
 20
208.82047295
 10
81.82636125
 20
208.90963945
 10
81.6299836
 20
208.9702139
 10
81.4267712
 20
209.00084325
 10
81.22126345
 20
209.00084325
 10
81.01805105
 20
208.9702139
 10
80.82167345
 20
208.90963945
 10
80.63651735
 20
208.82047295
 10
80.46671885
 20
208.7047063
 10
80.316071
 20
208.56492555
 10
80.187939
 20
208.4042531
 10
80.08518515
 20
208.22627814999998
 10
80.01010475
 20
208.0349764
 10
79.96437495
 20
207.83462115
 10
79.94901735
 20
207.629688
 10
79.96437495
 20
207.4247549
 10
80.01010475
 20
207.22439965
 10
80.08518515
 20
207.0330979
 10
80.187939
 20
206.85512295
 10
80.316071
 20
206.69445050000002
 10
80.46671885
 20
206.55466975000002
 10
80.63651735
 20
206.4389031
 10
80.82167345
 20
206.3497366
 10
81.01805105
 20
206.28916215
 10
81.22126345
 20
206.2585328
 10
81.4267712
 20
206.2585328
 10
81.6299836
 20
206.28916215
 10
81.82636125
 20
206.3497366
 10
82.01151735
 20
206.4389031
 10
82.1813158
 20
206.55466975000002
 10
82.33196365
 20
206.69445050000002
 10
82.46009565
 20
206.85512295
 10
82.56284955
 20
207.0330979
 10
82.63792995
 20
207.22439965
 10
82.6836597
 20
207.4247549
 10
82.69901735
 20
207.629688
  0
LWPOLYLINE
  5
1D6
330
17
100
AcDbEntity
  8
OUTLINE
100
AcDbPolyline
 90
15
 70
0
 10
81.6935215
 20
208.269688
 10
81.63660855
 20
208.269688
 10
81.5816215
 20
208.269688
 10
81.52822155
 20
208.269688
 10
81.4760797
 20
208.269688
 10
81.42487475
 20
208.269688
 10
81.37429115
 20
208.269688
 10
81.32401735
 20
208.269688
 10
81.2737435
 20
208.269688
 10
81.2231599
 20
208.269688
 10
81.17195495
 20
208.269688
 10
81.11981315
 20
208.269688
 10
81.0664132
 20
208.269688
 10
81.0114261
 20
208.269688
 10
80.95451315
 20
208.269688
  0
LWPOLYLINE
  5
1D7
330
17
100
AcDbEntity
  8
OUTLINE
100
AcDbPolyline
 90
15
 70
0
 10
82.0630257
 20
207.629688
 10
82.0345692
 20
207.6789761
 10
82.00707565
 20
207.72659629999998
 10
81.9803757
 20
207.772842
 10
81.9543048
 20
207.81799815
 10
81.9287023
 20
207.86234295
 10
81.9034105
 20
207.9061496
 10
81.8782736
 20
207.949688
 10
81.85313665
 20
207.99322645
 10
81.8278449
 20
208.0370331
 10
81.8022424
 20
208.0813779
 10
81.7761715
 20
208.12653405
 10
81.7494715
 20
208.17277975
 10
81.721978
 20
208.22039995
 10
81.6935215
 20
208.269688
  0
LWPOLYLINE
  5
1D8
330
17
100
AcDbEntity
  8
OUTLINE
100
AcDbPolyline
 90
15
 70
0
 10
81.6935215
 20
206.989688
 10
81.721978
 20
207.0389761
 10
81.7494715
 20
207.0865963
 10
81.7761715
 20
207.13284199999998
 10
81.8022424
 20
207.17799815
 10
81.8278449
 20
207.22234294999998
 10
81.85313665
 20
207.2661496
 10
81.8782736
 20
207.309688
 10
81.9034105
 20
207.35322645
 10
81.9287023
 20
207.3970331
 10
81.9543048
 20
207.4413779
 10
81.9803757
 20
207.48653405
 10
82.00707565
 20
207.53277975
 10
82.0345692
 20
207.58039995000001
 10
82.0630257
 20
207.629688
  0
LWPOLYLINE
  5
1D9
330
17
100
AcDbEntity
  8
OUTLINE
100
AcDbPolyline
 90
15
 70
0
 10
80.95451315
 20
206.989688
 10
81.0114261
 20
206.989688
 10
81.0664132
 20
206.989688
 10
81.11981315
 20
206.989688
 10
81.17195495
 20
206.989688
 10
81.2231599
 20
206.989688
 10
81.2737435
 20
206.989688
 10
81.32401735
 20
206.989688
 10
81.37429115
 20
206.989688
 10
81.42487475
 20
206.989688
 10
81.4760797
 20
206.989688
 10
81.52822155
 20
206.989688
 10
81.5816215
 20
206.989688
 10
81.63660855
 20
206.989688
 10
81.6935215
 20
206.989688
  0
LWPOLYLINE
  5
1DA
330
17
100
AcDbEntity
  8
OUTLINE
100
AcDbPolyline
 90
15
 70
0
 10
80.585009
 20
207.629688
 10
80.61346545
 20
207.58039995000001
 10
80.640959
 20
207.53277975
 10
80.66765895
 20
207.48653405
 10
80.6937299
 20
207.4413779
 10
80.71933235
 20
207.3970331
 10
80.74462415
 20
207.35322645
 10
80.7697611
 20
207.309688
 10
80.794898
 20
207.2661496
 10
80.8201898
 20
207.22234294999998
 10
80.84579225
 20
207.17799815
 10
80.8718632
 20
207.13284199999998
 10
80.89856315
 20
207.0865963
 10
80.9260567
 20
207.0389761
 10
80.95451315
 20
206.989688
  0
LWPOLYLINE
  5
1DB
330
17
100
AcDbEntity
  8
OUTLINE
100
AcDbPolyline
 90
15
 70
0
 10
80.95451315
 20
208.269688
 10
80.9260567
 20
208.22039995
 10
80.89856315
 20
208.17277975
 10
80.8718632
 20
208.12653405
 10
80.84579225
 20
208.0813779
 10
80.8201898
 20
208.0370331
 10
80.794898
 20
207.99322645
 10
80.7697611
 20
207.949688
 10
80.74462415
 20
207.9061496
 10
80.71933235
 20
207.86234295
 10
80.6937299
 20
207.81799815
 10
80.66765895
 20
207.772842
 10
80.640959
 20
207.72659629999998
 10
80.61346545
 20
207.6789761
 10
80.585009
 20
207.629688
  0
LWPOLYLINE
  5
1DC
330
17
100
AcDbEntity
  8
OUTLINE
100
AcDbPolyline
 90
15
 70
0
 10
81.6935215
 20
208.269688
 10
81.63660855
 20
208.269688
 10
81.5816215
 20
208.269688
 10
81.52822155
 20
208.269688
 10
81.4760797
 20
208.269688
 10
81.42487475
 20
208.269688
 10
81.37429115
 20
208.269688
 10
81.32401735
 20
208.269688
 10
81.2737435
 20
208.269688
 10
81.2231599
 20
208.269688
 10
81.17195495
 20
208.269688
 10
81.11981315
 20
208.269688
 10
81.0664132
 20
208.269688
 10
81.0114261
 20
208.269688
 10
80.95451315
 20
208.269688
  0
LWPOLYLINE
  5
1DD
330
17
100
AcDbEntity
  8
OUTLINE
100
AcDbPolyline
 90
15
 70
0
 10
82.0630257
 20
207.629688
 10
82.0345692
 20
207.6789761
 10
82.00707565
 20
207.72659629999998
 10
81.9803757
 20
207.772842
 10
81.9543048
 20
207.81799815
 10
81.9287023
 20
207.86234295
 10
81.9034105
 20
207.9061496
 10
81.8782736
 20
207.949688
 10
81.85313665
 20
207.99322645
 10
81.8278449
 20
208.0370331
 10
81.8022424
 20
208.0813779
 10
81.7761715
 20
208.12653405
 10
81.7494715
 20
208.17277975
 10
81.721978
 20
208.22039995
 10
81.6935215
 20
208.269688
  0
LWPOLYLINE
  5
1DE
330
17
100
AcDbEntity
  8
OUTLINE
100
AcDbPolyline
 90
15
 70
0
 10
81.6935215
 20
206.989688
 10
81.721978
 20
207.0389761
 10
81.7494715
 20
207.0865963
 10
81.7761715
 20
207.13284199999998
 10
81.8022424
 20
207.17799815
 10
81.8278449
 20
207.22234294999998
 10
81.85313665
 20
207.2661496
 10
81.8782736
 20
207.309688
 10
81.9034105
 20
207.35322645
 10
81.9287023
 20
207.3970331
 10
81.9543048
 20
207.4413779
 10
81.9803757
 20
207.48653405
 10
82.00707565
 20
207.53277975
 10
82.0345692
 20
207.58039995000001
 10
82.0630257
 20
207.629688
  0
LWPOLYLINE
  5
1DF
330
17
100
AcDbEntity
  8
OUTLINE
100
AcDbPolyline
 90
15
 70
0
 10
80.95451315
 20
206.989688
 10
81.0114261
 20
206.989688
 10
81.0664132
 20
206.989688
 10
81.11981315
 20
206.989688
 10
81.17195495
 20
206.989688
 10
81.2231599
 20
206.989688
 10
81.2737435
 20
206.989688
 10
81.32401735
 20
206.989688
 10
81.37429115
 20
206.989688
 10
81.42487475
 20
206.989688
 10
81.4760797
 20
206.989688
 10
81.52822155
 20
206.989688
 10
81.5816215
 20
206.989688
 10
81.63660855
 20
206.989688
 10
81.6935215
 20
206.989688
  0
LWPOLYLINE
  5
1E0
330
17
100
AcDbEntity
  8
OUTLINE
100
AcDbPolyline
 90
15
 70
0
 10
80.585009
 20
207.629688
 10
80.61346545
 20
207.58039995000001
 10
80.640959
 20
207.53277975
 10
80.66765895
 20
207.48653405
 10
80.6937299
 20
207.4413779
 10
80.71933235
 20
207.3970331
 10
80.74462415
 20
207.35322645
 10
80.7697611
 20
207.309688
 10
80.794898
 20
207.2661496
 10
80.8201898
 20
207.22234294999998
 10
80.84579225
 20
207.17799815
 10
80.8718632
 20
207.13284199999998
 10
80.89856315
 20
207.0865963
 10
80.9260567
 20
207.0389761
 10
80.95451315
 20
206.989688
  0
LWPOLYLINE
  5
1E1
330
17
100
AcDbEntity
  8
OUTLINE
100
AcDbPolyline
 90
13
 70
0
 10
81.22161735
 20
207.629688
 10
81.23533635
 20
207.680888
 10
81.27281735
 20
207.718369
 10
81.32401735
 20
207.732088
 10
81.37521735
 20
207.718369
 10
81.41269835
 20
207.680888
 10
81.42641735
 20
207.629688
 10
81.41269835
 20
207.578488
 10
81.37521735
 20
207.541007
 10
81.32401735
 20
207.527288
 10
81.27281735
 20
207.541007
 10
81.23533635
 20
207.578488
 10
81.22161735
 20
207.629688
  0
LWPOLYLINE
  5
1E2
330
17
100
AcDbEntity
  8
OUTLINE
100
AcDbPolyline
 90
32
 70
0
 10
80.58131395
 20
122.370312
 10
80.59651715
 20
122.51981705
 10
80.64150425
 20
122.66320139999999
 10
80.71443355
 20
122.7945948
 10
80.81231925
 20
122.90861805
 10
80.93115395
 20
123.00060295
 10
81.06607255
 20
123.06678364999999
 10
81.2115514
 20
123.10445075
 10
81.36163465
 20
123.1120621
 10
81.5101778
 20
123.08930615
 10
81.65109955
 20
123.03711444999999
 10
81.7786305
 20
122.9576238
 10
81.88754955
 20
122.85408855
 10
81.97339755
 20
122.7307474
 10
82.0326598
 20
122.59264999999999
 10
82.06291015
 20
122.44545005
 10
82.06291015
 20
122.29517390000001
 10
82.0326598
 20
122.14797395
 10
81.97339755
 20
122.00987655
 10
81.88754955
 20
121.88653545
 10
81.7786305
 20
121.78300014999999
 10
81.65109955
 20
121.7035095
 10
81.5101778
 20
121.6513178
 10
81.36163465
 20
121.62856185
 10
81.2115514
 20
121.6361732
 10
81.06607255
 20
121.6738403
 10
80.93115395
 20
121.740021
 10
80.81231925
 20
121.8320059
 10
80.71443355
 20
121.94602915
 10
80.64150425
 20
122.07742255
 10
80.59651715
 20
122.2208069
 10
80.58131395
 20
122.370312
  0
LWPOLYLINE
  5
1E3
330
17
100
AcDbEntity
  8
OUTLINE
100
AcDbPolyline
 90
43
 70
0
 10
82.69901735
 20
122.370312
 10
82.6836597
 20
122.57524509999999
 10
82.63792995
 20
122.77560034999999
 10
82.56284955
 20
122.9669021
 10
82.46009565
 20
123.14487704999999
 10
82.33196365
 20
123.3055495
 10
82.1813158
 20
123.44533025
 10
82.01151735
 20
123.5610969
 10
81.82636125
 20
123.6502634
 10
81.6299836
 20
123.71083784999999
 10
81.4267712
 20
123.7414672
 10
81.22126345
 20
123.7414672
 10
81.01805105
 20
123.71083784999999
 10
80.82167345
 20
123.6502634
 10
80.63651735
 20
123.5610969
 10
80.46671885
 20
123.44533025
 10
80.316071
 20
123.3055495
 10
80.187939
 20
123.14487704999999
 10
80.08518515
 20
122.9669021
 10
80.01010475
 20
122.77560034999999
 10
79.96437495
 20
122.57524509999999
 10
79.94901735
 20
122.370312
 10
79.96437495
 20
122.16537885
 10
80.01010475
 20
121.9650236
 10
80.08518515
 20
121.77372185
 10
80.187939
 20
121.5957469
 10
80.316071
 20
121.43507445
 10
80.46671885
 20
121.2952937
 10
80.63651735
 20
121.17952704999999
 10
80.82167345
 20
121.09036055
 10
81.01805105
 20
121.0297861
 10
81.22126345
 20
120.99915675
 10
81.4267712
 20
120.99915675
 10
81.6299836
 20
121.0297861
 10
81.82636125
 20
121.09036055
 10
82.01151735
 20
121.17952704999999
 10
82.1813158
 20
121.2952937
 10
82.33196365
 20
121.43507445
 10
82.46009565
 20
121.5957469
 10
82.56284955
 20
121.77372185
 10
82.63792995
 20
121.9650236
 10
82.6836597
 20
122.16537885
 10
82.69901735
 20
122.370312
  0
LWPOLYLINE
  5
1E4
330
17
100
AcDbEntity
  8
OUTLINE
100
AcDbPolyline
 90
15
 70
0
 10
81.6935215
 20
123.010312
 10
81.63660855
 20
123.010312
 10
81.5816215
 20
123.010312
 10
81.52822155
 20
123.010312
 10
81.4760797
 20
123.010312
 10
81.42487475
 20
123.010312
 10
81.37429115
 20
123.010312
 10
81.32401735
 20
123.010312
 10
81.2737435
 20
123.010312
 10
81.2231599
 20
123.010312
 10
81.17195495
 20
123.010312
 10
81.11981315
 20
123.010312
 10
81.0664132
 20
123.010312
 10
81.0114261
 20
123.010312
 10
80.95451315
 20
123.010312
  0
LWPOLYLINE
  5
1E5
330
17
100
AcDbEntity
  8
OUTLINE
100
AcDbPolyline
 90
15
 70
0
 10
82.0630257
 20
122.370312
 10
82.0345692
 20
122.41960005
 10
82.00707565
 20
122.46722025
 10
81.9803757
 20
122.51346595
 10
81.9543048
 20
122.55862210000001
 10
81.9287023
 20
122.6029669
 10
81.9034105
 20
122.64677355
 10
81.8782736
 20
122.690312
 10
81.85313665
 20
122.7338504
 10
81.8278449
 20
122.77765705
 10
81.8022424
 20
122.82200184999999
 10
81.7761715
 20
122.867158
 10
81.7494715
 20
122.9134037
 10
81.721978
 20
122.9610239
 10
81.6935215
 20
123.010312
  0
LWPOLYLINE
  5
1E6
330
17
100
AcDbEntity
  8
OUTLINE
100
AcDbPolyline
 90
15
 70
0
 10
81.6935215
 20
121.730312
 10
81.721978
 20
121.77960005
 10
81.7494715
 20
121.82722025000001
 10
81.7761715
 20
121.87346595
 10
81.8022424
 20
121.9186221
 10
81.8278449
 20
121.9629669
 10
81.85313665
 20
122.00677354999999
 10
81.8782736
 20
122.05031199999999
 10
81.9034105
 20
122.09385040000001
 10
81.9287023
 20
122.13765705
 10
81.9543048
 20
122.18200185
 10
81.9803757
 20
122.227158
 10
82.00707565
 20
122.2734037
 10
82.0345692
 20
122.3210239
 10
82.0630257
 20
122.370312
  0
LWPOLYLINE
  5
1E7
330
17
100
AcDbEntity
  8
OUTLINE
100
AcDbPolyline
 90
15
 70
0
 10
80.95451315
 20
121.730312
 10
81.0114261
 20
121.730312
 10
81.0664132
 20
121.730312
 10
81.11981315
 20
121.730312
 10
81.17195495
 20
121.730312
 10
81.2231599
 20
121.730312
 10
81.2737435
 20
121.730312
 10
81.32401735
 20
121.730312
 10
81.37429115
 20
121.730312
 10
81.42487475
 20
121.730312
 10
81.4760797
 20
121.730312
 10
81.52822155
 20
121.730312
 10
81.5816215
 20
121.730312
 10
81.63660855
 20
121.730312
 10
81.6935215
 20
121.730312
  0
LWPOLYLINE
  5
1E8
330
17
100
AcDbEntity
  8
OUTLINE
100
AcDbPolyline
 90
15
 70
0
 10
80.585009
 20
122.370312
 10
80.61346545
 20
122.3210239
 10
80.640959
 20
122.2734037
 10
80.66765895
 20
122.227158
 10
80.6937299
 20
122.18200185
 10
80.71933235
 20
122.13765705
 10
80.74462415
 20
122.09385040000001
 10
80.7697611
 20
122.05031199999999
 10
80.794898
 20
122.00677354999999
 10
80.8201898
 20
121.9629669
 10
80.84579225
 20
121.9186221
 10
80.8718632
 20
121.87346595
 10
80.89856315
 20
121.82722025000001
 10
80.9260567
 20
121.77960005
 10
80.95451315
 20
121.730312
  0
LWPOLYLINE
  5
1E9
330
17
100
AcDbEntity
  8
OUTLINE
100
AcDbPolyline
 90
15
 70
0
 10
80.95451315
 20
123.010312
 10
80.9260567
 20
122.9610239
 10
80.89856315
 20
122.9134037
 10
80.8718632
 20
122.867158
 10
80.84579225
 20
122.82200184999999
 10
80.8201898
 20
122.77765705
 10
80.794898
 20
122.7338504
 10
80.7697611
 20
122.690312
 10
80.74462415
 20
122.64677355
 10
80.71933235
 20
122.6029669
 10
80.6937299
 20
122.55862210000001
 10
80.66765895
 20
122.51346595
 10
80.640959
 20
122.46722025
 10
80.61346545
 20
122.41960005
 10
80.585009
 20
122.370312
  0
LWPOLYLINE
  5
1EA
330
17
100
AcDbEntity
  8
OUTLINE
100
AcDbPolyline
 90
15
 70
0
 10
81.6935215
 20
123.010312
 10
81.63660855
 20
123.010312
 10
81.5816215
 20
123.010312
 10
81.52822155
 20
123.010312
 10
81.4760797
 20
123.010312
 10
81.42487475
 20
123.010312
 10
81.37429115
 20
123.010312
 10
81.32401735
 20
123.010312
 10
81.2737435
 20
123.010312
 10
81.2231599
 20
123.010312
 10
81.17195495
 20
123.010312
 10
81.11981315
 20
123.010312
 10
81.0664132
 20
123.010312
 10
81.0114261
 20
123.010312
 10
80.95451315
 20
123.010312
  0
LWPOLYLINE
  5
1EB
330
17
100
AcDbEntity
  8
OUTLINE
100
AcDbPolyline
 90
15
 70
0
 10
82.0630257
 20
122.370312
 10
82.0345692
 20
122.41960005
 10
82.00707565
 20
122.46722025
 10
81.9803757
 20
122.51346595
 10
81.9543048
 20
122.55862210000001
 10
81.9287023
 20
122.6029669
 10
81.9034105
 20
122.64677355
 10
81.8782736
 20
122.690312
 10
81.85313665
 20
122.7338504
 10
81.8278449
 20
122.77765705
 10
81.8022424
 20
122.82200184999999
 10
81.7761715
 20
122.867158
 10
81.7494715
 20
122.9134037
 10
81.721978
 20
122.9610239
 10
81.6935215
 20
123.010312
  0
LWPOLYLINE
  5
1EC
330
17
100
AcDbEntity
  8
OUTLINE
100
AcDbPolyline
 90
15
 70
0
 10
81.6935215
 20
121.730312
 10
81.721978
 20
121.77960005
 10
81.7494715
 20
121.82722025000001
 10
81.7761715
 20
121.87346595
 10
81.8022424
 20
121.9186221
 10
81.8278449
 20
121.9629669
 10
81.85313665
 20
122.00677354999999
 10
81.8782736
 20
122.05031199999999
 10
81.9034105
 20
122.09385040000001
 10
81.9287023
 20
122.13765705
 10
81.9543048
 20
122.18200185
 10
81.9803757
 20
122.227158
 10
82.00707565
 20
122.2734037
 10
82.0345692
 20
122.3210239
 10
82.0630257
 20
122.370312
  0
LWPOLYLINE
  5
1ED
330
17
100
AcDbEntity
  8
OUTLINE
100
AcDbPolyline
 90
15
 70
0
 10
80.95451315
 20
121.730312
 10
81.0114261
 20
121.730312
 10
81.0664132
 20
121.730312
 10
81.11981315
 20
121.730312
 10
81.17195495
 20
121.730312
 10
81.2231599
 20
121.730312
 10
81.2737435
 20
121.730312
 10
81.32401735
 20
121.730312
 10
81.37429115
 20
121.730312
 10
81.42487475
 20
121.730312
 10
81.4760797
 20
121.730312
 10
81.52822155
 20
121.730312
 10
81.5816215
 20
121.730312
 10
81.63660855
 20
121.730312
 10
81.6935215
 20
121.730312
  0
LWPOLYLINE
  5
1EE
330
17
100
AcDbEntity
  8
OUTLINE
100
AcDbPolyline
 90
15
 70
0
 10
80.585009
 20
122.370312
 10
80.61346545
 20
122.3210239
 10
80.640959
 20
122.2734037
 10
80.66765895
 20
122.227158
 10
80.6937299
 20
122.18200185
 10
80.71933235
 20
122.13765705
 10
80.74462415
 20
122.09385040000001
 10
80.7697611
 20
122.05031199999999
 10
80.794898
 20
122.00677354999999
 10
80.8201898
 20
121.9629669
 10
80.84579225
 20
121.9186221
 10
80.8718632
 20
121.87346595
 10
80.89856315
 20
121.82722025000001
 10
80.9260567
 20
121.77960005
 10
80.95451315
 20
121.730312
  0
LWPOLYLINE
  5
1EF
330
17
100
AcDbEntity
  8
OUTLINE
100
AcDbPolyline
 90
13
 70
0
 10
81.22161735
 20
122.370312
 10
81.23533635
 20
122.421512
 10
81.27281735
 20
122.45899299999999
 10
81.32401735
 20
122.472712
 10
81.37521735
 20
122.45899299999999
 10
81.41269835
 20
122.421512
 10
81.42641735
 20
122.370312
 10
81.41269835
 20
122.31911199999999
 10
81.37521735
 20
122.281631
 10
81.32401735
 20
122.267912
 10
81.27281735
 20
122.281631
 10
81.23533635
 20
122.31911199999999
 10
81.22161735
 20
122.370312
  0
LWPOLYLINE
  5
1F0
330
17
100
AcDbEntity
  8
OUTLINE
100
AcDbPolyline
 90
32
 70
0
 10
83.73598435
 20
117.86497575
 10
83.75118755
 20
118.01448085
 10
83.79617465
 20
118.15786514999999
 10
83.86910395
 20
118.28925855
 10
83.96698965
 20
118.4032818
 10
84.08582435
 20
118.4952667
 10
84.22074295
 20
118.56144739999999
 10
84.3662218
 20
118.5991145
 10
84.51630505
 20
118.60672585
 10
84.6648482
 20
118.5839699
 10
84.80576995
 20
118.53177819999999
 10
84.9333009
 20
118.45228755
 10
85.04221995
 20
118.3487523
 10
85.12806795
 20
118.22541115
 10
85.1873302
 20
118.08731374999999
 10
85.21758055
 20
117.9401138
 10
85.21758055
 20
117.78983769999999
 10
85.1873302
 20
117.64263775
 10
85.12806795
 20
117.5045403
 10
85.04221995
 20
117.3811992
 10
84.9333009
 20
117.2776639
 10
84.80576995
 20
117.19817325
 10
84.6648482
 20
117.1459816
 10
84.51630505
 20
117.1232256
 10
84.3662218
 20
117.13083695
 10
84.22074295
 20
117.16850405
 10
84.08582435
 20
117.23468475
 10
83.96698965
 20
117.3266697
 10
83.86910395
 20
117.4406929
 10
83.79617465
 20
117.5720863
 10
83.75118755
 20
117.71547065
 10
83.73598435
 20
117.86497575
  0
LWPOLYLINE
  5
1F1
330
17
100
AcDbEntity
  8
OUTLINE
100
AcDbPolyline
 90
43
 70
0
 10
85.85368775
 20
117.86497575
 10
85.8383301
 20
118.06990884999999
 10
85.79260035
 20
118.27026409999999
 10
85.71751995
 20
118.4615659
 10
85.61476605
 20
118.63954079999999
 10
85.48663405
 20
118.80021325
 10
85.3359862
 20
118.939994
 10
85.16618775
 20
119.05576065
 10
84.98103165
 20
119.14492715
 10
84.784654
 20
119.20550159999999
 10
84.5814416
 20
119.23613095
 10
84.37593385
 20
119.23613095
 10
84.17272145
 20
119.20550159999999
 10
83.97634385
 20
119.14492715
 10
83.79118775
 20
119.05576065
 10
83.62138925
 20
118.939994
 10
83.4707414
 20
118.80021325
 10
83.3426094
 20
118.63954079999999
 10
83.23985555
 20
118.4615659
 10
83.16477515
 20
118.27026409999999
 10
83.11904535
 20
118.06990884999999
 10
83.10368775
 20
117.86497575
 10
83.11904535
 20
117.6600426
 10
83.16477515
 20
117.45968735
 10
83.23985555
 20
117.2683856
 10
83.3426094
 20
117.09041065
 10
83.4707414
 20
116.9297382
 10
83.62138925
 20
116.78995745
 10
83.79118775
 20
116.67419079999999
 10
83.97634385
 20
116.58502435
 10
84.17272145
 20
116.52444985
 10
84.37593385
 20
116.4938205
 10
84.5814416
 20
116.4938205
 10
84.784654
 20
116.52444985
 10
84.98103165
 20
116.58502435
 10
85.16618775
 20
116.67419079999999
 10
85.3359862
 20
116.78995745
 10
85.48663405
 20
116.9297382
 10
85.61476605
 20
117.09041065
 10
85.71751995
 20
117.2683856
 10
85.79260035
 20
117.45968735
 10
85.8383301
 20
117.6600426
 10
85.85368775
 20
117.86497575
  0
LWPOLYLINE
  5
1F2
330
17
100
AcDbEntity
  8
OUTLINE
100
AcDbPolyline
 90
15
 70
0
 10
84.8481919
 20
118.50497575
 10
84.79127895
 20
118.50497575
 10
84.7362919
 20
118.50497575
 10
84.68289195
 20
118.50497575
 10
84.6307501
 20
118.50497575
 10
84.57954515
 20
118.50497575
 10
84.52896155
 20
118.50497575
 10
84.47868775
 20
118.50497575
 10
84.4284139
 20
118.50497575
 10
84.3778303
 20
118.50497575
 10
84.32662535
 20
118.50497575
 10
84.27448355
 20
118.50497575
 10
84.2210836
 20
118.50497575
 10
84.1660965
 20
118.50497575
 10
84.10918355
 20
118.50497575
  0
LWPOLYLINE
  5
1F3
330
17
100
AcDbEntity
  8
OUTLINE
100
AcDbPolyline
 90
15
 70
0
 10
85.2176961
 20
117.86497575
 10
85.1892396
 20
117.9142638
 10
85.16174605
 20
117.961884
 10
85.1350461
 20
118.0081297
 10
85.1089752
 20
118.05328585000001
 10
85.0833727
 20
118.09763065
 10
85.0580809
 20
118.1414373
 10
85.032944
 20
118.18497575
 10
85.00780705
 20
118.22851415
 10
84.9825153
 20
118.2723208
 10
84.9569128
 20
118.3166656
 10
84.9308419
 20
118.36182174999999
 10
84.9041419
 20
118.4080675
 10
84.8766484
 20
118.45568765
 10
84.8481919
 20
118.50497575
  0
LWPOLYLINE
  5
1F4
330
17
100
AcDbEntity
  8
OUTLINE
100
AcDbPolyline
 90
15
 70
0
 10
84.8481919
 20
117.22497575
 10
84.8766484
 20
117.2742638
 10
84.9041419
 20
117.321884
 10
84.9308419
 20
117.3681297
 10
84.9569128
 20
117.41328585
 10
84.9825153
 20
117.45763065
 10
85.00780705
 20
117.50143729999999
 10
85.032944
 20
117.54497574999999
 10
85.0580809
 20
117.58851415000001
 10
85.0833727
 20
117.6323208
 10
85.1089752
 20
117.6766656
 10
85.1350461
 20
117.72182175
 10
85.16174605
 20
117.7680675
 10
85.1892396
 20
117.81568765
 10
85.2176961
 20
117.86497575
  0
LWPOLYLINE
  5
1F5
330
17
100
AcDbEntity
  8
OUTLINE
100
AcDbPolyline
 90
15
 70
0
 10
84.10918355
 20
117.22497575
 10
84.1660965
 20
117.22497575
 10
84.2210836
 20
117.22497575
 10
84.27448355
 20
117.22497575
 10
84.32662535
 20
117.22497575
 10
84.3778303
 20
117.22497575
 10
84.4284139
 20
117.22497575
 10
84.47868775
 20
117.22497575
 10
84.52896155
 20
117.22497575
 10
84.57954515
 20
117.22497575
 10
84.6307501
 20
117.22497575
 10
84.68289195
 20
117.22497575
 10
84.7362919
 20
117.22497575
 10
84.79127895
 20
117.22497575
 10
84.8481919
 20
117.22497575
  0
LWPOLYLINE
  5
1F6
330
17
100
AcDbEntity
  8
OUTLINE
100
AcDbPolyline
 90
15
 70
0
 10
83.7396794
 20
117.86497575
 10
83.76813585
 20
117.81568765
 10
83.7956294
 20
117.7680675
 10
83.82232935
 20
117.72182175
 10
83.8484003
 20
117.6766656
 10
83.87400275
 20
117.6323208
 10
83.89929455
 20
117.58851415000001
 10
83.9244315
 20
117.54497574999999
 10
83.9495684
 20
117.50143729999999
 10
83.9748602
 20
117.45763065
 10
84.00046265
 20
117.41328585
 10
84.0265336
 20
117.3681297
 10
84.05323355
 20
117.321884
 10
84.0807271
 20
117.2742638
 10
84.10918355
 20
117.22497575
  0
LWPOLYLINE
  5
1F7
330
17
100
AcDbEntity
  8
OUTLINE
100
AcDbPolyline
 90
15
 70
0
 10
84.10918355
 20
118.50497575
 10
84.0807271
 20
118.45568765
 10
84.05323355
 20
118.4080675
 10
84.0265336
 20
118.36182174999999
 10
84.00046265
 20
118.3166656
 10
83.9748602
 20
118.2723208
 10
83.9495684
 20
118.22851415
 10
83.9244315
 20
118.18497575
 10
83.89929455
 20
118.1414373
 10
83.87400275
 20
118.09763065
 10
83.8484003
 20
118.05328585000001
 10
83.82232935
 20
118.0081297
 10
83.7956294
 20
117.961884
 10
83.76813585
 20
117.9142638
 10
83.7396794
 20
117.86497575
  0
LWPOLYLINE
  5
1F8
330
17
100
AcDbEntity
  8
OUTLINE
100
AcDbPolyline
 90
15
 70
0
 10
84.8481919
 20
118.50497575
 10
84.79127895
 20
118.50497575
 10
84.7362919
 20
118.50497575
 10
84.68289195
 20
118.50497575
 10
84.6307501
 20
118.50497575
 10
84.57954515
 20
118.50497575
 10
84.52896155
 20
118.50497575
 10
84.47868775
 20
118.50497575
 10
84.4284139
 20
118.50497575
 10
84.3778303
 20
118.50497575
 10
84.32662535
 20
118.50497575
 10
84.27448355
 20
118.50497575
 10
84.2210836
 20
118.50497575
 10
84.1660965
 20
118.50497575
 10
84.10918355
 20
118.50497575
  0
LWPOLYLINE
  5
1F9
330
17
100
AcDbEntity
  8
OUTLINE
100
AcDbPolyline
 90
15
 70
0
 10
85.2176961
 20
117.86497575
 10
85.1892396
 20
117.9142638
 10
85.16174605
 20
117.961884
 10
85.1350461
 20
118.0081297
 10
85.1089752
 20
118.05328585000001
 10
85.0833727
 20
118.09763065
 10
85.0580809
 20
118.1414373
 10
85.032944
 20
118.18497575
 10
85.00780705
 20
118.22851415
 10
84.9825153
 20
118.2723208
 10
84.9569128
 20
118.3166656
 10
84.9308419
 20
118.36182174999999
 10
84.9041419
 20
118.4080675
 10
84.8766484
 20
118.45568765
 10
84.8481919
 20
118.50497575
  0
LWPOLYLINE
  5
1FA
330
17
100
AcDbEntity
  8
OUTLINE
100
AcDbPolyline
 90
15
 70
0
 10
84.8481919
 20
117.22497575
 10
84.8766484
 20
117.2742638
 10
84.9041419
 20
117.321884
 10
84.9308419
 20
117.3681297
 10
84.9569128
 20
117.41328585
 10
84.9825153
 20
117.45763065
 10
85.00780705
 20
117.50143729999999
 10
85.032944
 20
117.54497574999999
 10
85.0580809
 20
117.58851415000001
 10
85.0833727
 20
117.6323208
 10
85.1089752
 20
117.6766656
 10
85.1350461
 20
117.72182175
 10
85.16174605
 20
117.7680675
 10
85.1892396
 20
117.81568765
 10
85.2176961
 20
117.86497575
  0
LWPOLYLINE
  5
1FB
330
17
100
AcDbEntity
  8
OUTLINE
100
AcDbPolyline
 90
15
 70
0
 10
84.10918355
 20
117.22497575
 10
84.1660965
 20
117.22497575
 10
84.2210836
 20
117.22497575
 10
84.27448355
 20
117.22497575
 10
84.32662535
 20
117.22497575
 10
84.3778303
 20
117.22497575
 10
84.4284139
 20
117.22497575
 10
84.47868775
 20
117.22497575
 10
84.52896155
 20
117.22497575
 10
84.57954515
 20
117.22497575
 10
84.6307501
 20
117.22497575
 10
84.68289195
 20
117.22497575
 10
84.7362919
 20
117.22497575
 10
84.79127895
 20
117.22497575
 10
84.8481919
 20
117.22497575
  0
LWPOLYLINE
  5
1FC
330
17
100
AcDbEntity
  8
OUTLINE
100
AcDbPolyline
 90
15
 70
0
 10
83.7396794
 20
117.86497575
 10
83.76813585
 20
117.81568765
 10
83.7956294
 20
117.7680675
 10
83.82232935
 20
117.72182175
 10
83.8484003
 20
117.6766656
 10
83.87400275
 20
117.6323208
 10
83.89929455
 20
117.58851415000001
 10
83.9244315
 20
117.54497574999999
 10
83.9495684
 20
117.50143729999999
 10
83.9748602
 20
117.45763065
 10
84.00046265
 20
117.41328585
 10
84.0265336
 20
117.3681297
 10
84.05323355
 20
117.321884
 10
84.0807271
 20
117.2742638
 10
84.10918355
 20
117.22497575
  0
LWPOLYLINE
  5
1FD
330
17
100
AcDbEntity
  8
OUTLINE
100
AcDbPolyline
 90
13
 70
0
 10
84.37628775
 20
117.86497575
 10
84.39000675
 20
117.91617575000001
 10
84.42748775
 20
117.95365675
 10
84.47868775
 20
117.96737575
 10
84.52988775
 20
117.95365675
 10
84.56736875
 20
117.91617575000001
 10
84.58108775
 20
117.86497575
 10
84.56736875
 20
117.81377574999999
 10
84.52988775
 20
117.77629475
 10
84.47868775
 20
117.76257575
 10
84.42748775
 20
117.77629475
 10
84.39000675
 20
117.81377574999999
 10
84.37628775
 20
117.86497575
  0
LWPOLYLINE
  5
1FE
330
17
100
AcDbEntity
  8
OUTLINE
100
AcDbPolyline
 90
15
 70
0
 10
25.5
 20
79.0
 10
25.5
 20
79.17354495
 10
25.5
 20
79.34490745
 10
25.5
 20
79.51193255
 10
25.5
 20
79.6725198
 10
25.5
 20
79.8246497
 10
25.5
 20
79.9664092
 10
25.5
 20
80.0960155
 10
25.5
 20
80.2118388
 10
25.5
 20
80.3124225
 10
25.5
 20
80.39650175
 10
25.5
 20
80.46301915
 10
25.5
 20
80.51113825
 10
25.5
 20
80.54025395
 10
25.5
 20
80.55
  0
LWPOLYLINE
  5
1FF
330
17
100
AcDbEntity
  8
OUTLINE
100
AcDbPolyline
 90
15
 70
0
 10
25.5
 20
80.55
 10
25.5
 20
80.5463502
 10
25.5
 20
80.53541805
 10
25.5
 20
80.517255
 10
25.5
 20
80.49194655
 10
25.5
 20
80.45961195
 10
25.5
 20
80.4204035
 10
25.5
 20
80.37450575
 10
25.5
 20
80.3221349
 10
25.5
 20
80.2635376
 10
25.5
 20
80.1989898
 10
25.5
 20
80.1287955
 10
25.5
 20
80.05328525
 10
25.5
 20
79.9728146
 10
25.5
 20
79.88776265
  0
LWPOLYLINE
  5
200
330
17
100
AcDbEntity
  8
OUTLINE
100
AcDbPolyline
 90
15
 70
0
 10
25.5
 20
78.11223735
 10
25.5
 20
78.0271854
 10
25.5
 20
77.94671475
 10
25.5
 20
77.8712045
 10
25.5
 20
77.8010102
 10
25.5
 20
77.7364624
 10
25.5
 20
77.6778651
 10
25.5
 20
77.62549425
 10
25.5
 20
77.5795965
 10
25.5
 20
77.54038805
 10
25.5
 20
77.50805345
 10
25.5
 20
77.482745
 10
25.5
 20
77.46458195
 10
25.5
 20
77.4536498
 10
25.5
 20
77.45
  0
LWPOLYLINE
  5
201
330
17
100
AcDbEntity
  8
OUTLINE
100
AcDbPolyline
 90
15
 70
0
 10
25.5
 20
77.45
 10
25.5
 20
77.45974605
 10
25.5
 20
77.48886175
 10
25.5
 20
77.53698085
 10
25.5
 20
77.60349825
 10
25.5
 20
77.6875775
 10
25.5
 20
77.7881612
 10
25.5
 20
77.9039845
 10
25.5
 20
78.0335908
 10
25.5
 20
78.1753503
 10
25.5
 20
78.3274802
 10
25.5
 20
78.48806745
 10
25.5
 20
78.65509255
 10
25.5
 20
78.82645505
 10
25.5
 20
79.0
  0
LWPOLYLINE
  5
202
330
17
100
AcDbEntity
  8
OUTLINE
100
AcDbPolyline
 90
15
 70
0
 10
27.382499999999993
 20
79.0
 10
27.382499999999993
 20
79.19593785
 10
27.382499999999993
 20
79.38941165
 10
27.382499999999993
 20
79.57798835
 10
27.382499999999993
 20
79.75929655
 10
27.382499999999993
 20
79.93105615
 10
27.382499999999993
 20
80.09110715
 10
27.382499999999993
 20
80.23743685
 10
27.382499999999993
 20
80.3682051
 10
27.382499999999993
 20
80.48176735
 10
27.382499999999993
 20
80.5766955
 10
27.382499999999993
 20
80.65179585
 10
27.382499999999993
 20
80.70612385
 10
27.382499999999993
 20
80.73899635
 10
27.382499999999993
 20
80.75
  0
LWPOLYLINE
  5
203
330
17
100
AcDbEntity
  8
OUTLINE
100
AcDbPolyline
 90
15
 70
0
 10
27.382499999999993
 20
77.25
 10
27.382499999999993
 20
77.26100365
 10
27.382499999999993
 20
77.29387615
 10
27.382499999999993
 20
77.34820415
 10
27.382499999999993
 20
77.4233045
 10
27.382499999999993
 20
77.51823265
 10
27.382499999999993
 20
77.6317949
 10
27.382499999999993
 20
77.76256315
 10
27.382499999999993
 20
77.90889285
 10
27.382499999999993
 20
78.06894385
 10
27.382499999999993
 20
78.24070345
 10
27.382499999999993
 20
78.42201165
 10
27.382499999999993
 20
78.61058835
 10
27.382499999999993
 20
78.80406215
 10
27.382499999999993
 20
79.0
  0
LWPOLYLINE
  5
204
330
17
100
AcDbEntity
  8
OUTLINE
100
AcDbPolyline
 90
15
 70
0
 10
276.5
 20
79.88776265
 10
276.5
 20
79.9728146
 10
276.5
 20
80.05328525
 10
276.5
 20
80.1287955
 10
276.5
 20
80.1989898
 10
276.5
 20
80.2635376
 10
276.5
 20
80.3221349
 10
276.5
 20
80.37450575
 10
276.5
 20
80.4204035
 10
276.5
 20
80.45961195
 10
276.5
 20
80.49194655
 10
276.5
 20
80.517255
 10
276.5
 20
80.53541805
 10
276.5
 20
80.5463502
 10
276.5
 20
80.55
  0
LWPOLYLINE
  5
205
330
17
100
AcDbEntity
  8
OUTLINE
100
AcDbPolyline
 90
15
 70
0
 10
276.5
 20
80.55
 10
276.5
 20
80.51113825
 10
276.5
 20
80.39650175
 10
276.5
 20
80.2118388
 10
276.5
 20
79.9664092
 10
276.5
 20
79.6725198
 10
276.5
 20
79.34490745
 10
276.5
 20
79.0
 10
276.5
 20
78.65509255
 10
276.5
 20
78.3274802
 10
276.5
 20
78.0335908
 10
276.5
 20
77.7881612
 10
276.5
 20
77.60349825
 10
276.5
 20
77.48886175
 10
276.5
 20
77.45
  0
LWPOLYLINE
  5
206
330
17
100
AcDbEntity
  8
OUTLINE
100
AcDbPolyline
 90
15
 70
0
 10
276.5
 20
77.45
 10
276.5
 20
77.4536498
 10
276.5
 20
77.46458195
 10
276.5
 20
77.482745
 10
276.5
 20
77.50805345
 10
276.5
 20
77.54038805
 10
276.5
 20
77.5795965
 10
276.5
 20
77.62549425
 10
276.5
 20
77.6778651
 10
276.5
 20
77.7364624
 10
276.5
 20
77.8010102
 10
276.5
 20
77.8712045
 10
276.5
 20
77.94671475
 10
276.5
 20
78.0271854
 10
276.5
 20
78.11223735
  0
LWPOLYLINE
  5
207
330
17
100
AcDbEntity
  8
OUTLINE
100
AcDbPolyline
 90
15
 70
0
 10
276.5
 20
78.11223735
 10
276.5
 20
78.1178194
 10
276.5
 20
78.1344954
 10
276.5
 20
78.16205565
 10
276.5
 20
78.2001535
 10
276.5
 20
78.2483099
 10
276.5
 20
78.3059192
 10
276.5
 20
78.372257
 10
276.5
 20
78.44648905
 10
276.5
 20
78.5276818
 10
276.5
 20
78.61481425
 10
276.5
 20
78.7067906
 10
276.5
 20
78.80245425
 10
276.5
 20
78.9006021
 10
276.5
 20
79.0
  0
LWPOLYLINE
  5
208
330
17
100
AcDbEntity
  8
OUTLINE
100
AcDbPolyline
 90
15
 70
0
 10
274.6175
 20
80.75
 10
274.6175
 20
80.70612385
 10
274.6175
 20
80.5766955
 10
274.6175
 20
80.3682051
 10
274.6175
 20
80.09110715
 10
274.6175
 20
79.75929655
 10
274.6175
 20
79.38941165
 10
274.6175
 20
79.0
 10
274.6175
 20
78.61058835
 10
274.6175
 20
78.24070345
 10
274.6175
 20
77.90889285
 10
274.6175
 20
77.6317949
 10
274.6175
 20
77.4233045
 10
274.6175
 20
77.29387615
 10
274.6175
 20
77.25
  0
LWPOLYLINE
  5
209
330
17
100
AcDbEntity
  8
OUTLINE
100
AcDbPolyline
 90
15
 70
0
 10
25.5
 20
251.0
 10
25.5
 20
251.17354495
 10
25.5
 20
251.34490745
 10
25.5
 20
251.51193254999998
 10
25.5
 20
251.6725198
 10
25.5
 20
251.8246497
 10
25.5
 20
251.9664092
 10
25.5
 20
252.0960155
 10
25.5
 20
252.2118388
 10
25.5
 20
252.3124225
 10
25.5
 20
252.39650175
 10
25.5
 20
252.46301914999998
 10
25.5
 20
252.51113825
 10
25.5
 20
252.54025395
 10
25.5
 20
252.55
  0
LWPOLYLINE
  5
20A
330
17
100
AcDbEntity
  8
OUTLINE
100
AcDbPolyline
 90
15
 70
0
 10
25.5
 20
252.55
 10
25.5
 20
252.5463502
 10
25.5
 20
252.53541805
 10
25.5
 20
252.517255
 10
25.5
 20
252.49194655
 10
25.5
 20
252.45961195
 10
25.5
 20
252.42040350000002
 10
25.5
 20
252.37450575
 10
25.5
 20
252.32213489999998
 10
25.5
 20
252.2635376
 10
25.5
 20
252.1989898
 10
25.5
 20
252.1287955
 10
25.5
 20
252.05328525
 10
25.5
 20
251.9728146
 10
25.5
 20
251.88776265
  0
LWPOLYLINE
  5
20B
330
17
100
AcDbEntity
  8
OUTLINE
100
AcDbPolyline
 90
15
 70
0
 10
25.5
 20
250.11223735
 10
25.5
 20
250.0271854
 10
25.5
 20
249.94671475
 10
25.5
 20
249.8712045
 10
25.5
 20
249.8010102
 10
25.5
 20
249.7364624
 10
25.5
 20
249.67786510000002
 10
25.5
 20
249.62549425
 10
25.5
 20
249.57959649999998
 10
25.5
 20
249.54038805
 10
25.5
 20
249.50805345
 10
25.5
 20
249.482745
 10
25.5
 20
249.46458195
 10
25.5
 20
249.4536498
 10
25.5
 20
249.45
  0
LWPOLYLINE
  5
20C
330
17
100
AcDbEntity
  8
OUTLINE
100
AcDbPolyline
 90
15
 70
0
 10
25.5
 20
249.45
 10
25.5
 20
249.45974605
 10
25.5
 20
249.48886175
 10
25.5
 20
249.53698085000002
 10
25.5
 20
249.60349825
 10
25.5
 20
249.6875775
 10
25.5
 20
249.7881612
 10
25.5
 20
249.9039845
 10
25.5
 20
250.0335908
 10
25.5
 20
250.1753503
 10
25.5
 20
250.3274802
 10
25.5
 20
250.48806745000002
 10
25.5
 20
250.65509255
 10
25.5
 20
250.82645505
 10
25.5
 20
251.0
  0
LWPOLYLINE
  5
20D
330
17
100
AcDbEntity
  8
OUTLINE
100
AcDbPolyline
 90
15
 70
0
 10
27.382499999999993
 20
251.0
 10
27.382499999999993
 20
251.19593785
 10
27.382499999999993
 20
251.38941165
 10
27.382499999999993
 20
251.57798835
 10
27.382499999999993
 20
251.75929655
 10
27.382499999999993
 20
251.93105615000002
 10
27.382499999999993
 20
252.09110715
 10
27.382499999999993
 20
252.23743685
 10
27.382499999999993
 20
252.3682051
 10
27.382499999999993
 20
252.48176734999998
 10
27.382499999999993
 20
252.5766955
 10
27.382499999999993
 20
252.65179584999998
 10
27.382499999999993
 20
252.70612384999998
 10
27.382499999999993
 20
252.73899634999998
 10
27.382499999999993
 20
252.75
  0
LWPOLYLINE
  5
20E
330
17
100
AcDbEntity
  8
OUTLINE
100
AcDbPolyline
 90
15
 70
0
 10
27.382499999999993
 20
249.25
 10
27.382499999999993
 20
249.26100365000002
 10
27.382499999999993
 20
249.29387615000002
 10
27.382499999999993
 20
249.34820415000002
 10
27.382499999999993
 20
249.4233045
 10
27.382499999999993
 20
249.51823265000002
 10
27.382499999999993
 20
249.6317949
 10
27.382499999999993
 20
249.76256315
 10
27.382499999999993
 20
249.90889285
 10
27.382499999999993
 20
250.06894384999998
 10
27.382499999999993
 20
250.24070345
 10
27.382499999999993
 20
250.42201165
 10
27.382499999999993
 20
250.61058835
 10
27.382499999999993
 20
250.80406215
 10
27.382499999999993
 20
251.0
  0
LWPOLYLINE
  5
20F
330
17
100
AcDbEntity
  8
OUTLINE
100
AcDbPolyline
 90
15
 70
0
 10
276.5
 20
251.88776265
 10
276.5
 20
251.9728146
 10
276.5
 20
252.05328525
 10
276.5
 20
252.1287955
 10
276.5
 20
252.1989898
 10
276.5
 20
252.2635376
 10
276.5
 20
252.32213489999998
 10
276.5
 20
252.37450575
 10
276.5
 20
252.42040350000002
 10
276.5
 20
252.45961195
 10
276.5
 20
252.49194655
 10
276.5
 20
252.517255
 10
276.5
 20
252.53541805
 10
276.5
 20
252.5463502
 10
276.5
 20
252.55
  0
LWPOLYLINE
  5
210
330
17
100
AcDbEntity
  8
OUTLINE
100
AcDbPolyline
 90
15
 70
0
 10
276.5
 20
252.55
 10
276.5
 20
252.51113825
 10
276.5
 20
252.39650175
 10
276.5
 20
252.2118388
 10
276.5
 20
251.9664092
 10
276.5
 20
251.6725198
 10
276.5
 20
251.34490745
 10
276.5
 20
251.0
 10
276.5
 20
250.65509255
 10
276.5
 20
250.3274802
 10
276.5
 20
250.0335908
 10
276.5
 20
249.7881612
 10
276.5
 20
249.60349825
 10
276.5
 20
249.48886175
 10
276.5
 20
249.45
  0
LWPOLYLINE
  5
211
330
17
100
AcDbEntity
  8
OUTLINE
100
AcDbPolyline
 90
15
 70
0
 10
276.5
 20
249.45
 10
276.5
 20
249.4536498
 10
276.5
 20
249.46458195
 10
276.5
 20
249.482745
 10
276.5
 20
249.50805345
 10
276.5
 20
249.54038805
 10
276.5
 20
249.57959649999998
 10
276.5
 20
249.62549425
 10
276.5
 20
249.67786510000002
 10
276.5
 20
249.7364624
 10
276.5
 20
249.8010102
 10
276.5
 20
249.8712045
 10
276.5
 20
249.94671475
 10
276.5
 20
250.0271854
 10
276.5
 20
250.11223735
  0
LWPOLYLINE
  5
212
330
17
100
AcDbEntity
  8
OUTLINE
100
AcDbPolyline
 90
15
 70
0
 10
276.5
 20
250.11223735
 10
276.5
 20
250.1178194
 10
276.5
 20
250.1344954
 10
276.5
 20
250.16205565
 10
276.5
 20
250.2001535
 10
276.5
 20
250.24830989999998
 10
276.5
 20
250.3059192
 10
276.5
 20
250.372257
 10
276.5
 20
250.44648905
 10
276.5
 20
250.52768179999998
 10
276.5
 20
250.61481425
 10
276.5
 20
250.7067906
 10
276.5
 20
250.80245424999998
 10
276.5
 20
250.90060210000001
 10
276.5
 20
251.0
  0
LWPOLYLINE
  5
213
330
17
100
AcDbEntity
  8
OUTLINE
100
AcDbPolyline
 90
15
 70
0
 10
274.6175
 20
252.75
 10
274.6175
 20
252.70612384999998
 10
274.6175
 20
252.5766955
 10
274.6175
 20
252.3682051
 10
274.6175
 20
252.09110715
 10
274.6175
 20
251.75929655
 10
274.6175
 20
251.38941165
 10
274.6175
 20
251.0
 10
274.6175
 20
250.61058835
 10
274.6175
 20
250.24070345
 10
274.6175
 20
249.90889285
 10
274.6175
 20
249.6317949
 10
274.6175
 20
249.4233045
 10
274.6175
 20
249.29387615000002
 10
274.6175
 20
249.25
  0
LWPOLYLINE
  5
214
330
17
100
AcDbEntity
  8
OUTLINE
100
AcDbPolyline
 90
22
 70
0
 10
49.5
 20
163.615
 10
49.70642355
 20
163.6304693
 10
49.908235899999994
 20
163.67653165
 10
50.100928999999994
 20
163.7521581
 10
50.280198299999995
 20
163.8556593
 10
50.44203924999999
 20
163.98472315
 10
50.58283659999999
 20
164.1364666
 10
50.6994452
 20
164.3075
 10
50.789260150000004
 20
164.4940027
 10
50.85027515
 20
164.6918085
 10
50.881127250000006
 20
164.8964988
 10
50.881127250000006
 20
165.1035012
 10
50.85027515
 20
165.3081915
 10
50.789260150000004
 20
165.5059973
 10
50.6994452
 20
165.6925
 10
50.58283659999999
 20
165.8635334
 10
50.44203924999999
 20
166.01527685
 10
50.280198299999995
 20
166.1443407
 10
50.100928999999994
 20
166.2478419
 10
49.908235899999994
 20
166.32346835
 10
49.70642355
 20
166.3695307
 10
49.5
 20
166.385
  0
LWPOLYLINE
  5
215
330
17
100
AcDbEntity
  8
OUTLINE
100
AcDbPolyline
 90
2
 70
0
 10
49.5
 20
163.615
 10
45.185
 20
163.615
  0
LWPOLYLINE
  5
216
330
17
100
AcDbEntity
  8
OUTLINE
100
AcDbPolyline
 90
2
 70
0
 10
45.185
 20
166.385
 10
45.185
 20
163.615
  0
LWPOLYLINE
  5
217
330
17
100
AcDbEntity
  8
OUTLINE
100
AcDbPolyline
 90
2
 70
0
 10
49.5
 20
166.385
 10
45.185
 20
166.385
  0
LWPOLYLINE
  5
218
330
17
100
AcDbEntity
  8
OUTLINE
100
AcDbPolyline
 90
32
 70
0
 10
48.757296600000004
 20
165.0
 10
48.772499800000006
 20
165.1495051
 10
48.817486900000006
 20
165.29288945
 10
48.890416200000004
 20
165.42428285
 10
48.98830194999999
 20
165.53830605
 10
49.10713665
 20
165.63029095
 10
49.242055199999996
 20
165.6964717
 10
49.387534099999996
 20
165.73413875
 10
49.537617299999994
 20
165.74175015
 10
49.6861605
 20
165.71899415
 10
49.827082250000004
 20
165.66680245
 10
49.9546132
 20
165.5873118
 10
50.063532249999994
 20
165.48377655
 10
50.149380199999996
 20
165.3604354
 10
50.20864245
 20
165.222338
 10
50.2388928
 20
165.07513805
 10
50.2388928
 20
164.92486195
 10
50.20864245
 20
164.777662
 10
50.149380199999996
 20
164.6395646
 10
50.063532249999994
 20
164.51622345
 10
49.9546132
 20
164.4126882
 10
49.827082250000004
 20
164.33319755
 10
49.6861605
 20
164.28100585
 10
49.537617299999994
 20
164.25824985
 10
49.387534099999996
 20
164.26586125
 10
49.242055199999996
 20
164.3035283
 10
49.10713665
 20
164.36970905
 10
48.98830194999999
 20
164.46169395
 10
48.890416200000004
 20
164.57571715
 10
48.817486900000006
 20
164.70711055
 10
48.772499800000006
 20
164.8504949
 10
48.757296600000004
 20
165.0
  0
LWPOLYLINE
  5
219
330
17
100
AcDbEntity
  8
OUTLINE
100
AcDbPolyline
 90
43
 70
0
 10
50.875
 20
165.0
 10
50.8596424
 20
165.2049331
 10
50.813912599999995
 20
165.40528835
 10
50.738832200000004
 20
165.59659015
 10
50.636078299999994
 20
165.7745651
 10
50.5079463
 20
165.9352375
 10
50.3572985
 20
166.0750183
 10
50.1875
 20
166.19078495
 10
50.0023439
 20
166.2799514
 10
49.805966299999994
 20
166.3405259
 10
49.602753899999996
 20
166.3711552
 10
49.397246100000004
 20
166.3711552
 10
49.194033700000006
 20
166.3405259
 10
48.9976561
 20
166.2799514
 10
48.8125
 20
166.19078495
 10
48.6427015
 20
166.0750183
 10
48.4920537
 20
165.9352375
 10
48.363921700000006
 20
165.7745651
 10
48.261167799999996
 20
165.59659015
 10
48.186087400000005
 20
165.40528835
 10
48.1403576
 20
165.2049331
 10
48.125
 20
165.0
 10
48.1403576
 20
164.7950669
 10
48.186087400000005
 20
164.59471165
 10
48.261167799999996
 20
164.40340985
 10
48.363921700000006
 20
164.2254349
 10
48.4920537
 20
164.0647625
 10
48.6427015
 20
163.9249817
 10
48.8125
 20
163.80921505
 10
48.9976561
 20
163.7200486
 10
49.194033700000006
 20
163.6594741
 10
49.397246100000004
 20
163.6288448
 10
49.602753899999996
 20
163.6288448
 10
49.805966299999994
 20
163.6594741
 10
50.0023439
 20
163.7200486
 10
50.1875
 20
163.80921505
 10
50.3572985
 20
163.9249817
 10
50.5079463
 20
164.0647625
 10
50.636078299999994
 20
164.2254349
 10
50.738832200000004
 20
164.40340985
 10
50.813912599999995
 20
164.59471165
 10
50.8596424
 20
164.7950669
 10
50.875
 20
165.0
  0
LWPOLYLINE
  5
21A
330
17
100
AcDbEntity
  8
OUTLINE
100
AcDbPolyline
 90
15
 70
0
 10
49.86950415
 20
165.64
 10
49.8125912
 20
165.64
 10
49.757604150000006
 20
165.64
 10
49.70420420000001
 20
165.64
 10
49.652062400000005
 20
165.64
 10
49.600857399999995
 20
165.64
 10
49.550273849999996
 20
165.64
 10
49.5
 20
165.64
 10
49.449726150000004
 20
165.64
 10
49.399142600000005
 20
165.64
 10
49.347937599999995
 20
165.64
 10
49.29579579999999
 20
165.64
 10
49.242395849999994
 20
165.64
 10
49.1874088
 20
165.64
 10
49.13049585
 20
165.64
  0
LWPOLYLINE
  5
21B
330
17
100
AcDbEntity
  8
OUTLINE
100
AcDbPolyline
 90
15
 70
0
 10
50.239008350000006
 20
165.0
 10
50.21055185
 20
165.04928805
 10
50.183058349999996
 20
165.09690825
 10
50.156358350000005
 20
165.14315395
 10
50.13028745
 20
165.1883101
 10
50.104684950000006
 20
165.2326549
 10
50.0793932
 20
165.2764616
 10
50.054256249999995
 20
165.32
 10
50.02911935
 20
165.3635384
 10
50.00382755
 20
165.4073451
 10
49.978225050000006
 20
165.4516899
 10
49.95215415
 20
165.49684605
 10
49.925454200000004
 20
165.54309175
 10
49.89796065
 20
165.59071195
 10
49.86950415
 20
165.64
  0
LWPOLYLINE
  5
21C
330
17
100
AcDbEntity
  8
OUTLINE
100
AcDbPolyline
 90
15
 70
0
 10
49.86950415
 20
164.36
 10
49.89796065
 20
164.40928805
 10
49.925454200000004
 20
164.45690825
 10
49.95215415
 20
164.50315395
 10
49.978225050000006
 20
164.5483101
 10
50.00382755
 20
164.5926549
 10
50.02911935
 20
164.6364616
 10
50.054256249999995
 20
164.68
 10
50.0793932
 20
164.7235384
 10
50.104684950000006
 20
164.7673451
 10
50.13028745
 20
164.8116899
 10
50.156358350000005
 20
164.85684605
 10
50.183058349999996
 20
164.90309175
 10
50.21055185
 20
164.95071195
 10
50.239008350000006
 20
165.0
  0
LWPOLYLINE
  5
21D
330
17
100
AcDbEntity
  8
OUTLINE
100
AcDbPolyline
 90
15
 70
0
 10
49.13049585
 20
164.36
 10
49.1874088
 20
164.36
 10
49.242395849999994
 20
164.36
 10
49.29579579999999
 20
164.36
 10
49.347937599999995
 20
164.36
 10
49.399142600000005
 20
164.36
 10
49.449726150000004
 20
164.36
 10
49.5
 20
164.36
 10
49.550273849999996
 20
164.36
 10
49.600857399999995
 20
164.36
 10
49.652062400000005
 20
164.36
 10
49.70420420000001
 20
164.36
 10
49.757604150000006
 20
164.36
 10
49.8125912
 20
164.36
 10
49.86950415
 20
164.36
  0
LWPOLYLINE
  5
21E
330
17
100
AcDbEntity
  8
OUTLINE
100
AcDbPolyline
 90
15
 70
0
 10
48.760991649999994
 20
165.0
 10
48.78944815
 20
164.95071195
 10
48.816941650000004
 20
164.90309175
 10
48.843641649999995
 20
164.85684605
 10
48.86971255
 20
164.8116899
 10
48.895315049999994
 20
164.7673451
 10
48.9206068
 20
164.7235384
 10
48.945743750000005
 20
164.68
 10
48.97088065
 20
164.6364616
 10
48.99617245
 20
164.5926549
 10
49.021774949999994
 20
164.5483101
 10
49.04784585
 20
164.50315395
 10
49.074545799999996
 20
164.45690825
 10
49.10203935
 20
164.40928805
 10
49.13049585
 20
164.36
  0
LWPOLYLINE
  5
21F
330
17
100
AcDbEntity
  8
OUTLINE
100
AcDbPolyline
 90
15
 70
0
 10
49.13049585
 20
165.64
 10
49.10203935
 20
165.59071195
 10
49.074545799999996
 20
165.54309175
 10
49.04784585
 20
165.49684605
 10
49.021774949999994
 20
165.4516899
 10
48.99617245
 20
165.4073451
 10
48.97088065
 20
165.3635384
 10
48.945743750000005
 20
165.32
 10
48.9206068
 20
165.2764616
 10
48.895315049999994
 20
165.2326549
 10
48.86971255
 20
165.1883101
 10
48.843641649999995
 20
165.14315395
 10
48.816941650000004
 20
165.09690825
 10
48.78944815
 20
165.04928805
 10
48.760991649999994
 20
165.0
  0
LWPOLYLINE
  5
220
330
17
100
AcDbEntity
  8
OUTLINE
100
AcDbPolyline
 90
15
 70
0
 10
49.86950415
 20
165.64
 10
49.8125912
 20
165.64
 10
49.757604150000006
 20
165.64
 10
49.70420420000001
 20
165.64
 10
49.652062400000005
 20
165.64
 10
49.600857399999995
 20
165.64
 10
49.550273849999996
 20
165.64
 10
49.5
 20
165.64
 10
49.449726150000004
 20
165.64
 10
49.399142600000005
 20
165.64
 10
49.347937599999995
 20
165.64
 10
49.29579579999999
 20
165.64
 10
49.242395849999994
 20
165.64
 10
49.1874088
 20
165.64
 10
49.13049585
 20
165.64
  0
LWPOLYLINE
  5
221
330
17
100
AcDbEntity
  8
OUTLINE
100
AcDbPolyline
 90
15
 70
0
 10
50.239008350000006
 20
165.0
 10
50.21055185
 20
165.04928805
 10
50.183058349999996
 20
165.09690825
 10
50.156358350000005
 20
165.14315395
 10
50.13028745
 20
165.1883101
 10
50.104684950000006
 20
165.2326549
 10
50.0793932
 20
165.2764616
 10
50.054256249999995
 20
165.32
 10
50.02911935
 20
165.3635384
 10
50.00382755
 20
165.4073451
 10
49.978225050000006
 20
165.4516899
 10
49.95215415
 20
165.49684605
 10
49.925454200000004
 20
165.54309175
 10
49.89796065
 20
165.59071195
 10
49.86950415
 20
165.64
  0
LWPOLYLINE
  5
222
330
17
100
AcDbEntity
  8
OUTLINE
100
AcDbPolyline
 90
15
 70
0
 10
49.86950415
 20
164.36
 10
49.89796065
 20
164.40928805
 10
49.925454200000004
 20
164.45690825
 10
49.95215415
 20
164.50315395
 10
49.978225050000006
 20
164.5483101
 10
50.00382755
 20
164.5926549
 10
50.02911935
 20
164.6364616
 10
50.054256249999995
 20
164.68
 10
50.0793932
 20
164.7235384
 10
50.104684950000006
 20
164.7673451
 10
50.13028745
 20
164.8116899
 10
50.156358350000005
 20
164.85684605
 10
50.183058349999996
 20
164.90309175
 10
50.21055185
 20
164.95071195
 10
50.239008350000006
 20
165.0
  0
LWPOLYLINE
  5
223
330
17
100
AcDbEntity
  8
OUTLINE
100
AcDbPolyline
 90
15
 70
0
 10
49.13049585
 20
164.36
 10
49.1874088
 20
164.36
 10
49.242395849999994
 20
164.36
 10
49.29579579999999
 20
164.36
 10
49.347937599999995
 20
164.36
 10
49.399142600000005
 20
164.36
 10
49.449726150000004
 20
164.36
 10
49.5
 20
164.36
 10
49.550273849999996
 20
164.36
 10
49.600857399999995
 20
164.36
 10
49.652062400000005
 20
164.36
 10
49.70420420000001
 20
164.36
 10
49.757604150000006
 20
164.36
 10
49.8125912
 20
164.36
 10
49.86950415
 20
164.36
  0
LWPOLYLINE
  5
224
330
17
100
AcDbEntity
  8
OUTLINE
100
AcDbPolyline
 90
15
 70
0
 10
48.760991649999994
 20
165.0
 10
48.78944815
 20
164.95071195
 10
48.816941650000004
 20
164.90309175
 10
48.843641649999995
 20
164.85684605
 10
48.86971255
 20
164.8116899
 10
48.895315049999994
 20
164.7673451
 10
48.9206068
 20
164.7235384
 10
48.945743750000005
 20
164.68
 10
48.97088065
 20
164.6364616
 10
48.99617245
 20
164.5926549
 10
49.021774949999994
 20
164.5483101
 10
49.04784585
 20
164.50315395
 10
49.074545799999996
 20
164.45690825
 10
49.10203935
 20
164.40928805
 10
49.13049585
 20
164.36
  0
LWPOLYLINE
  5
225
330
17
100
AcDbEntity
  8
OUTLINE
100
AcDbPolyline
 90
13
 70
0
 10
49.3976
 20
165.0
 10
49.411319000000006
 20
165.0512
 10
49.448800000000006
 20
165.088681
 10
49.5
 20
165.1024
 10
49.551199999999994
 20
165.088681
 10
49.588680999999994
 20
165.0512
 10
49.6024
 20
165.0
 10
49.588680999999994
 20
164.9488
 10
49.551199999999994
 20
164.911319
 10
49.5
 20
164.8976
 10
49.448800000000006
 20
164.911319
 10
49.411319000000006
 20
164.9488
 10
49.3976
 20
165.0
  0
LWPOLYLINE
  5
226
330
17
100
AcDbEntity
  8
OUTLINE
100
AcDbPolyline
 90
22
 70
0
 10
252.5
 20
166.385
 10
252.29357645
 20
166.3695307
 10
252.0917641
 20
166.32346835
 10
251.899071
 20
166.2478419
 10
251.7198017
 20
166.1443407
 10
251.55796075
 20
166.01527685
 10
251.4171634
 20
165.8635334
 10
251.3005548
 20
165.6925
 10
251.21073984999998
 20
165.5059973
 10
251.14972484999998
 20
165.3081915
 10
251.11887274999998
 20
165.1035012
 10
251.11887274999998
 20
164.8964988
 10
251.14972484999998
 20
164.6918085
 10
251.21073984999998
 20
164.4940027
 10
251.3005548
 20
164.3075
 10
251.4171634
 20
164.1364666
 10
251.55796075
 20
163.98472315
 10
251.7198017
 20
163.8556593
 10
251.899071
 20
163.7521581
 10
252.0917641
 20
163.67653165
 10
252.29357645
 20
163.6304693
 10
252.5
 20
163.615
  0
LWPOLYLINE
  5
227
330
17
100
AcDbEntity
  8
OUTLINE
100
AcDbPolyline
 90
2
 70
0
 10
252.5
 20
166.385
 10
256.815
 20
166.385
  0
LWPOLYLINE
  5
228
330
17
100
AcDbEntity
  8
OUTLINE
100
AcDbPolyline
 90
2
 70
0
 10
256.815
 20
163.615
 10
256.815
 20
166.385
  0
LWPOLYLINE
  5
229
330
17
100
AcDbEntity
  8
OUTLINE
100
AcDbPolyline
 90
2
 70
0
 10
252.5
 20
163.615
 10
256.815
 20
163.615
  0
LWPOLYLINE
  5
22A
330
17
100
AcDbEntity
  8
OUTLINE
100
AcDbPolyline
 90
32
 70
0
 10
251.75729660000002
 20
165.0
 10
251.7724998
 20
165.1495051
 10
251.8174869
 20
165.29288945
 10
251.8904162
 20
165.42428285
 10
251.98830195
 20
165.53830605
 10
252.10713665
 20
165.63029095
 10
252.24205519999998
 20
165.6964717
 10
252.38753409999998
 20
165.73413875
 10
252.5376173
 20
165.74175015
 10
252.6861605
 20
165.71899415
 10
252.82708225
 20
165.66680245
 10
252.95461319999998
 20
165.5873118
 10
253.06353224999998
 20
165.48377655
 10
253.1493802
 20
165.3604354
 10
253.20864245
 20
165.222338
 10
253.2388928
 20
165.07513805
 10
253.2388928
 20
164.92486195
 10
253.20864245
 20
164.777662
 10
253.1493802
 20
164.6395646
 10
253.06353224999998
 20
164.51622345
 10
252.95461319999998
 20
164.4126882
 10
252.82708225
 20
164.33319755
 10
252.6861605
 20
164.28100585
 10
252.5376173
 20
164.25824985
 10
252.38753409999998
 20
164.26586125
 10
252.24205519999998
 20
164.3035283
 10
252.10713665
 20
164.36970905
 10
251.98830195
 20
164.46169395
 10
251.8904162
 20
164.57571715
 10
251.8174869
 20
164.70711055
 10
251.7724998
 20
164.8504949
 10
251.75729660000002
 20
165.0
  0
LWPOLYLINE
  5
22B
330
17
100
AcDbEntity
  8
OUTLINE
100
AcDbPolyline
 90
43
 70
0
 10
253.875
 20
165.0
 10
253.85964239999998
 20
165.2049331
 10
253.81391259999998
 20
165.40528835
 10
253.7388322
 20
165.59659015
 10
253.6360783
 20
165.7745651
 10
253.50794630000001
 20
165.9352375
 10
253.3572985
 20
166.0750183
 10
253.1875
 20
166.19078495
 10
253.0023439
 20
166.2799514
 10
252.8059663
 20
166.3405259
 10
252.60275389999998
 20
166.3711552
 10
252.39724610000002
 20
166.3711552
 10
252.1940337
 20
166.3405259
 10
251.9976561
 20
166.2799514
 10
251.8125
 20
166.19078495
 10
251.6427015
 20
166.0750183
 10
251.49205369999999
 20
165.9352375
 10
251.3639217
 20
165.7745651
 10
251.2611678
 20
165.59659015
 10
251.18608740000002
 20
165.40528835
 10
251.14035760000002
 20
165.2049331
 10
251.125
 20
165.0
 10
251.14035760000002
 20
164.7950669
 10
251.18608740000002
 20
164.59471165
 10
251.2611678
 20
164.40340985
 10
251.3639217
 20
164.2254349
 10
251.49205369999999
 20
164.0647625
 10
251.6427015
 20
163.9249817
 10
251.8125
 20
163.80921505
 10
251.9976561
 20
163.7200486
 10
252.1940337
 20
163.6594741
 10
252.39724610000002
 20
163.6288448
 10
252.60275389999998
 20
163.6288448
 10
252.8059663
 20
163.6594741
 10
253.0023439
 20
163.7200486
 10
253.1875
 20
163.80921505
 10
253.3572985
 20
163.9249817
 10
253.50794630000001
 20
164.0647625
 10
253.6360783
 20
164.2254349
 10
253.7388322
 20
164.40340985
 10
253.81391259999998
 20
164.59471165
 10
253.85964239999998
 20
164.7950669
 10
253.875
 20
165.0
  0
LWPOLYLINE
  5
22C
330
17
100
AcDbEntity
  8
OUTLINE
100
AcDbPolyline
 90
15
 70
0
 10
252.86950415
 20
165.64
 10
252.81259119999999
 20
165.64
 10
252.75760415000002
 20
165.64
 10
252.7042042
 20
165.64
 10
252.6520624
 20
165.64
 10
252.6008574
 20
165.64
 10
252.55027385
 20
165.64
 10
252.5
 20
165.64
 10
252.44972615
 20
165.64
 10
252.3991426
 20
165.64
 10
252.3479376
 20
165.64
 10
252.2957958
 20
165.64
 10
252.24239584999998
 20
165.64
 10
252.18740880000001
 20
165.64
 10
252.13049585
 20
165.64
  0
LWPOLYLINE
  5
22D
330
17
100
AcDbEntity
  8
OUTLINE
100
AcDbPolyline
 90
15
 70
0
 10
253.23900835
 20
165.0
 10
253.21055185
 20
165.04928805
 10
253.18305835
 20
165.09690825
 10
253.15635835
 20
165.14315395
 10
253.13028745
 20
165.1883101
 10
253.10468495
 20
165.2326549
 10
253.0793932
 20
165.2764616
 10
253.05425624999998
 20
165.32
 10
253.02911935
 20
165.3635384
 10
253.00382754999998
 20
165.4073451
 10
252.97822505
 20
165.4516899
 10
252.95215415
 20
165.49684605
 10
252.9254542
 20
165.54309175
 10
252.89796065000002
 20
165.59071195
 10
252.86950415
 20
165.64
  0
LWPOLYLINE
  5
22E
330
17
100
AcDbEntity
  8
OUTLINE
100
AcDbPolyline
 90
15
 70
0
 10
252.86950415
 20
164.36
 10
252.89796065000002
 20
164.40928805
 10
252.9254542
 20
164.45690825
 10
252.95215415
 20
164.50315395
 10
252.97822505
 20
164.5483101
 10
253.00382754999998
 20
164.5926549
 10
253.02911935
 20
164.6364616
 10
253.05425624999998
 20
164.68
 10
253.0793932
 20
164.7235384
 10
253.10468495
 20
164.7673451
 10
253.13028745
 20
164.8116899
 10
253.15635835
 20
164.85684605
 10
253.18305835
 20
164.90309175
 10
253.21055185
 20
164.95071195
 10
253.23900835
 20
165.0
  0
LWPOLYLINE
  5
22F
330
17
100
AcDbEntity
  8
OUTLINE
100
AcDbPolyline
 90
15
 70
0
 10
252.13049585
 20
164.36
 10
252.18740880000001
 20
164.36
 10
252.24239584999998
 20
164.36
 10
252.2957958
 20
164.36
 10
252.3479376
 20
164.36
 10
252.3991426
 20
164.36
 10
252.44972615
 20
164.36
 10
252.5
 20
164.36
 10
252.55027385
 20
164.36
 10
252.6008574
 20
164.36
 10
252.6520624
 20
164.36
 10
252.7042042
 20
164.36
 10
252.75760415000002
 20
164.36
 10
252.81259119999999
 20
164.36
 10
252.86950415
 20
164.36
  0
LWPOLYLINE
  5
230
330
17
100
AcDbEntity
  8
OUTLINE
100
AcDbPolyline
 90
15
 70
0
 10
251.76099165
 20
165.0
 10
251.78944815
 20
164.95071195
 10
251.81694165
 20
164.90309175
 10
251.84364165
 20
164.85684605
 10
251.86971255
 20
164.8116899
 10
251.89531505
 20
164.7673451
 10
251.9206068
 20
164.7235384
 10
251.94574375000002
 20
164.68
 10
251.97088065
 20
164.6364616
 10
251.99617245000002
 20
164.5926549
 10
252.02177495
 20
164.5483101
 10
252.04784585
 20
164.50315395
 10
252.0745458
 20
164.45690825
 10
252.10203934999998
 20
164.40928805
 10
252.13049585
 20
164.36
  0
LWPOLYLINE
  5
231
330
17
100
AcDbEntity
  8
OUTLINE
100
AcDbPolyline
 90
15
 70
0
 10
252.13049585
 20
165.64
 10
252.10203934999998
 20
165.59071195
 10
252.0745458
 20
165.54309175
 10
252.04784585
 20
165.49684605
 10
252.02177495
 20
165.4516899
 10
251.99617245000002
 20
165.4073451
 10
251.97088065
 20
165.3635384
 10
251.94574375000002
 20
165.32
 10
251.9206068
 20
165.2764616
 10
251.89531505
 20
165.2326549
 10
251.86971255
 20
165.1883101
 10
251.84364165
 20
165.14315395
 10
251.81694165
 20
165.09690825
 10
251.78944815
 20
165.04928805
 10
251.76099165
 20
165.0
  0
LWPOLYLINE
  5
232
330
17
100
AcDbEntity
  8
OUTLINE
100
AcDbPolyline
 90
15
 70
0
 10
252.86950415
 20
165.64
 10
252.81259119999999
 20
165.64
 10
252.75760415000002
 20
165.64
 10
252.7042042
 20
165.64
 10
252.6520624
 20
165.64
 10
252.6008574
 20
165.64
 10
252.55027385
 20
165.64
 10
252.5
 20
165.64
 10
252.44972615
 20
165.64
 10
252.3991426
 20
165.64
 10
252.3479376
 20
165.64
 10
252.2957958
 20
165.64
 10
252.24239584999998
 20
165.64
 10
252.18740880000001
 20
165.64
 10
252.13049585
 20
165.64
  0
LWPOLYLINE
  5
233
330
17
100
AcDbEntity
  8
OUTLINE
100
AcDbPolyline
 90
15
 70
0
 10
253.23900835
 20
165.0
 10
253.21055185
 20
165.04928805
 10
253.18305835
 20
165.09690825
 10
253.15635835
 20
165.14315395
 10
253.13028745
 20
165.1883101
 10
253.10468495
 20
165.2326549
 10
253.0793932
 20
165.2764616
 10
253.05425624999998
 20
165.32
 10
253.02911935
 20
165.3635384
 10
253.00382754999998
 20
165.4073451
 10
252.97822505
 20
165.4516899
 10
252.95215415
 20
165.49684605
 10
252.9254542
 20
165.54309175
 10
252.89796065000002
 20
165.59071195
 10
252.86950415
 20
165.64
  0
LWPOLYLINE
  5
234
330
17
100
AcDbEntity
  8
OUTLINE
100
AcDbPolyline
 90
15
 70
0
 10
252.86950415
 20
164.36
 10
252.89796065000002
 20
164.40928805
 10
252.9254542
 20
164.45690825
 10
252.95215415
 20
164.50315395
 10
252.97822505
 20
164.5483101
 10
253.00382754999998
 20
164.5926549
 10
253.02911935
 20
164.6364616
 10
253.05425624999998
 20
164.68
 10
253.0793932
 20
164.7235384
 10
253.10468495
 20
164.7673451
 10
253.13028745
 20
164.8116899
 10
253.15635835
 20
164.85684605
 10
253.18305835
 20
164.90309175
 10
253.21055185
 20
164.95071195
 10
253.23900835
 20
165.0
  0
LWPOLYLINE
  5
235
330
17
100
AcDbEntity
  8
OUTLINE
100
AcDbPolyline
 90
15
 70
0
 10
252.13049585
 20
164.36
 10
252.18740880000001
 20
164.36
 10
252.24239584999998
 20
164.36
 10
252.2957958
 20
164.36
 10
252.3479376
 20
164.36
 10
252.3991426
 20
164.36
 10
252.44972615
 20
164.36
 10
252.5
 20
164.36
 10
252.55027385
 20
164.36
 10
252.6008574
 20
164.36
 10
252.6520624
 20
164.36
 10
252.7042042
 20
164.36
 10
252.75760415000002
 20
164.36
 10
252.81259119999999
 20
164.36
 10
252.86950415
 20
164.36
  0
LWPOLYLINE
  5
236
330
17
100
AcDbEntity
  8
OUTLINE
100
AcDbPolyline
 90
15
 70
0
 10
251.76099165
 20
165.0
 10
251.78944815
 20
164.95071195
 10
251.81694165
 20
164.90309175
 10
251.84364165
 20
164.85684605
 10
251.86971255
 20
164.8116899
 10
251.89531505
 20
164.7673451
 10
251.9206068
 20
164.7235384
 10
251.94574375000002
 20
164.68
 10
251.97088065
 20
164.6364616
 10
251.99617245000002
 20
164.5926549
 10
252.02177495
 20
164.5483101
 10
252.04784585
 20
164.50315395
 10
252.0745458
 20
164.45690825
 10
252.10203934999998
 20
164.40928805
 10
252.13049585
 20
164.36
  0
LWPOLYLINE
  5
237
330
17
100
AcDbEntity
  8
OUTLINE
100
AcDbPolyline
 90
13
 70
0
 10
252.3976
 20
165.0
 10
252.411319
 20
165.0512
 10
252.4488
 20
165.088681
 10
252.5
 20
165.1024
 10
252.5512
 20
165.088681
 10
252.588681
 20
165.0512
 10
252.6024
 20
165.0
 10
252.588681
 20
164.9488
 10
252.5512
 20
164.911319
 10
252.5
 20
164.8976
 10
252.4488
 20
164.911319
 10
252.411319
 20
164.9488
 10
252.3976
 20
165.0
  0
LWPOLYLINE
  5
238
330
17
100
AcDbEntity
  8
OUTLINE
100
AcDbPolyline
 90
22
 70
0
 10
233.5
 20
80.385
 10
233.29357645
 20
80.3695307
 10
233.0917641
 20
80.32346835
 10
232.899071
 20
80.2478419
 10
232.7198017
 20
80.1443407
 10
232.55796075
 20
80.01527685
 10
232.4171634
 20
79.8635334
 10
232.3005548
 20
79.6925
 10
232.21073984999998
 20
79.5059973
 10
232.14972484999998
 20
79.3081915
 10
232.11887274999998
 20
79.1035012
 10
232.11887274999998
 20
78.8964988
 10
232.14972484999998
 20
78.6918085
 10
232.21073984999998
 20
78.4940027
 10
232.3005548
 20
78.3075
 10
232.4171634
 20
78.1364666
 10
232.55796075
 20
77.98472315
 10
232.7198017
 20
77.8556593
 10
232.899071
 20
77.7521581
 10
233.0917641
 20
77.67653165
 10
233.29357645
 20
77.6304693
 10
233.5
 20
77.615
  0
LWPOLYLINE
  5
239
330
17
100
AcDbEntity
  8
OUTLINE
100
AcDbPolyline
 90
2
 70
0
 10
233.5
 20
80.385
 10
237.815
 20
80.385
  0
LWPOLYLINE
  5
23A
330
17
100
AcDbEntity
  8
OUTLINE
100
AcDbPolyline
 90
2
 70
0
 10
237.815
 20
77.615
 10
237.815
 20
80.385
  0
LWPOLYLINE
  5
23B
330
17
100
AcDbEntity
  8
OUTLINE
100
AcDbPolyline
 90
2
 70
0
 10
233.5
 20
77.615
 10
237.815
 20
77.615
  0
LWPOLYLINE
  5
23C
330
17
100
AcDbEntity
  8
OUTLINE
100
AcDbPolyline
 90
32
 70
0
 10
232.75729660000002
 20
79.0
 10
232.7724998
 20
79.1495051
 10
232.8174869
 20
79.29288945
 10
232.8904162
 20
79.42428285
 10
232.98830195
 20
79.53830605
 10
233.10713665
 20
79.63029095
 10
233.24205519999998
 20
79.6964717
 10
233.38753409999998
 20
79.73413875
 10
233.5376173
 20
79.74175015
 10
233.6861605
 20
79.71899415
 10
233.82708225
 20
79.66680245
 10
233.95461319999998
 20
79.5873118
 10
234.06353224999998
 20
79.48377655
 10
234.1493802
 20
79.3604354
 10
234.20864245
 20
79.222338
 10
234.2388928
 20
79.07513805
 10
234.2388928
 20
78.92486195
 10
234.20864245
 20
78.777662
 10
234.1493802
 20
78.6395646
 10
234.06353224999998
 20
78.51622345
 10
233.95461319999998
 20
78.4126882
 10
233.82708225
 20
78.33319755
 10
233.6861605
 20
78.28100585
 10
233.5376173
 20
78.25824985
 10
233.38753409999998
 20
78.26586125
 10
233.24205519999998
 20
78.3035283
 10
233.10713665
 20
78.36970905
 10
232.98830195
 20
78.46169395
 10
232.8904162
 20
78.57571715
 10
232.8174869
 20
78.70711055
 10
232.7724998
 20
78.8504949
 10
232.75729660000002
 20
79.0
  0
LWPOLYLINE
  5
23D
330
17
100
AcDbEntity
  8
OUTLINE
100
AcDbPolyline
 90
43
 70
0
 10
234.875
 20
79.0
 10
234.85964239999998
 20
79.2049331
 10
234.81391259999998
 20
79.40528835
 10
234.7388322
 20
79.59659015
 10
234.6360783
 20
79.7745651
 10
234.50794630000001
 20
79.9352375
 10
234.3572985
 20
80.0750183
 10
234.1875
 20
80.19078495
 10
234.0023439
 20
80.2799514
 10
233.8059663
 20
80.3405259
 10
233.60275389999998
 20
80.3711552
 10
233.39724610000002
 20
80.3711552
 10
233.1940337
 20
80.3405259
 10
232.9976561
 20
80.2799514
 10
232.8125
 20
80.19078495
 10
232.6427015
 20
80.0750183
 10
232.49205369999999
 20
79.9352375
 10
232.3639217
 20
79.7745651
 10
232.2611678
 20
79.59659015
 10
232.18608740000002
 20
79.40528835
 10
232.14035760000002
 20
79.2049331
 10
232.125
 20
79.0
 10
232.14035760000002
 20
78.7950669
 10
232.18608740000002
 20
78.59471165
 10
232.2611678
 20
78.40340985
 10
232.3639217
 20
78.2254349
 10
232.49205369999999
 20
78.0647625
 10
232.6427015
 20
77.9249817
 10
232.8125
 20
77.80921505
 10
232.9976561
 20
77.7200486
 10
233.1940337
 20
77.6594741
 10
233.39724610000002
 20
77.6288448
 10
233.60275389999998
 20
77.6288448
 10
233.8059663
 20
77.6594741
 10
234.0023439
 20
77.7200486
 10
234.1875
 20
77.80921505
 10
234.3572985
 20
77.9249817
 10
234.50794630000001
 20
78.0647625
 10
234.6360783
 20
78.2254349
 10
234.7388322
 20
78.40340985
 10
234.81391259999998
 20
78.59471165
 10
234.85964239999998
 20
78.7950669
 10
234.875
 20
79.0
  0
LWPOLYLINE
  5
23E
330
17
100
AcDbEntity
  8
OUTLINE
100
AcDbPolyline
 90
15
 70
0
 10
233.86950415
 20
79.64
 10
233.81259119999999
 20
79.64
 10
233.75760415000002
 20
79.64
 10
233.7042042
 20
79.64
 10
233.6520624
 20
79.64
 10
233.6008574
 20
79.64
 10
233.55027385
 20
79.64
 10
233.5
 20
79.64
 10
233.44972615
 20
79.64
 10
233.3991426
 20
79.64
 10
233.3479376
 20
79.64
 10
233.2957958
 20
79.64
 10
233.24239584999998
 20
79.64
 10
233.18740880000001
 20
79.64
 10
233.13049585
 20
79.64
  0
LWPOLYLINE
  5
23F
330
17
100
AcDbEntity
  8
OUTLINE
100
AcDbPolyline
 90
15
 70
0
 10
234.23900835
 20
79.0
 10
234.21055185
 20
79.04928805
 10
234.18305835
 20
79.09690825
 10
234.15635835
 20
79.14315395
 10
234.13028745
 20
79.1883101
 10
234.10468495
 20
79.2326549
 10
234.0793932
 20
79.2764616
 10
234.05425624999998
 20
79.32
 10
234.02911935
 20
79.3635384
 10
234.00382754999998
 20
79.4073451
 10
233.97822505
 20
79.4516899
 10
233.95215415
 20
79.49684605
 10
233.9254542
 20
79.54309175
 10
233.89796065000002
 20
79.59071195
 10
233.86950415
 20
79.64
  0
LWPOLYLINE
  5
240
330
17
100
AcDbEntity
  8
OUTLINE
100
AcDbPolyline
 90
15
 70
0
 10
233.86950415
 20
78.36
 10
233.89796065000002
 20
78.40928805
 10
233.9254542
 20
78.45690825
 10
233.95215415
 20
78.50315395
 10
233.97822505
 20
78.5483101
 10
234.00382754999998
 20
78.5926549
 10
234.02911935
 20
78.6364616
 10
234.05425624999998
 20
78.68
 10
234.0793932
 20
78.7235384
 10
234.10468495
 20
78.7673451
 10
234.13028745
 20
78.8116899
 10
234.15635835
 20
78.85684605
 10
234.18305835
 20
78.90309175
 10
234.21055185
 20
78.95071195
 10
234.23900835
 20
79.0
  0
LWPOLYLINE
  5
241
330
17
100
AcDbEntity
  8
OUTLINE
100
AcDbPolyline
 90
15
 70
0
 10
233.13049585
 20
78.36
 10
233.18740880000001
 20
78.36
 10
233.24239584999998
 20
78.36
 10
233.2957958
 20
78.36
 10
233.3479376
 20
78.36
 10
233.3991426
 20
78.36
 10
233.44972615
 20
78.36
 10
233.5
 20
78.36
 10
233.55027385
 20
78.36
 10
233.6008574
 20
78.36
 10
233.6520624
 20
78.36
 10
233.7042042
 20
78.36
 10
233.75760415000002
 20
78.36
 10
233.81259119999999
 20
78.36
 10
233.86950415
 20
78.36
  0
LWPOLYLINE
  5
242
330
17
100
AcDbEntity
  8
OUTLINE
100
AcDbPolyline
 90
15
 70
0
 10
232.76099165
 20
79.0
 10
232.78944815
 20
78.95071195
 10
232.81694165
 20
78.90309175
 10
232.84364165
 20
78.85684605
 10
232.86971255
 20
78.8116899
 10
232.89531505
 20
78.7673451
 10
232.9206068
 20
78.7235384
 10
232.94574375000002
 20
78.68
 10
232.97088065
 20
78.6364616
 10
232.99617245000002
 20
78.5926549
 10
233.02177495
 20
78.5483101
 10
233.04784585
 20
78.50315395
 10
233.0745458
 20
78.45690825
 10
233.10203934999998
 20
78.40928805
 10
233.13049585
 20
78.36
  0
LWPOLYLINE
  5
243
330
17
100
AcDbEntity
  8
OUTLINE
100
AcDbPolyline
 90
15
 70
0
 10
233.13049585
 20
79.64
 10
233.10203934999998
 20
79.59071195
 10
233.0745458
 20
79.54309175
 10
233.04784585
 20
79.49684605
 10
233.02177495
 20
79.4516899
 10
232.99617245000002
 20
79.4073451
 10
232.97088065
 20
79.3635384
 10
232.94574375000002
 20
79.32
 10
232.9206068
 20
79.2764616
 10
232.89531505
 20
79.2326549
 10
232.86971255
 20
79.1883101
 10
232.84364165
 20
79.14315395
 10
232.81694165
 20
79.09690825
 10
232.78944815
 20
79.04928805
 10
232.76099165
 20
79.0
  0
LWPOLYLINE
  5
244
330
17
100
AcDbEntity
  8
OUTLINE
100
AcDbPolyline
 90
15
 70
0
 10
233.86950415
 20
79.64
 10
233.81259119999999
 20
79.64
 10
233.75760415000002
 20
79.64
 10
233.7042042
 20
79.64
 10
233.6520624
 20
79.64
 10
233.6008574
 20
79.64
 10
233.55027385
 20
79.64
 10
233.5
 20
79.64
 10
233.44972615
 20
79.64
 10
233.3991426
 20
79.64
 10
233.3479376
 20
79.64
 10
233.2957958
 20
79.64
 10
233.24239584999998
 20
79.64
 10
233.18740880000001
 20
79.64
 10
233.13049585
 20
79.64
  0
LWPOLYLINE
  5
245
330
17
100
AcDbEntity
  8
OUTLINE
100
AcDbPolyline
 90
15
 70
0
 10
234.23900835
 20
79.0
 10
234.21055185
 20
79.04928805
 10
234.18305835
 20
79.09690825
 10
234.15635835
 20
79.14315395
 10
234.13028745
 20
79.1883101
 10
234.10468495
 20
79.2326549
 10
234.0793932
 20
79.2764616
 10
234.05425624999998
 20
79.32
 10
234.02911935
 20
79.3635384
 10
234.00382754999998
 20
79.4073451
 10
233.97822505
 20
79.4516899
 10
233.95215415
 20
79.49684605
 10
233.9254542
 20
79.54309175
 10
233.89796065000002
 20
79.59071195
 10
233.86950415
 20
79.64
  0
LWPOLYLINE
  5
246
330
17
100
AcDbEntity
  8
OUTLINE
100
AcDbPolyline
 90
15
 70
0
 10
233.86950415
 20
78.36
 10
233.89796065000002
 20
78.40928805
 10
233.9254542
 20
78.45690825
 10
233.95215415
 20
78.50315395
 10
233.97822505
 20
78.5483101
 10
234.00382754999998
 20
78.5926549
 10
234.02911935
 20
78.6364616
 10
234.05425624999998
 20
78.68
 10
234.0793932
 20
78.7235384
 10
234.10468495
 20
78.7673451
 10
234.13028745
 20
78.8116899
 10
234.15635835
 20
78.85684605
 10
234.18305835
 20
78.90309175
 10
234.21055185
 20
78.95071195
 10
234.23900835
 20
79.0
  0
LWPOLYLINE
  5
247
330
17
100
AcDbEntity
  8
OUTLINE
100
AcDbPolyline
 90
15
 70
0
 10
233.13049585
 20
78.36
 10
233.18740880000001
 20
78.36
 10
233.24239584999998
 20
78.36
 10
233.2957958
 20
78.36
 10
233.3479376
 20
78.36
 10
233.3991426
 20
78.36
 10
233.44972615
 20
78.36
 10
233.5
 20
78.36
 10
233.55027385
 20
78.36
 10
233.6008574
 20
78.36
 10
233.6520624
 20
78.36
 10
233.7042042
 20
78.36
 10
233.75760415000002
 20
78.36
 10
233.81259119999999
 20
78.36
 10
233.86950415
 20
78.36
  0
LWPOLYLINE
  5
248
330
17
100
AcDbEntity
  8
OUTLINE
100
AcDbPolyline
 90
15
 70
0
 10
232.76099165
 20
79.0
 10
232.78944815
 20
78.95071195
 10
232.81694165
 20
78.90309175
 10
232.84364165
 20
78.85684605
 10
232.86971255
 20
78.8116899
 10
232.89531505
 20
78.7673451
 10
232.9206068
 20
78.7235384
 10
232.94574375000002
 20
78.68
 10
232.97088065
 20
78.6364616
 10
232.99617245000002
 20
78.5926549
 10
233.02177495
 20
78.5483101
 10
233.04784585
 20
78.50315395
 10
233.0745458
 20
78.45690825
 10
233.10203934999998
 20
78.40928805
 10
233.13049585
 20
78.36
  0
LWPOLYLINE
  5
249
330
17
100
AcDbEntity
  8
OUTLINE
100
AcDbPolyline
 90
13
 70
0
 10
233.3976
 20
79.0
 10
233.411319
 20
79.0512
 10
233.4488
 20
79.088681
 10
233.5
 20
79.1024
 10
233.5512
 20
79.088681
 10
233.588681
 20
79.0512
 10
233.6024
 20
79.0
 10
233.588681
 20
78.9488
 10
233.5512
 20
78.911319
 10
233.5
 20
78.8976
 10
233.4488
 20
78.911319
 10
233.411319
 20
78.9488
 10
233.3976
 20
79.0
  0
LWPOLYLINE
  5
24A
330
17
100
AcDbEntity
  8
OUTLINE
100
AcDbPolyline
 90
22
 70
0
 10
233.5
 20
252.385
 10
233.29357645
 20
252.36953069999998
 10
233.0917641
 20
252.32346834999998
 10
232.899071
 20
252.2478419
 10
232.7198017
 20
252.1443407
 10
232.55796075
 20
252.01527685000002
 10
232.4171634
 20
251.8635334
 10
232.3005548
 20
251.6925
 10
232.21073984999998
 20
251.5059973
 10
232.14972484999998
 20
251.30819150000002
 10
232.11887274999998
 20
251.10350119999998
 10
232.11887274999998
 20
250.89649880000002
 10
232.14972484999998
 20
250.69180849999998
 10
232.21073984999998
 20
250.4940027
 10
232.3005548
 20
250.3075
 10
232.4171634
 20
250.1364666
 10
232.55796075
 20
249.98472314999998
 10
232.7198017
 20
249.8556593
 10
232.899071
 20
249.7521581
 10
233.0917641
 20
249.67653165000002
 10
233.29357645
 20
249.63046930000002
 10
233.5
 20
249.615
  0
LWPOLYLINE
  5
24B
330
17
100
AcDbEntity
  8
OUTLINE
100
AcDbPolyline
 90
2
 70
0
 10
233.5
 20
252.385
 10
237.815
 20
252.385
  0
LWPOLYLINE
  5
24C
330
17
100
AcDbEntity
  8
OUTLINE
100
AcDbPolyline
 90
2
 70
0
 10
237.815
 20
249.615
 10
237.815
 20
252.385
  0
LWPOLYLINE
  5
24D
330
17
100
AcDbEntity
  8
OUTLINE
100
AcDbPolyline
 90
2
 70
0
 10
233.5
 20
249.615
 10
237.815
 20
249.615
  0
LWPOLYLINE
  5
24E
330
17
100
AcDbEntity
  8
OUTLINE
100
AcDbPolyline
 90
32
 70
0
 10
232.75729660000002
 20
251.0
 10
232.7724998
 20
251.1495051
 10
232.8174869
 20
251.29288945000002
 10
232.8904162
 20
251.42428285
 10
232.98830195
 20
251.53830605000002
 10
233.10713665
 20
251.63029095000002
 10
233.24205519999998
 20
251.69647170000002
 10
233.38753409999998
 20
251.73413875
 10
233.5376173
 20
251.74175015
 10
233.6861605
 20
251.71899415000001
 10
233.82708225
 20
251.66680245
 10
233.95461319999998
 20
251.5873118
 10
234.06353224999998
 20
251.48377655000002
 10
234.1493802
 20
251.3604354
 10
234.20864245
 20
251.22233799999998
 10
234.2388928
 20
251.07513805000002
 10
234.2388928
 20
250.92486194999998
 10
234.20864245
 20
250.77766200000002
 10
234.1493802
 20
250.6395646
 10
234.06353224999998
 20
250.51622344999998
 10
233.95461319999998
 20
250.4126882
 10
233.82708225
 20
250.33319755
 10
233.6861605
 20
250.28100584999999
 10
233.5376173
 20
250.25824985
 10
233.38753409999998
 20
250.26586125
 10
233.24205519999998
 20
250.30352829999998
 10
233.10713665
 20
250.36970904999998
 10
232.98830195
 20
250.46169394999998
 10
232.8904162
 20
250.57571715
 10
232.8174869
 20
250.70711054999998
 10
232.7724998
 20
250.8504949
 10
232.75729660000002
 20
251.0
  0
LWPOLYLINE
  5
24F
330
17
100
AcDbEntity
  8
OUTLINE
100
AcDbPolyline
 90
43
 70
0
 10
234.875
 20
251.0
 10
234.85964239999998
 20
251.2049331
 10
234.81391259999998
 20
251.40528835
 10
234.7388322
 20
251.59659015
 10
234.6360783
 20
251.77456510000002
 10
234.50794630000001
 20
251.9352375
 10
234.3572985
 20
252.0750183
 10
234.1875
 20
252.19078495
 10
234.0023439
 20
252.27995140000002
 10
233.8059663
 20
252.3405259
 10
233.60275389999998
 20
252.3711552
 10
233.39724610000002
 20
252.3711552
 10
233.1940337
 20
252.3405259
 10
232.9976561
 20
252.27995140000002
 10
232.8125
 20
252.19078495
 10
232.6427015
 20
252.0750183
 10
232.49205369999999
 20
251.9352375
 10
232.3639217
 20
251.77456510000002
 10
232.2611678
 20
251.59659015
 10
232.18608740000002
 20
251.40528835
 10
232.14035760000002
 20
251.2049331
 10
232.125
 20
251.0
 10
232.14035760000002
 20
250.7950669
 10
232.18608740000002
 20
250.59471165
 10
232.2611678
 20
250.40340985
 10
232.3639217
 20
250.22543489999998
 10
232.49205369999999
 20
250.0647625
 10
232.6427015
 20
249.9249817
 10
232.8125
 20
249.80921505
 10
232.9976561
 20
249.72004859999998
 10
233.1940337
 20
249.6594741
 10
233.39724610000002
 20
249.6288448
 10
233.60275389999998
 20
249.6288448
 10
233.8059663
 20
249.6594741
 10
234.0023439
 20
249.72004859999998
 10
234.1875
 20
249.80921505
 10
234.3572985
 20
249.9249817
 10
234.50794630000001
 20
250.0647625
 10
234.6360783
 20
250.22543489999998
 10
234.7388322
 20
250.40340985
 10
234.81391259999998
 20
250.59471165
 10
234.85964239999998
 20
250.7950669
 10
234.875
 20
251.0
  0
LWPOLYLINE
  5
250
330
17
100
AcDbEntity
  8
OUTLINE
100
AcDbPolyline
 90
15
 70
0
 10
233.86950415
 20
251.64
 10
233.81259119999999
 20
251.64
 10
233.75760415000002
 20
251.64
 10
233.7042042
 20
251.64
 10
233.6520624
 20
251.64
 10
233.6008574
 20
251.64
 10
233.55027385
 20
251.64
 10
233.5
 20
251.64
 10
233.44972615
 20
251.64
 10
233.3991426
 20
251.64
 10
233.3479376
 20
251.64
 10
233.2957958
 20
251.64
 10
233.24239584999998
 20
251.64
 10
233.18740880000001
 20
251.64
 10
233.13049585
 20
251.64
  0
LWPOLYLINE
  5
251
330
17
100
AcDbEntity
  8
OUTLINE
100
AcDbPolyline
 90
15
 70
0
 10
234.23900835
 20
251.0
 10
234.21055185
 20
251.04928805
 10
234.18305835
 20
251.09690825
 10
234.15635835
 20
251.14315395
 10
234.13028745
 20
251.1883101
 10
234.10468495
 20
251.2326549
 10
234.0793932
 20
251.2764616
 10
234.05425624999998
 20
251.32
 10
234.02911935
 20
251.36353839999998
 10
234.00382754999998
 20
251.4073451
 10
233.97822505
 20
251.45168990000002
 10
233.95215415
 20
251.49684605
 10
233.9254542
 20
251.54309175
 10
233.89796065000002
 20
251.59071195
 10
233.86950415
 20
251.64
  0
LWPOLYLINE
  5
252
330
17
100
AcDbEntity
  8
OUTLINE
100
AcDbPolyline
 90
15
 70
0
 10
233.86950415
 20
250.36
 10
233.89796065000002
 20
250.40928805
 10
233.9254542
 20
250.45690825
 10
233.95215415
 20
250.50315395
 10
233.97822505
 20
250.54831009999998
 10
234.00382754999998
 20
250.5926549
 10
234.02911935
 20
250.63646160000002
 10
234.05425624999998
 20
250.68
 10
234.0793932
 20
250.7235384
 10
234.10468495
 20
250.7673451
 10
234.13028745
 20
250.8116899
 10
234.15635835
 20
250.85684605
 10
234.18305835
 20
250.90309175
 10
234.21055185
 20
250.95071195
 10
234.23900835
 20
251.0
  0
LWPOLYLINE
  5
253
330
17
100
AcDbEntity
  8
OUTLINE
100
AcDbPolyline
 90
15
 70
0
 10
233.13049585
 20
250.36
 10
233.18740880000001
 20
250.36
 10
233.24239584999998
 20
250.36
 10
233.2957958
 20
250.36
 10
233.3479376
 20
250.36
 10
233.3991426
 20
250.36
 10
233.44972615
 20
250.36
 10
233.5
 20
250.36
 10
233.55027385
 20
250.36
 10
233.6008574
 20
250.36
 10
233.6520624
 20
250.36
 10
233.7042042
 20
250.36
 10
233.75760415000002
 20
250.36
 10
233.81259119999999
 20
250.36
 10
233.86950415
 20
250.36
  0
LWPOLYLINE
  5
254
330
17
100
AcDbEntity
  8
OUTLINE
100
AcDbPolyline
 90
15
 70
0
 10
232.76099165
 20
251.0
 10
232.78944815
 20
250.95071195
 10
232.81694165
 20
250.90309175
 10
232.84364165
 20
250.85684605
 10
232.86971255
 20
250.8116899
 10
232.89531505
 20
250.7673451
 10
232.9206068
 20
250.7235384
 10
232.94574375000002
 20
250.68
 10
232.97088065
 20
250.63646160000002
 10
232.99617245000002
 20
250.5926549
 10
233.02177495
 20
250.54831009999998
 10
233.04784585
 20
250.50315395
 10
233.0745458
 20
250.45690825
 10
233.10203934999998
 20
250.40928805
 10
233.13049585
 20
250.36
  0
LWPOLYLINE
  5
255
330
17
100
AcDbEntity
  8
OUTLINE
100
AcDbPolyline
 90
15
 70
0
 10
233.13049585
 20
251.64
 10
233.10203934999998
 20
251.59071195
 10
233.0745458
 20
251.54309175
 10
233.04784585
 20
251.49684605
 10
233.02177495
 20
251.45168990000002
 10
232.99617245000002
 20
251.4073451
 10
232.97088065
 20
251.36353839999998
 10
232.94574375000002
 20
251.32
 10
232.9206068
 20
251.2764616
 10
232.89531505
 20
251.2326549
 10
232.86971255
 20
251.1883101
 10
232.84364165
 20
251.14315395
 10
232.81694165
 20
251.09690825
 10
232.78944815
 20
251.04928805
 10
232.76099165
 20
251.0
  0
LWPOLYLINE
  5
256
330
17
100
AcDbEntity
  8
OUTLINE
100
AcDbPolyline
 90
15
 70
0
 10
233.86950415
 20
251.64
 10
233.81259119999999
 20
251.64
 10
233.75760415000002
 20
251.64
 10
233.7042042
 20
251.64
 10
233.6520624
 20
251.64
 10
233.6008574
 20
251.64
 10
233.55027385
 20
251.64
 10
233.5
 20
251.64
 10
233.44972615
 20
251.64
 10
233.3991426
 20
251.64
 10
233.3479376
 20
251.64
 10
233.2957958
 20
251.64
 10
233.24239584999998
 20
251.64
 10
233.18740880000001
 20
251.64
 10
233.13049585
 20
251.64
  0
LWPOLYLINE
  5
257
330
17
100
AcDbEntity
  8
OUTLINE
100
AcDbPolyline
 90
15
 70
0
 10
234.23900835
 20
251.0
 10
234.21055185
 20
251.04928805
 10
234.18305835
 20
251.09690825
 10
234.15635835
 20
251.14315395
 10
234.13028745
 20
251.1883101
 10
234.10468495
 20
251.2326549
 10
234.0793932
 20
251.2764616
 10
234.05425624999998
 20
251.32
 10
234.02911935
 20
251.36353839999998
 10
234.00382754999998
 20
251.4073451
 10
233.97822505
 20
251.45168990000002
 10
233.95215415
 20
251.49684605
 10
233.9254542
 20
251.54309175
 10
233.89796065000002
 20
251.59071195
 10
233.86950415
 20
251.64
  0
LWPOLYLINE
  5
258
330
17
100
AcDbEntity
  8
OUTLINE
100
AcDbPolyline
 90
15
 70
0
 10
233.86950415
 20
250.36
 10
233.89796065000002
 20
250.40928805
 10
233.9254542
 20
250.45690825
 10
233.95215415
 20
250.50315395
 10
233.97822505
 20
250.54831009999998
 10
234.00382754999998
 20
250.5926549
 10
234.02911935
 20
250.63646160000002
 10
234.05425624999998
 20
250.68
 10
234.0793932
 20
250.7235384
 10
234.10468495
 20
250.7673451
 10
234.13028745
 20
250.8116899
 10
234.15635835
 20
250.85684605
 10
234.18305835
 20
250.90309175
 10
234.21055185
 20
250.95071195
 10
234.23900835
 20
251.0
  0
LWPOLYLINE
  5
259
330
17
100
AcDbEntity
  8
OUTLINE
100
AcDbPolyline
 90
15
 70
0
 10
233.13049585
 20
250.36
 10
233.18740880000001
 20
250.36
 10
233.24239584999998
 20
250.36
 10
233.2957958
 20
250.36
 10
233.3479376
 20
250.36
 10
233.3991426
 20
250.36
 10
233.44972615
 20
250.36
 10
233.5
 20
250.36
 10
233.55027385
 20
250.36
 10
233.6008574
 20
250.36
 10
233.6520624
 20
250.36
 10
233.7042042
 20
250.36
 10
233.75760415000002
 20
250.36
 10
233.81259119999999
 20
250.36
 10
233.86950415
 20
250.36
  0
LWPOLYLINE
  5
25A
330
17
100
AcDbEntity
  8
OUTLINE
100
AcDbPolyline
 90
15
 70
0
 10
232.76099165
 20
251.0
 10
232.78944815
 20
250.95071195
 10
232.81694165
 20
250.90309175
 10
232.84364165
 20
250.85684605
 10
232.86971255
 20
250.8116899
 10
232.89531505
 20
250.7673451
 10
232.9206068
 20
250.7235384
 10
232.94574375000002
 20
250.68
 10
232.97088065
 20
250.63646160000002
 10
232.99617245000002
 20
250.5926549
 10
233.02177495
 20
250.54831009999998
 10
233.04784585
 20
250.50315395
 10
233.0745458
 20
250.45690825
 10
233.10203934999998
 20
250.40928805
 10
233.13049585
 20
250.36
  0
LWPOLYLINE
  5
25B
330
17
100
AcDbEntity
  8
OUTLINE
100
AcDbPolyline
 90
13
 70
0
 10
233.3976
 20
251.0
 10
233.411319
 20
251.0512
 10
233.4488
 20
251.088681
 10
233.5
 20
251.1024
 10
233.5512
 20
251.088681
 10
233.588681
 20
251.0512
 10
233.6024
 20
251.0
 10
233.588681
 20
250.9488
 10
233.5512
 20
250.911319
 10
233.5
 20
250.8976
 10
233.4488
 20
250.911319
 10
233.411319
 20
250.9488
 10
233.3976
 20
251.0
  0
LWPOLYLINE
  5
25C
330
17
100
AcDbEntity
  8
OUTLINE
100
AcDbPolyline
 90
2
 70
0
 10
44.0
 20
74.0
 10
54.0
 20
74.0
  0
LWPOLYLINE
  5
25D
330
17
100
AcDbEntity
  8
OUTLINE
100
AcDbPolyline
 90
2
 70
0
 10
44.0
 20
84.0
 10
45.0
 20
84.0
  0
LWPOLYLINE
  5
25E
330
17
100
AcDbEntity
  8
OUTLINE
100
AcDbPolyline
 90
2
 70
0
 10
44.0
 20
246.0
 10
45.0
 20
246.0
  0
LWPOLYLINE
  5
25F
330
17
100
AcDbEntity
  8
OUTLINE
100
AcDbPolyline
 90
2
 70
0
 10
44.0
 20
256.0
 10
54.0
 20
256.0
  0
LWPOLYLINE
  5
260
330
17
100
AcDbEntity
  8
OUTLINE
100
AcDbPolyline
 90
2
 70
0
 10
248.0
 20
74.0
 10
258.0
 20
74.0
  0
LWPOLYLINE
  5
261
330
17
100
AcDbEntity
  8
OUTLINE
100
AcDbPolyline
 90
2
 70
0
 10
257.0
 20
84.0
 10
258.0
 20
84.0
  0
LWPOLYLINE
  5
262
330
17
100
AcDbEntity
  8
OUTLINE
100
AcDbPolyline
 90
2
 70
0
 10
257.0
 20
246.0
 10
258.0
 20
246.0
  0
LWPOLYLINE
  5
263
330
17
100
AcDbEntity
  8
OUTLINE
100
AcDbPolyline
 90
2
 70
0
 10
248.0
 20
256.0
 10
258.0
 20
256.0
  0
LWPOLYLINE
  5
264
330
17
100
AcDbEntity
  8
OUTLINE
100
AcDbPolyline
 90
2
 70
0
 10
244.0
 20
76.5
 10
248.0
 20
76.5
  0
LWPOLYLINE
  5
265
330
17
100
AcDbEntity
  8
OUTLINE
100
AcDbPolyline
 90
2
 70
0
 10
244.0
 20
81.5
 10
248.0
 20
81.5
  0
LWPOLYLINE
  5
266
330
17
100
AcDbEntity
  8
OUTLINE
100
AcDbPolyline
 90
2
 70
0
 10
58.0
 20
75.5
 10
244.0
 20
75.5
  0
LWPOLYLINE
  5
267
330
17
100
AcDbEntity
  8
OUTLINE
100
AcDbPolyline
 90
2
 70
0
 10
58.0
 20
82.5
 10
244.0
 20
82.5
  0
LWPOLYLINE
  5
268
330
17
100
AcDbEntity
  8
OUTLINE
100
AcDbPolyline
 90
2
 70
0
 10
54.0
 20
76.5
 10
58.0
 20
76.5
  0
LWPOLYLINE
  5
269
330
17
100
AcDbEntity
  8
OUTLINE
100
AcDbPolyline
 90
2
 70
0
 10
54.0
 20
81.5
 10
58.0
 20
81.5
  0
LWPOLYLINE
  5
26A
330
17
100
AcDbEntity
  8
OUTLINE
100
AcDbPolyline
 90
2
 70
0
 10
33.0
 20
75.57
 10
44.0
 20
75.57
  0
LWPOLYLINE
  5
26B
330
17
100
AcDbEntity
  8
OUTLINE
100
AcDbPolyline
 90
2
 70
0
 10
33.0
 20
82.43
 10
44.0
 20
82.43
  0
LWPOLYLINE
  5
26C
330
17
100
AcDbEntity
  8
OUTLINE
100
AcDbPolyline
 90
2
 70
0
 10
258.0
 20
75.57
 10
269.0
 20
75.57
  0
LWPOLYLINE
  5
26D
330
17
100
AcDbEntity
  8
OUTLINE
100
AcDbPolyline
 90
2
 70
0
 10
258.0
 20
82.43
 10
269.0
 20
82.43
  0
LWPOLYLINE
  5
26E
330
17
100
AcDbEntity
  8
OUTLINE
100
AcDbPolyline
 90
2
 70
0
 10
27.5
 20
74.0
 10
32.5
 20
74.0
  0
LWPOLYLINE
  5
26F
330
17
100
AcDbEntity
  8
OUTLINE
100
AcDbPolyline
 90
2
 70
0
 10
27.5
 20
84.0
 10
32.5
 20
84.0
  0
LWPOLYLINE
  5
270
330
17
100
AcDbEntity
  8
OUTLINE
100
AcDbPolyline
 90
2
 70
0
 10
269.5
 20
74.0
 10
274.5
 20
74.0
  0
LWPOLYLINE
  5
271
330
17
100
AcDbEntity
  8
OUTLINE
100
AcDbPolyline
 90
2
 70
0
 10
269.5
 20
84.0
 10
274.5
 20
84.0
  0
LWPOLYLINE
  5
272
330
17
100
AcDbEntity
  8
OUTLINE
100
AcDbPolyline
 90
2
 70
0
 10
244.0
 20
248.5
 10
248.0
 20
248.5
  0
LWPOLYLINE
  5
273
330
17
100
AcDbEntity
  8
OUTLINE
100
AcDbPolyline
 90
2
 70
0
 10
244.0
 20
253.5
 10
248.0
 20
253.5
  0
LWPOLYLINE
  5
274
330
17
100
AcDbEntity
  8
OUTLINE
100
AcDbPolyline
 90
2
 70
0
 10
58.0
 20
247.5
 10
244.0
 20
247.5
  0
LWPOLYLINE
  5
275
330
17
100
AcDbEntity
  8
OUTLINE
100
AcDbPolyline
 90
2
 70
0
 10
58.0
 20
254.5
 10
244.0
 20
254.5
  0
LWPOLYLINE
  5
276
330
17
100
AcDbEntity
  8
OUTLINE
100
AcDbPolyline
 90
2
 70
0
 10
54.0
 20
248.5
 10
58.0
 20
248.5
  0
LWPOLYLINE
  5
277
330
17
100
AcDbEntity
  8
OUTLINE
100
AcDbPolyline
 90
2
 70
0
 10
54.0
 20
253.5
 10
58.0
 20
253.5
  0
LWPOLYLINE
  5
278
330
17
100
AcDbEntity
  8
OUTLINE
100
AcDbPolyline
 90
2
 70
0
 10
33.0
 20
247.57
 10
44.0
 20
247.57
  0
LWPOLYLINE
  5
279
330
17
100
AcDbEntity
  8
OUTLINE
100
AcDbPolyline
 90
2
 70
0
 10
33.0
 20
254.43
 10
44.0
 20
254.43
  0
LWPOLYLINE
  5
27A
330
17
100
AcDbEntity
  8
OUTLINE
100
AcDbPolyline
 90
2
 70
0
 10
258.0
 20
247.57
 10
269.0
 20
247.57
  0
LWPOLYLINE
  5
27B
330
17
100
AcDbEntity
  8
OUTLINE
100
AcDbPolyline
 90
2
 70
0
 10
258.0
 20
254.43
 10
269.0
 20
254.43
  0
LWPOLYLINE
  5
27C
330
17
100
AcDbEntity
  8
OUTLINE
100
AcDbPolyline
 90
2
 70
0
 10
27.5
 20
246.0
 10
32.5
 20
246.0
  0
LWPOLYLINE
  5
27D
330
17
100
AcDbEntity
  8
OUTLINE
100
AcDbPolyline
 90
2
 70
0
 10
27.5
 20
256.0
 10
32.5
 20
256.0
  0
LWPOLYLINE
  5
27E
330
17
100
AcDbEntity
  8
OUTLINE
100
AcDbPolyline
 90
2
 70
0
 10
269.5
 20
246.0
 10
274.5
 20
246.0
  0
LWPOLYLINE
  5
27F
330
17
100
AcDbEntity
  8
OUTLINE
100
AcDbPolyline
 90
2
 70
0
 10
269.5
 20
256.0
 10
274.5
 20
256.0
  0
LWPOLYLINE
  5
280
330
17
100
AcDbEntity
  8
OUTLINE
100
AcDbPolyline
 90
5
 70
0
 10
25.700000000000003
 20
80.75
 10
25.61201165
 20
80.72960655
 10
25.551522849999998
 20
80.68399475
 10
25.512360900000004
 20
80.6192237
 10
25.5
 20
80.55
  0
LWPOLYLINE
  5
281
330
17
100
AcDbEntity
  8
OUTLINE
100
AcDbPolyline
 90
5
 70
0
 10
25.700000000000003
 20
77.25
 10
25.61201165
 20
77.27039345
 10
25.551522849999998
 20
77.31600525
 10
25.512360900000004
 20
77.3807763
 10
25.5
 20
77.45
  0
LWPOLYLINE
  5
282
330
17
100
AcDbEntity
  8
OUTLINE
100
AcDbPolyline
 90
2
 70
0
 10
25.700000000000003
 20
77.25
 10
27.382499999999993
 20
77.25
  0
LWPOLYLINE
  5
283
330
17
100
AcDbEntity
  8
OUTLINE
100
AcDbPolyline
 90
2
 70
0
 10
25.700000000000003
 20
80.75
 10
27.382499999999993
 20
80.75
  0
LWPOLYLINE
  5
284
330
17
100
AcDbEntity
  8
OUTLINE
100
AcDbPolyline
 90
2
 70
0
 10
27.5
 20
80.6325
 10
27.382499999999993
 20
80.75
  0
LWPOLYLINE
  5
285
330
17
100
AcDbEntity
  8
OUTLINE
100
AcDbPolyline
 90
2
 70
0
 10
27.5
 20
77.3675
 10
27.382499999999993
 20
77.25
  0
LWPOLYLINE
  5
286
330
17
100
AcDbEntity
  8
OUTLINE
100
AcDbPolyline
 90
5
 70
0
 10
276.3
 20
80.75
 10
276.38798835
 20
80.72960655
 10
276.44847715000003
 20
80.68399475
 10
276.4876391
 20
80.6192237
 10
276.5
 20
80.55
  0
LWPOLYLINE
  5
287
330
17
100
AcDbEntity
  8
OUTLINE
100
AcDbPolyline
 90
5
 70
0
 10
276.3
 20
77.25
 10
276.38798835
 20
77.27039345
 10
276.44847715000003
 20
77.31600525
 10
276.4876391
 20
77.3807763
 10
276.5
 20
77.45
  0
LWPOLYLINE
  5
288
330
17
100
AcDbEntity
  8
OUTLINE
100
AcDbPolyline
 90
2
 70
0
 10
276.3
 20
80.75
 10
274.6175
 20
80.75
  0
LWPOLYLINE
  5
289
330
17
100
AcDbEntity
  8
OUTLINE
100
AcDbPolyline
 90
2
 70
0
 10
276.3
 20
77.25
 10
274.6175
 20
77.25
  0
LWPOLYLINE
  5
28A
330
17
100
AcDbEntity
  8
OUTLINE
100
AcDbPolyline
 90
2
 70
0
 10
274.5
 20
77.3675
 10
274.6175
 20
77.25
  0
LWPOLYLINE
  5
28B
330
17
100
AcDbEntity
  8
OUTLINE
100
AcDbPolyline
 90
2
 70
0
 10
274.5
 20
80.6325
 10
274.6175
 20
80.75
  0
LWPOLYLINE
  5
28C
330
17
100
AcDbEntity
  8
OUTLINE
100
AcDbPolyline
 90
5
 70
0
 10
25.700000000000003
 20
252.75
 10
25.61201165
 20
252.72960655
 10
25.551522849999998
 20
252.68399475
 10
25.512360900000004
 20
252.61922370000002
 10
25.5
 20
252.55
  0
LWPOLYLINE
  5
28D
330
17
100
AcDbEntity
  8
OUTLINE
100
AcDbPolyline
 90
5
 70
0
 10
25.700000000000003
 20
249.25
 10
25.61201165
 20
249.27039345
 10
25.551522849999998
 20
249.31600525
 10
25.512360900000004
 20
249.38077629999998
 10
25.5
 20
249.45
  0
LWPOLYLINE
  5
28E
330
17
100
AcDbEntity
  8
OUTLINE
100
AcDbPolyline
 90
2
 70
0
 10
25.700000000000003
 20
249.25
 10
27.382499999999993
 20
249.25
  0
LWPOLYLINE
  5
28F
330
17
100
AcDbEntity
  8
OUTLINE
100
AcDbPolyline
 90
2
 70
0
 10
25.700000000000003
 20
252.75
 10
27.382499999999993
 20
252.75
  0
LWPOLYLINE
  5
290
330
17
100
AcDbEntity
  8
OUTLINE
100
AcDbPolyline
 90
2
 70
0
 10
27.5
 20
252.6325
 10
27.382499999999993
 20
252.75
  0
LWPOLYLINE
  5
291
330
17
100
AcDbEntity
  8
OUTLINE
100
AcDbPolyline
 90
2
 70
0
 10
27.5
 20
249.3675
 10
27.382499999999993
 20
249.25
  0
LWPOLYLINE
  5
292
330
17
100
AcDbEntity
  8
OUTLINE
100
AcDbPolyline
 90
5
 70
0
 10
276.3
 20
252.75
 10
276.38798835
 20
252.72960655
 10
276.44847715000003
 20
252.68399475
 10
276.4876391
 20
252.61922370000002
 10
276.5
 20
252.55
  0
LWPOLYLINE
  5
293
330
17
100
AcDbEntity
  8
OUTLINE
100
AcDbPolyline
 90
5
 70
0
 10
276.3
 20
249.25
 10
276.38798835
 20
249.27039345
 10
276.44847715000003
 20
249.31600525
 10
276.4876391
 20
249.38077629999998
 10
276.5
 20
249.45
  0
LWPOLYLINE
  5
294
330
17
100
AcDbEntity
  8
OUTLINE
100
AcDbPolyline
 90
2
 70
0
 10
276.3
 20
252.75
 10
274.6175
 20
252.75
  0
LWPOLYLINE
  5
295
330
17
100
AcDbEntity
  8
OUTLINE
100
AcDbPolyline
 90
2
 70
0
 10
276.3
 20
249.25
 10
274.6175
 20
249.25
  0
LWPOLYLINE
  5
296
330
17
100
AcDbEntity
  8
OUTLINE
100
AcDbPolyline
 90
2
 70
0
 10
274.5
 20
249.3675
 10
274.6175
 20
249.25
  0
LWPOLYLINE
  5
297
330
17
100
AcDbEntity
  8
OUTLINE
100
AcDbPolyline
 90
2
 70
0
 10
274.5
 20
252.6325
 10
274.6175
 20
252.75
  0
LINE
  5
298
330
17
100
AcDbEntity
  8
DIM
100
AcDbLine
 10
19.5
 20
256.0
 30
0.0
 11
19.5
 21
267.5
 31
0.0
  0
LINE
  5
299
330
17
100
AcDbEntity
  8
DIM
100
AcDbLine
 10
282.5
 20
256.0
 30
0.0
 11
282.5
 21
267.5
 31
0.0
  0
LINE
  5
29A
330
17
100
AcDbEntity
  8
DIM
100
AcDbLine
 10
19.5
 20
266.0
 30
0.0
 11
282.5
 21
266.0
 31
0.0
  0
LINE
  5
29B
330
17
100
AcDbEntity
  8
DIM
100
AcDbLine
 10
19.5
 20
266.0
 30
0.0
 11
21.378745425694756
 21
265.3142043850891
 31
0.0
  0
LINE
  5
29C
330
17
100
AcDbEntity
  8
DIM
100
AcDbLine
 10
19.5
 20
266.0
 30
0.0
 11
21.378745425694756
 21
266.6857956149109
 31
0.0
  0
LINE
  5
29D
330
17
100
AcDbEntity
  8
DIM
100
AcDbLine
 10
282.5
 20
266.0
 30
0.0
 11
280.6212545743052
 21
266.6857956149109
 31
0.0
  0
LINE
  5
29E
330
17
100
AcDbEntity
  8
DIM
100
AcDbLine
 10
282.5
 20
266.0
 30
0.0
 11
280.6212545743052
 21
265.3142043850891
 31
0.0
  0
TEXT
  5
29F
330
17
100
AcDbEntity
  8
TEXT
100
AcDbText
 10
151.0
 20
267.8
 30
0.0
 40
2.8
  1
526 REF
  7
CJK
 72
1
 11
151.0
 21
267.8
 31
0.0
100
AcDbText
  0
LINE
  5
2A0
330
17
100
AcDbEntity
  8
DIM
100
AcDbLine
 10
19.5
 20
74.0
 30
0.0
 11
16.5
 21
74.0
 31
0.0
  0
LINE
  5
2A1
330
17
100
AcDbEntity
  8
DIM
100
AcDbLine
 10
19.5
 20
256.0
 30
0.0
 11
16.5
 21
256.0
 31
0.0
  0
LINE
  5
2A2
330
17
100
AcDbEntity
  8
DIM
100
AcDbLine
 10
15.0
 20
74.0
 30
0.0
 11
15.0
 21
256.0
 31
0.0
  0
LINE
  5
2A3
330
17
100
AcDbEntity
  8
DIM
100
AcDbLine
 10
15.0
 20
74.0
 30
0.0
 11
15.685795614910903
 21
75.87874542569476
 31
0.0
  0
LINE
  5
2A4
330
17
100
AcDbEntity
  8
DIM
100
AcDbLine
 10
15.0
 20
74.0
 30
0.0
 11
14.314204385089097
 21
75.87874542569476
 31
0.0
  0
LINE
  5
2A5
330
17
100
AcDbEntity
  8
DIM
100
AcDbLine
 10
15.0
 20
256.0
 30
0.0
 11
14.314204385089097
 21
254.12125457430525
 31
0.0
  0
LINE
  5
2A6
330
17
100
AcDbEntity
  8
DIM
100
AcDbLine
 10
15.0
 20
256.0
 30
0.0
 11
15.685795614910903
 21
254.12125457430525
 31
0.0
  0
TEXT
  5
2A7
330
17
100
AcDbEntity
  8
TEXT
100
AcDbText
 10
13.2
 20
165.0
 30
0.0
 40
2.8
  1
364 REF
 50
90.0
  7
CJK
 72
1
 11
13.2
 21
165.0
 31
0.0
100
AcDbText
  0
LINE
  5
2A8
330
17
100
AcDbEntity
  8
OUTLINE
100
AcDbLine
 10
24.0
 20
165.0
 30
0.0
 11
22.0
 21
190.0
 31
0.0
  0
CIRCLE
  5
2A9
330
17
100
AcDbEntity
  8
OUTLINE
100
AcDbCircle
 10
22.0
 20
190.0
 30
0.0
 40
4.0
  0
TEXT
  5
2AA
330
17
100
AcDbEntity
  8
TEXT
100
AcDbText
 10
22.0
 20
189.0
 30
0.0
 40
3.0
  1
01
  7
CJK
 72
1
 11
22.0
 21
189.0
 31
0.0
100
AcDbText
  0
LINE
  5
2AB
330
17
100
AcDbEntity
  8
OUTLINE
100
AcDbLine
 10
278.0
 20
165.0
 30
0.0
 11
285.0
 21
190.0
 31
0.0
  0
CIRCLE
  5
2AC
330
17
100
AcDbEntity
  8
OUTLINE
100
AcDbCircle
 10
285.0
 20
190.0
 30
0.0
 40
4.0
  0
TEXT
  5
2AD
330
17
100
AcDbEntity
  8
TEXT
100
AcDbText
 10
285.0
 20
189.0
 30
0.0
 40
3.0
  1
02
  7
CJK
 72
1
 11
285.0
 21
189.0
 31
0.0
100
AcDbText
  0
LINE
  5
2AE
330
17
100
AcDbEntity
  8
OUTLINE
100
AcDbLine
 10
215.0
 20
210.0
 30
0.0
 11
285.0
 21
240.0
 31
0.0
  0
CIRCLE
  5
2AF
330
17
100
AcDbEntity
  8
OUTLINE
100
AcDbCircle
 10
285.0
 20
240.0
 30
0.0
 40
4.0
  0
TEXT
  5
2B0
330
17
100
AcDbEntity
  8
TEXT
100
AcDbText
 10
285.0
 20
239.0
 30
0.0
 40
3.0
  1
03
  7
CJK
 72
1
 11
285.0
 21
239.0
 31
0.0
100
AcDbText
  0
LINE
  5
2B1
330
17
100
AcDbEntity
  8
OUTLINE
100
AcDbLine
 10
151.0
 20
79.0
 30
0.0
 11
180.0
 21
60.0
 31
0.0
  0
CIRCLE
  5
2B2
330
17
100
AcDbEntity
  8
OUTLINE
100
AcDbCircle
 10
180.0
 20
60.0
 30
0.0
 40
4.0
  0
TEXT
  5
2B3
330
17
100
AcDbEntity
  8
TEXT
100
AcDbText
 10
180.0
 20
59.0
 30
0.0
 40
3.0
  1
04
  7
CJK
 72
1
 11
180.0
 21
59.0
 31
0.0
100
AcDbText
  0
LINE
  5
2B4
330
17
100
AcDbEntity
  8
OUTLINE
100
AcDbLine
 10
272.5
 20
79.0
 30
0.0
 11
282.0
 21
60.0
 31
0.0
  0
CIRCLE
  5
2B5
330
17
100
AcDbEntity
  8
OUTLINE
100
AcDbCircle
 10
282.0
 20
60.0
 30
0.0
 40
4.0
  0
TEXT
  5
2B6
330
17
100
AcDbEntity
  8
TEXT
100
AcDbText
 10
282.0
 20
59.0
 30
0.0
 40
3.0
  1
05
  7
CJK
 72
1
 11
282.0
 21
59.0
 31
0.0
100
AcDbText
  0
LINE
  5
2B7
330
17
100
AcDbEntity
  8
OUTLINE
100
AcDbLine
 10
250.0
 20
251.0
 30
0.0
 11
247.0
 21
263.0
 31
0.0
  0
CIRCLE
  5
2B8
330
17
100
AcDbEntity
  8
OUTLINE
100
AcDbCircle
 10
247.0
 20
263.0
 30
0.0
 40
4.0
  0
TEXT
  5
2B9
330
17
100
AcDbEntity
  8
TEXT
100
AcDbText
 10
247.0
 20
262.0
 30
0.0
 40
3.0
  1
06
  7
CJK
 72
1
 11
247.0
 21
262.0
 31
0.0
100
AcDbText
  0
LINE
  5
2BA
330
17
100
AcDbEntity
  8
OUTLINE
100
AcDbLine
 10
263.0
 20
251.0
 30
0.0
 11
280.0
 21
255.0
 31
0.0
  0
CIRCLE
  5
2BB
330
17
100
AcDbEntity
  8
OUTLINE
100
AcDbCircle
 10
280.0
 20
255.0
 30
0.0
 40
4.0
  0
TEXT
  5
2BC
330
17
100
AcDbEntity
  8
TEXT
100
AcDbText
 10
280.0
 20
254.0
 30
0.0
 40
3.0
  1
07
  7
CJK
 72
1
 11
280.0
 21
254.0
 31
0.0
100
AcDbText
  0
TEXT
  5
2BD
330
17
100
AcDbEntity
  8
TEXT
100
AcDbText
 10
297.0
 20
249.0
 30
0.0
 40
2.65
  1
01 左框架×1
  7
CJK
 11
297.0
 21
249.0
 31
0.0
100
AcDbText
  0
TEXT
  5
2BE
330
17
100
AcDbEntity
  8
TEXT
100
AcDbText
 10
297.0
 20
242.0
 30
0.0
 40
2.65
  1
02 右框架×1
  7
CJK
 11
297.0
 21
242.0
 31
0.0
100
AcDbText
  0
TEXT
  5
2BF
330
17
100
AcDbEntity
  8
TEXT
100
AcDbText
 10
297.0
 20
235.0
 30
0.0
 40
2.65
  1
03 槽块×4
  7
CJK
 11
297.0
 21
235.0
 31
0.0
100
AcDbText
  0
TEXT
  5
2C0
330
17
100
AcDbEntity
  8
TEXT
100
AcDbText
 10
297.0
 20
228.0
 30
0.0
 40
2.65
  1
04 阶梯导杆×2
  7
CJK
 11
297.0
 21
228.0
 31
0.0
100
AcDbText
  0
TEXT
  5
2C1
330
17
100
AcDbEntity
  8
TEXT
100
AcDbText
 10
297.0
 20
221.0
 30
0.0
 40
2.65
  1
05 叉形端盖×4
  7
CJK
 11
297.0
 21
221.0
 31
0.0
100
AcDbText
  0
TEXT
  5
2C2
330
17
100
AcDbEntity
  8
TEXT
100
AcDbText
 10
297.0
 20
214.0
 30
0.0
 40
2.65
  1
06 igus衬套×4
  7
CJK
 11
297.0
 21
214.0
 31
0.0
100
AcDbText
  0
TEXT
  5
2C3
330
17
100
AcDbEntity
  8
TEXT
100
AcDbText
 10
297.0
 20
207.0
 30
0.0
 40
2.65
  1
07 Lee弹簧×4
  7
CJK
 11
297.0
 21
207.0
 31
0.0
100
AcDbText
  0
TEXT
  5
2C4
330
17
100
AcDbEntity
  8
TEXT
100
AcDbText
 10
297.0
 20
200.0
 30
0.0
 40
2.65
  1
螺钉/接地端子见12页
  7
CJK
 11
297.0
 21
200.0
 31
0.0
100
AcDbText
  0
TEXT
  5
2C5
330
17
100
AcDbEntity
  8
TEXT
100
AcDbText
 10
297.0
 20
193.0
 30
0.0
 40
2.65
  1

  7
CJK
 11
297.0
 21
193.0
 31
0.0
100
AcDbText
  0
TEXT
  5
2C6
330
17
100
AcDbEntity
  8
TEXT
100
AcDbText
 10
297.0
 20
186.0
 30
0.0
 40
2.65
  1
每侧行程 8±0.20
  7
CJK
 11
297.0
 21
186.0
 31
0.0
100
AcDbText
  0
TEXT
  5
2C7
330
17
100
AcDbEntity
  8
TEXT
100
AcDbText
 10
297.0
 20
179.0
 30
0.0
 40
2.65
  1
弹簧长：闭合30±0.20
  7
CJK
 11
297.0
 21
179.0
 31
0.0
100
AcDbText
  0
TEXT
  5
2C8
330
17
100
AcDbEntity
  8
TEXT
100
AcDbText
 10
297.0
 20
172.0
 30
0.0
 40
2.65
  1
全开22±0.20
  7
CJK
 11
297.0
 21
172.0
 31
0.0
100
AcDbText
  0
TEXT
  5
2C9
330
17
100
AcDbEntity
  8
TEXT
100
AcDbText
 10
297.0
 20
165.0
 30
0.0
 40
2.65
  1
叉齿为实体止挡
  7
CJK
 11
297.0
 21
165.0
 31
0.0
100
AcDbText
  0
TEXT
  5
2CA
330
17
100
AcDbEntity
  8
TEXT
100
AcDbText
 10
297.0
 20
158.0
 30
0.0
 40
2.65
  1
禁止以弹簧压并限位
  7
CJK
 11
297.0
 21
158.0
 31
0.0
100
AcDbText
  0
TEXT
  5
2CB
330
17
100
AcDbEntity
  8
TEXT
100
AcDbText
 10
297.0
 20
151.0
 30
0.0
 40
2.65
  1
全开目标2–5 N/手
  7
CJK
 11
297.0
 21
151.0
 31
0.0
100
AcDbText
  0
TEXT
  5
2CC
330
17
100
AcDbEntity
  8
TEXT
100
AcDbText
 10
297.0
 20
144.0
 30
0.0
 40
2.65
  1
全过程峰值≤5 N/手
  7
CJK
 11
297.0
 21
144.0
 31
0.0
100
AcDbText
  0
TEXT
  5
2CD
330
17
100
AcDbEntity
  8
TEXT
100
AcDbText
 10
24.0
 20
54.0
 30
0.0
 40
2.8
  1
操作：工位先托住晶圆再张开；2–5N是横向开启力，不含治具自重。双手柄不是安全联锁。
  7
CJK
 11
24.0
 21
54.0
 31
0.0
100
AcDbText
  0
TEXT
  5
2CE
330
17
100
AcDbEntity
  8
TEXT
100
AcDbText
 10
24.0
 20
47.0
 30
0.0
 40
2.8
  1
本设计仅限水平、低速、有防跌托盘的试制验证；线束必须不牵拉、不卡入行程。
  7
CJK
 11
24.0
 21
47.0
 31
0.0
100
AcDbText
  0
ENDSEC
  0
SECTION
  2
OBJECTS
  0
DICTIONARY
  5
A
330
0
100
AcDbDictionary
281
1
  3
ACAD_COLOR
350
B
  3
ACAD_GROUP
350
C
  3
ACAD_LAYOUT
350
D
  3
ACAD_MATERIAL
350
E
  3
ACAD_MLEADERSTYLE
350
F
  3
ACAD_MLINESTYLE
350
10
  3
ACAD_PLOTSETTINGS
350
11
  3
ACAD_PLOTSTYLENAME
350
12
  3
ACAD_SCALELIST
350
14
  3
ACAD_TABLESTYLE
350
15
  3
ACAD_VISUALSTYLE
350
16
  3
EZDXF_META
350
2D
  0
DICTIONARY
  5
B
330
A
100
AcDbDictionary
281
1
  0
DICTIONARY
  5
C
330
A
100
AcDbDictionary
281
1
  0
DICTIONARY
  5
D
330
A
100
AcDbDictionary
281
1
  3
Model
350
1A
  3
Layout1
350
1E
  0
DICTIONARY
  5
E
330
A
100
AcDbDictionary
281
1
  3
ByBlock
350
1F
  3
ByLayer
350
20
  3
Global
350
21
  0
DICTIONARY
  5
F
330
A
100
AcDbDictionary
281
1
  3
Standard
350
2C
  0
DICTIONARY
  5
10
330
A
100
AcDbDictionary
281
1
  3
Standard
350
22
  0
DICTIONARY
  5
11
330
A
100
AcDbDictionary
281
1
  0
ACDBDICTIONARYWDFLT
  5
12
330
A
100
AcDbDictionary
281
1
  3
Normal
350
13
100
AcDbDictionaryWithDefault
340
13
  0
ACDBPLACEHOLDER
  5
13
330
12
  0
DICTIONARY
  5
14
330
A
100
AcDbDictionary
281
1
  0
DICTIONARY
  5
15
330
A
100
AcDbDictionary
281
1
  0
DICTIONARY
  5
16
330
A
100
AcDbDictionary
281
1
  0
LAYOUT
  5
1A
330
D
100
AcDbPlotSettings
  1

  4
A3
  6

 40
7.5
 41
20.0
 42
7.5
 43
20.0
 44
420.0
 45
297.0
 46
0.0
 47
0.0
 48
0.0
 49
0.0
140
0.0
141
0.0
142
1.0
143
1.0
 70
1024
 72
1
 73
0
 74
5
  7

 75
16
 76
0
 77
2
 78
300
147
1.0
148
0.0
149
0.0
100
AcDbLayout
  1
Model
 70
1
 71
0
 10
0.0
 20
0.0
 11
420.0
 21
297.0
 12
0.0
 22
0.0
 32
0.0
 14
1e+20
 24
1e+20
 34
1e+20
 15
-1e+20
 25
-1e+20
 35
-1e+20
146
0.0
 13
0.0
 23
0.0
 33
0.0
 16
1.0
 26
0.0
 36
0.0
 17
0.0
 27
1.0
 37
0.0
 76
1
330
17
  0
LAYOUT
  5
1E
330
D
100
AcDbPlotSettings
  1

  4
A3
  6

 40
7.5
 41
20.0
 42
7.5
 43
20.0
 44
420.0
 45
297.0
 46
0.0
 47
0.0
 48
0.0
 49
0.0
140
0.0
141
0.0
142
1.0
143
1.0
 70
0
 72
1
 73
0
 74
5
  7

 75
16
 76
0
 77
2
 78
300
147
1.0
148
0.0
149
0.0
100
AcDbLayout
  1
Layout1
 70
1
 71
1
 10
0.0
 20
0.0
 11
420.0
 21
297.0
 12
0.0
 22
0.0
 32
0.0
 14
1e+20
 24
1e+20
 34
1e+20
 15
-1e+20
 25
-1e+20
 35
-1e+20
146
0.0
 13
0.0
 23
0.0
 33
0.0
 16
1.0
 26
0.0
 36
0.0
 17
0.0
 27
1.0
 37
0.0
 76
1
330
1B
  0
MATERIAL
  5
1F
102
{ACAD_REACTORS
330
E
102
}
330
E
100
AcDbMaterial
  1
ByBlock
  2

 70
0
 40
1.0
 71
1
 41
1.0
 91
-1023410177
 42
1.0
 72
1
  3

 73
1
 74
1
 75
1
 44
0.5
 73
0
 45
1.0
 46
1.0
 77
1
  4

 78
1
 79
1
170
1
 48
1.0
171
1
  6

172
1
173
1
174
1
140
1.0
141
1.0
175
1
  7

176
1
177
1
178
1
143
1.0
179
1
  8

270
1
271
1
272
1
145
1.0
146
1.0
273
1
  9

274
1
275
1
276
1
 42
1.0
 72
1
  3

 73
1
 74
1
 75
1
 94
63
  0
MATERIAL
  5
20
102
{ACAD_REACTORS
330
E
102
}
330
E
100
AcDbMaterial
  1
ByLayer
  2

 70
0
 40
1.0
 71
1
 41
1.0
 91
-1023410177
 42
1.0
 72
1
  3

 73
1
 74
1
 75
1
 44
0.5
 73
0
 45
1.0
 46
1.0
 77
1
  4

 78
1
 79
1
170
1
 48
1.0
171
1
  6

172
1
173
1
174
1
140
1.0
141
1.0
175
1
  7

176
1
177
1
178
1
143
1.0
179
1
  8

270
1
271
1
272
1
145
1.0
146
1.0
273
1
  9

274
1
275
1
276
1
 42
1.0
 72
1
  3

 73
1
 74
1
 75
1
 94
63
  0
MATERIAL
  5
21
102
{ACAD_REACTORS
330
E
102
}
330
E
100
AcDbMaterial
  1
Global
  2

 70
0
 40
1.0
 71
1
 41
1.0
 91
-1023410177
 42
1.0
 72
1
  3

 73
1
 74
1
 75
1
 44
0.5
 73
0
 45
1.0
 46
1.0
 77
1
  4

 78
1
 79
1
170
1
 48
1.0
171
1
  6

172
1
173
1
174
1
140
1.0
141
1.0
175
1
  7

176
1
177
1
178
1
143
1.0
179
1
  8

270
1
271
1
272
1
145
1.0
146
1.0
273
1
  9

274
1
275
1
276
1
 42
1.0
 72
1
  3

 73
1
 74
1
 75
1
 94
63
  0
MLINESTYLE
  5
22
102
{ACAD_REACTORS
330
10
102
}
330
10
100
AcDbMlineStyle
  2
Standard
 70
0
  3

 62
256
 51
90.0
 52
90.0
 71
2
 49
0.5
 62
256
  6
BYLAYER
 49
-0.5
 62
256
  6
BYLAYER
  0
MLEADERSTYLE
  5
2C
102
{ACAD_REACTORS
330
F
102
}
330
F
100
AcDbMLeaderStyle
179
2
170
2
171
1
172
0
 90
2
 40
0.0
 41
0.0
173
1
 91
-1056964608
 92
-2
290
1
 42
2.0
291
1
 43
8.0
  3
Standard
 44
4.0
300

342
29
174
1
175
1
176
0
178
1
 93
-1056964608
 45
4.0
292
0
297
0
 46
4.0
 94
-1056964608
 47
1.0
 49
1.0
140
1.0
294
1
141
0.0
177
0
142
1.0
295
0
296
0
143
3.75
271
0
272
9
273
9
  0
DICTIONARY
  5
2D
330
A
100
AcDbDictionary
280
1
281
1
  3
CREATED_BY_EZDXF
350
2E
  3
WRITTEN_BY_EZDXF
350
2D1
  0
DICTIONARYVAR
  5
2E
330
2D
100
DictionaryVariables
280
0
  1
1.4.4 @ 2026-09-13T11:05:27.544648+00:00
  0
DICTIONARYVAR
  5
2D1
330
2D
100
DictionaryVariables
280
0
  1
1.4.4 @ 2026-09-13T11:05:27.586802+00:00
  0
ENDSEC
  0
EOF
