  0
SECTION
  2
HEADER
  9
$ACADVER
  1
AC1024
  9
$ACADMAINTVER
 70
6
  9
$DWGCODEPAGE
  3
ANSI_1252
  9
$LASTSAVEDBY
  1
ezdxf
  9
$INSBASE
 10
0.0
 20
0.0
 30
0.0
  9
$EXTMIN
 10
1e+20
 20
1e+20
 30
1e+20
  9
$EXTMAX
 10
-1e+20
 20
-1e+20
 30
-1e+20
  9
$LIMMIN
 10
0.0
 20
0.0
  9
$LIMMAX
 10
420.0
 20
297.0
  9
$ORTHOMODE
 70
0
  9
$REGENMODE
 70
1
  9
$FILLMODE
 70
1
  9
$QTEXTMODE
 70
0
  9
$MIRRTEXT
 70
1
  9
$LTSCALE
 40
1.0
  9
$ATTMODE
 70
1
  9
$TEXTSIZE
 40
2.5
  9
$TRACEWID
 40
1.0
  9
$TEXTSTYLE
  7
Standard
  9
$CLAYER
  8
0
  9
$CELTYPE
  6
ByLayer
  9
$CECOLOR
 62
256
  9
$CELTSCALE
 40
1.0
  9
$DISPSILH
 70
0
  9
$DIMSCALE
 40
1.0
  9
$DIMASZ
 40
2.5
  9
$DIMEXO
 40
0.625
  9
$DIMDLI
 40
3.75
  9
$DIMRND
 40
0.0
  9
$DIMDLE
 40
0.0
  9
$DIMEXE
 40
1.25
  9
$DIMTP
 40
0.0
  9
$DIMTM
 40
0.0
  9
$DIMTXT
 40
2.5
  9
$DIMCEN
 40
2.5
  9
$DIMTSZ
 40
0.0
  9
$DIMTOL
 70
0
  9
$DIMLIM
 70
0
  9
$DIMTIH
 70
0
  9
$DIMTOH
 70
0
  9
$DIMSE1
 70
0
  9
$DIMSE2
 70
0
  9
$DIMTAD
 70
1
  9
$DIMZIN
 70
8
  9
$DIMBLK
  1

  9
$DIMASO
 70
1
  9
$DIMSHO
 70
1
  9
$DIMPOST
  1

  9
$DIMAPOST
  1

  9
$DIMALT
 70
0
  9
$DIMALTD
 70
3
  9
$DIMALTF
 40
0.03937007874
  9
$DIMLFAC
 40
1.0
  9
$DIMTOFL
 70
1
  9
$DIMTVP
 40
0.0
  9
$DIMTIX
 70
0
  9
$DIMSOXD
 70
0
  9
$DIMSAH
 70
0
  9
$DIMBLK1
  1

  9
$DIMBLK2
  1

  9
$DIMSTYLE
  2
ISO-25
  9
$DIMCLRD
 70
0
  9
$DIMCLRE
 70
0
  9
$DIMCLRT
 70
0
  9
$DIMTFAC
 40
1.0
  9
$DIMGAP
 40
0.625
  9
$DIMJUST
 70
0
  9
$DIMSD1
 70
0
  9
$DIMSD2
 70
0
  9
$DIMTOLJ
 70
0
  9
$DIMTZIN
 70
8
  9
$DIMALTZ
 70
0
  9
$DIMALTTZ
 70
0
  9
$DIMUPT
 70
0
  9
$DIMDEC
 70
2
  9
$DIMTDEC
 70
2
  9
$DIMALTU
 70
2
  9
$DIMALTTD
 70
3
  9
$DIMTXSTY
  7
Standard
  9
$DIMAUNIT
 70
0
  9
$DIMADEC
 70
0
  9
$DIMALTRND
 40
0.0
  9
$DIMAZIN
 70
0
  9
$DIMDSEP
 70
44
  9
$DIMATFIT
 70
3
  9
$DIMFRAC
 70
0
  9
$DIMLDRBLK
  1

  9
$DIMLUNIT
 70
2
  9
$DIMLWD
 70
-2
  9
$DIMLWE
 70
-2
  9
$DIMTMOVE
 70
0
  9
$DIMFXL
 40
1.0
  9
$DIMFXLON
 70
0
  9
$DIMJOGANG
 40
0.785398163397
  9
$DIMTFILL
 70
0
  9
$DIMTFILLCLR
 70
0
  9
$DIMARCSYM
 70
0
  9
$DIMLTYPE
  6

  9
$DIMLTEX1
  6

  9
$DIMLTEX2
  6

  9
$DIMTXTDIRECTION
 70
0
  9
$LUNITS
 70
2
  9
$LUPREC
 70
4
  9
$SKETCHINC
 40
1.0
  9
$FILLETRAD
 40
10.0
  9
$AUNITS
 70
0
  9
$AUPREC
 70
2
  9
$MENU
  1
.
  9
$ELEVATION
 40
0.0
  9
$PELEVATION
 40
0.0
  9
$THICKNESS
 40
0.0
  9
$LIMCHECK
 70
0
  9
$CHAMFERA
 40
0.0
  9
$CHAMFERB
 40
0.0
  9
$CHAMFERC
 40
0.0
  9
$CHAMFERD
 40
0.0
  9
$SKPOLY
 70
0
  9
$TDCREATE
 40
2461297.7954513887
  9
$TDUCREATE
 40
2458532.153996898
  9
$TDUPDATE
 40
2461297.7954513887
  9
$TDUUPDATE
 40
2458532.1544311
  9
$TDINDWG
 40
0.0
  9
$TDUSRTIMER
 40
0.0
  9
$USRTIMER
 70
1
  9
$ANGBASE
 50
0.0
  9
$ANGDIR
 70
0
  9
$PDMODE
 70
0
  9
$PDSIZE
 40
0.0
  9
$PLINEWID
 40
0.0
  9
$SPLFRAME
 70
0
  9
$SPLINETYPE
 70
6
  9
$SPLINESEGS
 70
8
  9
$HANDSEED
  5
3F4
  9
$SURFTAB1
 70
6
  9
$SURFTAB2
 70
6
  9
$SURFTYPE
 70
6
  9
$SURFU
 70
6
  9
$SURFV
 70
6
  9
$UCSBASE
  2

  9
$UCSNAME
  2

  9
$UCSORG
 10
0.0
 20
0.0
 30
0.0
  9
$UCSXDIR
 10
1.0
 20
0.0
 30
0.0
  9
$UCSYDIR
 10
0.0
 20
1.0
 30
0.0
  9
$UCSORTHOREF
  2

  9
$UCSORTHOVIEW
 70
0
  9
$UCSORGTOP
 10
0.0
 20
0.0
 30
0.0
  9
$UCSORGBOTTOM
 10
0.0
 20
0.0
 30
0.0
  9
$UCSORGLEFT
 10
0.0
 20
0.0
 30
0.0
  9
$UCSORGRIGHT
 10
0.0
 20
0.0
 30
0.0
  9
$UCSORGFRONT
 10
0.0
 20
0.0
 30
0.0
  9
$UCSORGBACK
 10
0.0
 20
0.0
 30
0.0
  9
$PUCSBASE
  2

  9
$PUCSNAME
  2

  9
$PUCSORG
 10
0.0
 20
0.0
 30
0.0
  9
$PUCSXDIR
 10
1.0
 20
0.0
 30
0.0
  9
$PUCSYDIR
 10
0.0
 20
1.0
 30
0.0
  9
$PUCSORTHOREF
  2

  9
$PUCSORTHOVIEW
 70
0
  9
$PUCSORGTOP
 10
0.0
 20
0.0
 30
0.0
  9
$PUCSORGBOTTOM
 10
0.0
 20
0.0
 30
0.0
  9
$PUCSORGLEFT
 10
0.0
 20
0.0
 30
0.0
  9
$PUCSORGRIGHT
 10
0.0
 20
0.0
 30
0.0
  9
$PUCSORGFRONT
 10
0.0
 20
0.0
 30
0.0
  9
$PUCSORGBACK
 10
0.0
 20
0.0
 30
0.0
  9
$USERI1
 70
0
  9
$USERI2
 70
0
  9
$USERI3
 70
0
  9
$USERI4
 70
0
  9
$USERI5
 70
0
  9
$USERR1
 40
0.0
  9
$USERR2
 40
0.0
  9
$USERR3
 40
0.0
  9
$USERR4
 40
0.0
  9
$USERR5
 40
0.0
  9
$WORLDVIEW
 70
1
  9
$SHADEDGE
 70
3
  9
$SHADEDIF
 70
70
  9
$TILEMODE
 70
1
  9
$MAXACTVP
 70
64
  9
$PINSBASE
 10
0.0
 20
0.0
 30
0.0
  9
$PLIMCHECK
 70
0
  9
$PEXTMIN
 10
1e+20
 20
1e+20
 30
1e+20
  9
$PEXTMAX
 10
-1e+20
 20
-1e+20
 30
-1e+20
  9
$PLIMMIN
 10
0.0
 20
0.0
  9
$PLIMMAX
 10
420.0
 20
297.0
  9
$UNITMODE
 70
0
  9
$VISRETAIN
 70
1
  9
$PLINEGEN
 70
0
  9
$PSLTSCALE
 70
1
  9
$TREEDEPTH
 70
3020
  9
$CMLSTYLE
  2
Standard
  9
$CMLJUST
 70
0
  9
$CMLSCALE
 40
20.0
  9
$PROXYGRAPHICS
 70
1
  9
$MEASUREMENT
 70
1
  9
$CELWEIGHT
370
-1
  9
$ENDCAPS
280
0
  9
$JOINSTYLE
280
0
  9
$LWDISPLAY
290
0
  9
$INSUNITS
 70
4
  9
$HYPERLINKBASE
  1

  9
$STYLESHEET
  1

  9
$XEDIT
290
1
  9
$CEPSNTYPE
380
0
  9
$PSTYLEMODE
290
1
  9
$FINGERPRINTGUID
  2
{427D17EB-BB8C-4DFB-90AD-CBB860A44E83}
  9
$VERSIONGUID
  2
{42D95300-0CC1-4AAA-8B40-2C51540AD328}
  9
$EXTNAMES
290
1
  9
$PSVPSCALE
 40
0.0
  9
$OLESTARTUP
290
0
  9
$SORTENTS
280
127
  9
$INDEXCTL
280
0
  9
$HIDETEXT
280
1
  9
$XCLIPFRAME
280
1
  9
$HALOGAP
280
0
  9
$OBSCOLOR
 70
257
  9
$OBSLTYPE
280
0
  9
$INTERSECTIONDISPLAY
280
0
  9
$INTERSECTIONCOLOR
 70
257
  9
$DIMASSOC
280
2
  9
$PROJECTNAME
  1

  9
$CAMERADISPLAY
290
0
  9
$LENSLENGTH
 40
50.0
  9
$CAMERAHEIGHT
 40
0.0
  9
$STEPSPERSEC
 40
24.0
  9
$STEPSIZE
 40
100.0
  9
$3DDWFPREC
 40
2.0
  9
$PSOLWIDTH
 40
0.005
  9
$PSOLHEIGHT
 40
0.08
  9
$LOFTANG1
 40
1.570796326795
  9
$LOFTANG2
 40
1.570796326795
  9
$LOFTMAG1
 40
0.0
  9
$LOFTMAG2
 40
0.0
  9
$LOFTPARAM
 70
7
  9
$LOFTNORMALS
280
1
  9
$LATITUDE
 40
37.795
  9
$LONGITUDE
 40
-122.394
  9
$NORTHDIRECTION
 40
0.0
  9
$TIMEZONE
 70
-8000
  9
$LIGHTGLYPHDISPLAY
280
1
  9
$TILEMODELIGHTSYNCH
280
1
  9
$CMATERIAL
347
20
  9
$SOLIDHIST
280
0
  9
$SHOWHIST
280
1
  9
$DWFFRAME
280
2
  9
$DGNFRAME
280
2
  9
$REALWORLDSCALE
290
1
  9
$INTERFERECOLOR
 62
256
  9
$CSHADOW
280
0
  9
$SHADOWPLANELOCATION
 40
0.0
  0
ENDSEC
  0
SECTION
  2
CLASSES
  0
CLASS
  1
ACDBDICTIONARYWDFLT
  2
AcDbDictionaryWithDefault
  3
ObjectDBX Classes
 90
0
 91
0
280
0
281
0
  0
CLASS
  1
SUN
  2
AcDbSun
  3
SCENEOE
 90
1153
 91
0
280
0
281
0
  0
CLASS
  1
VISUALSTYLE
  2
AcDbVisualStyle
  3
ObjectDBX Classes
 90
4095
 91
0
280
0
281
0
  0
CLASS
  1
MATERIAL
  2
AcDbMaterial
  3
ObjectDBX Classes
 90
1153
 91
0
280
0
281
0
  0
CLASS
  1
SCALE
  2
AcDbScale
  3
ObjectDBX Classes
 90
1153
 91
0
280
0
281
0
  0
CLASS
  1
TABLESTYLE
  2
AcDbTableStyle
  3
ObjectDBX Classes
 90
4095
 91
0
280
0
281
0
  0
CLASS
  1
MLEADERSTYLE
  2
AcDbMLeaderStyle
  3
ACDB_MLEADERSTYLE_CLASS
 90
4095
 91
0
280
0
281
0
  0
CLASS
  1
DICTIONARYVAR
  2
AcDbDictionaryVar
  3
ObjectDBX Classes
 90
0
 91
0
280
0
281
0
  0
CLASS
  1
CELLSTYLEMAP
  2
AcDbCellStyleMap
  3
ObjectDBX Classes
 90
1152
 91
0
280
0
281
0
  0
CLASS
  1
MENTALRAYRENDERSETTINGS
  2
AcDbMentalRayRenderSettings
  3
SCENEOE
 90
1024
 91
0
280
0
281
0
  0
CLASS
  1
ACDBDETAILVIEWSTYLE
  2
AcDbDetailViewStyle
  3
ObjectDBX Classes
 90
1025
 91
0
280
0
281
0
  0
CLASS
  1
ACDBSECTIONVIEWSTYLE
  2
AcDbSectionViewStyle
  3
ObjectDBX Classes
 90
1025
 91
0
280
0
281
0
  0
CLASS
  1
RASTERVARIABLES
  2
AcDbRasterVariables
  3
ISM
 90
0
 91
0
280
0
281
0
  0
CLASS
  1
LAYOUT
  2
AcDbLayout
  3
ObjectDBX Classes
 90
0
 91
0
280
0
281
0
  0
CLASS
  1
ACDBPLACEHOLDER
  2
AcDbPlaceHolder
  3
ObjectDBX Classes
 90
0
 91
0
280
0
281
0
  0
ENDSEC
  0
SECTION
  2
TABLES
  0
TABLE
  2
VPORT
  5
8
330
0
100
AcDbSymbolTable
 70
1
  0
VPORT
  5
23
330
8
100
AcDbSymbolTableRecord
100
AcDbViewportTableRecord
  2
*Active
 70
0
 10
0.0
 20
0.0
 11
1.0
 21
1.0
 12
0.0
 22
0.0
 13
0.0
 23
0.0
 14
0.5
 24
0.5
 15
0.5
 25
0.5
 16
0.0
 26
0.0
 36
1.0
 17
0.0
 27
0.0
 37
0.0
 40
1000.0
 41
1.34
 42
50.0
 43
0.0
 44
0.0
 50
0.0
 51
0.0
 71
0
 72
1000
 73
1
 74
3
 75
0
 76
0
 77
0
 78
0
281
0
 65
0
146
0.0
  0
ENDTAB
  0
TABLE
  2
LTYPE
  5
2
330
0
100
AcDbSymbolTable
 70
3
  0
LTYPE
  5
24
330
2
100
AcDbSymbolTableRecord
100
AcDbLinetypeTableRecord
  2
ByBlock
 70
0
  3

 72
65
 73
0
 40
0.0
  0
LTYPE
  5
25
330
2
100
AcDbSymbolTableRecord
100
AcDbLinetypeTableRecord
  2
ByLayer
 70
0
  3

 72
65
 73
0
 40
0.0
  0
LTYPE
  5
26
330
2
100
AcDbSymbolTableRecord
100
AcDbLinetypeTableRecord
  2
Continuous
 70
0
  3

 72
65
 73
0
 40
0.0
  0
ENDTAB
  0
TABLE
  2
LAYER
  5
1
330
0
100
AcDbSymbolTable
 70
9
  0
LAYER
  5
27
330
1
100
AcDbSymbolTableRecord
100
AcDbLayerTableRecord
  2
0
 70
0
 62
7
  6
Continuous
370
-3
390
13
347
21
  0
LAYER
  5
28
330
1
100
AcDbSymbolTableRecord
100
AcDbLayerTableRecord
  2
Defpoints
 70
0
 62
7
  6
Continuous
290
0
370
-3
390
13
347
21
  0
LAYER
  5
2F
330
1
100
AcDbSymbolTableRecord
100
AcDbLayerTableRecord
  2
OUTLINE
 70
0
 62
7
  6
Continuous
370
-3
390
13
347
21
  0
LAYER
  5
30
330
1
100
AcDbSymbolTableRecord
100
AcDbLayerTableRecord
  2
TANGENT
 70
0
 62
8
  6
Continuous
370
-3
390
13
347
21
  0
LAYER
  5
31
330
1
100
AcDbSymbolTableRecord
100
AcDbLayerTableRecord
  2
HIDDEN
 70
0
 62
8
  6
Continuous
370
-3
390
13
347
21
  0
LAYER
  5
32
330
1
100
AcDbSymbolTableRecord
100
AcDbLayerTableRecord
  2
DIM
 70
0
 62
7
  6
Continuous
370
-3
390
13
347
21
  0
LAYER
  5
33
330
1
100
AcDbSymbolTableRecord
100
AcDbLayerTableRecord
  2
TEXT
 70
0
 62
7
  6
Continuous
370
-3
390
13
347
21
  0
LAYER
  5
34
330
1
100
AcDbSymbolTableRecord
100
AcDbLayerTableRecord
  2
HOLD
 70
0
 62
1
  6
Continuous
370
-3
390
13
347
21
  0
LAYER
  5
35
330
1
100
AcDbSymbolTableRecord
100
AcDbLayerTableRecord
  2
CENTER
 70
0
 62
4
  6
Continuous
370
-3
390
13
347
21
  0
ENDTAB
  0
TABLE
  2
STYLE
  5
5
330
0
100
AcDbSymbolTable
 70
2
  0
STYLE
  5
29
330
5
100
AcDbSymbolTableRecord
100
AcDbTextStyleTableRecord
  2
Standard
 70
0
 40
0.0
 41
1.0
 50
0.0
 71
0
 42
2.5
  3
txt
  4

  0
STYLE
  5
36
330
5
100
AcDbSymbolTableRecord
100
AcDbTextStyleTableRecord
  2
CJK
 70
0
 40
0.0
 41
1.0
 50
0.0
 71
0
 42
2.5
  3
Arial Unicode.ttf
  4

  0
ENDTAB
  0
TABLE
  2
VIEW
  5
7
330
0
100
AcDbSymbolTable
 70
0
  0
ENDTAB
  0
TABLE
  2
UCS
  5
6
330
0
100
AcDbSymbolTable
 70
0
  0
ENDTAB
  0
TABLE
  2
APPID
  5
3
330
0
100
AcDbSymbolTable
 70
3
  0
APPID
  5
2A
330
3
100
AcDbSymbolTableRecord
100
AcDbRegAppTableRecord
  2
ACAD
 70
0
  0
APPID
  5
3F1
330
3
100
AcDbSymbolTableRecord
100
AcDbRegAppTableRecord
  2
HATCHBACKGROUNDCOLOR
 70
0
  0
APPID
  5
3F2
330
3
100
AcDbSymbolTableRecord
100
AcDbRegAppTableRecord
  2
EZDXF
 70
0
  0
ENDTAB
  0
TABLE
  2
DIMSTYLE
  5
4
330
0
100
AcDbSymbolTable
 70
1
100
AcDbDimStyleTable
  0
DIMSTYLE
105
2B
330
4
100
AcDbSymbolTableRecord
100
AcDbDimStyleTableRecord
  2
Standard
 70
0
 40
1.0
 41
2.5
 42
0.625
 43
3.75
 44
1.25
 45
0.0
 46
0.0
 47
0.0
 48
0.0
 49
2.5
140
2.5
141
2.5
142
0.0
143
0.03937007874
144
1.0
145
0.0
146
1.0
147
0.625
148
0.0
 69
0
 70
0
 71
0
 72
0
 73
0
 74
0
 75
0
 76
0
 77
1
 78
8
 79
3
170
0
171
3
172
1
173
0
174
0
175
0
176
0
177
0
178
0
179
2
271
2
272
2
273
2
274
3
275
0
276
0
277
2
278
44
279
0
280
0
281
0
282
0
283
0
284
8
285
0
286
0
288
0
289
3
290
0
371
-2
372
-2
  0
ENDTAB
  0
TABLE
  2
BLOCK_RECORD
  5
9
330
0
100
AcDbSymbolTable
 70
2
  0
BLOCK_RECORD
  5
17
330
9
100
AcDbSymbolTableRecord
100
AcDbBlockTableRecord
  2
*Model_Space
340
1A
 70
0
280
1
281
0
  0
BLOCK_RECORD
  5
1B
330
9
100
AcDbSymbolTableRecord
100
AcDbBlockTableRecord
  2
*Paper_Space
340
1E
 70
0
280
1
281
0
  0
ENDTAB
  0
ENDSEC
  0
SECTION
  2
BLOCKS
  0
BLOCK
  5
18
330
17
100
AcDbEntity
  8
0
100
AcDbBlockBegin
  2
*Model_Space
 70
0
 10
0.0
 20
0.0
 30
0.0
  3
*Model_Space
  1

  0
ENDBLK
  5
19
330
17
100
AcDbEntity
  8
0
100
AcDbBlockEnd
  0
BLOCK
  5
1C
330
1B
100
AcDbEntity
  8
0
100
AcDbBlockBegin
  2
*Paper_Space
 70
0
 10
0.0
 20
0.0
 30
0.0
  3
*Paper_Space
  1

  0
ENDBLK
  5
1D
330
1B
100
AcDbEntity
  8
0
100
AcDbBlockEnd
  0
ENDSEC
  0
SECTION
  2
ENTITIES
  0
LWPOLYLINE
  5
37
330
17
100
AcDbEntity
  8
OUTLINE
100
AcDbPolyline
 90
5
 70
0
 10
10.0
 20
10.0
 10
410.0
 20
10.0
 10
410.0
 20
287.0
 10
10.0
 20
287.0
 10
10.0
 20
10.0
  0
TEXT
  5
38
330
17
100
AcDbEntity
  8
TEXT
100
AcDbText
 10
15.0
 20
278.0
 30
0.0
 40
5.0
  1
左手柄支架 / 单件图与孔位表
  7
CJK
 11
15.0
 21
278.0
 31
0.0
100
AcDbText
  0
TEXT
  5
39
330
17
100
AcDbEntity
  8
TEXT
100
AcDbText
 10
405.0
 20
279.0
 30
0.0
 40
3.0
  1
WF300-DH | P1D1 | 03/12
  7
CJK
 72
2
 11
405.0
 21
279.0
 31
0.0
100
AcDbText
  0
LINE
  5
3A
330
17
100
AcDbEntity
  8
OUTLINE
100
AcDbLine
 10
10.0
 20
273.0
 30
0.0
 11
410.0
 21
273.0
 31
0.0
  0
LINE
  5
3B
330
17
100
AcDbEntity
  8
OUTLINE
100
AcDbLine
 10
10.0
 20
38.0
 30
0.0
 11
410.0
 21
38.0
 31
0.0
  0
TEXT
  5
3C
330
17
100
AcDbEntity
  8
HOLD
100
AcDbText
 10
15.0
 20
30.0
 30
0.0
 40
3.3
  1
状态：工程试制 / 首件评审后执行；未获实片使用批准
  7
CJK
 11
15.0
 21
30.0
 31
0.0
100
AcDbText
  0
TEXT
  5
3D
330
17
100
AcDbEntity
  8
TEXT
100
AcDbText
 10
15.0
 20
22.0
 30
0.0
 40
2.6
  1
单位mm；成品尺寸；试制公差见第11页。复杂轮廓依同版STEP；不得量图。
  7
CJK
 11
15.0
 21
22.0
 31
0.0
100
AcDbText
  0
TEXT
  5
3E
330
17
100
AcDbEntity
  8
TEXT
100
AcDbText
 10
15.0
 20
15.0
 30
0.0
 40
2.5
  1
源模型 SHA-256：11d3f112668962898e65…；晶圆厚0.50–0.90；外缘2接触；先假片验收。
  7
CJK
 11
15.0
 21
15.0
 31
0.0
100
AcDbText
  0
LINE
  5
3F
330
17
100
AcDbEntity
  8
OUTLINE
100
AcDbLine
 10
282.0
 20
10.0
 30
0.0
 11
282.0
 21
38.0
 31
0.0
  0
TEXT
  5
40
330
17
100
AcDbEntity
  8
TEXT
100
AcDbText
 10
287.0
 20
30.0
 30
0.0
 40
2.7
  1
图号 WF300-P1-FRAME-L  |  比例 1:2 主视 / 局部示意
  7
CJK
 11
287.0
 21
30.0
 31
0.0
100
AcDbText
  0
TEXT
  5
41
330
17
100
AcDbEntity
  8
TEXT
100
AcDbText
 10
287.0
 20
22.0
 30
0.0
 40
2.6
  1
材料/来源：6061-T651 / 见11页
  7
CJK
 11
287.0
 21
22.0
 31
0.0
100
AcDbText
  0
TEXT
  5
42
330
17
100
AcDbEntity
  8
TEXT
100
AcDbText
 10
287.0
 20
15.0
 30
0.0
 40
2.6
  1
工艺/质量首件评审签署：待完成
  7
CJK
 11
287.0
 21
15.0
 31
0.0
100
AcDbText
  0
LWPOLYLINE
  5
43
330
17
100
AcDbEntity
  8
HIDDEN
100
AcDbPolyline
 90
15
 70
0
 10
104.5
 20
77.0
 10
104.5
 20
77.07938675
 10
104.5
 20
77.3150261
 10
104.5
 20
77.6994354
 10
104.5
 20
78.22040785
 10
104.5
 20
78.8614001
 10
104.5
 20
79.60205765
 10
104.5
 20
80.41886115
 10
104.5
 20
81.28587325
 10
104.5
 20
82.17556225
 10
104.5
 20
83.0596763
 10
104.5
 20
83.91014065
 10
104.5
 20
84.69994905
 10
104.5
 20
85.40402135
 10
104.5
 20
86.0
  0
LWPOLYLINE
  5
44
330
17
100
AcDbEntity
  8
HIDDEN
100
AcDbPolyline
 90
2
 70
0
 10
104.5
 20
86.0
 10
104.5
 20
91.5
  0
LWPOLYLINE
  5
45
330
17
100
AcDbEntity
  8
HIDDEN
100
AcDbPolyline
 90
2
 70
0
 10
104.5
 20
91.5
 10
104.5
 20
120.5
  0
LWPOLYLINE
  5
46
330
17
100
AcDbEntity
  8
HIDDEN
100
AcDbPolyline
 90
2
 70
0
 10
104.5
 20
129.5
 10
104.5
 20
120.5
  0
LWPOLYLINE
  5
47
330
17
100
AcDbEntity
  8
HIDDEN
100
AcDbPolyline
 90
2
 70
0
 10
104.5
 20
129.5
 10
104.5
 20
133.0
  0
LWPOLYLINE
  5
48
330
17
100
AcDbEntity
  8
HIDDEN
100
AcDbPolyline
 90
2
 70
0
 10
104.5
 20
133.0
 10
104.5
 20
140.0
  0
LWPOLYLINE
  5
49
330
17
100
AcDbEntity
  8
HIDDEN
100
AcDbPolyline
 90
15
 70
0
 10
104.5
 20
250.0
 10
104.5
 20
250.59597865
 10
104.5
 20
251.30005095
 10
104.5
 20
252.08985934999998
 10
104.5
 20
252.9403237
 10
104.5
 20
253.82443775000002
 10
104.5
 20
254.71412675
 10
104.5
 20
255.58113885
 10
104.5
 20
256.39794235
 10
104.5
 20
257.13859990000003
 10
104.5
 20
257.77959215
 10
104.5
 20
258.30056460000003
 10
104.5
 20
258.6849739
 10
104.5
 20
258.92061325
 10
104.5
 20
259.0
  0
LWPOLYLINE
  5
4A
330
17
100
AcDbEntity
  8
HIDDEN
100
AcDbPolyline
 90
2
 70
0
 10
104.5
 20
140.0
 10
104.5
 20
196.0
  0
LWPOLYLINE
  5
4B
330
17
100
AcDbEntity
  8
HIDDEN
100
AcDbPolyline
 90
2
 70
0
 10
104.5
 20
244.5
 10
104.5
 20
250.0
  0
LWPOLYLINE
  5
4C
330
17
100
AcDbEntity
  8
HIDDEN
100
AcDbPolyline
 90
2
 70
0
 10
104.5
 20
196.0
 10
104.5
 20
203.0
  0
LWPOLYLINE
  5
4D
330
17
100
AcDbEntity
  8
HIDDEN
100
AcDbPolyline
 90
2
 70
0
 10
104.5
 20
203.0
 10
104.5
 20
206.5
  0
LWPOLYLINE
  5
4E
330
17
100
AcDbEntity
  8
HIDDEN
100
AcDbPolyline
 90
2
 70
0
 10
104.5
 20
215.5
 10
104.5
 20
244.5
  0
LWPOLYLINE
  5
4F
330
17
100
AcDbEntity
  8
HIDDEN
100
AcDbPolyline
 90
2
 70
0
 10
104.5
 20
215.5
 10
104.5
 20
206.5
  0
LWPOLYLINE
  5
50
330
17
100
AcDbEntity
  8
HIDDEN
100
AcDbPolyline
 90
15
 70
0
 10
104.5
 20
254.0
 10
104.5
 20
253.66410654999999
 10
104.5
 20
253.33243720000002
 10
104.5
 20
253.0091628
 10
104.5
 20
252.69834880000002
 10
104.5
 20
252.40390374999998
 10
104.5
 20
252.1295306
 10
104.5
 20
251.87867964999998
 10
104.5
 20
251.65450555
 10
104.5
 20
251.4598274
 10
104.5
 20
251.2970934
 10
104.5
 20
251.16835
 10
104.5
 20
251.07521624999998
 10
104.5
 20
251.01886335
 10
104.5
 20
251.0
  0
LWPOLYLINE
  5
51
330
17
100
AcDbEntity
  8
HIDDEN
100
AcDbPolyline
 90
15
 70
0
 10
104.5
 20
251.0
 10
104.5
 20
251.07521624999998
 10
104.5
 20
251.2970934
 10
104.5
 20
251.65450555
 10
104.5
 20
252.1295306
 10
104.5
 20
252.69834880000002
 10
104.5
 20
253.33243720000002
 10
104.5
 20
254.0
 10
104.5
 20
254.66756279999998
 10
104.5
 20
255.30165119999998
 10
104.5
 20
255.8704694
 10
104.5
 20
256.34549445
 10
104.5
 20
256.7029066
 10
104.5
 20
256.92478375
 10
104.5
 20
257.0
  0
LWPOLYLINE
  5
52
330
17
100
AcDbEntity
  8
HIDDEN
100
AcDbPolyline
 90
15
 70
0
 10
104.5
 20
257.0
 10
104.5
 20
256.98113665
 10
104.5
 20
256.92478375
 10
104.5
 20
256.83164999999997
 10
104.5
 20
256.7029066
 10
104.5
 20
256.5401726
 10
104.5
 20
256.34549445
 10
104.5
 20
256.12132035
 10
104.5
 20
255.8704694
 10
104.5
 20
255.59609625000002
 10
104.5
 20
255.30165119999998
 10
104.5
 20
254.9908372
 10
104.5
 20
254.66756279999998
 10
104.5
 20
254.33589345000001
 10
104.5
 20
254.0
  0
LWPOLYLINE
  5
53
330
17
100
AcDbEntity
  8
HIDDEN
100
AcDbPolyline
 90
15
 70
0
 10
104.5
 20
82.0
 10
104.5
 20
81.66410655
 10
104.5
 20
81.3324372
 10
104.5
 20
81.0091628
 10
104.5
 20
80.6983488
 10
104.5
 20
80.40390375
 10
104.5
 20
80.1295306
 10
104.5
 20
79.87867965
 10
104.5
 20
79.65450555
 10
104.5
 20
79.4598274
 10
104.5
 20
79.2970934
 10
104.5
 20
79.16835
 10
104.5
 20
79.07521625
 10
104.5
 20
79.01886335
 10
104.5
 20
79.0
  0
LWPOLYLINE
  5
54
330
17
100
AcDbEntity
  8
HIDDEN
100
AcDbPolyline
 90
15
 70
0
 10
104.5
 20
79.0
 10
104.5
 20
79.07521625
 10
104.5
 20
79.2970934
 10
104.5
 20
79.65450555
 10
104.5
 20
80.1295306
 10
104.5
 20
80.6983488
 10
104.5
 20
81.3324372
 10
104.5
 20
82.0
 10
104.5
 20
82.6675628
 10
104.5
 20
83.3016512
 10
104.5
 20
83.8704694
 10
104.5
 20
84.34549445
 10
104.5
 20
84.7029066
 10
104.5
 20
84.92478375
 10
104.5
 20
85.0
  0
LWPOLYLINE
  5
55
330
17
100
AcDbEntity
  8
HIDDEN
100
AcDbPolyline
 90
15
 70
0
 10
104.5
 20
85.0
 10
104.5
 20
84.98113665
 10
104.5
 20
84.92478375
 10
104.5
 20
84.83165
 10
104.5
 20
84.7029066
 10
104.5
 20
84.5401726
 10
104.5
 20
84.34549445
 10
104.5
 20
84.12132035
 10
104.5
 20
83.8704694
 10
104.5
 20
83.59609625
 10
104.5
 20
83.3016512
 10
104.5
 20
82.9908372
 10
104.5
 20
82.6675628
 10
104.5
 20
82.33589345
 10
104.5
 20
82.0
  0
LWPOLYLINE
  5
56
330
17
100
AcDbEntity
  8
HIDDEN
100
AcDbPolyline
 90
15
 70
0
 10
78.93649165
 20
141.0
 10
78.9452001
 20
141.0
 10
78.95327485
 20
141.0
 10
78.96071334999999
 20
141.0
 10
78.96751315
 20
141.0
 10
78.9736721
 20
141.0
 10
78.9791881
 20
141.0
 10
78.9840594
 20
141.0
 10
78.9882844
 20
141.0
 10
78.99186175
 20
141.0
 10
78.99479025
 20
141.0
 10
78.99706895
 20
141.0
 10
78.99869715
 20
141.0
 10
78.99967425
 20
141.0
 10
79.0
 20
141.0
  0
LWPOLYLINE
  5
57
330
17
100
AcDbEntity
  8
HIDDEN
100
AcDbPolyline
 90
15
 70
0
 10
78.93649165
 20
195.0
 10
78.9452001
 20
195.0
 10
78.95327485
 20
195.0
 10
78.96071334999999
 20
195.0
 10
78.96751315
 20
195.0
 10
78.9736721
 20
195.0
 10
78.9791881
 20
195.0
 10
78.9840594
 20
195.0
 10
78.9882844
 20
195.0
 10
78.99186175
 20
195.0
 10
78.99479025
 20
195.0
 10
78.99706895
 20
195.0
 10
78.99869715
 20
195.0
 10
78.99967425
 20
195.0
 10
79.0
 20
195.0
  0
LWPOLYLINE
  5
58
330
17
100
AcDbEntity
  8
HIDDEN
100
AcDbPolyline
 90
15
 70
0
 10
94.5
 20
77.0
 10
94.5
 20
77.12536045
 10
94.5
 20
77.49515565
 10
94.5
 20
78.0908426
 10
94.5
 20
78.882551
 10
94.5
 20
79.8305813
 10
94.5
 20
80.88739535
 10
94.5
 20
82.0
 10
94.5
 20
83.11260465
 10
94.5
 20
84.1694187
 10
94.5
 20
85.117449
 10
94.5
 20
85.9091574
 10
94.5
 20
86.50484435
 10
94.5
 20
86.87463955
 10
94.5
 20
87.0
  0
LWPOLYLINE
  5
59
330
17
100
AcDbEntity
  8
HIDDEN
100
AcDbPolyline
 90
2
 70
0
 10
95.5
 20
86.0
 10
104.5
 20
86.0
  0
LWPOLYLINE
  5
5A
330
17
100
AcDbEntity
  8
HIDDEN
100
AcDbPolyline
 90
15
 70
0
 10
95.5
 20
86.0
 10
95.5
 20
86.13361985
 10
95.5
 20
86.25850805
 10
95.5
 20
86.37440075
 10
95.5
 20
86.4810532
 10
95.5
 20
86.5782401
 10
95.5
 20
86.66575615
 10
95.5
 20
86.7434165
 10
95.5
 20
86.81105705
 10
95.5
 20
86.868535
 10
95.5
 20
86.9157289
 10
95.5
 20
86.952539
 10
95.5
 20
86.97888765
 10
95.5
 20
86.9947191
 10
95.5
 20
87.0
  0
LWPOLYLINE
  5
5B
330
17
100
AcDbEntity
  8
HIDDEN
100
AcDbPolyline
 90
15
 70
0
 10
95.5
 20
87.0
 10
95.5
 20
86.9947191
 10
95.5
 20
86.97888765
 10
95.5
 20
86.952539
 10
95.5
 20
86.9157289
 10
95.5
 20
86.868535
 10
95.5
 20
86.81105705
 10
95.5
 20
86.7434165
 10
95.5
 20
86.66575615
 10
95.5
 20
86.5782401
 10
95.5
 20
86.4810532
 10
95.5
 20
86.37440075
 10
95.5
 20
86.25850805
 10
95.5
 20
86.13361985
 10
95.5
 20
86.0
  0
LWPOLYLINE
  5
5C
330
17
100
AcDbEntity
  8
HIDDEN
100
AcDbPolyline
 90
15
 70
0
 10
104.0
 20
91.5
 10
104.05598225
 20
91.5
 10
104.11126045
 20
91.5
 10
104.16513955
 20
91.5
 10
104.21694185
 20
91.5
 10
104.26601605
 20
91.5
 10
104.3117449
 20
91.5
 10
104.3535534
 20
91.5
 10
104.39091575
 20
91.5
 10
104.4233621
 20
91.5
 10
104.45048445
 20
91.5
 10
104.47194165
 20
91.5
 10
104.48746395
 20
91.5
 10
104.4968561
 20
91.5
 10
104.5
 20
91.5
  0
LWPOLYLINE
  5
5D
330
17
100
AcDbEntity
  8
HIDDEN
100
AcDbPolyline
 90
2
 70
0
 10
95.5
 20
91.5
 10
96.0
 20
91.5
  0
LWPOLYLINE
  5
5E
330
17
100
AcDbEntity
  8
HIDDEN
100
AcDbPolyline
 90
2
 70
0
 10
96.0
 20
91.5
 10
96.0
 20
132.1339746
  0
LWPOLYLINE
  5
5F
330
17
100
AcDbEntity
  8
HIDDEN
100
AcDbPolyline
 90
2
 70
0
 10
96.0
 20
132.1339746
 10
103.5
 20
132.1339746
  0
LWPOLYLINE
  5
60
330
17
100
AcDbEntity
  8
HIDDEN
100
AcDbPolyline
 90
5
 70
0
 10
103.5
 20
132.1339746
 10
103.63273005
 20
132.14420635
 10
103.7623238
 20
132.17465995
 10
103.88571905
 20
132.22461570000002
 10
104.0
 20
132.2928932
  0
LWPOLYLINE
  5
61
330
17
100
AcDbEntity
  8
HIDDEN
100
AcDbPolyline
 90
2
 70
0
 10
104.0
 20
129.5
 10
104.0
 20
132.2928932
  0
LWPOLYLINE
  5
62
330
17
100
AcDbEntity
  8
HIDDEN
100
AcDbPolyline
 90
2
 70
0
 10
104.0
 20
129.5
 10
99.5
 20
129.5
  0
LWPOLYLINE
  5
63
330
17
100
AcDbEntity
  8
HIDDEN
100
AcDbPolyline
 90
2
 70
0
 10
99.5
 20
120.5
 10
99.5
 20
129.5
  0
LWPOLYLINE
  5
64
330
17
100
AcDbEntity
  8
HIDDEN
100
AcDbPolyline
 90
2
 70
0
 10
104.0
 20
120.5
 10
99.5
 20
120.5
  0
LWPOLYLINE
  5
65
330
17
100
AcDbEntity
  8
HIDDEN
100
AcDbPolyline
 90
2
 70
0
 10
104.0
 20
91.5
 10
104.0
 20
120.5
  0
LWPOLYLINE
  5
66
330
17
100
AcDbEntity
  8
HIDDEN
100
AcDbPolyline
 90
2
 70
0
 10
104.0
 20
91.5
 10
104.5
 20
91.5
  0
LWPOLYLINE
  5
67
330
17
100
AcDbEntity
  8
HIDDEN
100
AcDbPolyline
 90
2
 70
0
 10
95.5
 20
86.0
 10
95.5
 20
91.5
  0
LWPOLYLINE
  5
68
330
17
100
AcDbEntity
  8
HIDDEN
100
AcDbPolyline
 90
15
 70
0
 10
104.5
 20
91.5
 10
104.4968561
 20
91.5
 10
104.48746395
 20
91.5
 10
104.47194165
 20
91.5
 10
104.45048445
 20
91.5
 10
104.4233621
 20
91.5
 10
104.39091575
 20
91.5
 10
104.3535534
 20
91.5
 10
104.3117449
 20
91.5
 10
104.26601605
 20
91.5
 10
104.21694185
 20
91.5
 10
104.16513955
 20
91.5
 10
104.11126045
 20
91.5
 10
104.05598225
 20
91.5
 10
104.0
 20
91.5
  0
LWPOLYLINE
  5
69
330
17
100
AcDbEntity
  8
HIDDEN
100
AcDbPolyline
 90
15
 70
0
 10
104.5
 20
120.5
 10
104.4968561
 20
120.5
 10
104.48746395
 20
120.5
 10
104.47194165
 20
120.5
 10
104.45048445
 20
120.5
 10
104.4233621
 20
120.5
 10
104.39091575
 20
120.5
 10
104.3535534
 20
120.5
 10
104.3117449
 20
120.5
 10
104.26601605
 20
120.5
 10
104.21694185
 20
120.5
 10
104.16513955
 20
120.5
 10
104.11126045
 20
120.5
 10
104.05598225
 20
120.5
 10
104.0
 20
120.5
  0
LWPOLYLINE
  5
6A
330
17
100
AcDbEntity
  8
HIDDEN
100
AcDbPolyline
 90
2
 70
0
 10
99.5
 20
120.5
 10
129.4355672
 20
120.5
  0
LWPOLYLINE
  5
6B
330
17
100
AcDbEntity
  8
HIDDEN
100
AcDbPolyline
 90
15
 70
0
 10
104.0
 20
244.5
 10
104.05598225
 20
244.5
 10
104.11126045
 20
244.5
 10
104.16513955
 20
244.5
 10
104.21694185
 20
244.5
 10
104.26601605
 20
244.5
 10
104.3117449
 20
244.5
 10
104.3535534
 20
244.5
 10
104.39091575
 20
244.5
 10
104.4233621
 20
244.5
 10
104.45048445
 20
244.5
 10
104.47194165
 20
244.5
 10
104.48746395
 20
244.5
 10
104.4968561
 20
244.5
 10
104.5
 20
244.5
  0
LWPOLYLINE
  5
6C
330
17
100
AcDbEntity
  8
HIDDEN
100
AcDbPolyline
 90
6
 70
0
 10
134.4333651
 20
124.69480905
 10
134.368164
 20
124.76232675
 10
134.28528995
 20
124.8063917
 10
134.1928552
 20
124.82269045000001
 10
134.099908
 20
124.80962755
 10
134.01554655
 20
124.76848175
  0
LWPOLYLINE
  5
6D
330
17
100
AcDbEntity
  8
HIDDEN
100
AcDbPolyline
 90
2
 70
0
 10
134.01554655
 20
124.76848175
 10
131.64000565
 20
123.10511005000001
  0
LWPOLYLINE
  5
6E
330
17
100
AcDbEntity
  8
HIDDEN
100
AcDbPolyline
 90
6
 70
0
 10
131.56633295
 20
122.6872915
 10
131.52518715
 20
122.77165295
 10
131.51212425
 20
122.8646002
 10
131.528423
 20
122.9570349
 10
131.5724879
 20
123.03990895
 10
131.64000565
 20
123.10511005000001
  0
LWPOLYLINE
  5
6F
330
17
100
AcDbEntity
  8
HIDDEN
100
AcDbPolyline
 90
2
 70
0
 10
131.56633295
 20
122.6872915
 10
132.36933994999998
 20
121.54047865
  0
LWPOLYLINE
  5
70
330
17
100
AcDbEntity
  8
HIDDEN
100
AcDbPolyline
 90
6
 70
0
 10
132.36933994999998
 20
121.54047865
 10
132.43454105
 20
121.47296095
 10
132.51741515
 20
121.42889600000001
 10
132.60984985
 20
121.4125973
 10
132.7027971
 20
121.42566015
 10
132.7871585
 20
121.46680599999999
  0
LWPOLYLINE
  5
71
330
17
100
AcDbEntity
  8
HIDDEN
100
AcDbPolyline
 90
2
 70
0
 10
135.16269945
 20
123.13017765000001
 10
132.7871585
 20
121.46680599999999
  0
LWPOLYLINE
  5
72
330
17
100
AcDbEntity
  8
HIDDEN
100
AcDbPolyline
 90
6
 70
0
 10
135.23637209999998
 20
123.5479962
 10
135.27751795
 20
123.46363475
 10
135.2905808
 20
123.37068755
 10
135.2742821
 20
123.27825279999999
 10
135.23021715
 20
123.19537875
 10
135.16269945
 20
123.13017765000001
  0
LWPOLYLINE
  5
73
330
17
100
AcDbEntity
  8
HIDDEN
100
AcDbPolyline
 90
15
 70
0
 10
104.5
 20
129.5
 10
104.4968561
 20
129.5
 10
104.48746395
 20
129.5
 10
104.47194165
 20
129.5
 10
104.45048445
 20
129.5
 10
104.4233621
 20
129.5
 10
104.39091575
 20
129.5
 10
104.3535534
 20
129.5
 10
104.3117449
 20
129.5
 10
104.26601605
 20
129.5
 10
104.21694185
 20
129.5
 10
104.16513955
 20
129.5
 10
104.11126045
 20
129.5
 10
104.05598225
 20
129.5
 10
104.0
 20
129.5
  0
LWPOLYLINE
  5
74
330
17
100
AcDbEntity
  8
HIDDEN
100
AcDbPolyline
 90
2
 70
0
 10
99.5
 20
129.5
 10
131.5
 20
129.5
  0
LWPOLYLINE
  5
75
330
17
100
AcDbEntity
  8
HIDDEN
100
AcDbPolyline
 90
7
 70
0
 10
104.5
 20
133.0
 10
104.48549815
 20
132.87957635
 10
104.44141315
 20
132.75795275000002
 10
104.3647957
 20
132.63229865
 10
104.25227515
 20
132.50228035
 10
104.09548815
 20
132.36398755
 10
104.0
 20
132.2928932
  0
LWPOLYLINE
  5
76
330
17
100
AcDbEntity
  8
HIDDEN
100
AcDbPolyline
 90
15
 70
0
 10
94.5
 20
249.0
 10
94.5
 20
249.12536045000002
 10
94.5
 20
249.49515565000002
 10
94.5
 20
250.0908426
 10
94.5
 20
250.882551
 10
94.5
 20
251.8305813
 10
94.5
 20
252.88739535000002
 10
94.5
 20
254.0
 10
94.5
 20
255.11260464999998
 10
94.5
 20
256.1694187
 10
94.5
 20
257.11744899999997
 10
94.5
 20
257.9091574
 10
94.5
 20
258.50484435
 10
94.5
 20
258.87463955
 10
94.5
 20
259.0
  0
LWPOLYLINE
  5
77
330
17
100
AcDbEntity
  8
HIDDEN
100
AcDbPolyline
 90
15
 70
0
 10
95.5
 20
250.0
 10
95.5
 20
249.86638015
 10
95.5
 20
249.74149195
 10
95.5
 20
249.62559925
 10
95.5
 20
249.51894679999998
 10
95.5
 20
249.42175989999998
 10
95.5
 20
249.33424385
 10
95.5
 20
249.2565835
 10
95.5
 20
249.18894295
 10
95.5
 20
249.131465
 10
95.5
 20
249.0842711
 10
95.5
 20
249.047461
 10
95.5
 20
249.02111235
 10
95.5
 20
249.0052809
 10
95.5
 20
249.0
  0
LWPOLYLINE
  5
78
330
17
100
AcDbEntity
  8
HIDDEN
100
AcDbPolyline
 90
15
 70
0
 10
95.5
 20
249.0
 10
95.5
 20
249.0052809
 10
95.5
 20
249.02111235
 10
95.5
 20
249.047461
 10
95.5
 20
249.0842711
 10
95.5
 20
249.131465
 10
95.5
 20
249.18894295
 10
95.5
 20
249.2565835
 10
95.5
 20
249.33424385
 10
95.5
 20
249.42175989999998
 10
95.5
 20
249.51894679999998
 10
95.5
 20
249.62559925
 10
95.5
 20
249.74149195
 10
95.5
 20
249.86638015
 10
95.5
 20
250.0
  0
LWPOLYLINE
  5
79
330
17
100
AcDbEntity
  8
HIDDEN
100
AcDbPolyline
 90
2
 70
0
 10
95.5
 20
250.0
 10
104.5
 20
250.0
  0
LWPOLYLINE
  5
7A
330
17
100
AcDbEntity
  8
HIDDEN
100
AcDbPolyline
 90
7
 70
0
 10
104.5
 20
196.0
 10
104.48549815
 20
195.87957635
 10
104.44141315
 20
195.75795275000002
 10
104.3647957
 20
195.63229865
 10
104.25227515
 20
195.50228035
 10
104.09548815
 20
195.36398755
 10
104.0
 20
195.2928932
  0
LWPOLYLINE
  5
7B
330
17
100
AcDbEntity
  8
HIDDEN
100
AcDbPolyline
 90
5
 70
0
 10
104.4913981
 20
140.09274635
 10
104.45428235
 20
140.21381685
 10
104.3855289
 20
140.3383358
 10
104.34866975
 20
140.3890119
 10
104.30730705
 20
140.43896805
  0
LWPOLYLINE
  5
7C
330
17
100
AcDbEntity
  8
HIDDEN
100
AcDbPolyline
 90
3
 70
0
 10
104.2731382
 20
140.47630015
 10
104.25227515
 20
140.49771965
 10
104.0925108
 20
140.6383488
  0
LWPOLYLINE
  5
7D
330
17
100
AcDbEntity
  8
HIDDEN
100
AcDbPolyline
 90
2
 70
0
 10
104.0217953
 20
140.69152345
 10
104.0
 20
140.7071068
  0
LWPOLYLINE
  5
7E
330
17
100
AcDbEntity
  8
HIDDEN
100
AcDbPolyline
 90
2
 70
0
 10
96.0
 20
203.8660254
 10
96.0
 20
244.5
  0
LWPOLYLINE
  5
7F
330
17
100
AcDbEntity
  8
HIDDEN
100
AcDbPolyline
 90
2
 70
0
 10
95.5
 20
244.5
 10
96.0
 20
244.5
  0
LWPOLYLINE
  5
80
330
17
100
AcDbEntity
  8
HIDDEN
100
AcDbPolyline
 90
2
 70
0
 10
95.5
 20
244.5
 10
95.5
 20
250.0
  0
LWPOLYLINE
  5
81
330
17
100
AcDbEntity
  8
HIDDEN
100
AcDbPolyline
 90
2
 70
0
 10
104.0
 20
244.5
 10
104.5
 20
244.5
  0
LWPOLYLINE
  5
82
330
17
100
AcDbEntity
  8
HIDDEN
100
AcDbPolyline
 90
2
 70
0
 10
104.0
 20
215.5
 10
104.0
 20
244.5
  0
LWPOLYLINE
  5
83
330
17
100
AcDbEntity
  8
HIDDEN
100
AcDbPolyline
 90
2
 70
0
 10
104.0
 20
215.5
 10
99.5
 20
215.5
  0
LWPOLYLINE
  5
84
330
17
100
AcDbEntity
  8
HIDDEN
100
AcDbPolyline
 90
2
 70
0
 10
99.5
 20
206.5
 10
99.5
 20
215.5
  0
LWPOLYLINE
  5
85
330
17
100
AcDbEntity
  8
HIDDEN
100
AcDbPolyline
 90
2
 70
0
 10
104.0
 20
206.5
 10
99.5
 20
206.5
  0
LWPOLYLINE
  5
86
330
17
100
AcDbEntity
  8
HIDDEN
100
AcDbPolyline
 90
2
 70
0
 10
104.0
 20
203.7071068
 10
104.0
 20
206.5
  0
LWPOLYLINE
  5
87
330
17
100
AcDbEntity
  8
HIDDEN
100
AcDbPolyline
 90
5
 70
0
 10
104.0
 20
203.7071068
 10
103.88571905
 20
203.77538429999998
 10
103.7623238
 20
203.82534005
 10
103.63273005
 20
203.85579365
 10
103.5
 20
203.8660254
  0
LWPOLYLINE
  5
88
330
17
100
AcDbEntity
  8
HIDDEN
100
AcDbPolyline
 90
2
 70
0
 10
96.0
 20
203.8660254
 10
103.5
 20
203.8660254
  0
LWPOLYLINE
  5
89
330
17
100
AcDbEntity
  8
HIDDEN
100
AcDbPolyline
 90
15
 70
0
 10
104.5
 20
244.5
 10
104.4968561
 20
244.5
 10
104.48746395
 20
244.5
 10
104.47194165
 20
244.5
 10
104.45048445
 20
244.5
 10
104.4233621
 20
244.5
 10
104.39091575
 20
244.5
 10
104.3535534
 20
244.5
 10
104.3117449
 20
244.5
 10
104.26601605
 20
244.5
 10
104.21694185
 20
244.5
 10
104.16513955
 20
244.5
 10
104.11126045
 20
244.5
 10
104.05598225
 20
244.5
 10
104.0
 20
244.5
  0
LWPOLYLINE
  5
8A
330
17
100
AcDbEntity
  8
HIDDEN
100
AcDbPolyline
 90
15
 70
0
 10
104.5
 20
206.5
 10
104.4968561
 20
206.5
 10
104.48746395
 20
206.5
 10
104.47194165
 20
206.5
 10
104.45048445
 20
206.5
 10
104.4233621
 20
206.5
 10
104.39091575
 20
206.5
 10
104.3535534
 20
206.5
 10
104.3117449
 20
206.5
 10
104.26601605
 20
206.5
 10
104.21694185
 20
206.5
 10
104.16513955
 20
206.5
 10
104.11126045
 20
206.5
 10
104.05598225
 20
206.5
 10
104.0
 20
206.5
  0
LWPOLYLINE
  5
8B
330
17
100
AcDbEntity
  8
HIDDEN
100
AcDbPolyline
 90
5
 70
0
 10
104.4913981
 20
203.09274635
 10
104.45428235
 20
203.21381685
 10
104.3855289
 20
203.3383358
 10
104.34866975
 20
203.3890119
 10
104.30730705
 20
203.43896805
  0
LWPOLYLINE
  5
8C
330
17
100
AcDbEntity
  8
HIDDEN
100
AcDbPolyline
 90
3
 70
0
 10
104.2731382
 20
203.47630015
 10
104.25227515
 20
203.49771965
 10
104.09251085
 20
203.63834880000002
  0
LWPOLYLINE
  5
8D
330
17
100
AcDbEntity
  8
HIDDEN
100
AcDbPolyline
 90
15
 70
0
 10
104.5
 20
215.5
 10
104.4968561
 20
215.5
 10
104.48746395
 20
215.5
 10
104.47194165
 20
215.5
 10
104.45048445
 20
215.5
 10
104.4233621
 20
215.5
 10
104.39091575
 20
215.5
 10
104.3535534
 20
215.5
 10
104.3117449
 20
215.5
 10
104.26601605
 20
215.5
 10
104.21694185
 20
215.5
 10
104.16513955
 20
215.5
 10
104.11126045
 20
215.5
 10
104.05598225
 20
215.5
 10
104.0
 20
215.5
  0
LWPOLYLINE
  5
8E
330
17
100
AcDbEntity
  8
HIDDEN
100
AcDbPolyline
 90
2
 70
0
 10
99.5
 20
206.5
 10
131.5
 20
206.5
  0
LWPOLYLINE
  5
8F
330
17
100
AcDbEntity
  8
HIDDEN
100
AcDbPolyline
 90
2
 70
0
 10
99.5
 20
215.5
 10
129.4355672
 20
215.5
  0
LWPOLYLINE
  5
90
330
17
100
AcDbEntity
  8
HIDDEN
100
AcDbPolyline
 90
6
 70
0
 10
135.23637209999998
 20
212.4520038
 10
135.27751795
 20
212.53636525000002
 10
135.2905808
 20
212.62931245
 10
135.2742821
 20
212.7217472
 10
135.23021715
 20
212.80462125
 10
135.16269945
 20
212.86982235
  0
LWPOLYLINE
  5
91
330
17
100
AcDbEntity
  8
HIDDEN
100
AcDbPolyline
 90
2
 70
0
 10
135.16269945
 20
212.86982235
 10
132.7871585
 20
214.533194
  0
LWPOLYLINE
  5
92
330
17
100
AcDbEntity
  8
HIDDEN
100
AcDbPolyline
 90
6
 70
0
 10
132.36933994999998
 20
214.45952135
 10
132.43454105
 20
214.52703904999998
 10
132.51741515
 20
214.571104
 10
132.60984985
 20
214.58740269999998
 10
132.7027971
 20
214.57433985
 10
132.7871585
 20
214.533194
  0
LWPOLYLINE
  5
93
330
17
100
AcDbEntity
  8
HIDDEN
100
AcDbPolyline
 90
2
 70
0
 10
132.36933994999998
 20
214.45952135
 10
131.56633295
 20
213.31270849999999
  0
LWPOLYLINE
  5
94
330
17
100
AcDbEntity
  8
HIDDEN
100
AcDbPolyline
 90
6
 70
0
 10
131.56633295
 20
213.31270849999999
 10
131.52518715
 20
213.22834705
 10
131.51212425
 20
213.13539980000002
 10
131.528423
 20
213.0429651
 10
131.5724879
 20
212.96009105000002
 10
131.64000565
 20
212.89488995
  0
LWPOLYLINE
  5
95
330
17
100
AcDbEntity
  8
HIDDEN
100
AcDbPolyline
 90
2
 70
0
 10
134.01554655
 20
211.23151825
 10
131.64000565
 20
212.89488995
  0
LWPOLYLINE
  5
96
330
17
100
AcDbEntity
  8
HIDDEN
100
AcDbPolyline
 90
6
 70
0
 10
134.4333651
 20
211.30519095
 10
134.368164
 20
211.23767325
 10
134.28528995
 20
211.1936083
 10
134.1928552
 20
211.17730955
 10
134.099908
 20
211.19037244999998
 10
134.01554655
 20
211.23151825
  0
LWPOLYLINE
  5
97
330
17
100
AcDbEntity
  8
HIDDEN
100
AcDbPolyline
 90
15
 70
0
 10
94.5
 20
254.0
 10
94.5
 20
253.66410654999999
 10
94.5
 20
253.33243720000002
 10
94.5
 20
253.0091628
 10
94.5
 20
252.69834880000002
 10
94.5
 20
252.40390374999998
 10
94.5
 20
252.1295306
 10
94.5
 20
251.87867964999998
 10
94.5
 20
251.65450555
 10
94.5
 20
251.4598274
 10
94.5
 20
251.2970934
 10
94.5
 20
251.16835
 10
94.5
 20
251.07521624999998
 10
94.5
 20
251.01886335
 10
94.5
 20
251.0
  0
LWPOLYLINE
  5
98
330
17
100
AcDbEntity
  8
HIDDEN
100
AcDbPolyline
 90
15
 70
0
 10
94.5
 20
251.0
 10
94.5
 20
251.07521624999998
 10
94.5
 20
251.2970934
 10
94.5
 20
251.65450555
 10
94.5
 20
252.1295306
 10
94.5
 20
252.69834880000002
 10
94.5
 20
253.33243720000002
 10
94.5
 20
254.0
 10
94.5
 20
254.66756279999998
 10
94.5
 20
255.30165119999998
 10
94.5
 20
255.8704694
 10
94.5
 20
256.34549445
 10
94.5
 20
256.7029066
 10
94.5
 20
256.92478375
 10
94.5
 20
257.0
  0
LWPOLYLINE
  5
99
330
17
100
AcDbEntity
  8
HIDDEN
100
AcDbPolyline
 90
15
 70
0
 10
94.5
 20
257.0
 10
94.5
 20
256.98113665
 10
94.5
 20
256.92478375
 10
94.5
 20
256.83164999999997
 10
94.5
 20
256.7029066
 10
94.5
 20
256.5401726
 10
94.5
 20
256.34549445
 10
94.5
 20
256.12132035
 10
94.5
 20
255.8704694
 10
94.5
 20
255.59609625000002
 10
94.5
 20
255.30165119999998
 10
94.5
 20
254.9908372
 10
94.5
 20
254.66756279999998
 10
94.5
 20
254.33589345000001
 10
94.5
 20
254.0
  0
LWPOLYLINE
  5
9A
330
17
100
AcDbEntity
  8
HIDDEN
100
AcDbPolyline
 90
15
 70
0
 10
94.5
 20
82.0
 10
94.5
 20
81.66410655
 10
94.5
 20
81.3324372
 10
94.5
 20
81.0091628
 10
94.5
 20
80.6983488
 10
94.5
 20
80.40390375
 10
94.5
 20
80.1295306
 10
94.5
 20
79.87867965
 10
94.5
 20
79.65450555
 10
94.5
 20
79.4598274
 10
94.5
 20
79.2970934
 10
94.5
 20
79.16835
 10
94.5
 20
79.07521625
 10
94.5
 20
79.01886335
 10
94.5
 20
79.0
  0
LWPOLYLINE
  5
9B
330
17
100
AcDbEntity
  8
HIDDEN
100
AcDbPolyline
 90
15
 70
0
 10
94.5
 20
79.0
 10
94.5
 20
79.07521625
 10
94.5
 20
79.2970934
 10
94.5
 20
79.65450555
 10
94.5
 20
80.1295306
 10
94.5
 20
80.6983488
 10
94.5
 20
81.3324372
 10
94.5
 20
82.0
 10
94.5
 20
82.6675628
 10
94.5
 20
83.3016512
 10
94.5
 20
83.8704694
 10
94.5
 20
84.34549445
 10
94.5
 20
84.7029066
 10
94.5
 20
84.92478375
 10
94.5
 20
85.0
  0
LWPOLYLINE
  5
9C
330
17
100
AcDbEntity
  8
HIDDEN
100
AcDbPolyline
 90
15
 70
0
 10
94.5
 20
85.0
 10
94.5
 20
84.98113665
 10
94.5
 20
84.92478375
 10
94.5
 20
84.83165
 10
94.5
 20
84.7029066
 10
94.5
 20
84.5401726
 10
94.5
 20
84.34549445
 10
94.5
 20
84.12132035
 10
94.5
 20
83.8704694
 10
94.5
 20
83.59609625
 10
94.5
 20
83.3016512
 10
94.5
 20
82.9908372
 10
94.5
 20
82.6675628
 10
94.5
 20
82.33589345
 10
94.5
 20
82.0
  0
LWPOLYLINE
  5
9D
330
17
100
AcDbEntity
  8
HIDDEN
100
AcDbPolyline
 90
29
 70
0
 10
100.625
 20
168.0
 10
100.60932995
 20
168.1390756
 10
100.56310555
 20
168.27117735
 10
100.4886447
 20
168.38968115
 10
100.38968115
 20
168.4886447
 10
100.27117735
 20
168.56310555
 10
100.1390756
 20
168.60932995
 10
100.0
 20
168.625
 10
99.8609244
 20
168.60932995
 10
99.72882265
 20
168.56310555
 10
99.61031885
 20
168.4886447
 10
99.5113553
 20
168.38968115
 10
99.43689445
 20
168.27117735
 10
99.39067005
 20
168.1390756
 10
99.375
 20
168.0
 10
99.39067005
 20
167.8609244
 10
99.43689445
 20
167.72882265
 10
99.5113553
 20
167.61031885
 10
99.61031885
 20
167.5113553
 10
99.72882265
 20
167.43689445
 10
99.8609244
 20
167.39067005
 10
100.0
 20
167.375
 10
100.1390756
 20
167.39067005
 10
100.27117735
 20
167.43689445
 10
100.38968115
 20
167.5113553
 10
100.4886447
 20
167.61031885
 10
100.56310555
 20
167.72882265
 10
100.60932995
 20
167.8609244
 10
100.625
 20
168.0
  0
LWPOLYLINE
  5
9E
330
17
100
AcDbEntity
  8
HIDDEN
100
AcDbPolyline
 90
2
 70
0
 10
78.93649165
 20
195.0
 10
79.0
 20
195.0
  0
LWPOLYLINE
  5
9F
330
17
100
AcDbEntity
  8
HIDDEN
100
AcDbPolyline
 90
15
 70
0
 10
79.0
 20
195.0
 10
78.99967425
 20
195.0
 10
78.99869715
 20
195.0
 10
78.99706895
 20
195.0
 10
78.99479025
 20
195.0
 10
78.99186175
 20
195.0
 10
78.9882844
 20
195.0
 10
78.9840594
 20
195.0
 10
78.9791881
 20
195.0
 10
78.9736721
 20
195.0
 10
78.96751315
 20
195.0
 10
78.96071334999999
 20
195.0
 10
78.95327485
 20
195.0
 10
78.9452001
 20
195.0
 10
78.93649165
 20
195.0
  0
LWPOLYLINE
  5
A0
330
17
100
AcDbEntity
  8
HIDDEN
100
AcDbPolyline
 90
15
 70
0
 10
78.8708287
 20
132.0
 10
78.8798297
 20
132.0
 10
78.88817660000001
 20
132.0
 10
78.8958665
 20
132.0
 10
78.9028967
 20
132.0
 10
78.9092647
 20
132.0
 10
78.91496839999999
 20
132.0
 10
78.92000575
 20
132.0
 10
78.924375
 20
132.0
 10
78.92807465
 20
132.0
 10
78.93110335
 20
132.0
 10
78.93346015
 20
132.0
 10
78.93514415
 20
132.0
 10
78.93615475
 20
132.0
 10
78.93649165
 20
132.0
  0
LWPOLYLINE
  5
A1
330
17
100
AcDbEntity
  8
HIDDEN
100
AcDbPolyline
 90
2
 70
0
 10
78.93649165
 20
141.0
 10
79.0
 20
141.0
  0
LWPOLYLINE
  5
A2
330
17
100
AcDbEntity
  8
HIDDEN
100
AcDbPolyline
 90
15
 70
0
 10
79.0
 20
141.0
 10
78.99967425
 20
141.0
 10
78.99869715
 20
141.0
 10
78.99706895
 20
141.0
 10
78.99479025
 20
141.0
 10
78.99186175
 20
141.0
 10
78.9882844
 20
141.0
 10
78.9840594
 20
141.0
 10
78.9791881
 20
141.0
 10
78.9736721
 20
141.0
 10
78.96751315
 20
141.0
 10
78.96071334999999
 20
141.0
 10
78.95327485
 20
141.0
 10
78.9452001
 20
141.0
 10
78.93649165
 20
141.0
  0
LWPOLYLINE
  5
A3
330
17
100
AcDbEntity
  8
HIDDEN
100
AcDbPolyline
 90
2
 70
0
 10
79.0
 20
141.0
 10
79.0
 20
195.0
  0
LWPOLYLINE
  5
A4
330
17
100
AcDbEntity
  8
HIDDEN
100
AcDbPolyline
 90
15
 70
0
 10
78.93649165
 20
204.0
 10
78.93615475
 20
204.0
 10
78.93514415
 20
204.0
 10
78.93346015
 20
204.0
 10
78.93110335
 20
204.0
 10
78.92807465
 20
204.0
 10
78.924375
 20
204.0
 10
78.92000575
 20
204.0
 10
78.91496839999999
 20
204.0
 10
78.9092647
 20
204.0
 10
78.9028967
 20
204.0
 10
78.8958665
 20
204.0
 10
78.88817660000001
 20
204.0
 10
78.8798297
 20
204.0
 10
78.8708287
 20
204.0
  0
LWPOLYLINE
  5
A5
330
17
100
AcDbEntity
  8
HIDDEN
100
AcDbPolyline
 90
2
 70
0
 10
78.8708287
 20
204.0
 10
78.93649165
 20
204.0
  0
LWPOLYLINE
  5
A6
330
17
100
AcDbEntity
  8
HIDDEN
100
AcDbPolyline
 90
15
 70
0
 10
78.93649165
 20
204.0
 10
78.93615475
 20
204.0
 10
78.93514415
 20
204.0
 10
78.93346015
 20
204.0
 10
78.93110335
 20
204.0
 10
78.92807465
 20
204.0
 10
78.924375
 20
204.0
 10
78.92000575
 20
204.0
 10
78.91496839999999
 20
204.0
 10
78.9092647
 20
204.0
 10
78.9028967
 20
204.0
 10
78.8958665
 20
204.0
 10
78.88817660000001
 20
204.0
 10
78.8798297
 20
204.0
 10
78.8708287
 20
204.0
  0
LWPOLYLINE
  5
A7
330
17
100
AcDbEntity
  8
HIDDEN
100
AcDbPolyline
 90
15
 70
0
 10
95.5
 20
244.5
 10
95.5031439
 20
244.5
 10
95.51253605
 20
244.5
 10
95.52805835
 20
244.5
 10
95.54951555
 20
244.5
 10
95.5766379
 20
244.5
 10
95.60908425
 20
244.5
 10
95.6464466
 20
244.5
 10
95.6882551
 20
244.5
 10
95.73398395
 20
244.5
 10
95.78305815
 20
244.5
 10
95.83486045
 20
244.5
 10
95.88873955
 20
244.5
 10
95.94401775
 20
244.5
 10
96.0
 20
244.5
  0
LWPOLYLINE
  5
A8
330
17
100
AcDbEntity
  8
HIDDEN
100
AcDbPolyline
 90
15
 70
0
 10
95.5
 20
91.5
 10
95.5031439
 20
91.5
 10
95.51253605
 20
91.5
 10
95.52805835
 20
91.5
 10
95.54951555
 20
91.5
 10
95.5766379
 20
91.5
 10
95.60908425
 20
91.5
 10
95.6464466
 20
91.5
 10
95.6882551
 20
91.5
 10
95.73398395
 20
91.5
 10
95.78305815
 20
91.5
 10
95.83486045
 20
91.5
 10
95.88873955
 20
91.5
 10
95.94401775
 20
91.5
 10
96.0
 20
91.5
  0
LWPOLYLINE
  5
A9
330
17
100
AcDbEntity
  8
HIDDEN
100
AcDbPolyline
 90
2
 70
0
 10
95.5
 20
91.5
 10
95.5
 20
132.0
  0
LWPOLYLINE
  5
AA
330
17
100
AcDbEntity
  8
HIDDEN
100
AcDbPolyline
 90
15
 70
0
 10
96.0
 20
91.5
 10
95.94401775
 20
91.5
 10
95.88873955
 20
91.5
 10
95.83486045
 20
91.5
 10
95.78305815
 20
91.5
 10
95.73398395
 20
91.5
 10
95.6882551
 20
91.5
 10
95.6464466
 20
91.5
 10
95.60908425
 20
91.5
 10
95.5766379
 20
91.5
 10
95.54951555
 20
91.5
 10
95.52805835
 20
91.5
 10
95.51253605
 20
91.5
 10
95.5031439
 20
91.5
 10
95.5
 20
91.5
  0
LWPOLYLINE
  5
AB
330
17
100
AcDbEntity
  8
HIDDEN
100
AcDbPolyline
 90
7
 70
0
 10
95.5
 20
132.0
 10
95.5527277
 20
132.0252936
 10
95.59664875
 20
132.0446507
 10
95.63150875
 20
132.05883805
 10
95.7320866
 20
132.0934805
 10
95.9037435
 20
132.12864165
 10
96.0
 20
132.1339746
  0
LWPOLYLINE
  5
AC
330
17
100
AcDbEntity
  8
HIDDEN
100
AcDbPolyline
 90
5
 70
0
 10
78.8708287
 20
132.0
 10
78.8214596
 20
132.01422345
 10
78.75139475
 20
132.06860534999998
 10
78.65667415
 20
132.1812626
 10
78.460813
 20
132.5
  0
LWPOLYLINE
  5
AD
330
17
100
AcDbEntity
  8
HIDDEN
100
AcDbPolyline
 90
2
 70
0
 10
78.8708287
 20
132.0
 10
78.93649165
 20
132.0
  0
LWPOLYLINE
  5
AE
330
17
100
AcDbEntity
  8
HIDDEN
100
AcDbPolyline
 90
2
 70
0
 10
99.5
 20
120.5
 10
99.5
 20
129.5
  0
LWPOLYLINE
  5
AF
330
17
100
AcDbEntity
  8
HIDDEN
100
AcDbPolyline
 90
2
 70
0
 10
129.4355672
 20
120.5
 10
132.6650507
 20
115.88781955
  0
LWPOLYLINE
  5
B0
330
17
100
AcDbEntity
  8
HIDDEN
100
AcDbPolyline
 90
2
 70
0
 10
131.5
 20
128.5005627
 10
131.5
 20
129.5
  0
LWPOLYLINE
  5
B1
330
17
100
AcDbEntity
  8
HIDDEN
100
AcDbPolyline
 90
2
 70
0
 10
131.6801982
 20
128.62673885
 10
131.5
 20
128.5005627
  0
LWPOLYLINE
  5
B2
330
17
100
AcDbEntity
  8
HIDDEN
100
AcDbPolyline
 90
2
 70
0
 10
131.6801982
 20
128.62673885
 10
137.989539
 20
119.6160664
  0
LWPOLYLINE
  5
B3
330
17
100
AcDbEntity
  8
HIDDEN
100
AcDbPolyline
 90
2
 70
0
 10
137.989539
 20
119.6160664
 10
132.6650507
 20
115.88781955
  0
LWPOLYLINE
  5
B4
330
17
100
AcDbEntity
  8
HIDDEN
100
AcDbPolyline
 90
29
 70
0
 10
135.60368775
 20
120.86497575
 10
135.5880177
 20
121.0040513
 10
135.5417933
 20
121.13615304999999
 10
135.4673324
 20
121.25465685
 10
135.36836885
 20
121.3536204
 10
135.24986504999998
 20
121.4280813
 10
135.1177633
 20
121.4743057
 10
134.97868775
 20
121.48997575
 10
134.83961215
 20
121.4743057
 10
134.7075104
 20
121.4280813
 10
134.5890066
 20
121.3536204
 10
134.49004305
 20
121.25465685
 10
134.41558220000002
 20
121.13615304999999
 10
134.3693578
 20
121.0040513
 10
134.35368775
 20
120.86497575
 10
134.3693578
 20
120.72590015
 10
134.41558220000002
 20
120.5937984
 10
134.49004305
 20
120.4752946
 10
134.5890066
 20
120.37633105
 10
134.7075104
 20
120.3018702
 10
134.83961215
 20
120.2556458
 10
134.97868775
 20
120.23997575
 10
135.1177633
 20
120.2556458
 10
135.24986504999998
 20
120.3018702
 10
135.36836885
 20
120.37633105
 10
135.4673324
 20
120.4752946
 10
135.5417933
 20
120.5937984
 10
135.5880177
 20
120.72590015
 10
135.60368775
 20
120.86497575
  0
LWPOLYLINE
  5
B5
330
17
100
AcDbEntity
  8
HIDDEN
100
AcDbPolyline
 90
29
 70
0
 10
132.44901735
 20
125.370312
 10
132.4333473
 20
125.50938755
 10
132.3871229
 20
125.6414893
 10
132.312662
 20
125.7599931
 10
132.21369845
 20
125.85895665000001
 10
132.09519465
 20
125.93341749999999
 10
131.9630929
 20
125.97964189999999
 10
131.82401735
 20
125.995312
 10
131.68494175
 20
125.97964189999999
 10
131.55284
 20
125.93341749999999
 10
131.4343362
 20
125.85895665000001
 10
131.33537265
 20
125.7599931
 10
131.2609118
 20
125.6414893
 10
131.2146874
 20
125.50938755
 10
131.19901735
 20
125.370312
 10
131.2146874
 20
125.2312364
 10
131.2609118
 20
125.09913465
 10
131.33537265
 20
124.98063085
 10
131.4343362
 20
124.8816673
 10
131.55284
 20
124.80720645
 10
131.68494175
 20
124.76098205
 10
131.82401735
 20
124.745312
 10
131.9630929
 20
124.76098205
 10
132.09519465
 20
124.80720645
 10
132.21369845
 20
124.8816673
 10
132.312662
 20
124.98063085
 10
132.3871229
 20
125.09913465
 10
132.4333473
 20
125.2312364
 10
132.44901735
 20
125.370312
  0
LWPOLYLINE
  5
B6
330
17
100
AcDbEntity
  8
HIDDEN
100
AcDbPolyline
 90
2
 70
0
 10
95.5
 20
204.0
 10
95.5
 20
244.5
  0
LWPOLYLINE
  5
B7
330
17
100
AcDbEntity
  8
HIDDEN
100
AcDbPolyline
 90
2
 70
0
 10
78.32287565
 20
133.0
 10
78.32287565
 20
140.0
  0
LWPOLYLINE
  5
B8
330
17
100
AcDbEntity
  8
HIDDEN
100
AcDbPolyline
 90
5
 70
0
 10
104.0
 20
140.7071068
 10
103.88571905
 20
140.77538429999998
 10
103.7623238
 20
140.82534005
 10
103.63273005
 20
140.85579365
 10
103.5
 20
140.8660254
  0
LWPOLYLINE
  5
B9
330
17
100
AcDbEntity
  8
HIDDEN
100
AcDbPolyline
 90
5
 70
0
 10
103.5
 20
195.1339746
 10
103.63273005
 20
195.14420635
 10
103.7623238
 20
195.17465995
 10
103.88571905
 20
195.22461570000002
 10
104.0
 20
195.2928932
  0
LWPOLYLINE
  5
BA
330
17
100
AcDbEntity
  8
HIDDEN
100
AcDbPolyline
 90
2
 70
0
 10
96.0
 20
195.1339746
 10
103.5
 20
195.1339746
  0
LWPOLYLINE
  5
BB
330
17
100
AcDbEntity
  8
HIDDEN
100
AcDbPolyline
 90
2
 70
0
 10
96.0
 20
140.8660254
 10
103.5
 20
140.8660254
  0
LWPOLYLINE
  5
BC
330
17
100
AcDbEntity
  8
HIDDEN
100
AcDbPolyline
 90
15
 70
0
 10
96.0
 20
244.5
 10
95.94401775
 20
244.5
 10
95.88873955
 20
244.5
 10
95.83486045
 20
244.5
 10
95.78305815
 20
244.5
 10
95.73398395
 20
244.5
 10
95.6882551
 20
244.5
 10
95.6464466
 20
244.5
 10
95.60908425
 20
244.5
 10
95.5766379
 20
244.5
 10
95.54951555
 20
244.5
 10
95.52805835
 20
244.5
 10
95.51253605
 20
244.5
 10
95.5031439
 20
244.5
 10
95.5
 20
244.5
  0
LWPOLYLINE
  5
BD
330
17
100
AcDbEntity
  8
HIDDEN
100
AcDbPolyline
 90
7
 70
0
 10
95.5
 20
204.0
 10
95.5527277
 20
203.9747064
 10
95.59664875
 20
203.9553493
 10
95.63150875
 20
203.94116195
 10
95.7320866
 20
203.9065195
 10
95.9037435
 20
203.87135835
 10
96.0
 20
203.8660254
  0
LWPOLYLINE
  5
BE
330
17
100
AcDbEntity
  8
HIDDEN
100
AcDbPolyline
 90
2
 70
0
 10
99.5
 20
206.5
 10
99.5
 20
215.5
  0
LWPOLYLINE
  5
BF
330
17
100
AcDbEntity
  8
HIDDEN
100
AcDbPolyline
 90
5
 70
0
 10
78.460813
 20
203.5
 10
78.37922195
 20
203.3171959
 10
78.33454904999999
 20
203.14368315000002
 10
78.32584175
 20
203.0723551
 10
78.32287565
 20
203.0
  0
LWPOLYLINE
  5
C0
330
17
100
AcDbEntity
  8
HIDDEN
100
AcDbPolyline
 90
5
 70
0
 10
78.87079685
 20
204.0
 10
78.82141825
 20
203.9857546
 10
78.75139475
 20
203.93139465000002
 10
78.65667415
 20
203.8187374
 10
78.5337113
 20
203.62937335
  0
LWPOLYLINE
  5
C1
330
17
100
AcDbEntity
  8
HIDDEN
100
AcDbPolyline
 90
2
 70
0
 10
78.32287565
 20
196.0
 10
78.32287565
 20
203.0
  0
LWPOLYLINE
  5
C2
330
17
100
AcDbEntity
  8
HIDDEN
100
AcDbPolyline
 90
2
 70
0
 10
131.5
 20
206.5
 10
131.5
 20
207.4994373
  0
LWPOLYLINE
  5
C3
330
17
100
AcDbEntity
  8
HIDDEN
100
AcDbPolyline
 90
2
 70
0
 10
132.6650507
 20
220.11218044999998
 10
129.4355672
 20
215.5
  0
LWPOLYLINE
  5
C4
330
17
100
AcDbEntity
  8
HIDDEN
100
AcDbPolyline
 90
2
 70
0
 10
137.989539
 20
216.3839336
 10
132.6650507
 20
220.11218044999998
  0
LWPOLYLINE
  5
C5
330
17
100
AcDbEntity
  8
HIDDEN
100
AcDbPolyline
 90
2
 70
0
 10
137.989539
 20
216.3839336
 10
131.6801982
 20
207.37326115
  0
LWPOLYLINE
  5
C6
330
17
100
AcDbEntity
  8
HIDDEN
100
AcDbPolyline
 90
2
 70
0
 10
131.6801982
 20
207.37326115
 10
131.5
 20
207.4994373
  0
LWPOLYLINE
  5
C7
330
17
100
AcDbEntity
  8
HIDDEN
100
AcDbPolyline
 90
29
 70
0
 10
132.44901735
 20
210.629688
 10
132.4333473
 20
210.7687636
 10
132.3871229
 20
210.90086535
 10
132.312662
 20
211.01936915
 10
132.21369845
 20
211.1183327
 10
132.09519465
 20
211.19279355
 10
131.9630929
 20
211.23901795
 10
131.82401735
 20
211.254688
 10
131.68494175
 20
211.23901795
 10
131.55284
 20
211.19279355
 10
131.4343362
 20
211.1183327
 10
131.33537265
 20
211.01936915
 10
131.2609118
 20
210.90086535
 10
131.2146874
 20
210.7687636
 10
131.19901735
 20
210.629688
 10
131.2146874
 20
210.49061245000001
 10
131.2609118
 20
210.3585107
 10
131.33537265
 20
210.2400069
 10
131.4343362
 20
210.14104335
 10
131.55284
 20
210.0665825
 10
131.68494175
 20
210.0203581
 10
131.82401735
 20
210.004688
 10
131.9630929
 20
210.0203581
 10
132.09519465
 20
210.0665825
 10
132.21369845
 20
210.14104335
 10
132.312662
 20
210.2400069
 10
132.3871229
 20
210.3585107
 10
132.4333473
 20
210.49061245000001
 10
132.44901735
 20
210.629688
  0
LWPOLYLINE
  5
C8
330
17
100
AcDbEntity
  8
HIDDEN
100
AcDbPolyline
 90
29
 70
0
 10
135.60368775
 20
215.13502425000001
 10
135.5880177
 20
215.27409985
 10
135.5417933
 20
215.4062016
 10
135.4673324
 20
215.52470540000002
 10
135.36836885
 20
215.62366895
 10
135.24986504999998
 20
215.6981298
 10
135.1177633
 20
215.7443542
 10
134.97868775
 20
215.76002425000001
 10
134.83961215
 20
215.7443542
 10
134.7075104
 20
215.6981298
 10
134.5890066
 20
215.62366895
 10
134.49004305
 20
215.52470540000002
 10
134.41558220000002
 20
215.4062016
 10
134.3693578
 20
215.27409985
 10
134.35368775
 20
215.13502425000001
 10
134.3693578
 20
214.99594869999999
 10
134.41558220000002
 20
214.86384695
 10
134.49004305
 20
214.74534315
 10
134.5890066
 20
214.6463796
 10
134.7075104
 20
214.5719187
 10
134.83961215
 20
214.5256943
 10
134.97868775
 20
214.51002425000001
 10
135.1177633
 20
214.5256943
 10
135.24986504999998
 20
214.5719187
 10
135.36836885
 20
214.6463796
 10
135.4673324
 20
214.74534315
 10
135.5417933
 20
214.86384695
 10
135.5880177
 20
214.99594869999999
 10
135.60368775
 20
215.13502425000001
  0
LWPOLYLINE
  5
C9
330
17
100
AcDbEntity
  8
HIDDEN
100
AcDbPolyline
 90
2
 70
0
 10
95.5
 20
141.0
 10
95.5
 20
195.0
  0
LWPOLYLINE
  5
CA
330
17
100
AcDbEntity
  8
HIDDEN
100
AcDbPolyline
 90
10
 70
0
 10
78.93649165
 20
195.0
 10
78.8858725
 20
195.01386525
 10
78.8240813
 20
195.0526499
 10
78.74632615
 20
195.1199367
 10
78.6136376
 20
195.2682731
 10
78.55286085
 20
195.35055195
 10
78.4398707
 20
195.5403154
 10
78.3776707
 20
195.6872506
 10
78.3338791
 20
195.86051115
 10
78.32287565
 20
196.0
  0
LWPOLYLINE
  5
CB
330
17
100
AcDbEntity
  8
HIDDEN
100
AcDbPolyline
 90
7
 70
0
 10
95.5
 20
195.0
 10
95.5527277
 20
195.0252936
 10
95.59664875
 20
195.0446507
 10
95.63150875
 20
195.05883805
 10
95.7320866
 20
195.0934805
 10
95.9037435
 20
195.12864165
 10
96.0
 20
195.1339746
  0
LWPOLYLINE
  5
CC
330
17
100
AcDbEntity
  8
HIDDEN
100
AcDbPolyline
 90
10
 70
0
 10
78.93649165
 20
141.0
 10
78.8858725
 20
140.98613475
 10
78.8240813
 20
140.9473501
 10
78.74632615
 20
140.8800633
 10
78.6136376
 20
140.7317269
 10
78.55286085
 20
140.64944805
 10
78.4398707
 20
140.4596846
 10
78.3776707
 20
140.3127494
 10
78.3338791
 20
140.13948885
 10
78.32287565
 20
140.0
  0
LWPOLYLINE
  5
CD
330
17
100
AcDbEntity
  8
HIDDEN
100
AcDbPolyline
 90
7
 70
0
 10
95.5
 20
141.0
 10
95.5527277
 20
140.9747064
 10
95.59664875
 20
140.9553493
 10
95.63150875
 20
140.94116195
 10
95.7320866
 20
140.9065195
 10
95.9037435
 20
140.87135835
 10
96.0
 20
140.8660254
  0
LWPOLYLINE
  5
CE
330
17
100
AcDbEntity
  8
HIDDEN
100
AcDbPolyline
 90
12
 70
0
 10
78.93649165
 20
204.0
 10
78.86283424999999
 20
204.22790700000002
 10
78.7624605
 20
204.4453745
 10
78.63681
 20
204.6492837
 10
78.4876848
 20
204.83671015
 10
78.31722355
 20
205.00496585
 10
78.127871
 20
205.15163765
 10
77.92234285
 20
205.27462215
 10
77.70358665
 20
205.3721554
 10
77.4747398
 20
205.4428387
 10
77.23908435
 20
205.48565825
 10
77.0
 20
205.5
  0
LWPOLYLINE
  5
CF
330
17
100
AcDbEntity
  8
HIDDEN
100
AcDbPolyline
 90
12
 70
0
 10
78.93649165
 20
132.0
 10
78.86283424999999
 20
131.77209299999998
 10
78.7624605
 20
131.5546255
 10
78.63681
 20
131.3507163
 10
78.4876848
 20
131.16328985
 10
78.31722355
 20
130.99503415
 10
78.127871
 20
130.84836235
 10
77.92234285
 20
130.72537785
 10
77.70358665
 20
130.6278446
 10
77.4747398
 20
130.5571613
 10
77.23908435
 20
130.51434175
 10
77.0
 20
130.5
  0
LWPOLYLINE
  5
D0
330
17
100
AcDbEntity
  8
HIDDEN
100
AcDbPolyline
 90
2
 70
0
 10
72.0
 20
130.5
 10
77.0
 20
130.5
  0
LWPOLYLINE
  5
D1
330
17
100
AcDbEntity
  8
HIDDEN
100
AcDbPolyline
 90
2
 70
0
 10
72.0
 20
205.5
 10
77.0
 20
205.5
  0
LWPOLYLINE
  5
D2
330
17
100
AcDbEntity
  8
HIDDEN
100
AcDbPolyline
 90
2
 70
0
 10
70.0
 20
132.5
 10
70.0
 20
203.5
  0
LWPOLYLINE
  5
D3
330
17
100
AcDbEntity
  8
HIDDEN
100
AcDbPolyline
 90
14
 70
0
 10
70.0
 20
203.5
 10
70.01458225
 20
203.74107335
 10
70.05811635
 20
203.97863135
 10
70.12996749999999
 20
204.20920975
 10
70.22908795000001
 20
204.42944635
 10
70.35403225
 20
204.6361295
 10
70.5029785
 20
204.82624529999998
 10
70.6737547
 20
204.99702150000002
 10
70.8638705
 20
205.14596775
 10
71.07055365
 20
205.27091205
 10
71.29079025
 20
205.3700325
 10
71.52136865
 20
205.44188365
 10
71.75892665
 20
205.48541775
 10
72.0
 20
205.5
  0
LWPOLYLINE
  5
D4
330
17
100
AcDbEntity
  8
HIDDEN
100
AcDbPolyline
 90
14
 70
0
 10
70.0
 20
132.5
 10
70.01458225
 20
132.25892665
 10
70.05811635
 20
132.02136865
 10
70.12996749999999
 20
131.79079025
 10
70.22908795000001
 20
131.57055365
 10
70.35403225
 20
131.3638705
 10
70.5029785
 20
131.17375470000002
 10
70.6737547
 20
131.00297849999998
 10
70.8638705
 20
130.85403225
 10
71.07055365
 20
130.72908795
 10
71.29079025
 20
130.6299675
 10
71.52136865
 20
130.55811635
 10
71.75892665
 20
130.51458225
 10
72.0
 20
130.5
  0
LWPOLYLINE
  5
D5
330
17
100
AcDbEntity
  8
HIDDEN
100
AcDbPolyline
 90
2
 70
0
 10
94.5
 20
251.0
 10
104.5
 20
251.0
  0
LWPOLYLINE
  5
D6
330
17
100
AcDbEntity
  8
HIDDEN
100
AcDbPolyline
 90
2
 70
0
 10
94.5
 20
257.0
 10
104.5
 20
257.0
  0
LWPOLYLINE
  5
D7
330
17
100
AcDbEntity
  8
HIDDEN
100
AcDbPolyline
 90
2
 70
0
 10
94.5
 20
79.0
 10
104.5
 20
79.0
  0
LWPOLYLINE
  5
D8
330
17
100
AcDbEntity
  8
HIDDEN
100
AcDbPolyline
 90
2
 70
0
 10
94.5
 20
85.0
 10
104.5
 20
85.0
  0
LWPOLYLINE
  5
D9
330
17
100
AcDbEntity
  8
TANGENT
100
AcDbPolyline
 90
15
 70
0
 10
103.5
 20
196.0
 10
103.6119645
 20
196.0
 10
103.72252095
 20
196.0
 10
103.83027905
 20
196.0
 10
103.93388375
 20
196.0
 10
104.0320321
 20
196.0
 10
104.1234898
 20
196.0
 10
104.2071068
 20
196.0
 10
104.2818315
 20
196.0
 10
104.3467242
 20
196.0
 10
104.40096885
 20
196.0
 10
104.44388335
 20
196.0
 10
104.4749279
 20
196.0
 10
104.4937122
 20
196.0
 10
104.5
 20
196.0
  0
LWPOLYLINE
  5
DA
330
17
100
AcDbEntity
  8
TANGENT
100
AcDbPolyline
 90
2
 70
0
 10
103.5
 20
196.0
 10
103.5
 20
203.0
  0
LWPOLYLINE
  5
DB
330
17
100
AcDbEntity
  8
TANGENT
100
AcDbPolyline
 90
15
 70
0
 10
104.5
 20
203.0
 10
104.4937122
 20
203.0
 10
104.4749279
 20
203.0
 10
104.44388335
 20
203.0
 10
104.40096885
 20
203.0
 10
104.3467242
 20
203.0
 10
104.2818315
 20
203.0
 10
104.2071068
 20
203.0
 10
104.1234898
 20
203.0
 10
104.0320321
 20
203.0
 10
103.93388375
 20
203.0
 10
103.83027905
 20
203.0
 10
103.72252095
 20
203.0
 10
103.6119645
 20
203.0
 10
103.5
 20
203.0
  0
LWPOLYLINE
  5
DC
330
17
100
AcDbEntity
  8
TANGENT
100
AcDbPolyline
 90
15
 70
0
 10
103.5
 20
196.0
 10
103.5
 20
195.9252699
 10
103.5
 20
195.85095775
 10
103.5
 20
195.77747905
 10
103.5
 20
195.70524484999999
 10
103.5
 20
195.634659
 10
103.5
 20
195.56611625
 10
103.5
 20
195.5
 10
103.5
 20
195.43667994999998
 10
103.5
 20
195.37651019999998
 10
103.5
 20
195.31982725
 10
103.5
 20
195.26694815
 10
103.5
 20
195.2181685
 10
103.5
 20
195.17376124999998
 10
103.5
 20
195.1339746
  0
LWPOLYLINE
  5
DD
330
17
100
AcDbEntity
  8
TANGENT
100
AcDbPolyline
 90
2
 70
0
 10
78.32287565
 20
203.0
 10
103.5
 20
203.0
  0
LWPOLYLINE
  5
DE
330
17
100
AcDbEntity
  8
TANGENT
100
AcDbPolyline
 90
2
 70
0
 10
78.32287565
 20
196.0
 10
103.5
 20
196.0
  0
LWPOLYLINE
  5
DF
330
17
100
AcDbEntity
  8
TANGENT
100
AcDbPolyline
 90
15
 70
0
 10
103.5
 20
203.8660254
 10
103.5
 20
203.82623875000002
 10
103.5
 20
203.7818315
 10
103.5
 20
203.73305185
 10
103.5
 20
203.68017275
 10
103.5
 20
203.62348980000002
 10
103.5
 20
203.56332005000002
 10
103.5
 20
203.5
 10
103.5
 20
203.43388375
 10
103.5
 20
203.365341
 10
103.5
 20
203.29475515000001
 10
103.5
 20
203.22252095
 10
103.5
 20
203.14904225
 10
103.5
 20
203.0747301
 10
103.5
 20
203.0
  0
LWPOLYLINE
  5
E0
330
17
100
AcDbEntity
  8
TANGENT
100
AcDbPolyline
 90
2
 70
0
 10
104.0
 20
140.7071068
 10
104.0
 20
195.2928932
  0
LWPOLYLINE
  5
E1
330
17
100
AcDbEntity
  8
TANGENT
100
AcDbPolyline
 90
2
 70
0
 10
96.0
 20
140.8660254
 10
96.0
 20
195.1339746
  0
LWPOLYLINE
  5
E2
330
17
100
AcDbEntity
  8
TANGENT
100
AcDbPolyline
 90
15
 70
0
 10
77.0
 20
132.5
 10
77.11692145
 20
132.5
 10
77.2334429
 20
132.5
 10
77.3491659
 20
132.5
 10
77.46369455
 20
132.5
 10
77.57663705
 20
132.5
 10
77.68760715
 20
132.5
 10
77.7962252
 20
132.5
 10
77.90211975
 20
132.5
 10
78.0049285
 20
132.5
 10
78.1042998
 20
132.5
 10
78.19989375
 20
132.5
 10
78.2913834
 20
132.5
 10
78.37845575
 20
132.5
 10
78.460813
 20
132.5
  0
LWPOLYLINE
  5
E3
330
17
100
AcDbEntity
  8
TANGENT
100
AcDbPolyline
 90
15
 70
0
 10
78.460813
 20
203.5
 10
78.37845575
 20
203.5
 10
78.2913834
 20
203.5
 10
78.19989375
 20
203.5
 10
78.1042998
 20
203.5
 10
78.0049285
 20
203.5
 10
77.90211975
 20
203.5
 10
77.7962252
 20
203.5
 10
77.68760715
 20
203.5
 10
77.57663705
 20
203.5
 10
77.46369455
 20
203.5
 10
77.3491659
 20
203.5
 10
77.2334429
 20
203.5
 10
77.11692145
 20
203.5
 10
77.0
 20
203.5
  0
LWPOLYLINE
  5
E4
330
17
100
AcDbEntity
  8
TANGENT
100
AcDbPolyline
 90
2
 70
0
 10
77.0
 20
132.5
 10
77.0
 20
203.5
  0
LWPOLYLINE
  5
E5
330
17
100
AcDbEntity
  8
TANGENT
100
AcDbPolyline
 90
15
 70
0
 10
103.5
 20
133.0
 10
103.6119645
 20
133.0
 10
103.72252095
 20
133.0
 10
103.83027905
 20
133.0
 10
103.93388375
 20
133.0
 10
104.0320321
 20
133.0
 10
104.1234898
 20
133.0
 10
104.2071068
 20
133.0
 10
104.2818315
 20
133.0
 10
104.3467242
 20
133.0
 10
104.40096885
 20
133.0
 10
104.44388335
 20
133.0
 10
104.4749279
 20
133.0
 10
104.4937122
 20
133.0
 10
104.5
 20
133.0
  0
LWPOLYLINE
  5
E6
330
17
100
AcDbEntity
  8
TANGENT
100
AcDbPolyline
 90
2
 70
0
 10
103.5
 20
133.0
 10
103.5
 20
140.0
  0
LWPOLYLINE
  5
E7
330
17
100
AcDbEntity
  8
TANGENT
100
AcDbPolyline
 90
15
 70
0
 10
104.5
 20
140.0
 10
104.4937122
 20
140.0
 10
104.4749279
 20
140.0
 10
104.44388335
 20
140.0
 10
104.40096885
 20
140.0
 10
104.3467242
 20
140.0
 10
104.2818315
 20
140.0
 10
104.2071068
 20
140.0
 10
104.1234898
 20
140.0
 10
104.0320321
 20
140.0
 10
103.93388375
 20
140.0
 10
103.83027905
 20
140.0
 10
103.72252095
 20
140.0
 10
103.6119645
 20
140.0
 10
103.5
 20
140.0
  0
LWPOLYLINE
  5
E8
330
17
100
AcDbEntity
  8
TANGENT
100
AcDbPolyline
 90
15
 70
0
 10
103.5
 20
140.8660254
 10
103.5
 20
140.82623875000002
 10
103.5
 20
140.7818315
 10
103.5
 20
140.73305185
 10
103.5
 20
140.68017275
 10
103.5
 20
140.62348980000002
 10
103.5
 20
140.56332005000002
 10
103.5
 20
140.5
 10
103.5
 20
140.43388375
 10
103.5
 20
140.365341
 10
103.5
 20
140.29475515000001
 10
103.5
 20
140.22252095
 10
103.5
 20
140.14904225
 10
103.5
 20
140.0747301
 10
103.5
 20
140.0
  0
LWPOLYLINE
  5
E9
330
17
100
AcDbEntity
  8
TANGENT
100
AcDbPolyline
 90
2
 70
0
 10
78.32287565
 20
140.0
 10
103.5
 20
140.0
  0
LWPOLYLINE
  5
EA
330
17
100
AcDbEntity
  8
TANGENT
100
AcDbPolyline
 90
15
 70
0
 10
77.0
 20
132.5
 10
77.0
 20
132.27607104999998
 10
77.0
 20
132.05495815
 10
77.0
 20
131.8394419
 10
77.0
 20
131.6322325
 10
77.0
 20
131.43593585
 10
77.0
 20
131.2530204
 10
77.0
 20
131.08578645
 10
77.0
 20
130.93633705
 10
77.0
 20
130.8065516
 10
77.0
 20
130.69806225
 10
77.0
 20
130.61223335
 10
77.0
 20
130.5501442
 10
77.0
 20
130.5125756
 10
77.0
 20
130.5
  0
LWPOLYLINE
  5
EB
330
17
100
AcDbEntity
  8
TANGENT
100
AcDbPolyline
 90
15
 70
0
 10
103.5
 20
133.0
 10
103.5
 20
132.9252699
 10
103.5
 20
132.85095775
 10
103.5
 20
132.77747905
 10
103.5
 20
132.70524484999999
 10
103.5
 20
132.634659
 10
103.5
 20
132.56611625
 10
103.5
 20
132.5
 10
103.5
 20
132.43667994999998
 10
103.5
 20
132.37651019999998
 10
103.5
 20
132.31982725
 10
103.5
 20
132.26694815
 10
103.5
 20
132.2181685
 10
103.5
 20
132.17376124999998
 10
103.5
 20
132.1339746
  0
LWPOLYLINE
  5
EC
330
17
100
AcDbEntity
  8
TANGENT
100
AcDbPolyline
 90
2
 70
0
 10
78.32287565
 20
133.0
 10
103.5
 20
133.0
  0
LWPOLYLINE
  5
ED
330
17
100
AcDbEntity
  8
TANGENT
100
AcDbPolyline
 90
15
 70
0
 10
77.0
 20
205.5
 10
77.0
 20
205.4874244
 10
77.0
 20
205.4498558
 10
77.0
 20
205.38776665
 10
77.0
 20
205.30193775
 10
77.0
 20
205.1934484
 10
77.0
 20
205.06366295
 10
77.0
 20
204.91421355
 10
77.0
 20
204.7469796
 10
77.0
 20
204.56406415
 10
77.0
 20
204.3677675
 10
77.0
 20
204.1605581
 10
77.0
 20
203.94504185
 10
77.0
 20
203.72392895000002
 10
77.0
 20
203.5
  0
LWPOLYLINE
  5
EE
330
17
100
AcDbEntity
  8
TANGENT
100
AcDbPolyline
 90
2
 70
0
 10
72.0
 20
132.5
 10
72.0
 20
203.5
  0
LWPOLYLINE
  5
EF
330
17
100
AcDbEntity
  8
TANGENT
100
AcDbPolyline
 90
2
 70
0
 10
72.0
 20
132.5
 10
77.0
 20
132.5
  0
LWPOLYLINE
  5
F0
330
17
100
AcDbEntity
  8
TANGENT
100
AcDbPolyline
 90
2
 70
0
 10
72.0
 20
203.5
 10
77.0
 20
203.5
  0
LWPOLYLINE
  5
F1
330
17
100
AcDbEntity
  8
TANGENT
100
AcDbPolyline
 90
15
 70
0
 10
72.0
 20
132.5
 10
72.0
 20
132.27607104999998
 10
72.0
 20
132.05495815
 10
72.0
 20
131.8394419
 10
72.0
 20
131.6322325
 10
72.0
 20
131.43593585
 10
72.0
 20
131.2530204
 10
72.0
 20
131.08578645
 10
72.0
 20
130.93633705
 10
72.0
 20
130.8065516
 10
72.0
 20
130.69806225
 10
72.0
 20
130.61223335
 10
72.0
 20
130.5501442
 10
72.0
 20
130.5125756
 10
72.0
 20
130.5
  0
LWPOLYLINE
  5
F2
330
17
100
AcDbEntity
  8
TANGENT
100
AcDbPolyline
 90
15
 70
0
 10
72.0
 20
205.5
 10
72.0
 20
205.4874244
 10
72.0
 20
205.4498558
 10
72.0
 20
205.38776665
 10
72.0
 20
205.30193775
 10
72.0
 20
205.1934484
 10
72.0
 20
205.06366295
 10
72.0
 20
204.91421355
 10
72.0
 20
204.7469796
 10
72.0
 20
204.56406415
 10
72.0
 20
204.3677675
 10
72.0
 20
204.1605581
 10
72.0
 20
203.94504185
 10
72.0
 20
203.72392895000002
 10
72.0
 20
203.5
  0
LWPOLYLINE
  5
F3
330
17
100
AcDbEntity
  8
TANGENT
100
AcDbPolyline
 90
15
 70
0
 10
72.0
 20
132.5
 10
71.77607105
 20
132.5
 10
71.55495815
 20
132.5
 10
71.3394419
 20
132.5
 10
71.1322325
 20
132.5
 10
70.93593584999999
 20
132.5
 10
70.7530204
 20
132.5
 10
70.58578645
 20
132.5
 10
70.43633704999999
 20
132.5
 10
70.3065516
 20
132.5
 10
70.19806224999999
 20
132.5
 10
70.11223335
 20
132.5
 10
70.0501442
 20
132.5
 10
70.0125756
 20
132.5
 10
70.0
 20
132.5
  0
LWPOLYLINE
  5
F4
330
17
100
AcDbEntity
  8
TANGENT
100
AcDbPolyline
 90
15
 70
0
 10
70.0
 20
203.5
 10
70.0125756
 20
203.5
 10
70.0501442
 20
203.5
 10
70.11223335
 20
203.5
 10
70.19806224999999
 20
203.5
 10
70.3065516
 20
203.5
 10
70.43633704999999
 20
203.5
 10
70.58578645
 20
203.5
 10
70.7530204
 20
203.5
 10
70.93593584999999
 20
203.5
 10
71.1322325
 20
203.5
 10
71.3394419
 20
203.5
 10
71.55495815
 20
203.5
 10
71.77607105
 20
203.5
 10
72.0
 20
203.5
  0
LWPOLYLINE
  5
F5
330
17
100
AcDbEntity
  8
OUTLINE
100
AcDbPolyline
 90
2
 70
0
 10
104.5
 20
196.0
 10
104.5
 20
203.0
  0
LWPOLYLINE
  5
F6
330
17
100
AcDbEntity
  8
OUTLINE
100
AcDbPolyline
 90
7
 70
0
 10
104.5
 20
196.0
 10
104.48549815
 20
195.87957635
 10
104.44141315
 20
195.75795275000002
 10
104.3647957
 20
195.63229865
 10
104.25227515
 20
195.50228035
 10
104.09548815
 20
195.36398755
 10
104.0
 20
195.2928932
  0
LWPOLYLINE
  5
F7
330
17
100
AcDbEntity
  8
OUTLINE
100
AcDbPolyline
 90
5
 70
0
 10
104.0
 20
195.2928932
 10
103.88571905
 20
195.22461570000002
 10
103.7623238
 20
195.17465995
 10
103.63273005
 20
195.14420635
 10
103.5
 20
195.1339746
  0
LWPOLYLINE
  5
F8
330
17
100
AcDbEntity
  8
OUTLINE
100
AcDbPolyline
 90
2
 70
0
 10
78.32287565
 20
196.0
 10
78.32287565
 20
203.0
  0
LWPOLYLINE
  5
F9
330
17
100
AcDbEntity
  8
OUTLINE
100
AcDbPolyline
 90
2
 70
0
 10
104.5
 20
86.0
 10
104.5
 20
91.5
  0
LWPOLYLINE
  5
FA
330
17
100
AcDbEntity
  8
OUTLINE
100
AcDbPolyline
 90
15
 70
0
 10
104.5
 20
86.0
 10
104.5
 20
85.7926681
 10
104.5
 20
85.56870335
 10
104.5
 20
85.329088
 10
104.5
 20
85.0748729
 10
104.5
 20
84.80717285
 10
104.5
 20
84.52716185
 10
104.5
 20
84.236068
 10
104.5
 20
83.93516775
 10
104.5
 20
83.62578085
 10
104.5
 20
83.309264
 10
104.5
 20
82.98700535
 10
104.5
 20
82.6604182
 10
104.5
 20
82.33093475
 10
104.5
 20
82.0
  0
LWPOLYLINE
  5
FB
330
17
100
AcDbEntity
  8
OUTLINE
100
AcDbPolyline
 90
15
 70
0
 10
104.5
 20
82.0
 10
104.5
 20
81.4401776
 10
104.5
 20
80.88739535
 10
104.5
 20
80.3486047
 10
104.5
 20
79.8305813
 10
104.5
 20
79.3398396
 10
104.5
 20
78.882551
 10
104.5
 20
78.4644661
 10
104.5
 20
78.0908426
 10
104.5
 20
77.766379
 10
104.5
 20
77.49515565
 10
104.5
 20
77.28058335
 10
104.5
 20
77.12536045
 10
104.5
 20
77.03143895
 10
104.5
 20
77.0
  0
LWPOLYLINE
  5
FC
330
17
100
AcDbEntity
  8
OUTLINE
100
AcDbPolyline
 90
2
 70
0
 10
104.5
 20
91.5
 10
104.5
 20
133.0
  0
LWPOLYLINE
  5
FD
330
17
100
AcDbEntity
  8
OUTLINE
100
AcDbPolyline
 90
2
 70
0
 10
104.5
 20
133.0
 10
104.5
 20
140.0
  0
LWPOLYLINE
  5
FE
330
17
100
AcDbEntity
  8
OUTLINE
100
AcDbPolyline
 90
2
 70
0
 10
104.5
 20
140.0
 10
104.5
 20
196.0
  0
LWPOLYLINE
  5
FF
330
17
100
AcDbEntity
  8
OUTLINE
100
AcDbPolyline
 90
2
 70
0
 10
104.5
 20
203.0
 10
104.5
 20
244.5
  0
LWPOLYLINE
  5
100
330
17
100
AcDbEntity
  8
OUTLINE
100
AcDbPolyline
 90
2
 70
0
 10
104.5
 20
244.5
 10
104.5
 20
250.0
  0
LWPOLYLINE
  5
101
330
17
100
AcDbEntity
  8
OUTLINE
100
AcDbPolyline
 90
15
 70
0
 10
104.5
 20
254.0
 10
104.5
 20
253.66906525000002
 10
104.5
 20
253.33958180000002
 10
104.5
 20
253.01299465
 10
104.5
 20
252.69073600000002
 10
104.5
 20
252.37421915
 10
104.5
 20
252.06483225
 10
104.5
 20
251.763932
 10
104.5
 20
251.47283815
 10
104.5
 20
251.19282715
 10
104.5
 20
250.9251271
 10
104.5
 20
250.670912
 10
104.5
 20
250.43129664999998
 10
104.5
 20
250.20733189999999
 10
104.5
 20
250.0
  0
LWPOLYLINE
  5
102
330
17
100
AcDbEntity
  8
OUTLINE
100
AcDbPolyline
 90
15
 70
0
 10
104.5
 20
259.0
 10
104.5
 20
258.96856105
 10
104.5
 20
258.87463955
 10
104.5
 20
258.71941664999997
 10
104.5
 20
258.50484435
 10
104.5
 20
258.23362099999997
 10
104.5
 20
257.9091574
 10
104.5
 20
257.5355339
 10
104.5
 20
257.11744899999997
 10
104.5
 20
256.6601604
 10
104.5
 20
256.1694187
 10
104.5
 20
255.6513953
 10
104.5
 20
255.11260464999998
 10
104.5
 20
254.5598224
 10
104.5
 20
254.0
  0
LWPOLYLINE
  5
103
330
17
100
AcDbEntity
  8
OUTLINE
100
AcDbPolyline
 90
5
 70
0
 10
104.0
 20
203.7071068
 10
103.88571905
 20
203.77538429999998
 10
103.7623238
 20
203.82534005
 10
103.63273005
 20
203.85579365
 10
103.5
 20
203.8660254
  0
LWPOLYLINE
  5
104
330
17
100
AcDbEntity
  8
OUTLINE
100
AcDbPolyline
 90
7
 70
0
 10
104.5
 20
203.0
 10
104.4854553
 20
203.1206052
 10
104.4412997
 20
203.24228025
 10
104.36448060000001
 20
203.3681291
 10
104.344225
 20
203.3946834
 10
104.2117462
 20
203.5368927
 10
104.0
 20
203.7071068
  0
LWPOLYLINE
  5
105
330
17
100
AcDbEntity
  8
OUTLINE
100
AcDbPolyline
 90
7
 70
0
 10
104.5
 20
140.0
 10
104.4854553
 20
140.1206052
 10
104.4412997
 20
140.24228025
 10
104.36448060000001
 20
140.3681291
 10
104.344225
 20
140.3946834
 10
104.2117462
 20
140.5368927
 10
104.0
 20
140.7071068
  0
LWPOLYLINE
  5
106
330
17
100
AcDbEntity
  8
OUTLINE
100
AcDbPolyline
 90
2
 70
0
 10
96.0
 20
140.8660254
 10
103.5
 20
140.8660254
  0
LWPOLYLINE
  5
107
330
17
100
AcDbEntity
  8
OUTLINE
100
AcDbPolyline
 90
2
 70
0
 10
96.0
 20
195.1339746
 10
103.5
 20
195.1339746
  0
LWPOLYLINE
  5
108
330
17
100
AcDbEntity
  8
OUTLINE
100
AcDbPolyline
 90
5
 70
0
 10
104.0
 20
140.7071068
 10
103.88571905
 20
140.77538429999998
 10
103.7623238
 20
140.82534005
 10
103.63273005
 20
140.85579365
 10
103.5
 20
140.8660254
  0
LWPOLYLINE
  5
109
330
17
100
AcDbEntity
  8
OUTLINE
100
AcDbPolyline
 90
29
 70
0
 10
100.625
 20
168.0
 10
100.60932995
 20
168.1390756
 10
100.56310555
 20
168.27117735
 10
100.4886447
 20
168.38968115
 10
100.38968115
 20
168.4886447
 10
100.27117735
 20
168.56310555
 10
100.1390756
 20
168.60932995
 10
100.0
 20
168.625
 10
99.8609244
 20
168.60932995
 10
99.72882265
 20
168.56310555
 10
99.61031885
 20
168.4886447
 10
99.5113553
 20
168.38968115
 10
99.43689445
 20
168.27117735
 10
99.39067005
 20
168.1390756
 10
99.375
 20
168.0
 10
99.39067005
 20
167.8609244
 10
99.43689445
 20
167.72882265
 10
99.5113553
 20
167.61031885
 10
99.61031885
 20
167.5113553
 10
99.72882265
 20
167.43689445
 10
99.8609244
 20
167.39067005
 10
100.0
 20
167.375
 10
100.1390756
 20
167.39067005
 10
100.27117735
 20
167.43689445
 10
100.38968115
 20
167.5113553
 10
100.4886447
 20
167.61031885
 10
100.56310555
 20
167.72882265
 10
100.60932995
 20
167.8609244
 10
100.625
 20
168.0
  0
LWPOLYLINE
  5
10A
330
17
100
AcDbEntity
  8
OUTLINE
100
AcDbPolyline
 90
10
 70
0
 10
78.93649165
 20
195.0
 10
78.8858725
 20
195.01386525
 10
78.8240813
 20
195.0526499
 10
78.74632615
 20
195.1199367
 10
78.6136376
 20
195.2682731
 10
78.55286085
 20
195.35055195
 10
78.4398707
 20
195.5403154
 10
78.3776707
 20
195.6872506
 10
78.3338791
 20
195.86051115
 10
78.32287565
 20
196.0
  0
LWPOLYLINE
  5
10B
330
17
100
AcDbEntity
  8
OUTLINE
100
AcDbPolyline
 90
2
 70
0
 10
78.93649165
 20
195.0
 10
95.5
 20
195.0
  0
LWPOLYLINE
  5
10C
330
17
100
AcDbEntity
  8
OUTLINE
100
AcDbPolyline
 90
7
 70
0
 10
95.5
 20
195.0
 10
95.5527277
 20
195.0252936
 10
95.59664875
 20
195.0446507
 10
95.63150875
 20
195.05883805
 10
95.7320866
 20
195.0934805
 10
95.9037435
 20
195.12864165
 10
96.0
 20
195.1339746
  0
LWPOLYLINE
  5
10D
330
17
100
AcDbEntity
  8
OUTLINE
100
AcDbPolyline
 90
5
 70
0
 10
78.460813
 20
132.5
 10
78.37922195
 20
132.6828041
 10
78.33454904999999
 20
132.85631684999998
 10
78.32584175
 20
132.9276449
 10
78.32287565
 20
133.0
  0
LWPOLYLINE
  5
10E
330
17
100
AcDbEntity
  8
OUTLINE
100
AcDbPolyline
 90
2
 70
0
 10
78.32287565
 20
133.0
 10
78.32287565
 20
140.0
  0
LWPOLYLINE
  5
10F
330
17
100
AcDbEntity
  8
OUTLINE
100
AcDbPolyline
 90
10
 70
0
 10
78.93649165
 20
141.0
 10
78.8858725
 20
140.98613475
 10
78.8240813
 20
140.9473501
 10
78.74632615
 20
140.8800633
 10
78.6136376
 20
140.7317269
 10
78.55286085
 20
140.64944805
 10
78.4398707
 20
140.4596846
 10
78.3776707
 20
140.3127494
 10
78.3338791
 20
140.13948885
 10
78.32287565
 20
140.0
  0
LWPOLYLINE
  5
110
330
17
100
AcDbEntity
  8
OUTLINE
100
AcDbPolyline
 90
2
 70
0
 10
79.0
 20
141.0
 10
79.0
 20
195.0
  0
LWPOLYLINE
  5
111
330
17
100
AcDbEntity
  8
OUTLINE
100
AcDbPolyline
 90
5
 70
0
 10
78.460813
 20
203.5
 10
78.37922195
 20
203.3171959
 10
78.33454904999999
 20
203.14368315000002
 10
78.32584175
 20
203.0723551
 10
78.32287565
 20
203.0
  0
LWPOLYLINE
  5
112
330
17
100
AcDbEntity
  8
OUTLINE
100
AcDbPolyline
 90
2
 70
0
 10
78.8708287
 20
204.0
 10
95.5
 20
204.0
  0
LWPOLYLINE
  5
113
330
17
100
AcDbEntity
  8
OUTLINE
100
AcDbPolyline
 90
7
 70
0
 10
95.5
 20
204.0
 10
95.5527277
 20
203.9747064
 10
95.59664875
 20
203.9553493
 10
95.63150875
 20
203.94116195
 10
95.7320866
 20
203.9065195
 10
95.9037435
 20
203.87135835
 10
96.0
 20
203.8660254
  0
LWPOLYLINE
  5
114
330
17
100
AcDbEntity
  8
OUTLINE
100
AcDbPolyline
 90
2
 70
0
 10
96.0
 20
203.8660254
 10
103.5
 20
203.8660254
  0
LWPOLYLINE
  5
115
330
17
100
AcDbEntity
  8
OUTLINE
100
AcDbPolyline
 90
5
 70
0
 10
78.8708287
 20
204.0
 10
78.82145625
 20
203.98577475
 10
78.73840715
 20
203.91819295
 10
78.63869199999999
 20
203.79366565
 10
78.460813
 20
203.5
  0
LWPOLYLINE
  5
116
330
17
100
AcDbEntity
  8
OUTLINE
100
AcDbPolyline
 90
2
 70
0
 10
95.5
 20
91.5
 10
96.0
 20
91.5
  0
LWPOLYLINE
  5
117
330
17
100
AcDbEntity
  8
OUTLINE
100
AcDbPolyline
 90
2
 70
0
 10
95.5
 20
86.0
 10
95.5
 20
91.5
  0
LWPOLYLINE
  5
118
330
17
100
AcDbEntity
  8
OUTLINE
100
AcDbPolyline
 90
2
 70
0
 10
95.5
 20
86.0
 10
104.5
 20
86.0
  0
LWPOLYLINE
  5
119
330
17
100
AcDbEntity
  8
OUTLINE
100
AcDbPolyline
 90
2
 70
0
 10
104.0
 20
91.5
 10
104.5
 20
91.5
  0
LWPOLYLINE
  5
11A
330
17
100
AcDbEntity
  8
OUTLINE
100
AcDbPolyline
 90
2
 70
0
 10
104.0
 20
91.5
 10
104.0
 20
132.2928932
  0
LWPOLYLINE
  5
11B
330
17
100
AcDbEntity
  8
OUTLINE
100
AcDbPolyline
 90
5
 70
0
 10
104.0
 20
132.2928932
 10
103.88571905
 20
132.22461570000002
 10
103.7623238
 20
132.17465995
 10
103.63273005
 20
132.14420635
 10
103.5
 20
132.1339746
  0
LWPOLYLINE
  5
11C
330
17
100
AcDbEntity
  8
OUTLINE
100
AcDbPolyline
 90
2
 70
0
 10
96.0
 20
132.1339746
 10
103.5
 20
132.1339746
  0
LWPOLYLINE
  5
11D
330
17
100
AcDbEntity
  8
OUTLINE
100
AcDbPolyline
 90
2
 70
0
 10
96.0
 20
91.5
 10
96.0
 20
132.1339746
  0
LWPOLYLINE
  5
11E
330
17
100
AcDbEntity
  8
OUTLINE
100
AcDbPolyline
 90
15
 70
0
 10
94.5
 20
82.0
 10
94.5
 20
81.4401776
 10
94.5
 20
80.88739535
 10
94.5
 20
80.3486047
 10
94.5
 20
79.8305813
 10
94.5
 20
79.3398396
 10
94.5
 20
78.882551
 10
94.5
 20
78.4644661
 10
94.5
 20
78.0908426
 10
94.5
 20
77.766379
 10
94.5
 20
77.49515565
 10
94.5
 20
77.28058335
 10
94.5
 20
77.12536045
 10
94.5
 20
77.03143895
 10
94.5
 20
77.0
  0
LWPOLYLINE
  5
11F
330
17
100
AcDbEntity
  8
OUTLINE
100
AcDbPolyline
 90
15
 70
0
 10
94.5
 20
87.0
 10
94.5
 20
86.96856105
 10
94.5
 20
86.87463955
 10
94.5
 20
86.71941665
 10
94.5
 20
86.50484435
 10
94.5
 20
86.233621
 10
94.5
 20
85.9091574
 10
94.5
 20
85.5355339
 10
94.5
 20
85.117449
 10
94.5
 20
84.6601604
 10
94.5
 20
84.1694187
 10
94.5
 20
83.6513953
 10
94.5
 20
83.11260465
 10
94.5
 20
82.5598224
 10
94.5
 20
82.0
  0
LWPOLYLINE
  5
120
330
17
100
AcDbEntity
  8
OUTLINE
100
AcDbPolyline
 90
7
 70
0
 10
104.5
 20
133.0
 10
104.48549815
 20
132.87957635
 10
104.44141315
 20
132.75795275000002
 10
104.3647957
 20
132.63229865
 10
104.25227515
 20
132.50228035
 10
104.09548815
 20
132.36398755
 10
104.0
 20
132.2928932
  0
LWPOLYLINE
  5
121
330
17
100
AcDbEntity
  8
OUTLINE
100
AcDbPolyline
 90
2
 70
0
 10
104.5
 20
120.5
 10
129.4355672
 20
120.5
  0
LWPOLYLINE
  5
122
330
17
100
AcDbEntity
  8
OUTLINE
100
AcDbPolyline
 90
2
 70
0
 10
104.0
 20
203.7071068
 10
104.0
 20
244.5
  0
LWPOLYLINE
  5
123
330
17
100
AcDbEntity
  8
OUTLINE
100
AcDbPolyline
 90
2
 70
0
 10
104.5
 20
129.5
 10
131.5
 20
129.5
  0
LWPOLYLINE
  5
124
330
17
100
AcDbEntity
  8
OUTLINE
100
AcDbPolyline
 90
2
 70
0
 10
131.5
 20
128.5005627
 10
131.5
 20
129.5
  0
LWPOLYLINE
  5
125
330
17
100
AcDbEntity
  8
OUTLINE
100
AcDbPolyline
 90
2
 70
0
 10
131.6801982
 20
128.62673885
 10
131.5
 20
128.5005627
  0
LWPOLYLINE
  5
126
330
17
100
AcDbEntity
  8
OUTLINE
100
AcDbPolyline
 90
2
 70
0
 10
131.6801982
 20
128.62673885
 10
134.4333651
 20
124.69480905
  0
LWPOLYLINE
  5
127
330
17
100
AcDbEntity
  8
OUTLINE
100
AcDbPolyline
 90
2
 70
0
 10
135.23637209999998
 20
123.5479962
 10
137.989539
 20
119.6160664
  0
LWPOLYLINE
  5
128
330
17
100
AcDbEntity
  8
OUTLINE
100
AcDbPolyline
 90
2
 70
0
 10
137.989539
 20
119.6160664
 10
132.6650507
 20
115.88781955
  0
LWPOLYLINE
  5
129
330
17
100
AcDbEntity
  8
OUTLINE
100
AcDbPolyline
 90
2
 70
0
 10
129.4355672
 20
120.5
 10
132.6650507
 20
115.88781955
  0
LWPOLYLINE
  5
12A
330
17
100
AcDbEntity
  8
OUTLINE
100
AcDbPolyline
 90
29
 70
0
 10
135.60368775
 20
120.86497575
 10
135.5880177
 20
121.0040513
 10
135.5417933
 20
121.13615304999999
 10
135.4673324
 20
121.25465685
 10
135.36836885
 20
121.3536204
 10
135.24986504999998
 20
121.4280813
 10
135.1177633
 20
121.4743057
 10
134.97868775
 20
121.48997575
 10
134.83961215
 20
121.4743057
 10
134.7075104
 20
121.4280813
 10
134.5890066
 20
121.3536204
 10
134.49004305
 20
121.25465685
 10
134.41558220000002
 20
121.13615304999999
 10
134.3693578
 20
121.0040513
 10
134.35368775
 20
120.86497575
 10
134.3693578
 20
120.72590015
 10
134.41558220000002
 20
120.5937984
 10
134.49004305
 20
120.4752946
 10
134.5890066
 20
120.37633105
 10
134.7075104
 20
120.3018702
 10
134.83961215
 20
120.2556458
 10
134.97868775
 20
120.23997575
 10
135.1177633
 20
120.2556458
 10
135.24986504999998
 20
120.3018702
 10
135.36836885
 20
120.37633105
 10
135.4673324
 20
120.4752946
 10
135.5417933
 20
120.5937984
 10
135.5880177
 20
120.72590015
 10
135.60368775
 20
120.86497575
  0
LWPOLYLINE
  5
12B
330
17
100
AcDbEntity
  8
OUTLINE
100
AcDbPolyline
 90
29
 70
0
 10
132.44901735
 20
125.370312
 10
132.4333473
 20
125.50938755
 10
132.3871229
 20
125.6414893
 10
132.312662
 20
125.7599931
 10
132.21369845
 20
125.85895665000001
 10
132.09519465
 20
125.93341749999999
 10
131.9630929
 20
125.97964189999999
 10
131.82401735
 20
125.995312
 10
131.68494175
 20
125.97964189999999
 10
131.55284
 20
125.93341749999999
 10
131.4343362
 20
125.85895665000001
 10
131.33537265
 20
125.7599931
 10
131.2609118
 20
125.6414893
 10
131.2146874
 20
125.50938755
 10
131.19901735
 20
125.370312
 10
131.2146874
 20
125.2312364
 10
131.2609118
 20
125.09913465
 10
131.33537265
 20
124.98063085
 10
131.4343362
 20
124.8816673
 10
131.55284
 20
124.80720645
 10
131.68494175
 20
124.76098205
 10
131.82401735
 20
124.745312
 10
131.9630929
 20
124.76098205
 10
132.09519465
 20
124.80720645
 10
132.21369845
 20
124.8816673
 10
132.312662
 20
124.98063085
 10
132.3871229
 20
125.09913465
 10
132.4333473
 20
125.2312364
 10
132.44901735
 20
125.370312
  0
LWPOLYLINE
  5
12C
330
17
100
AcDbEntity
  8
OUTLINE
100
AcDbPolyline
 90
2
 70
0
 10
104.0
 20
244.5
 10
104.5
 20
244.5
  0
LWPOLYLINE
  5
12D
330
17
100
AcDbEntity
  8
OUTLINE
100
AcDbPolyline
 90
2
 70
0
 10
96.0
 20
203.8660254
 10
96.0
 20
244.5
  0
LWPOLYLINE
  5
12E
330
17
100
AcDbEntity
  8
OUTLINE
100
AcDbPolyline
 90
2
 70
0
 10
95.5
 20
250.0
 10
104.5
 20
250.0
  0
LWPOLYLINE
  5
12F
330
17
100
AcDbEntity
  8
OUTLINE
100
AcDbPolyline
 90
2
 70
0
 10
95.5
 20
244.5
 10
95.5
 20
250.0
  0
LWPOLYLINE
  5
130
330
17
100
AcDbEntity
  8
OUTLINE
100
AcDbPolyline
 90
2
 70
0
 10
95.5
 20
244.5
 10
96.0
 20
244.5
  0
LWPOLYLINE
  5
131
330
17
100
AcDbEntity
  8
OUTLINE
100
AcDbPolyline
 90
15
 70
0
 10
94.5
 20
254.0
 10
94.5
 20
253.4401776
 10
94.5
 20
252.88739535000002
 10
94.5
 20
252.3486047
 10
94.5
 20
251.8305813
 10
94.5
 20
251.3398396
 10
94.5
 20
250.882551
 10
94.5
 20
250.46446609999998
 10
94.5
 20
250.0908426
 10
94.5
 20
249.766379
 10
94.5
 20
249.49515565000002
 10
94.5
 20
249.28058335
 10
94.5
 20
249.12536045000002
 10
94.5
 20
249.03143895
 10
94.5
 20
249.0
  0
LWPOLYLINE
  5
132
330
17
100
AcDbEntity
  8
OUTLINE
100
AcDbPolyline
 90
15
 70
0
 10
94.5
 20
259.0
 10
94.5
 20
258.96856105
 10
94.5
 20
258.87463955
 10
94.5
 20
258.71941664999997
 10
94.5
 20
258.50484435
 10
94.5
 20
258.23362099999997
 10
94.5
 20
257.9091574
 10
94.5
 20
257.5355339
 10
94.5
 20
257.11744899999997
 10
94.5
 20
256.6601604
 10
94.5
 20
256.1694187
 10
94.5
 20
255.6513953
 10
94.5
 20
255.11260464999998
 10
94.5
 20
254.5598224
 10
94.5
 20
254.0
  0
LWPOLYLINE
  5
133
330
17
100
AcDbEntity
  8
OUTLINE
100
AcDbPolyline
 90
2
 70
0
 10
104.5
 20
140.0
 10
104.4913981
 20
140.09274635
  0
LWPOLYLINE
  5
134
330
17
100
AcDbEntity
  8
OUTLINE
100
AcDbPolyline
 90
2
 70
0
 10
104.30730705
 20
140.43896805
 10
104.2731382
 20
140.47630015
  0
LWPOLYLINE
  5
135
330
17
100
AcDbEntity
  8
OUTLINE
100
AcDbPolyline
 90
2
 70
0
 10
104.0925108
 20
140.6383488
 10
104.0217953
 20
140.69152345
  0
LWPOLYLINE
  5
136
330
17
100
AcDbEntity
  8
OUTLINE
100
AcDbPolyline
 90
2
 70
0
 10
104.5
 20
203.0
 10
104.4913981
 20
203.09274635
  0
LWPOLYLINE
  5
137
330
17
100
AcDbEntity
  8
OUTLINE
100
AcDbPolyline
 90
2
 70
0
 10
104.30730705
 20
203.43896805
 10
104.2731382
 20
203.47630015
  0
LWPOLYLINE
  5
138
330
17
100
AcDbEntity
  8
OUTLINE
100
AcDbPolyline
 90
2
 70
0
 10
104.09251085
 20
203.63834880000002
 10
104.0
 20
203.7071068
  0
LWPOLYLINE
  5
139
330
17
100
AcDbEntity
  8
OUTLINE
100
AcDbPolyline
 90
2
 70
0
 10
104.5
 20
206.5
 10
131.5
 20
206.5
  0
LWPOLYLINE
  5
13A
330
17
100
AcDbEntity
  8
OUTLINE
100
AcDbPolyline
 90
2
 70
0
 10
104.5
 20
215.5
 10
129.4355672
 20
215.5
  0
LWPOLYLINE
  5
13B
330
17
100
AcDbEntity
  8
OUTLINE
100
AcDbPolyline
 90
2
 70
0
 10
132.6650507
 20
220.11218044999998
 10
129.4355672
 20
215.5
  0
LWPOLYLINE
  5
13C
330
17
100
AcDbEntity
  8
OUTLINE
100
AcDbPolyline
 90
2
 70
0
 10
137.989539
 20
216.3839336
 10
132.6650507
 20
220.11218044999998
  0
LWPOLYLINE
  5
13D
330
17
100
AcDbEntity
  8
OUTLINE
100
AcDbPolyline
 90
2
 70
0
 10
137.989539
 20
216.3839336
 10
135.23637209999998
 20
212.4520038
  0
LWPOLYLINE
  5
13E
330
17
100
AcDbEntity
  8
OUTLINE
100
AcDbPolyline
 90
2
 70
0
 10
134.4333651
 20
211.30519095
 10
131.6801982
 20
207.37326115
  0
LWPOLYLINE
  5
13F
330
17
100
AcDbEntity
  8
OUTLINE
100
AcDbPolyline
 90
2
 70
0
 10
131.6801982
 20
207.37326115
 10
131.5
 20
207.4994373
  0
LWPOLYLINE
  5
140
330
17
100
AcDbEntity
  8
OUTLINE
100
AcDbPolyline
 90
2
 70
0
 10
131.5
 20
206.5
 10
131.5
 20
207.4994373
  0
LWPOLYLINE
  5
141
330
17
100
AcDbEntity
  8
OUTLINE
100
AcDbPolyline
 90
29
 70
0
 10
132.44901735
 20
210.629688
 10
132.4333473
 20
210.7687636
 10
132.3871229
 20
210.90086535
 10
132.312662
 20
211.01936915
 10
132.21369845
 20
211.1183327
 10
132.09519465
 20
211.19279355
 10
131.9630929
 20
211.23901795
 10
131.82401735
 20
211.254688
 10
131.68494175
 20
211.23901795
 10
131.55284
 20
211.19279355
 10
131.4343362
 20
211.1183327
 10
131.33537265
 20
211.01936915
 10
131.2609118
 20
210.90086535
 10
131.2146874
 20
210.7687636
 10
131.19901735
 20
210.629688
 10
131.2146874
 20
210.49061245000001
 10
131.2609118
 20
210.3585107
 10
131.33537265
 20
210.2400069
 10
131.4343362
 20
210.14104335
 10
131.55284
 20
210.0665825
 10
131.68494175
 20
210.0203581
 10
131.82401735
 20
210.004688
 10
131.9630929
 20
210.0203581
 10
132.09519465
 20
210.0665825
 10
132.21369845
 20
210.14104335
 10
132.312662
 20
210.2400069
 10
132.3871229
 20
210.3585107
 10
132.4333473
 20
210.49061245000001
 10
132.44901735
 20
210.629688
  0
LWPOLYLINE
  5
142
330
17
100
AcDbEntity
  8
OUTLINE
100
AcDbPolyline
 90
29
 70
0
 10
135.60368775
 20
215.13502425000001
 10
135.5880177
 20
215.27409985
 10
135.5417933
 20
215.4062016
 10
135.4673324
 20
215.52470540000002
 10
135.36836885
 20
215.62366895
 10
135.24986504999998
 20
215.6981298
 10
135.1177633
 20
215.7443542
 10
134.97868775
 20
215.76002425000001
 10
134.83961215
 20
215.7443542
 10
134.7075104
 20
215.6981298
 10
134.5890066
 20
215.62366895
 10
134.49004305
 20
215.52470540000002
 10
134.41558220000002
 20
215.4062016
 10
134.3693578
 20
215.27409985
 10
134.35368775
 20
215.13502425000001
 10
134.3693578
 20
214.99594869999999
 10
134.41558220000002
 20
214.86384695
 10
134.49004305
 20
214.74534315
 10
134.5890066
 20
214.6463796
 10
134.7075104
 20
214.5719187
 10
134.83961215
 20
214.5256943
 10
134.97868775
 20
214.51002425000001
 10
135.1177633
 20
214.5256943
 10
135.24986504999998
 20
214.5719187
 10
135.36836885
 20
214.6463796
 10
135.4673324
 20
214.74534315
 10
135.5417933
 20
214.86384695
 10
135.5880177
 20
214.99594869999999
 10
135.60368775
 20
215.13502425000001
  0
LWPOLYLINE
  5
143
330
17
100
AcDbEntity
  8
OUTLINE
100
AcDbPolyline
 90
2
 70
0
 10
95.5
 20
141.0
 10
95.5
 20
195.0
  0
LWPOLYLINE
  5
144
330
17
100
AcDbEntity
  8
OUTLINE
100
AcDbPolyline
 90
7
 70
0
 10
95.5
 20
141.0
 10
95.5527277
 20
140.9747064
 10
95.59664875
 20
140.9553493
 10
95.63150875
 20
140.94116195
 10
95.7320866
 20
140.9065195
 10
95.9037435
 20
140.87135835
 10
96.0
 20
140.8660254
  0
LWPOLYLINE
  5
145
330
17
100
AcDbEntity
  8
OUTLINE
100
AcDbPolyline
 90
2
 70
0
 10
78.93649165
 20
141.0
 10
95.5
 20
141.0
  0
LWPOLYLINE
  5
146
330
17
100
AcDbEntity
  8
OUTLINE
100
AcDbPolyline
 90
2
 70
0
 10
79.0
 20
195.0
 10
95.5
 20
195.0
  0
LWPOLYLINE
  5
147
330
17
100
AcDbEntity
  8
OUTLINE
100
AcDbPolyline
 90
5
 70
0
 10
78.8708287
 20
132.0
 10
78.8214596
 20
132.01422345
 10
78.75139475
 20
132.06860534999998
 10
78.65667415
 20
132.1812626
 10
78.460813
 20
132.5
  0
LWPOLYLINE
  5
148
330
17
100
AcDbEntity
  8
OUTLINE
100
AcDbPolyline
 90
12
 70
0
 10
78.93649165
 20
132.0
 10
78.86283424999999
 20
131.77209299999998
 10
78.7624605
 20
131.5546255
 10
78.63681
 20
131.3507163
 10
78.4876848
 20
131.16328985
 10
78.31722355
 20
130.99503415
 10
78.127871
 20
130.84836235
 10
77.92234285
 20
130.72537785
 10
77.70358665
 20
130.6278446
 10
77.4747398
 20
130.5571613
 10
77.23908435
 20
130.51434175
 10
77.0
 20
130.5
  0
LWPOLYLINE
  5
149
330
17
100
AcDbEntity
  8
OUTLINE
100
AcDbPolyline
 90
2
 70
0
 10
78.8708287
 20
132.0
 10
95.5
 20
132.0
  0
LWPOLYLINE
  5
14A
330
17
100
AcDbEntity
  8
OUTLINE
100
AcDbPolyline
 90
7
 70
0
 10
95.5
 20
132.0
 10
95.5527277
 20
132.0252936
 10
95.59664875
 20
132.0446507
 10
95.63150875
 20
132.05883805
 10
95.7320866
 20
132.0934805
 10
95.9037435
 20
132.12864165
 10
96.0
 20
132.1339746
  0
LWPOLYLINE
  5
14B
330
17
100
AcDbEntity
  8
OUTLINE
100
AcDbPolyline
 90
2
 70
0
 10
79.0
 20
141.0
 10
95.5
 20
141.0
  0
LWPOLYLINE
  5
14C
330
17
100
AcDbEntity
  8
OUTLINE
100
AcDbPolyline
 90
12
 70
0
 10
77.0
 20
205.5
 10
77.23908435
 20
205.48565825
 10
77.4747398
 20
205.4428387
 10
77.70358665
 20
205.3721554
 10
77.92234285
 20
205.27462215
 10
78.127871
 20
205.15163765
 10
78.31722355
 20
205.00496585
 10
78.4876848
 20
204.83671015
 10
78.63681
 20
204.6492837
 10
78.7624605
 20
204.4453745
 10
78.86283424999999
 20
204.22790700000002
 10
78.93649165
 20
204.0
  0
LWPOLYLINE
  5
14D
330
17
100
AcDbEntity
  8
OUTLINE
100
AcDbPolyline
 90
2
 70
0
 10
78.93649165
 20
204.0
 10
95.5
 20
204.0
  0
LWPOLYLINE
  5
14E
330
17
100
AcDbEntity
  8
OUTLINE
100
AcDbPolyline
 90
2
 70
0
 10
95.5
 20
204.0
 10
95.5
 20
244.5
  0
LWPOLYLINE
  5
14F
330
17
100
AcDbEntity
  8
OUTLINE
100
AcDbPolyline
 90
2
 70
0
 10
95.5
 20
91.5
 10
95.5
 20
132.0
  0
LWPOLYLINE
  5
150
330
17
100
AcDbEntity
  8
OUTLINE
100
AcDbPolyline
 90
5
 70
0
 10
78.460813
 20
132.5
 10
78.37922195
 20
132.6828041
 10
78.33454904999999
 20
132.85631684999998
 10
78.32584175
 20
132.9276449
 10
78.32287565
 20
133.0
  0
LWPOLYLINE
  5
151
330
17
100
AcDbEntity
  8
OUTLINE
100
AcDbPolyline
 90
2
 70
0
 10
78.93649165
 20
132.0
 10
95.5
 20
132.0
  0
LWPOLYLINE
  5
152
330
17
100
AcDbEntity
  8
OUTLINE
100
AcDbPolyline
 90
2
 70
0
 10
134.4333651
 20
124.69480905
 10
135.23637209999998
 20
123.5479962
  0
LWPOLYLINE
  5
153
330
17
100
AcDbEntity
  8
OUTLINE
100
AcDbPolyline
 90
6
 70
0
 10
134.4333651
 20
124.69480905
 10
134.368164
 20
124.76232675
 10
134.28528995
 20
124.8063917
 10
134.1928552
 20
124.82269045000001
 10
134.099908
 20
124.80962755
 10
134.01554655
 20
124.76848175
  0
LWPOLYLINE
  5
154
330
17
100
AcDbEntity
  8
OUTLINE
100
AcDbPolyline
 90
2
 70
0
 10
134.01554655
 20
124.76848175
 10
131.64000565
 20
123.10511005000001
  0
LWPOLYLINE
  5
155
330
17
100
AcDbEntity
  8
OUTLINE
100
AcDbPolyline
 90
6
 70
0
 10
131.56633295
 20
122.6872915
 10
131.52518715
 20
122.77165295
 10
131.51212425
 20
122.8646002
 10
131.528423
 20
122.9570349
 10
131.5724879
 20
123.03990895
 10
131.64000565
 20
123.10511005000001
  0
LWPOLYLINE
  5
156
330
17
100
AcDbEntity
  8
OUTLINE
100
AcDbPolyline
 90
2
 70
0
 10
131.56633295
 20
122.6872915
 10
132.36933994999998
 20
121.54047865
  0
LWPOLYLINE
  5
157
330
17
100
AcDbEntity
  8
OUTLINE
100
AcDbPolyline
 90
6
 70
0
 10
132.36933994999998
 20
121.54047865
 10
132.43454105
 20
121.47296095
 10
132.51741515
 20
121.42889600000001
 10
132.60984985
 20
121.4125973
 10
132.7027971
 20
121.42566015
 10
132.7871585
 20
121.46680599999999
  0
LWPOLYLINE
  5
158
330
17
100
AcDbEntity
  8
OUTLINE
100
AcDbPolyline
 90
2
 70
0
 10
135.16269945
 20
123.13017765000001
 10
132.7871585
 20
121.46680599999999
  0
LWPOLYLINE
  5
159
330
17
100
AcDbEntity
  8
OUTLINE
100
AcDbPolyline
 90
6
 70
0
 10
135.23637209999998
 20
123.5479962
 10
135.27751795
 20
123.46363475
 10
135.2905808
 20
123.37068755
 10
135.2742821
 20
123.27825279999999
 10
135.23021715
 20
123.19537875
 10
135.16269945
 20
123.13017765000001
  0
LWPOLYLINE
  5
15A
330
17
100
AcDbEntity
  8
OUTLINE
100
AcDbPolyline
 90
2
 70
0
 10
78.8708287
 20
204.0
 10
78.87079685
 20
204.0
  0
LWPOLYLINE
  5
15B
330
17
100
AcDbEntity
  8
OUTLINE
100
AcDbPolyline
 90
2
 70
0
 10
78.5337113
 20
203.62937335
 10
78.460813
 20
203.5
  0
LWPOLYLINE
  5
15C
330
17
100
AcDbEntity
  8
OUTLINE
100
AcDbPolyline
 90
2
 70
0
 10
135.23637209999998
 20
212.4520038
 10
134.4333651
 20
211.30519095
  0
LWPOLYLINE
  5
15D
330
17
100
AcDbEntity
  8
OUTLINE
100
AcDbPolyline
 90
6
 70
0
 10
135.23637209999998
 20
212.4520038
 10
135.27751795
 20
212.53636525000002
 10
135.2905808
 20
212.62931245
 10
135.2742821
 20
212.7217472
 10
135.23021715
 20
212.80462125
 10
135.16269945
 20
212.86982235
  0
LWPOLYLINE
  5
15E
330
17
100
AcDbEntity
  8
OUTLINE
100
AcDbPolyline
 90
2
 70
0
 10
135.16269945
 20
212.86982235
 10
132.7871585
 20
214.533194
  0
LWPOLYLINE
  5
15F
330
17
100
AcDbEntity
  8
OUTLINE
100
AcDbPolyline
 90
6
 70
0
 10
132.36933994999998
 20
214.45952135
 10
132.43454105
 20
214.52703904999998
 10
132.51741515
 20
214.571104
 10
132.60984985
 20
214.58740269999998
 10
132.7027971
 20
214.57433985
 10
132.7871585
 20
214.533194
  0
LWPOLYLINE
  5
160
330
17
100
AcDbEntity
  8
OUTLINE
100
AcDbPolyline
 90
2
 70
0
 10
132.36933994999998
 20
214.45952135
 10
131.56633295
 20
213.31270849999999
  0
LWPOLYLINE
  5
161
330
17
100
AcDbEntity
  8
OUTLINE
100
AcDbPolyline
 90
6
 70
0
 10
131.56633295
 20
213.31270849999999
 10
131.52518715
 20
213.22834705
 10
131.51212425
 20
213.13539980000002
 10
131.528423
 20
213.0429651
 10
131.5724879
 20
212.96009105000002
 10
131.64000565
 20
212.89488995
  0
LWPOLYLINE
  5
162
330
17
100
AcDbEntity
  8
OUTLINE
100
AcDbPolyline
 90
2
 70
0
 10
134.01554655
 20
211.23151825
 10
131.64000565
 20
212.89488995
  0
LWPOLYLINE
  5
163
330
17
100
AcDbEntity
  8
OUTLINE
100
AcDbPolyline
 90
6
 70
0
 10
134.4333651
 20
211.30519095
 10
134.368164
 20
211.23767325
 10
134.28528995
 20
211.1936083
 10
134.1928552
 20
211.17730955
 10
134.099908
 20
211.19037244999998
 10
134.01554655
 20
211.23151825
  0
LWPOLYLINE
  5
164
330
17
100
AcDbEntity
  8
OUTLINE
100
AcDbPolyline
 90
15
 70
0
 10
78.93649165
 20
132.0
 10
78.93615475
 20
132.0
 10
78.93514415
 20
132.0
 10
78.93346015
 20
132.0
 10
78.93110335
 20
132.0
 10
78.92807465
 20
132.0
 10
78.924375
 20
132.0
 10
78.92000575
 20
132.0
 10
78.91496839999999
 20
132.0
 10
78.9092647
 20
132.0
 10
78.9028967
 20
132.0
 10
78.8958665
 20
132.0
 10
78.88817660000001
 20
132.0
 10
78.8798297
 20
132.0
 10
78.8708287
 20
132.0
  0
LWPOLYLINE
  5
165
330
17
100
AcDbEntity
  8
OUTLINE
100
AcDbPolyline
 90
2
 70
0
 10
72.0
 20
130.5
 10
77.0
 20
130.5
  0
LWPOLYLINE
  5
166
330
17
100
AcDbEntity
  8
OUTLINE
100
AcDbPolyline
 90
2
 70
0
 10
72.0
 20
205.5
 10
77.0
 20
205.5
  0
LWPOLYLINE
  5
167
330
17
100
AcDbEntity
  8
OUTLINE
100
AcDbPolyline
 90
2
 70
0
 10
70.0
 20
132.5
 10
70.0
 20
203.5
  0
LWPOLYLINE
  5
168
330
17
100
AcDbEntity
  8
OUTLINE
100
AcDbPolyline
 90
14
 70
0
 10
70.0
 20
132.5
 10
70.01458225
 20
132.25892665
 10
70.05811635
 20
132.02136865
 10
70.12996749999999
 20
131.79079025
 10
70.22908795000001
 20
131.57055365
 10
70.35403225
 20
131.3638705
 10
70.5029785
 20
131.17375470000002
 10
70.6737547
 20
131.00297849999998
 10
70.8638705
 20
130.85403225
 10
71.07055365
 20
130.72908795
 10
71.29079025
 20
130.6299675
 10
71.52136865
 20
130.55811635
 10
71.75892665
 20
130.51458225
 10
72.0
 20
130.5
  0
LWPOLYLINE
  5
169
330
17
100
AcDbEntity
  8
OUTLINE
100
AcDbPolyline
 90
14
 70
0
 10
72.0
 20
205.5
 10
71.75892665
 20
205.48541775
 10
71.52136865
 20
205.44188365
 10
71.29079025
 20
205.3700325
 10
71.07055365
 20
205.27091205
 10
70.8638705
 20
205.14596775
 10
70.6737547
 20
204.99702150000002
 10
70.5029785
 20
204.82624529999998
 10
70.35403225
 20
204.6361295
 10
70.22908795000001
 20
204.42944635
 10
70.12996749999999
 20
204.20920975
 10
70.05811635
 20
203.97863135
 10
70.01458225
 20
203.74107335
 10
70.0
 20
203.5
  0
LWPOLYLINE
  5
16A
330
17
100
AcDbEntity
  8
OUTLINE
100
AcDbPolyline
 90
2
 70
0
 10
94.5
 20
77.0
 10
104.5
 20
77.0
  0
LWPOLYLINE
  5
16B
330
17
100
AcDbEntity
  8
OUTLINE
100
AcDbPolyline
 90
2
 70
0
 10
94.5
 20
87.0
 10
95.5
 20
87.0
  0
LWPOLYLINE
  5
16C
330
17
100
AcDbEntity
  8
OUTLINE
100
AcDbPolyline
 90
2
 70
0
 10
94.5
 20
249.0
 10
95.5
 20
249.0
  0
LWPOLYLINE
  5
16D
330
17
100
AcDbEntity
  8
OUTLINE
100
AcDbPolyline
 90
2
 70
0
 10
94.5
 20
259.0
 10
104.5
 20
259.0
  0
TEXT
  5
16E
330
17
100
AcDbEntity
  8
TEXT
100
AcDbText
 10
100.0
 20
263.0
 30
0.0
 40
2.9
  1
俯视 +Z | 局部坐标系
  7
CJK
 72
1
 11
100.0
 21
263.0
 31
0.0
100
AcDbText
  0
LINE
  5
16F
330
17
100
AcDbEntity
  8
DIM
100
AcDbLine
 10
70.0
 20
77.0
 30
0.0
 11
18.5
 21
77.0
 31
0.0
  0
LINE
  5
170
330
17
100
AcDbEntity
  8
DIM
100
AcDbLine
 10
70.0
 20
259.0
 30
0.0
 11
18.5
 21
259.0
 31
0.0
  0
LINE
  5
171
330
17
100
AcDbEntity
  8
DIM
100
AcDbLine
 10
17.0
 20
77.0
 30
0.0
 11
17.0
 21
259.0
 31
0.0
  0
LINE
  5
172
330
17
100
AcDbEntity
  8
DIM
100
AcDbLine
 10
17.0
 20
77.0
 30
0.0
 11
17.6857956149109
 21
78.87874542569476
 31
0.0
  0
LINE
  5
173
330
17
100
AcDbEntity
  8
DIM
100
AcDbLine
 10
17.0
 20
77.0
 30
0.0
 11
16.3142043850891
 21
78.87874542569476
 31
0.0
  0
LINE
  5
174
330
17
100
AcDbEntity
  8
DIM
100
AcDbLine
 10
17.0
 20
259.0
 30
0.0
 11
16.3142043850891
 21
257.1212545743052
 31
0.0
  0
LINE
  5
175
330
17
100
AcDbEntity
  8
DIM
100
AcDbLine
 10
17.0
 20
259.0
 30
0.0
 11
17.6857956149109
 21
257.1212545743052
 31
0.0
  0
TEXT
  5
176
330
17
100
AcDbEntity
  8
TEXT
100
AcDbText
 10
15.2
 20
168.0
 30
0.0
 40
2.8
  1
364
 50
90.0
  7
CJK
 72
1
 11
15.2
 21
168.0
 31
0.0
100
AcDbText
  0
LINE
  5
177
330
17
100
AcDbEntity
  8
DIM
100
AcDbLine
 10
100.0
 20
82.0
 30
0.0
 11
179.5
 21
82.0
 31
0.0
  0
LINE
  5
178
330
17
100
AcDbEntity
  8
DIM
100
AcDbLine
 10
100.0
 20
254.0
 30
0.0
 11
179.5
 21
254.0
 31
0.0
  0
LINE
  5
179
330
17
100
AcDbEntity
  8
DIM
100
AcDbLine
 10
178.0
 20
82.0
 30
0.0
 11
178.0
 21
254.0
 31
0.0
  0
LINE
  5
17A
330
17
100
AcDbEntity
  8
DIM
100
AcDbLine
 10
178.0
 20
82.0
 30
0.0
 11
178.68579561491092
 21
83.87874542569476
 31
0.0
  0
LINE
  5
17B
330
17
100
AcDbEntity
  8
DIM
100
AcDbLine
 10
178.0
 20
82.0
 30
0.0
 11
177.31420438508908
 21
83.87874542569476
 31
0.0
  0
LINE
  5
17C
330
17
100
AcDbEntity
  8
DIM
100
AcDbLine
 10
178.0
 20
254.0
 30
0.0
 11
177.31420438508908
 21
252.12125457430525
 31
0.0
  0
LINE
  5
17D
330
17
100
AcDbEntity
  8
DIM
100
AcDbLine
 10
178.0
 20
254.0
 30
0.0
 11
178.68579561491092
 21
252.12125457430525
 31
0.0
  0
TEXT
  5
17E
330
17
100
AcDbEntity
  8
TEXT
100
AcDbText
 10
176.2
 20
168.0
 30
0.0
 40
2.8
  1
344±0.01 孔中心距
 50
90.0
  7
CJK
 72
1
 11
176.2
 21
168.0
 31
0.0
100
AcDbText
  0
LINE
  5
17F
330
17
100
AcDbEntity
  8
DIM
100
AcDbLine
 10
70.0
 20
259.0
 30
0.0
 11
70.0
 21
268.5
 31
0.0
  0
LINE
  5
180
330
17
100
AcDbEntity
  8
DIM
100
AcDbLine
 10
137.98953901182287
 20
259.0
 30
0.0
 11
137.98953901182287
 21
268.5
 31
0.0
  0
LINE
  5
181
330
17
100
AcDbEntity
  8
DIM
100
AcDbLine
 10
70.0
 20
267.0
 30
0.0
 11
137.98953901182287
 21
267.0
 31
0.0
  0
LINE
  5
182
330
17
100
AcDbEntity
  8
DIM
100
AcDbLine
 10
70.0
 20
267.0
 30
0.0
 11
71.87874542569476
 21
266.3142043850891
 31
0.0
  0
LINE
  5
183
330
17
100
AcDbEntity
  8
DIM
100
AcDbLine
 10
70.0
 20
267.0
 30
0.0
 11
71.87874542569476
 21
267.6857956149109
 31
0.0
  0
LINE
  5
184
330
17
100
AcDbEntity
  8
DIM
100
AcDbLine
 10
137.98953901182287
 20
267.0
 30
0.0
 11
136.11079358612812
 21
267.6857956149109
 31
0.0
  0
LINE
  5
185
330
17
100
AcDbEntity
  8
DIM
100
AcDbLine
 10
137.98953901182287
 20
267.0
 30
0.0
 11
136.11079358612812
 21
266.3142043850891
 31
0.0
  0
TEXT
  5
186
330
17
100
AcDbEntity
  8
TEXT
100
AcDbText
 10
103.99476950591144
 20
268.8
 30
0.0
 40
2.8
  1
135.979 REF 包络
  7
CJK
 72
1
 11
103.99476950591144
 21
268.8
 31
0.0
100
AcDbText
  0
LINE
  5
187
330
17
100
AcDbEntity
  8
CENTER
100
AcDbLine
 10
100.0
 20
75.5
 30
0.0
 11
100.0
 21
260.5
 31
0.0
  0
LINE
  5
188
330
17
100
AcDbEntity
  8
CENTER
100
AcDbLine
 10
60.0
 20
168.0
 30
0.0
 11
140.0
 21
168.0
 31
0.0
  0
TEXT
  5
189
330
17
100
AcDbEntity
  8
TEXT
100
AcDbText
 10
101.5
 20
170.0
 30
0.0
 40
2.8
  1
O
  7
CJK
 11
101.5
 21
170.0
 31
0.0
100
AcDbText
  0
LWPOLYLINE
  5
18A
330
17
100
AcDbEntity
  8
DIM
100
AcDbPolyline
 90
3
 70
0
 10
100.0
 20
254.0
 10
190.0
 20
250.0
 10
193.0
 20
250.0
  0
LINE
  5
18B
330
17
100
AcDbEntity
  8
DIM
100
AcDbLine
 10
100.0
 20
254.0
 30
0.0
 11
101.84644287298386
 21
253.23146326255207
 31
0.0
  0
LINE
  5
18C
330
17
100
AcDbEntity
  8
DIM
100
AcDbLine
 10
100.0
 20
254.0
 30
0.0
 11
101.90734236522474
 21
254.601701837972
 31
0.0
  0
TEXT
  5
18D
330
17
100
AcDbEntity
  8
TEXT
100
AcDbText
 10
194.0
 20
251.0
 30
0.0
 40
2.8
  1
2× Ø12 H7 通孔，轴向 X
  7
CJK
 11
194.0
 21
251.0
 31
0.0
100
AcDbText
  0
LWPOLYLINE
  5
18E
330
17
100
AcDbEntity
  8
DIM
100
AcDbPolyline
 90
3
 70
0
 10
74.5
 20
168.0
 10
190.0
 20
238.0
 10
193.0
 20
238.0
  0
LINE
  5
18F
330
17
100
AcDbEntity
  8
DIM
100
AcDbLine
 10
74.5
 20
168.0
 30
0.0
 11
76.4621480581938
 21
168.38726605547905
 31
0.0
  0
LINE
  5
190
330
17
100
AcDbEntity
  8
DIM
100
AcDbLine
 10
74.5
 20
168.0
 30
0.0
 11
75.75124996999858
 21
169.56024790100116
 31
0.0
  0
TEXT
  5
191
330
17
100
AcDbEntity
  8
TEXT
100
AcDbText
 10
194.0
 20
239.0
 30
0.0
 40
2.8
  1
握柄 18×150×16（名义包络）
  7
CJK
 11
194.0
 21
239.0
 31
0.0
100
AcDbText
  0
LWPOLYLINE
  5
192
330
17
100
AcDbEntity
  8
DIM
100
AcDbPolyline
 90
3
 70
0
 10
95.5
 20
168.0
 10
190.0
 20
226.0
 10
193.0
 20
226.0
  0
LINE
  5
193
330
17
100
AcDbEntity
  8
DIM
100
AcDbLine
 10
95.5
 20
168.0
 30
0.0
 11
97.4599448760804
 21
168.39826634646448
 31
0.0
  0
LINE
  5
194
330
17
100
AcDbEntity
  8
DIM
100
AcDbLine
 10
95.5
 20
168.0
 30
0.0
 11
96.7424783013544
 21
169.5672420587336
 31
0.0
  0
TEXT
  5
195
330
17
100
AcDbEntity
  8
TEXT
100
AcDbText
 10
194.0
 20
227.0
 30
0.0
 40
2.8
  1
主梁宽 18，厚 12，长 310
  7
CJK
 11
194.0
 21
227.0
 31
0.0
100
AcDbText
  0
LWPOLYLINE
  5
196
330
17
100
AcDbEntity
  8
HIDDEN
100
AcDbPolyline
 90
10
 70
0
 10
112.0
 20
68.0
 10
112.3472964
 20
67.9696155
 10
112.6840403
 20
67.8793852
 10
113.0
 20
67.7320508
 10
113.2855752
 20
67.5320889
 10
113.5320889
 20
67.2855752
 10
113.7320508
 20
67.0
 10
113.8793852
 20
66.6840403
 10
113.9696155
 20
66.3472964
 10
114.0
 20
66.0
  0
LWPOLYLINE
  5
197
330
17
100
AcDbEntity
  8
HIDDEN
100
AcDbPolyline
 90
8
 70
0
 10
114.0
 20
66.0
 10
113.9709963
 20
66.2390945
 10
113.8852887
 20
66.4650418
 10
113.7474226
 20
66.6643489
 10
113.565114
 20
66.8250128
 10
113.5045503
 20
66.8633823
 10
113.2805683
 20
66.959834
 10
113.0
 20
67.0
  0
LWPOLYLINE
  5
198
330
17
100
AcDbEntity
  8
HIDDEN
100
AcDbPolyline
 90
15
 70
0
 10
113.0
 20
67.0
 10
112.936881
 20
67.0
 10
112.8719515
 20
67.0
 10
112.8053371
 20
67.0
 10
112.7371664
 20
67.0
 10
112.6675711
 20
67.0
 10
112.5966859
 20
67.0
 10
112.5246476
 20
67.0
 10
112.4515955
 20
67.0
 10
112.3776707
 20
67.0
 10
112.3030161
 20
67.0
 10
112.2277759
 20
67.0
 10
112.1520956
 20
67.0
 10
112.0761213
 20
67.0
 10
112.0
 20
67.0
  0
LWPOLYLINE
  5
199
330
17
100
AcDbEntity
  8
HIDDEN
100
AcDbPolyline
 90
2
 70
0
 10
61.6457513
 20
68.0
 10
112.0
 20
68.0
  0
LWPOLYLINE
  5
19A
330
17
100
AcDbEntity
  8
HIDDEN
100
AcDbPolyline
 90
2
 70
0
 10
61.6457513
 20
68.0
 10
112.0
 20
68.0
  0
LWPOLYLINE
  5
19B
330
17
100
AcDbEntity
  8
HIDDEN
100
AcDbPolyline
 90
15
 70
0
 10
114.0
 20
67.0
 10
114.0
 20
67.5163391
 10
114.0
 20
68.0041006
 10
114.0
 20
68.4611455
 10
114.0
 20
68.8854693
 10
114.0
 20
69.2752113
 10
114.0
 20
69.62866220000001
 10
114.0
 20
69.9442719
 10
114.0
 20
70.2206563
 10
114.0
 20
70.4566033
 10
114.0
 20
70.6510782
 10
114.0
 20
70.8032281
 10
114.0
 20
70.9123857
 10
114.0
 20
70.9780724
 10
114.0
 20
71.0
  0
LWPOLYLINE
  5
19C
330
17
100
AcDbEntity
  8
HIDDEN
100
AcDbPolyline
 90
2
 70
0
 10
114.0
 20
66.0
 10
114.0
 20
67.0
  0
LWPOLYLINE
  5
19D
330
17
100
AcDbEntity
  8
HIDDEN
100
AcDbPolyline
 90
15
 70
0
 10
114.0
 20
51.0
 10
114.0
 20
51.0219276
 10
114.0
 20
51.0876143
 10
114.0
 20
51.1967719
 10
114.0
 20
51.3489218
 10
114.0
 20
51.5433967
 10
114.0
 20
51.7793437
 10
114.0
 20
52.055728099999996
 10
114.0
 20
52.3713378
 10
114.0
 20
52.7247887
 10
114.0
 20
53.1145307
 10
114.0
 20
53.5388545
 10
114.0
 20
53.9958994
 10
114.0
 20
54.483660900000004
 10
114.0
 20
55.0
  0
LWPOLYLINE
  5
19E
330
17
100
AcDbEntity
  8
HIDDEN
100
AcDbPolyline
 90
2
 70
0
 10
114.0
 20
55.0
 10
114.0
 20
56.0
  0
LWPOLYLINE
  5
19F
330
17
100
AcDbEntity
  8
HIDDEN
100
AcDbPolyline
 90
2
 70
0
 10
114.0
 20
56.0
 10
114.0
 20
57.0
  0
LWPOLYLINE
  5
1A0
330
17
100
AcDbEntity
  8
HIDDEN
100
AcDbPolyline
 90
2
 70
0
 10
114.0
 20
66.0
 10
114.0
 20
67.0
  0
LWPOLYLINE
  5
1A1
330
17
100
AcDbEntity
  8
HIDDEN
100
AcDbPolyline
 90
2
 70
0
 10
114.0
 20
56.0
 10
114.0
 20
57.0
  0
LWPOLYLINE
  5
1A2
330
17
100
AcDbEntity
  8
HIDDEN
100
AcDbPolyline
 90
15
 70
0
 10
114.0
 20
71.0
 10
114.0
 20
70.9780724
 10
114.0
 20
70.9123857
 10
114.0
 20
70.8032281
 10
114.0
 20
70.6510782
 10
114.0
 20
70.4566033
 10
114.0
 20
70.2206563
 10
114.0
 20
69.9442719
 10
114.0
 20
69.62866220000001
 10
114.0
 20
69.2752113
 10
114.0
 20
68.8854693
 10
114.0
 20
68.4611455
 10
114.0
 20
68.0041006
 10
114.0
 20
67.5163391
 10
114.0
 20
67.0
  0
LWPOLYLINE
  5
1A3
330
17
100
AcDbEntity
  8
HIDDEN
100
AcDbPolyline
 90
15
 70
0
 10
114.0
 20
55.0
 10
114.0
 20
54.483660900000004
 10
114.0
 20
53.9958994
 10
114.0
 20
53.5388545
 10
114.0
 20
53.1145307
 10
114.0
 20
52.7247887
 10
114.0
 20
52.3713378
 10
114.0
 20
52.055728099999996
 10
114.0
 20
51.7793437
 10
114.0
 20
51.5433967
 10
114.0
 20
51.3489218
 10
114.0
 20
51.1967719
 10
114.0
 20
51.0876143
 10
114.0
 20
51.0219276
 10
114.0
 20
51.0
  0
LWPOLYLINE
  5
1A4
330
17
100
AcDbEntity
  8
HIDDEN
100
AcDbPolyline
 90
15
 70
0
 10
114.0
 20
51.0
 10
114.0
 20
51.2507209
 10
114.0
 20
51.9903113
 10
114.0
 20
53.181685200000004
 10
114.0
 20
54.765102
 10
114.0
 20
56.6611626
 10
114.0
 20
58.7747907
 10
114.0
 20
61.0
 10
114.0
 20
63.2252093
 10
114.0
 20
65.3388374
 10
114.0
 20
67.234898
 10
114.0
 20
68.8183148
 10
114.0
 20
70.0096887
 10
114.0
 20
70.7492791
 10
114.0
 20
71.0
  0
LWPOLYLINE
  5
1A5
330
17
100
AcDbEntity
  8
HIDDEN
100
AcDbPolyline
 90
2
 70
0
 10
114.0
 20
55.0
 10
114.0
 20
56.0
  0
LWPOLYLINE
  5
1A6
330
17
100
AcDbEntity
  8
HIDDEN
100
AcDbPolyline
 90
2
 70
0
 10
114.0
 20
56.0
 10
114.0
 20
57.0
  0
LWPOLYLINE
  5
1A7
330
17
100
AcDbEntity
  8
HIDDEN
100
AcDbPolyline
 90
2
 70
0
 10
114.0
 20
56.0
 10
114.0
 20
57.0
  0
LWPOLYLINE
  5
1A8
330
17
100
AcDbEntity
  8
HIDDEN
100
AcDbPolyline
 90
15
 70
0
 10
114.0
 20
67.0
 10
114.0
 20
66.8495675
 10
114.0
 20
66.4058132
 10
114.0
 20
65.6909889
 10
114.0
 20
64.7409388
 10
114.0
 20
63.6033024
 10
114.0
 20
62.3351256
 10
114.0
 20
61.0
 10
114.0
 20
59.6648744
 10
114.0
 20
58.3966976
 10
114.0
 20
57.2590612
 10
114.0
 20
56.3090111
 10
114.0
 20
55.5941868
 10
114.0
 20
55.1504325
 10
114.0
 20
55.0
  0
LWPOLYLINE
  5
1A9
330
17
100
AcDbEntity
  8
HIDDEN
100
AcDbPolyline
 90
15
 70
0
 10
114.0
 20
55.0
 10
114.0
 20
55.1504325
 10
114.0
 20
55.5941868
 10
114.0
 20
56.3090111
 10
114.0
 20
57.2590612
 10
114.0
 20
58.3966976
 10
114.0
 20
59.6648744
 10
114.0
 20
61.0
 10
114.0
 20
62.3351256
 10
114.0
 20
63.6033024
 10
114.0
 20
64.7409388
 10
114.0
 20
65.6909889
 10
114.0
 20
66.4058132
 10
114.0
 20
66.8495675
 10
114.0
 20
67.0
  0
LWPOLYLINE
  5
1AA
330
17
100
AcDbEntity
  8
HIDDEN
100
AcDbPolyline
 90
15
 70
0
 10
114.0
 20
67.0
 10
114.0
 20
66.8495675
 10
114.0
 20
66.4058132
 10
114.0
 20
65.6909889
 10
114.0
 20
64.7409388
 10
114.0
 20
63.6033024
 10
114.0
 20
62.3351256
 10
114.0
 20
61.0
 10
114.0
 20
59.6648744
 10
114.0
 20
58.3966976
 10
114.0
 20
57.2590612
 10
114.0
 20
56.3090111
 10
114.0
 20
55.5941868
 10
114.0
 20
55.1504325
 10
114.0
 20
55.0
  0
LWPOLYLINE
  5
1AB
330
17
100
AcDbEntity
  8
HIDDEN
100
AcDbPolyline
 90
15
 70
0
 10
114.0
 20
55.0
 10
114.0
 20
55.1504325
 10
114.0
 20
55.5941868
 10
114.0
 20
56.3090111
 10
114.0
 20
57.2590612
 10
114.0
 20
58.3966976
 10
114.0
 20
59.6648744
 10
114.0
 20
61.0
 10
114.0
 20
62.3351256
 10
114.0
 20
63.6033024
 10
114.0
 20
64.7409388
 10
114.0
 20
65.6909889
 10
114.0
 20
66.4058132
 10
114.0
 20
66.8495675
 10
114.0
 20
67.0
  0
LWPOLYLINE
  5
1AC
330
17
100
AcDbEntity
  8
HIDDEN
100
AcDbPolyline
 90
10
 70
0
 10
114.0
 20
66.0
 10
113.9696155
 20
66.3472964
 10
113.8793852
 20
66.6840403
 10
113.7320508
 20
67.0
 10
113.5320889
 20
67.2855752
 10
113.2855752
 20
67.5320889
 10
113.0
 20
67.7320508
 10
112.6840403
 20
67.8793852
 10
112.3472964
 20
67.9696155
 10
112.0
 20
68.0
  0
LWPOLYLINE
  5
1AD
330
17
100
AcDbEntity
  8
HIDDEN
100
AcDbPolyline
 90
15
 70
0
 10
113.0
 20
67.0
 10
112.936881
 20
67.0
 10
112.8719515
 20
67.0
 10
112.8053371
 20
67.0
 10
112.7371664
 20
67.0
 10
112.6675711
 20
67.0
 10
112.5966859
 20
67.0
 10
112.5246476
 20
67.0
 10
112.4515955
 20
67.0
 10
112.3776707
 20
67.0
 10
112.3030161
 20
67.0
 10
112.2277759
 20
67.0
 10
112.1520956
 20
67.0
 10
112.0761213
 20
67.0
 10
112.0
 20
67.0
  0
LWPOLYLINE
  5
1AE
330
17
100
AcDbEntity
  8
HIDDEN
100
AcDbPolyline
 90
9
 70
0
 10
114.0
 20
66.0
 10
113.9709106
 20
66.2394502
 10
113.8850747
 20
66.4654467
 10
113.7469017
 20
66.6649325
 10
113.68845
 20
66.7252838
 10
113.4924813
 20
66.8703228
 10
113.4234924
 20
66.9058996
 10
113.1906454
 20
66.9816584
 10
113.0
 20
67.0
  0
LWPOLYLINE
  5
1AF
330
17
100
AcDbEntity
  8
HIDDEN
100
AcDbPolyline
 90
9
 70
0
 10
114.0
 20
66.0
 10
113.9709106
 20
66.2394502
 10
113.8850747
 20
66.4654467
 10
113.7469017
 20
66.6649325
 10
113.68845
 20
66.7252838
 10
113.4924813
 20
66.8703228
 10
113.4234924
 20
66.9058996
 10
113.1906454
 20
66.9816584
 10
113.0
 20
67.0
  0
LWPOLYLINE
  5
1B0
330
17
100
AcDbEntity
  8
HIDDEN
100
AcDbPolyline
 90
2
 70
0
 10
97.0
 20
67.0
 10
112.0
 20
67.0
  0
LWPOLYLINE
  5
1B1
330
17
100
AcDbEntity
  8
HIDDEN
100
AcDbPolyline
 90
2
 70
0
 10
97.0
 20
67.0
 10
112.0
 20
67.0
  0
LWPOLYLINE
  5
1B2
330
17
100
AcDbEntity
  8
HIDDEN
100
AcDbPolyline
 90
15
 70
0
 10
113.0
 20
67.0
 10
112.936881
 20
67.0
 10
112.8719515
 20
67.0
 10
112.8053371
 20
67.0
 10
112.7371664
 20
67.0
 10
112.6675711
 20
67.0
 10
112.5966859
 20
67.0
 10
112.5246476
 20
67.0
 10
112.4515955
 20
67.0
 10
112.3776707
 20
67.0
 10
112.3030161
 20
67.0
 10
112.2277759
 20
67.0
 10
112.1520956
 20
67.0
 10
112.0761213
 20
67.0
 10
112.0
 20
67.0
  0
LWPOLYLINE
  5
1B3
330
17
100
AcDbEntity
  8
HIDDEN
100
AcDbPolyline
 90
15
 70
0
 10
106.25
 20
67.0
 10
106.2186599
 20
67.0
 10
106.1262111
 20
67.0
 10
105.9772894
 20
67.0
 10
105.7793623
 20
67.0
 10
105.5423547
 20
67.0
 10
105.2781512
 20
67.0
 10
105.0
 20
67.0
 10
104.7218488
 20
67.0
 10
104.4576453
 20
67.0
 10
104.2206377
 20
67.0
 10
104.0227106
 20
67.0
 10
103.8737889
 20
67.0
 10
103.7813401
 20
67.0
 10
103.75
 20
67.0
  0
LWPOLYLINE
  5
1B4
330
17
100
AcDbEntity
  8
HIDDEN
100
AcDbPolyline
 90
15
 70
0
 10
103.75
 20
67.0
 10
103.7813401
 20
67.0
 10
103.8737889
 20
67.0
 10
104.0227106
 20
67.0
 10
104.2206377
 20
67.0
 10
104.4576453
 20
67.0
 10
104.7218488
 20
67.0
 10
105.0
 20
67.0
 10
105.2781512
 20
67.0
 10
105.5423547
 20
67.0
 10
105.7793623
 20
67.0
 10
105.9772894
 20
67.0
 10
106.1262111
 20
67.0
 10
106.2186599
 20
67.0
 10
106.25
 20
67.0
  0
LWPOLYLINE
  5
1B5
330
17
100
AcDbEntity
  8
HIDDEN
100
AcDbPolyline
 90
7
 70
0
 10
62.8729833
 20
66.0
 10
62.7284801
 20
66.4485979
 10
62.6481626
 20
66.6403993
 10
62.4926523
 20
66.9497128
 10
62.2534055
 20
67.327091
 10
62.1057217
 20
67.5208119
 10
61.8976275
 20
67.7574907
  0
LWPOLYLINE
  5
1B6
330
17
100
AcDbEntity
  8
HIDDEN
100
AcDbPolyline
 90
3
 70
0
 10
61.8640907
 20
67.7923081
 10
61.7935883
 20
67.862842
 10
61.7340734
 20
67.9197333
  0
LWPOLYLINE
  5
1B7
330
17
100
AcDbEntity
  8
HIDDEN
100
AcDbPolyline
 90
2
 70
0
 10
61.7337188
 20
67.9200653
 10
61.7220029
 20
67.9309896
  0
LWPOLYLINE
  5
1B8
330
17
100
AcDbEntity
  8
HIDDEN
100
AcDbPolyline
 90
8
 70
0
 10
96.0
 20
66.0
 10
96.0285355
 20
66.2371851
 10
96.1054554
 20
66.4469786
 10
96.1932975
 20
66.5909577
 10
96.2630175
 20
66.6759118
 10
96.4641732
 20
66.8443279
 10
96.680305
 20
66.9475205
 10
97.0
 20
67.0
  0
LWPOLYLINE
  5
1B9
330
17
100
AcDbEntity
  8
HIDDEN
100
AcDbPolyline
 90
3
 70
0
 10
61.921626
 20
67.7320508
 10
61.8081055
 20
67.8486038
 10
61.7187064
 20
67.9340476
  0
LWPOLYLINE
  5
1BA
330
17
100
AcDbEntity
  8
HIDDEN
100
AcDbPolyline
 90
7
 70
0
 10
62.8729833
 20
66.0
 10
62.7284801
 20
66.4485979
 10
62.6481626
 20
66.6403993
 10
62.4926523
 20
66.9497128
 10
62.2534055
 20
67.327091
 10
62.1057217
 20
67.5208119
 10
61.8719722
 20
67.7842011
  0
LWPOLYLINE
  5
1BB
330
17
100
AcDbEntity
  8
HIDDEN
100
AcDbPolyline
 90
3
 70
0
 10
61.8654628
 20
67.7909
 10
61.7553414
 20
67.8996714
 10
61.6457513
 20
68.0
  0
LWPOLYLINE
  5
1BC
330
17
100
AcDbEntity
  8
HIDDEN
100
AcDbPolyline
 90
3
 70
0
 10
62.8729833
 20
66.0
 10
62.9681188
 20
65.50401719999999
 10
63.0
 20
65.0
  0
LWPOLYLINE
  5
1BD
330
17
100
AcDbEntity
  8
HIDDEN
100
AcDbPolyline
 90
3
 70
0
 10
62.8729833
 20
66.0
 10
62.9681188
 20
65.50401719999999
 10
63.0
 20
65.0
  0
LWPOLYLINE
  5
1BE
330
17
100
AcDbEntity
  8
HIDDEN
100
AcDbPolyline
 90
3
 70
0
 10
61.921626
 20
67.7320508
 10
61.7230488
 20
67.930018
 10
61.6457513
 20
68.0
  0
LWPOLYLINE
  5
1BF
330
17
100
AcDbEntity
  8
HIDDEN
100
AcDbPolyline
 90
8
 70
0
 10
96.0
 20
66.0
 10
96.0285355
 20
66.2371851
 10
96.1054554
 20
66.4469786
 10
96.1932975
 20
66.5909577
 10
96.2630175
 20
66.6759118
 10
96.4641732
 20
66.8443279
 10
96.680305
 20
66.9475205
 10
97.0
 20
67.0
  0
LWPOLYLINE
  5
1C0
330
17
100
AcDbEntity
  8
HIDDEN
100
AcDbPolyline
 90
2
 70
0
 10
97.0
 20
67.0
 10
112.0
 20
67.0
  0
LWPOLYLINE
  5
1C1
330
17
100
AcDbEntity
  8
HIDDEN
100
AcDbPolyline
 90
2
 70
0
 10
62.7416574
 20
66.0
 10
62.6536301
 20
66.3024868
  0
LWPOLYLINE
  5
1C2
330
17
100
AcDbEntity
  8
HIDDEN
100
AcDbPolyline
 90
2
 70
0
 10
96.0
 20
67.0
 10
97.0
 20
67.0
  0
LWPOLYLINE
  5
1C3
330
17
100
AcDbEntity
  8
HIDDEN
100
AcDbPolyline
 90
2
 70
0
 10
96.0
 20
67.0
 10
114.0
 20
67.0
  0
LWPOLYLINE
  5
1C4
330
17
100
AcDbEntity
  8
HIDDEN
100
AcDbPolyline
 90
2
 70
0
 10
113.0
 20
67.0
 10
114.0
 20
67.0
  0
LWPOLYLINE
  5
1C5
330
17
100
AcDbEntity
  8
HIDDEN
100
AcDbPolyline
 90
15
 70
0
 10
113.0
 20
67.0
 10
112.936881
 20
67.0
 10
112.8719515
 20
67.0
 10
112.8053371
 20
67.0
 10
112.7371664
 20
67.0
 10
112.6675711
 20
67.0
 10
112.5966859
 20
67.0
 10
112.5246476
 20
67.0
 10
112.4515955
 20
67.0
 10
112.3776707
 20
67.0
 10
112.3030161
 20
67.0
 10
112.2277759
 20
67.0
 10
112.1520956
 20
67.0
 10
112.0761213
 20
67.0
 10
112.0
 20
67.0
  0
LWPOLYLINE
  5
1C6
330
17
100
AcDbEntity
  8
HIDDEN
100
AcDbPolyline
 90
2
 70
0
 10
97.0
 20
67.0
 10
112.0
 20
67.0
  0
LWPOLYLINE
  5
1C7
330
17
100
AcDbEntity
  8
HIDDEN
100
AcDbPolyline
 90
15
 70
0
 10
94.0
 20
51.0
 10
94.0
 20
51.2507209
 10
94.0
 20
51.9903113
 10
94.0
 20
53.181685200000004
 10
94.0
 20
54.765102
 10
94.0
 20
56.6611626
 10
94.0
 20
58.7747907
 10
94.0
 20
61.0
 10
94.0
 20
63.2252093
 10
94.0
 20
65.3388374
 10
94.0
 20
67.234898
 10
94.0
 20
68.8183148
 10
94.0
 20
70.0096887
 10
94.0
 20
70.7492791
 10
94.0
 20
71.0
  0
LWPOLYLINE
  5
1C8
330
17
100
AcDbEntity
  8
HIDDEN
100
AcDbPolyline
 90
2
 70
0
 10
96.0
 20
55.0
 10
114.0
 20
55.0
  0
LWPOLYLINE
  5
1C9
330
17
100
AcDbEntity
  8
HIDDEN
100
AcDbPolyline
 90
15
 70
0
 10
96.0
 20
55.0
 10
96.0
 20
55.759729300000004
 10
96.0
 20
56.5637123
 10
96.0
 20
57.405159499999996
 10
96.0
 20
58.276965
 10
96.0
 20
59.1717663
 10
96.0
 20
60.082007
 10
96.0
 20
61.0
 10
96.0
 20
61.917993
 10
96.0
 20
62.8282337
 10
96.0
 20
63.723035
 10
96.0
 20
64.5948405
 10
96.0
 20
65.4362877
 10
96.0
 20
66.2402707
 10
96.0
 20
67.0
  0
LWPOLYLINE
  5
1CA
330
17
100
AcDbEntity
  8
HIDDEN
100
AcDbPolyline
 90
8
 70
0
 10
113.0
 20
67.0
 10
113.2225209
 20
66.9749279
 10
113.4338837
 20
66.9009689
 10
113.6234898
 20
66.7818315
 10
113.7818315
 20
66.6234898
 10
113.9009689
 20
66.4338837
 10
113.9749279
 20
66.2225209
 10
114.0
 20
66.0
  0
LWPOLYLINE
  5
1CB
330
17
100
AcDbEntity
  8
HIDDEN
100
AcDbPolyline
 90
8
 70
0
 10
114.0
 20
66.0
 10
113.9709963
 20
66.2390945
 10
113.8852887
 20
66.4650418
 10
113.7474226
 20
66.6643489
 10
113.565114
 20
66.8250128
 10
113.5045503
 20
66.8633823
 10
113.2805683
 20
66.959834
 10
113.0
 20
67.0
  0
LWPOLYLINE
  5
1CC
330
17
100
AcDbEntity
  8
HIDDEN
100
AcDbPolyline
 90
2
 70
0
 10
96.0
 20
55.0
 10
97.0
 20
55.0
  0
LWPOLYLINE
  5
1CD
330
17
100
AcDbEntity
  8
HIDDEN
100
AcDbPolyline
 90
2
 70
0
 10
97.0
 20
55.0
 10
112.0
 20
55.0
  0
LWPOLYLINE
  5
1CE
330
17
100
AcDbEntity
  8
HIDDEN
100
AcDbPolyline
 90
15
 70
0
 10
112.0
 20
55.0
 10
112.0761213
 20
55.0
 10
112.1520956
 20
55.0
 10
112.2277759
 20
55.0
 10
112.3030161
 20
55.0
 10
112.3776707
 20
55.0
 10
112.4515955
 20
55.0
 10
112.5246476
 20
55.0
 10
112.5966859
 20
55.0
 10
112.6675711
 20
55.0
 10
112.7371664
 20
55.0
 10
112.8053371
 20
55.0
 10
112.8719515
 20
55.0
 10
112.936881
 20
55.0
 10
113.0
 20
55.0
  0
LWPOLYLINE
  5
1CF
330
17
100
AcDbEntity
  8
HIDDEN
100
AcDbPolyline
 90
2
 70
0
 10
113.0
 20
55.0
 10
104.0
 20
55.0
  0
LWPOLYLINE
  5
1D0
330
17
100
AcDbEntity
  8
HIDDEN
100
AcDbPolyline
 90
2
 70
0
 10
113.0
 20
55.0
 10
104.0
 20
55.0
  0
LWPOLYLINE
  5
1D1
330
17
100
AcDbEntity
  8
HIDDEN
100
AcDbPolyline
 90
2
 70
0
 10
113.0
 20
55.0
 10
114.0
 20
55.0
  0
LWPOLYLINE
  5
1D2
330
17
100
AcDbEntity
  8
HIDDEN
100
AcDbPolyline
 90
8
 70
0
 10
114.0
 20
56.0
 10
113.9749279
 20
55.7774791
 10
113.9009689
 20
55.5661163
 10
113.7818315
 20
55.3765102
 10
113.6234898
 20
55.2181685
 10
113.4338837
 20
55.0990311
 10
113.2225209
 20
55.0250721
 10
113.0
 20
55.0
  0
LWPOLYLINE
  5
1D3
330
17
100
AcDbEntity
  8
HIDDEN
100
AcDbPolyline
 90
8
 70
0
 10
114.0
 20
56.0
 10
113.9749279
 20
55.7774791
 10
113.9009689
 20
55.5661163
 10
113.7818315
 20
55.3765102
 10
113.6234898
 20
55.2181685
 10
113.4338837
 20
55.0990311
 10
113.2225209
 20
55.0250721
 10
113.0
 20
55.0
  0
LWPOLYLINE
  5
1D4
330
17
100
AcDbEntity
  8
HIDDEN
100
AcDbPolyline
 90
2
 70
0
 10
104.0
 20
51.0
 10
104.0
 20
55.0
  0
LWPOLYLINE
  5
1D5
330
17
100
AcDbEntity
  8
HIDDEN
100
AcDbPolyline
 90
2
 70
0
 10
104.0
 20
51.0
 10
114.0
 20
51.0
  0
LWPOLYLINE
  5
1D6
330
17
100
AcDbEntity
  8
HIDDEN
100
AcDbPolyline
 90
8
 70
0
 10
113.0
 20
67.0
 10
113.2225209
 20
66.9749279
 10
113.4338837
 20
66.9009689
 10
113.6234898
 20
66.7818315
 10
113.7818315
 20
66.6234898
 10
113.9009689
 20
66.4338837
 10
113.9749279
 20
66.2225209
 10
114.0
 20
66.0
  0
LWPOLYLINE
  5
1D7
330
17
100
AcDbEntity
  8
HIDDEN
100
AcDbPolyline
 90
2
 70
0
 10
114.0
 20
57.0
 10
168.0
 20
57.0
  0
LWPOLYLINE
  5
1D8
330
17
100
AcDbEntity
  8
HIDDEN
100
AcDbPolyline
 90
2
 70
0
 10
168.3603964
 20
57.0
 10
168.0
 20
57.0
  0
LWPOLYLINE
  5
1D9
330
17
100
AcDbEntity
  8
HIDDEN
100
AcDbPolyline
 90
2
 70
0
 10
168.3603964
 20
57.0
 10
173.8667302
 20
57.0
  0
LWPOLYLINE
  5
1DA
330
17
100
AcDbEntity
  8
HIDDEN
100
AcDbPolyline
 90
15
 70
0
 10
173.8667302
 20
57.0
 10
173.8251077
 20
57.0
 10
173.7778278
 20
57.0
 10
173.72548519999998
 20
57.0
 10
173.66873800000002
 20
57.0
 10
173.60829990000002
 20
57.0
 10
173.5449309
 20
57.0
 10
173.47942790000002
 20
57.0
 10
173.4126147
 20
57.0
 10
173.3453315
 20
57.0
 10
173.27842429999998
 20
57.0
 10
173.2127347
 20
57.0
 10
173.1490887
 20
57.0
 10
173.0882866
 20
57.0
 10
173.03109310000002
 20
57.0
  0
LWPOLYLINE
  5
1DB
330
17
100
AcDbEntity
  8
HIDDEN
100
AcDbPolyline
 90
2
 70
0
 10
173.03109310000002
 20
57.0
 10
168.2800113
 20
57.0
  0
LWPOLYLINE
  5
1DC
330
17
100
AcDbEntity
  8
HIDDEN
100
AcDbPolyline
 90
15
 70
0
 10
168.1326659
 20
57.0
 10
168.1181223
 20
57.0
 10
168.10454190000002
 20
57.0
 10
168.0919506
 20
57.0
 10
168.0803725
 20
57.0
 10
168.0698294
 20
57.0
 10
168.06034160000002
 20
57.0
 10
168.051927
 20
57.0
 10
168.0446016
 20
57.0
 10
168.0383795
 20
57.0
 10
168.0332725
 20
57.0
 10
168.0292902
 20
57.0
 10
168.0264403
 20
57.0
 10
168.0247282
 20
57.0
 10
168.0241571
 20
57.0
  0
LWPOLYLINE
  5
1DD
330
17
100
AcDbEntity
  8
HIDDEN
100
AcDbPolyline
 90
15
 70
0
 10
168.0241571
 20
57.0
 10
168.025567
 20
57.0
 10
168.0297899
 20
57.0
 10
168.0368061
 20
57.0
 10
168.0465826
 20
57.0
 10
168.0590734
 20
57.0
 10
168.0742198
 20
57.0
 10
168.0919506
 20
57.0
 10
168.11218259999998
 20
57.0
 10
168.1348206
 20
57.0
 10
168.1597583
 20
57.0
 10
168.1868784
 20
57.0
 10
168.2160535
 20
57.0
 10
168.24714649999999
 20
57.0
 10
168.2800113
 20
57.0
  0
LWPOLYLINE
  5
1DE
330
17
100
AcDbEntity
  8
HIDDEN
100
AcDbPolyline
 90
2
 70
0
 10
168.1326659
 20
57.0
 10
169.7386799
 20
57.0
  0
LWPOLYLINE
  5
1DF
330
17
100
AcDbEntity
  8
HIDDEN
100
AcDbPolyline
 90
15
 70
0
 10
169.7386799
 20
57.0
 10
169.78030239999998
 20
57.0
 10
169.82758230000002
 20
57.0
 10
169.8799249
 20
57.0
 10
169.9366722
 20
57.0
 10
169.9971103
 20
57.0
 10
170.0604793
 20
57.0
 10
170.1259822
 20
57.0
 10
170.1927955
 20
57.0
 10
170.2600787
 20
57.0
 10
170.3269858
 20
57.0
 10
170.3926754
 20
57.0
 10
170.4563215
 20
57.0
 10
170.5171235
 20
57.0
 10
170.574317
 20
57.0
  0
LWPOLYLINE
  5
1E0
330
17
100
AcDbEntity
  8
HIDDEN
100
AcDbPolyline
 90
2
 70
0
 10
175.32539889999998
 20
57.0
 10
170.574317
 20
57.0
  0
LWPOLYLINE
  5
1E1
330
17
100
AcDbEntity
  8
HIDDEN
100
AcDbPolyline
 90
15
 70
0
 10
175.4727442
 20
57.0
 10
175.4872879
 20
57.0
 10
175.50086829999998
 20
57.0
 10
175.5134595
 20
57.0
 10
175.52503769999998
 20
57.0
 10
175.5355807
 20
57.0
 10
175.54506859999998
 20
57.0
 10
175.55348320000002
 20
57.0
 10
175.5608085
 20
57.0
 10
175.5670306
 20
57.0
 10
175.57213769999998
 20
57.0
 10
175.57611989999998
 20
57.0
 10
175.57896979999998
 20
57.0
 10
175.5806819
 20
57.0
 10
175.581253
 20
57.0
  0
LWPOLYLINE
  5
1E2
330
17
100
AcDbEntity
  8
HIDDEN
100
AcDbPolyline
 90
15
 70
0
 10
175.581253
 20
57.0
 10
175.5798432
 20
57.0
 10
175.5756202
 20
57.0
 10
175.568604
 20
57.0
 10
175.5588276
 20
57.0
 10
175.5463368
 20
57.0
 10
175.5311904
 20
57.0
 10
175.5134595
 20
57.0
 10
175.4932275
 20
57.0
 10
175.47058950000002
 20
57.0
 10
175.4456519
 20
57.0
 10
175.41853179999998
 20
57.0
 10
175.3893567
 20
57.0
 10
175.3582636
 20
57.0
 10
175.32539889999998
 20
57.0
  0
LWPOLYLINE
  5
1E3
330
17
100
AcDbEntity
  8
HIDDEN
100
AcDbPolyline
 90
2
 70
0
 10
175.4727442
 20
57.0
 10
180.97907800000002
 20
57.0
  0
LWPOLYLINE
  5
1E4
330
17
100
AcDbEntity
  8
HIDDEN
100
AcDbPolyline
 90
15
 70
0
 10
176.2073755
 20
57.0
 10
176.1760354
 20
57.0
 10
176.0835866
 20
57.0
 10
175.9346648
 20
57.0
 10
175.7367377
 20
57.0
 10
175.4997301
 20
57.0
 10
175.23552660000001
 20
57.0
 10
174.9573755
 20
57.0
 10
174.6792243
 20
57.0
 10
174.41502079999998
 20
57.0
 10
174.1780132
 20
57.0
 10
173.9800861
 20
57.0
 10
173.8311644
 20
57.0
 10
173.7387156
 20
57.0
 10
173.7073755
 20
57.0
  0
LWPOLYLINE
  5
1E5
330
17
100
AcDbEntity
  8
HIDDEN
100
AcDbPolyline
 90
15
 70
0
 10
173.7073755
 20
57.0
 10
173.7387156
 20
57.0
 10
173.8311644
 20
57.0
 10
173.9800861
 20
57.0
 10
174.1780132
 20
57.0
 10
174.41502079999998
 20
57.0
 10
174.6792243
 20
57.0
 10
174.9573755
 20
57.0
 10
175.23552660000001
 20
57.0
 10
175.4997301
 20
57.0
 10
175.7367377
 20
57.0
 10
175.9346648
 20
57.0
 10
176.0835866
 20
57.0
 10
176.1760354
 20
57.0
 10
176.2073755
 20
57.0
  0
LWPOLYLINE
  5
1E6
330
17
100
AcDbEntity
  8
HIDDEN
100
AcDbPolyline
 90
15
 70
0
 10
169.89803469999998
 20
57.0
 10
169.86669460000002
 20
57.0
 10
169.77424580000002
 20
57.0
 10
169.625324
 20
57.0
 10
169.42739690000002
 20
57.0
 10
169.1903893
 20
57.0
 10
168.92618579999998
 20
57.0
 10
168.64803469999998
 20
57.0
 10
168.36988350000001
 20
57.0
 10
168.10568
 20
57.0
 10
167.8686724
 20
57.0
 10
167.6707453
 20
57.0
 10
167.5218236
 20
57.0
 10
167.4293748
 20
57.0
 10
167.39803469999998
 20
57.0
  0
LWPOLYLINE
  5
1E7
330
17
100
AcDbEntity
  8
HIDDEN
100
AcDbPolyline
 90
15
 70
0
 10
167.39803469999998
 20
57.0
 10
167.4293748
 20
57.0
 10
167.5218236
 20
57.0
 10
167.6707453
 20
57.0
 10
167.8686724
 20
57.0
 10
168.10568
 20
57.0
 10
168.36988350000001
 20
57.0
 10
168.64803469999998
 20
57.0
 10
168.92618579999998
 20
57.0
 10
169.1903893
 20
57.0
 10
169.42739690000002
 20
57.0
 10
169.625324
 20
57.0
 10
169.77424580000002
 20
57.0
 10
169.86669460000002
 20
57.0
 10
169.89803469999998
 20
57.0
  0
LWPOLYLINE
  5
1E8
330
17
100
AcDbEntity
  8
HIDDEN
100
AcDbPolyline
 90
2
 70
0
 10
113.0
 20
67.0
 10
114.0
 20
67.0
  0
LWPOLYLINE
  5
1E9
330
17
100
AcDbEntity
  8
HIDDEN
100
AcDbPolyline
 90
2
 70
0
 10
168.0
 20
51.0
 10
168.0
 20
57.0
  0
LWPOLYLINE
  5
1EA
330
17
100
AcDbEntity
  8
HIDDEN
100
AcDbPolyline
 90
8
 70
0
 10
114.0
 20
56.0
 10
113.9749279
 20
55.7774791
 10
113.9009689
 20
55.5661163
 10
113.7818315
 20
55.3765102
 10
113.6234898
 20
55.2181685
 10
113.4338837
 20
55.0990311
 10
113.2225209
 20
55.0250721
 10
113.0
 20
55.0
  0
LWPOLYLINE
  5
1EB
330
17
100
AcDbEntity
  8
HIDDEN
100
AcDbPolyline
 90
2
 70
0
 10
104.0
 20
51.0
 10
104.0
 20
55.0
  0
LWPOLYLINE
  5
1EC
330
17
100
AcDbEntity
  8
HIDDEN
100
AcDbPolyline
 90
2
 70
0
 10
104.0
 20
51.0
 10
168.0
 20
51.0
  0
LWPOLYLINE
  5
1ED
330
17
100
AcDbEntity
  8
HIDDEN
100
AcDbPolyline
 90
2
 70
0
 10
96.0
 20
67.0
 10
114.0
 20
67.0
  0
LWPOLYLINE
  5
1EE
330
17
100
AcDbEntity
  8
HIDDEN
100
AcDbPolyline
 90
2
 70
0
 10
96.0
 20
67.0
 10
97.0
 20
67.0
  0
LWPOLYLINE
  5
1EF
330
17
100
AcDbEntity
  8
HIDDEN
100
AcDbPolyline
 90
8
 70
0
 10
114.0
 20
56.0
 10
113.9709963
 20
55.7609055
 10
113.8852887
 20
55.5349582
 10
113.7474226
 20
55.3356511
 10
113.565114
 20
55.174987200000004
 10
113.5045503
 20
55.1366177
 10
113.2805683
 20
55.040166
 10
113.0
 20
55.0
  0
LWPOLYLINE
  5
1F0
330
17
100
AcDbEntity
  8
HIDDEN
100
AcDbPolyline
 90
2
 70
0
 10
94.0
 20
71.0
 10
114.0
 20
71.0
  0
LWPOLYLINE
  5
1F1
330
17
100
AcDbEntity
  8
HIDDEN
100
AcDbPolyline
 90
15
 70
0
 10
94.0
 20
71.0
 10
94.0
 20
70.7492791
 10
94.0
 20
70.0096887
 10
94.0
 20
68.8183148
 10
94.0
 20
67.234898
 10
94.0
 20
65.3388374
 10
94.0
 20
63.2252093
 10
94.0
 20
61.0
 10
94.0
 20
58.7747907
 10
94.0
 20
56.6611626
 10
94.0
 20
54.765102
 10
94.0
 20
53.181685200000004
 10
94.0
 20
51.9903113
 10
94.0
 20
51.2507209
 10
94.0
 20
51.0
  0
LWPOLYLINE
  5
1F2
330
17
100
AcDbEntity
  8
HIDDEN
100
AcDbPolyline
 90
15
 70
0
 10
94.0
 20
51.0
 10
94.0
 20
51.2507209
 10
94.0
 20
51.9903113
 10
94.0
 20
53.181685200000004
 10
94.0
 20
54.765102
 10
94.0
 20
56.6611626
 10
94.0
 20
58.7747907
 10
94.0
 20
61.0
 10
94.0
 20
63.2252093
 10
94.0
 20
65.3388374
 10
94.0
 20
67.234898
 10
94.0
 20
68.8183148
 10
94.0
 20
70.0096887
 10
94.0
 20
70.7492791
 10
94.0
 20
71.0
  0
LWPOLYLINE
  5
1F3
330
17
100
AcDbEntity
  8
HIDDEN
100
AcDbPolyline
 90
15
 70
0
 10
96.0
 20
67.0
 10
96.0
 20
66.2402707
 10
96.0
 20
65.4362877
 10
96.0
 20
64.5948405
 10
96.0
 20
63.723035
 10
96.0
 20
62.8282337
 10
96.0
 20
61.917993
 10
96.0
 20
61.0
 10
96.0
 20
60.082007
 10
96.0
 20
59.1717663
 10
96.0
 20
58.276965
 10
96.0
 20
57.405159499999996
 10
96.0
 20
56.5637123
 10
96.0
 20
55.759729300000004
 10
96.0
 20
55.0
  0
LWPOLYLINE
  5
1F4
330
17
100
AcDbEntity
  8
HIDDEN
100
AcDbPolyline
 90
2
 70
0
 10
96.0
 20
55.0
 10
114.0
 20
55.0
  0
LWPOLYLINE
  5
1F5
330
17
100
AcDbEntity
  8
HIDDEN
100
AcDbPolyline
 90
8
 70
0
 10
114.0
 20
56.0
 10
113.9709963
 20
55.7609055
 10
113.8852887
 20
55.5349582
 10
113.7474226
 20
55.3356511
 10
113.565114
 20
55.174987200000004
 10
113.5045503
 20
55.1366177
 10
113.2805683
 20
55.040166
 10
113.0
 20
55.0
  0
LWPOLYLINE
  5
1F6
330
17
100
AcDbEntity
  8
HIDDEN
100
AcDbPolyline
 90
8
 70
0
 10
114.0
 20
56.0
 10
113.9709963
 20
55.7609055
 10
113.8852887
 20
55.5349582
 10
113.7474226
 20
55.3356511
 10
113.565114
 20
55.174987200000004
 10
113.5045503
 20
55.1366177
 10
113.2805683
 20
55.040166
 10
113.0
 20
55.0
  0
LWPOLYLINE
  5
1F7
330
17
100
AcDbEntity
  8
HIDDEN
100
AcDbPolyline
 90
2
 70
0
 10
96.0
 20
55.0
 10
97.0
 20
55.0
  0
LWPOLYLINE
  5
1F8
330
17
100
AcDbEntity
  8
HIDDEN
100
AcDbPolyline
 90
2
 70
0
 10
113.0
 20
55.0
 10
114.0
 20
55.0
  0
LWPOLYLINE
  5
1F9
330
17
100
AcDbEntity
  8
HIDDEN
100
AcDbPolyline
 90
2
 70
0
 10
113.0
 20
55.0
 10
104.0
 20
55.0
  0
LWPOLYLINE
  5
1FA
330
17
100
AcDbEntity
  8
HIDDEN
100
AcDbPolyline
 90
2
 70
0
 10
113.0
 20
55.0
 10
104.0
 20
55.0
  0
LWPOLYLINE
  5
1FB
330
17
100
AcDbEntity
  8
HIDDEN
100
AcDbPolyline
 90
15
 70
0
 10
113.0
 20
55.0
 10
112.936881
 20
55.0
 10
112.8719515
 20
55.0
 10
112.8053371
 20
55.0
 10
112.7371664
 20
55.0
 10
112.6675711
 20
55.0
 10
112.5966859
 20
55.0
 10
112.5246476
 20
55.0
 10
112.4515955
 20
55.0
 10
112.3776707
 20
55.0
 10
112.3030161
 20
55.0
 10
112.2277759
 20
55.0
 10
112.1520956
 20
55.0
 10
112.0761213
 20
55.0
 10
112.0
 20
55.0
  0
LWPOLYLINE
  5
1FC
330
17
100
AcDbEntity
  8
HIDDEN
100
AcDbPolyline
 90
2
 70
0
 10
97.0
 20
55.0
 10
112.0
 20
55.0
  0
LWPOLYLINE
  5
1FD
330
17
100
AcDbEntity
  8
HIDDEN
100
AcDbPolyline
 90
8
 70
0
 10
114.0
 20
56.0
 10
113.9749279
 20
55.7774791
 10
113.9009689
 20
55.5661163
 10
113.7818315
 20
55.3765102
 10
113.6234898
 20
55.2181685
 10
113.4338837
 20
55.0990311
 10
113.2225209
 20
55.0250721
 10
113.0
 20
55.0
  0
LWPOLYLINE
  5
1FE
330
17
100
AcDbEntity
  8
HIDDEN
100
AcDbPolyline
 90
8
 70
0
 10
114.0
 20
56.0
 10
113.9749279
 20
55.7774791
 10
113.9009689
 20
55.5661163
 10
113.7818315
 20
55.3765102
 10
113.6234898
 20
55.2181685
 10
113.4338837
 20
55.0990311
 10
113.2225209
 20
55.0250721
 10
113.0
 20
55.0
  0
LWPOLYLINE
  5
1FF
330
17
100
AcDbEntity
  8
HIDDEN
100
AcDbPolyline
 90
8
 70
0
 10
114.0
 20
56.0
 10
113.9709963
 20
55.7609055
 10
113.8852887
 20
55.5349582
 10
113.7474226
 20
55.3356511
 10
113.565114
 20
55.174987200000004
 10
113.5045503
 20
55.1366177
 10
113.2805683
 20
55.040166
 10
113.0
 20
55.0
  0
LWPOLYLINE
  5
200
330
17
100
AcDbEntity
  8
HIDDEN
100
AcDbPolyline
 90
8
 70
0
 10
114.0
 20
56.0
 10
113.9749279
 20
55.7774791
 10
113.9009689
 20
55.5661163
 10
113.7818315
 20
55.3765102
 10
113.6234898
 20
55.2181685
 10
113.4338837
 20
55.0990311
 10
113.2225209
 20
55.0250721
 10
113.0
 20
55.0
  0
LWPOLYLINE
  5
201
330
17
100
AcDbEntity
  8
HIDDEN
100
AcDbPolyline
 90
2
 70
0
 10
168.0
 20
51.0
 10
168.0
 20
57.0
  0
LWPOLYLINE
  5
202
330
17
100
AcDbEntity
  8
HIDDEN
100
AcDbPolyline
 90
2
 70
0
 10
114.0
 20
57.0
 10
168.0
 20
57.0
  0
LWPOLYLINE
  5
203
330
17
100
AcDbEntity
  8
HIDDEN
100
AcDbPolyline
 90
2
 70
0
 10
104.0
 20
51.0
 10
104.0
 20
55.0
  0
LWPOLYLINE
  5
204
330
17
100
AcDbEntity
  8
HIDDEN
100
AcDbPolyline
 90
2
 70
0
 10
104.0
 20
51.0
 10
168.0
 20
51.0
  0
LWPOLYLINE
  5
205
330
17
100
AcDbEntity
  8
HIDDEN
100
AcDbPolyline
 90
2
 70
0
 10
163.87113440000002
 20
51.0
 10
163.87113440000002
 20
57.0
  0
LWPOLYLINE
  5
206
330
17
100
AcDbEntity
  8
HIDDEN
100
AcDbPolyline
 90
2
 70
0
 10
114.0
 20
57.0
 10
163.87113440000002
 20
57.0
  0
LWPOLYLINE
  5
207
330
17
100
AcDbEntity
  8
HIDDEN
100
AcDbPolyline
 90
2
 70
0
 10
104.0
 20
51.0
 10
104.0
 20
55.0
  0
LWPOLYLINE
  5
208
330
17
100
AcDbEntity
  8
HIDDEN
100
AcDbPolyline
 90
2
 70
0
 10
104.0
 20
51.0
 10
163.87113440000002
 20
51.0
  0
LWPOLYLINE
  5
209
330
17
100
AcDbEntity
  8
HIDDEN
100
AcDbPolyline
 90
2
 70
0
 10
170.3301014
 20
57.0
 10
163.87113440000002
 20
57.0
  0
LWPOLYLINE
  5
20A
330
17
100
AcDbEntity
  8
HIDDEN
100
AcDbPolyline
 90
2
 70
0
 10
180.97907800000002
 20
57.0
 10
170.3301014
 20
57.0
  0
LWPOLYLINE
  5
20B
330
17
100
AcDbEntity
  8
HIDDEN
100
AcDbPolyline
 90
2
 70
0
 10
180.97907800000002
 20
57.0
 10
175.4727442
 20
57.0
  0
LWPOLYLINE
  5
20C
330
17
100
AcDbEntity
  8
HIDDEN
100
AcDbPolyline
 90
15
 70
0
 10
175.4727442
 20
57.0
 10
175.4872879
 20
57.0
 10
175.50086829999998
 20
57.0
 10
175.5134595
 20
57.0
 10
175.52503769999998
 20
57.0
 10
175.5355807
 20
57.0
 10
175.54506859999998
 20
57.0
 10
175.55348320000002
 20
57.0
 10
175.5608085
 20
57.0
 10
175.5670306
 20
57.0
 10
175.57213769999998
 20
57.0
 10
175.57611989999998
 20
57.0
 10
175.57896979999998
 20
57.0
 10
175.5806819
 20
57.0
 10
175.581253
 20
57.0
  0
LWPOLYLINE
  5
20D
330
17
100
AcDbEntity
  8
HIDDEN
100
AcDbPolyline
 90
15
 70
0
 10
175.581253
 20
57.0
 10
175.5798432
 20
57.0
 10
175.5756202
 20
57.0
 10
175.568604
 20
57.0
 10
175.5588276
 20
57.0
 10
175.5463368
 20
57.0
 10
175.5311904
 20
57.0
 10
175.5134595
 20
57.0
 10
175.4932275
 20
57.0
 10
175.47058950000002
 20
57.0
 10
175.4456519
 20
57.0
 10
175.41853179999998
 20
57.0
 10
175.3893567
 20
57.0
 10
175.3582636
 20
57.0
 10
175.32539889999998
 20
57.0
  0
LWPOLYLINE
  5
20E
330
17
100
AcDbEntity
  8
HIDDEN
100
AcDbPolyline
 90
2
 70
0
 10
175.32539889999998
 20
57.0
 10
170.574317
 20
57.0
  0
LWPOLYLINE
  5
20F
330
17
100
AcDbEntity
  8
HIDDEN
100
AcDbPolyline
 90
15
 70
0
 10
169.7386799
 20
57.0
 10
169.78030239999998
 20
57.0
 10
169.82758230000002
 20
57.0
 10
169.8799249
 20
57.0
 10
169.9366722
 20
57.0
 10
169.9971103
 20
57.0
 10
170.0604793
 20
57.0
 10
170.1259822
 20
57.0
 10
170.1927955
 20
57.0
 10
170.2600787
 20
57.0
 10
170.3269858
 20
57.0
 10
170.3926754
 20
57.0
 10
170.4563215
 20
57.0
 10
170.5171235
 20
57.0
 10
170.574317
 20
57.0
  0
LWPOLYLINE
  5
210
330
17
100
AcDbEntity
  8
HIDDEN
100
AcDbPolyline
 90
2
 70
0
 10
169.7386799
 20
57.0
 10
168.1326659
 20
57.0
  0
LWPOLYLINE
  5
211
330
17
100
AcDbEntity
  8
HIDDEN
100
AcDbPolyline
 90
15
 70
0
 10
168.1326659
 20
57.0
 10
168.1181223
 20
57.0
 10
168.10454190000002
 20
57.0
 10
168.0919506
 20
57.0
 10
168.0803725
 20
57.0
 10
168.0698294
 20
57.0
 10
168.06034160000002
 20
57.0
 10
168.051927
 20
57.0
 10
168.0446016
 20
57.0
 10
168.0383795
 20
57.0
 10
168.0332725
 20
57.0
 10
168.0292902
 20
57.0
 10
168.0264403
 20
57.0
 10
168.0247282
 20
57.0
 10
168.0241571
 20
57.0
  0
LWPOLYLINE
  5
212
330
17
100
AcDbEntity
  8
HIDDEN
100
AcDbPolyline
 90
15
 70
0
 10
168.0241571
 20
57.0
 10
168.025567
 20
57.0
 10
168.0297899
 20
57.0
 10
168.0368061
 20
57.0
 10
168.0465826
 20
57.0
 10
168.0590734
 20
57.0
 10
168.0742198
 20
57.0
 10
168.0919506
 20
57.0
 10
168.11218259999998
 20
57.0
 10
168.1348206
 20
57.0
 10
168.1597583
 20
57.0
 10
168.1868784
 20
57.0
 10
168.2160535
 20
57.0
 10
168.24714649999999
 20
57.0
 10
168.2800113
 20
57.0
  0
LWPOLYLINE
  5
213
330
17
100
AcDbEntity
  8
HIDDEN
100
AcDbPolyline
 90
2
 70
0
 10
173.03109310000002
 20
57.0
 10
168.2800113
 20
57.0
  0
LWPOLYLINE
  5
214
330
17
100
AcDbEntity
  8
HIDDEN
100
AcDbPolyline
 90
15
 70
0
 10
173.8667302
 20
57.0
 10
173.8251077
 20
57.0
 10
173.7778278
 20
57.0
 10
173.72548519999998
 20
57.0
 10
173.66873800000002
 20
57.0
 10
173.60829990000002
 20
57.0
 10
173.5449309
 20
57.0
 10
173.47942790000002
 20
57.0
 10
173.4126147
 20
57.0
 10
173.3453315
 20
57.0
 10
173.27842429999998
 20
57.0
 10
173.2127347
 20
57.0
 10
173.1490887
 20
57.0
 10
173.0882866
 20
57.0
 10
173.03109310000002
 20
57.0
  0
LWPOLYLINE
  5
215
330
17
100
AcDbEntity
  8
HIDDEN
100
AcDbPolyline
 90
2
 70
0
 10
173.8667302
 20
57.0
 10
168.3603964
 20
57.0
  0
LWPOLYLINE
  5
216
330
17
100
AcDbEntity
  8
HIDDEN
100
AcDbPolyline
 90
2
 70
0
 10
168.3603964
 20
57.0
 10
168.0
 20
57.0
  0
LWPOLYLINE
  5
217
330
17
100
AcDbEntity
  8
HIDDEN
100
AcDbPolyline
 90
15
 70
0
 10
169.89803469999998
 20
57.0
 10
169.86669460000002
 20
57.0
 10
169.77424580000002
 20
57.0
 10
169.625324
 20
57.0
 10
169.42739690000002
 20
57.0
 10
169.1903893
 20
57.0
 10
168.92618579999998
 20
57.0
 10
168.64803469999998
 20
57.0
 10
168.36988350000001
 20
57.0
 10
168.10568
 20
57.0
 10
167.8686724
 20
57.0
 10
167.6707453
 20
57.0
 10
167.5218236
 20
57.0
 10
167.4293748
 20
57.0
 10
167.39803469999998
 20
57.0
  0
LWPOLYLINE
  5
218
330
17
100
AcDbEntity
  8
HIDDEN
100
AcDbPolyline
 90
15
 70
0
 10
167.39803469999998
 20
57.0
 10
167.4293748
 20
57.0
 10
167.5218236
 20
57.0
 10
167.6707453
 20
57.0
 10
167.8686724
 20
57.0
 10
168.10568
 20
57.0
 10
168.36988350000001
 20
57.0
 10
168.64803469999998
 20
57.0
 10
168.92618579999998
 20
57.0
 10
169.1903893
 20
57.0
 10
169.42739690000002
 20
57.0
 10
169.625324
 20
57.0
 10
169.77424580000002
 20
57.0
 10
169.86669460000002
 20
57.0
 10
169.89803469999998
 20
57.0
  0
LWPOLYLINE
  5
219
330
17
100
AcDbEntity
  8
HIDDEN
100
AcDbPolyline
 90
15
 70
0
 10
176.2073755
 20
57.0
 10
176.1760354
 20
57.0
 10
176.0835866
 20
57.0
 10
175.9346648
 20
57.0
 10
175.7367377
 20
57.0
 10
175.4997301
 20
57.0
 10
175.23552660000001
 20
57.0
 10
174.9573755
 20
57.0
 10
174.6792243
 20
57.0
 10
174.41502079999998
 20
57.0
 10
174.1780132
 20
57.0
 10
173.9800861
 20
57.0
 10
173.8311644
 20
57.0
 10
173.7387156
 20
57.0
 10
173.7073755
 20
57.0
  0
LWPOLYLINE
  5
21A
330
17
100
AcDbEntity
  8
HIDDEN
100
AcDbPolyline
 90
15
 70
0
 10
173.7073755
 20
57.0
 10
173.7387156
 20
57.0
 10
173.8311644
 20
57.0
 10
173.9800861
 20
57.0
 10
174.1780132
 20
57.0
 10
174.41502079999998
 20
57.0
 10
174.6792243
 20
57.0
 10
174.9573755
 20
57.0
 10
175.23552660000001
 20
57.0
 10
175.4997301
 20
57.0
 10
175.7367377
 20
57.0
 10
175.9346648
 20
57.0
 10
176.0835866
 20
57.0
 10
176.1760354
 20
57.0
 10
176.2073755
 20
57.0
  0
LWPOLYLINE
  5
21B
330
17
100
AcDbEntity
  8
HIDDEN
100
AcDbPolyline
 90
2
 70
0
 10
94.0
 20
67.0
 10
114.0
 20
67.0
  0
LWPOLYLINE
  5
21C
330
17
100
AcDbEntity
  8
HIDDEN
100
AcDbPolyline
 90
15
 70
0
 10
94.0
 20
67.0
 10
94.0
 20
66.8495675
 10
94.0
 20
66.4058132
 10
94.0
 20
65.6909889
 10
94.0
 20
64.7409388
 10
94.0
 20
63.6033024
 10
94.0
 20
62.3351256
 10
94.0
 20
61.0
 10
94.0
 20
59.6648744
 10
94.0
 20
58.3966976
 10
94.0
 20
57.2590612
 10
94.0
 20
56.3090111
 10
94.0
 20
55.5941868
 10
94.0
 20
55.1504325
 10
94.0
 20
55.0
  0
LWPOLYLINE
  5
21D
330
17
100
AcDbEntity
  8
HIDDEN
100
AcDbPolyline
 90
15
 70
0
 10
94.0
 20
55.0
 10
94.0
 20
55.1504325
 10
94.0
 20
55.5941868
 10
94.0
 20
56.3090111
 10
94.0
 20
57.2590612
 10
94.0
 20
58.3966976
 10
94.0
 20
59.6648744
 10
94.0
 20
61.0
 10
94.0
 20
62.3351256
 10
94.0
 20
63.6033024
 10
94.0
 20
64.7409388
 10
94.0
 20
65.6909889
 10
94.0
 20
66.4058132
 10
94.0
 20
66.8495675
 10
94.0
 20
67.0
  0
LWPOLYLINE
  5
21E
330
17
100
AcDbEntity
  8
HIDDEN
100
AcDbPolyline
 90
2
 70
0
 10
94.0
 20
67.0
 10
114.0
 20
67.0
  0
LWPOLYLINE
  5
21F
330
17
100
AcDbEntity
  8
HIDDEN
100
AcDbPolyline
 90
15
 70
0
 10
94.0
 20
67.0
 10
94.0
 20
66.8495675
 10
94.0
 20
66.4058132
 10
94.0
 20
65.6909889
 10
94.0
 20
64.7409388
 10
94.0
 20
63.6033024
 10
94.0
 20
62.3351256
 10
94.0
 20
61.0
 10
94.0
 20
59.6648744
 10
94.0
 20
58.3966976
 10
94.0
 20
57.2590612
 10
94.0
 20
56.3090111
 10
94.0
 20
55.5941868
 10
94.0
 20
55.1504325
 10
94.0
 20
55.0
  0
LWPOLYLINE
  5
220
330
17
100
AcDbEntity
  8
HIDDEN
100
AcDbPolyline
 90
15
 70
0
 10
94.0
 20
55.0
 10
94.0
 20
55.1504325
 10
94.0
 20
55.5941868
 10
94.0
 20
56.3090111
 10
94.0
 20
57.2590612
 10
94.0
 20
58.3966976
 10
94.0
 20
59.6648744
 10
94.0
 20
61.0
 10
94.0
 20
62.3351256
 10
94.0
 20
63.6033024
 10
94.0
 20
64.7409388
 10
94.0
 20
65.6909889
 10
94.0
 20
66.4058132
 10
94.0
 20
66.8495675
 10
94.0
 20
67.0
  0
LWPOLYLINE
  5
221
330
17
100
AcDbEntity
  8
HIDDEN
100
AcDbPolyline
 90
10
 70
0
 10
114.0
 20
66.0
 10
113.9696155
 20
66.3472964
 10
113.8793852
 20
66.6840403
 10
113.7320508
 20
67.0
 10
113.5320889
 20
67.2855752
 10
113.2855752
 20
67.5320889
 10
113.0
 20
67.7320508
 10
112.6840403
 20
67.8793852
 10
112.3472964
 20
67.9696155
 10
112.0
 20
68.0
  0
LWPOLYLINE
  5
222
330
17
100
AcDbEntity
  8
HIDDEN
100
AcDbPolyline
 90
8
 70
0
 10
96.0
 20
66.0
 10
96.0285355
 20
66.2371851
 10
96.1054554
 20
66.4469786
 10
96.1932975
 20
66.5909577
 10
96.2630175
 20
66.6759118
 10
96.4641732
 20
66.8443279
 10
96.680305
 20
66.9475205
 10
97.0
 20
67.0
  0
LWPOLYLINE
  5
223
330
17
100
AcDbEntity
  8
HIDDEN
100
AcDbPolyline
 90
2
 70
0
 10
61.6457513
 20
68.0
 10
112.0
 20
68.0
  0
LWPOLYLINE
  5
224
330
17
100
AcDbEntity
  8
HIDDEN
100
AcDbPolyline
 90
2
 70
0
 10
106.25
 20
60.0
 10
106.25
 20
67.0
  0
LWPOLYLINE
  5
225
330
17
100
AcDbEntity
  8
HIDDEN
100
AcDbPolyline
 90
15
 70
0
 10
106.25
 20
60.0
 10
106.2186599
 20
60.0
 10
106.1262111
 20
60.0
 10
105.9772894
 20
60.0
 10
105.7793623
 20
60.0
 10
105.5423547
 20
60.0
 10
105.2781512
 20
60.0
 10
105.0
 20
60.0
 10
104.7218488
 20
60.0
 10
104.4576453
 20
60.0
 10
104.2206377
 20
60.0
 10
104.0227106
 20
60.0
 10
103.8737889
 20
60.0
 10
103.7813401
 20
60.0
 10
103.75
 20
60.0
  0
LWPOLYLINE
  5
226
330
17
100
AcDbEntity
  8
HIDDEN
100
AcDbPolyline
 90
15
 70
0
 10
103.75
 20
60.0
 10
103.7813401
 20
60.0
 10
103.8737889
 20
60.0
 10
104.0227106
 20
60.0
 10
104.2206377
 20
60.0
 10
104.4576453
 20
60.0
 10
104.7218488
 20
60.0
 10
105.0
 20
60.0
 10
105.2781512
 20
60.0
 10
105.5423547
 20
60.0
 10
105.7793623
 20
60.0
 10
105.9772894
 20
60.0
 10
106.1262111
 20
60.0
 10
106.2186599
 20
60.0
 10
106.25
 20
60.0
  0
LWPOLYLINE
  5
227
330
17
100
AcDbEntity
  8
HIDDEN
100
AcDbPolyline
 90
2
 70
0
 10
96.0
 20
56.0
 10
96.0
 20
66.0
  0
LWPOLYLINE
  5
228
330
17
100
AcDbEntity
  8
HIDDEN
100
AcDbPolyline
 90
2
 70
0
 10
63.0
 20
57.0
 10
63.0
 20
65.0
  0
LWPOLYLINE
  5
229
330
17
100
AcDbEntity
  8
HIDDEN
100
AcDbPolyline
 90
3
 70
0
 10
63.0
 20
57.0
 10
62.9681188
 20
56.4959828
 10
62.8729833
 20
56.0
  0
LWPOLYLINE
  5
22A
330
17
100
AcDbEntity
  8
HIDDEN
100
AcDbPolyline
 90
8
 70
0
 10
96.0
 20
66.0
 10
96.0285355
 20
66.2371851
 10
96.1054554
 20
66.4469786
 10
96.1932975
 20
66.5909577
 10
96.2630175
 20
66.6759118
 10
96.4641732
 20
66.8443279
 10
96.680305
 20
66.9475205
 10
97.0
 20
67.0
  0
LWPOLYLINE
  5
22B
330
17
100
AcDbEntity
  8
HIDDEN
100
AcDbPolyline
 90
2
 70
0
 10
94.0
 20
68.0
 10
112.0
 20
68.0
  0
LWPOLYLINE
  5
22C
330
17
100
AcDbEntity
  8
HIDDEN
100
AcDbPolyline
 90
2
 70
0
 10
96.0
 20
56.0
 10
96.0
 20
66.0
  0
LWPOLYLINE
  5
22D
330
17
100
AcDbEntity
  8
HIDDEN
100
AcDbPolyline
 90
2
 70
0
 10
63.0
 20
57.0
 10
63.0
 20
65.0
  0
LWPOLYLINE
  5
22E
330
17
100
AcDbEntity
  8
HIDDEN
100
AcDbPolyline
 90
3
 70
0
 10
63.0
 20
57.0
 10
62.9681188
 20
56.4959828
 10
62.8729833
 20
56.0
  0
LWPOLYLINE
  5
22F
330
17
100
AcDbEntity
  8
HIDDEN
100
AcDbPolyline
 90
4
 70
0
 10
62.8729833
 20
65.0
 10
62.8583176
 20
65.3367271
 10
62.8144315
 20
65.67090400000001
 10
62.7416574
 20
66.0
  0
LWPOLYLINE
  5
230
330
17
100
AcDbEntity
  8
HIDDEN
100
AcDbPolyline
 90
8
 70
0
 10
61.921626
 20
67.7320508
 10
61.5827668
 20
68.0543928
 10
61.2085996
 20
68.3349794
 10
60.8042395
 20
68.5699748
 10
60.3752143
 20
68.7561664
 10
59.9273891
 20
68.8910088
 10
59.4668858
 20
68.9726588
 10
59.0
 20
69.0
  0
LWPOLYLINE
  5
231
330
17
100
AcDbEntity
  8
HIDDEN
100
AcDbPolyline
 90
2
 70
0
 10
49.0
 20
69.0
 10
59.0
 20
69.0
  0
LWPOLYLINE
  5
232
330
17
100
AcDbEntity
  8
HIDDEN
100
AcDbPolyline
 90
2
 70
0
 10
96.0
 20
56.0
 10
96.0
 20
66.0
  0
LWPOLYLINE
  5
233
330
17
100
AcDbEntity
  8
HIDDEN
100
AcDbPolyline
 90
2
 70
0
 10
62.8729833
 20
57.0
 10
62.8729833
 20
65.0
  0
LWPOLYLINE
  5
234
330
17
100
AcDbEntity
  8
HIDDEN
100
AcDbPolyline
 90
4
 70
0
 10
62.8729833
 20
57.0
 10
62.8583176
 20
56.6632729
 10
62.8144315
 20
56.329096
 10
62.7416574
 20
56.0
  0
LWPOLYLINE
  5
235
330
17
100
AcDbEntity
  8
HIDDEN
100
AcDbPolyline
 90
8
 70
0
 10
96.0
 20
66.0
 10
96.0250721
 20
66.2225209
 10
96.0990311
 20
66.4338837
 10
96.2181685
 20
66.6234898
 10
96.3765102
 20
66.7818315
 10
96.5661163
 20
66.9009689
 10
96.7774791
 20
66.9749279
 10
97.0
 20
67.0
  0
LWPOLYLINE
  5
236
330
17
100
AcDbEntity
  8
HIDDEN
100
AcDbPolyline
 90
8
 70
0
 10
96.0
 20
66.0
 10
96.0250721
 20
66.2225209
 10
96.0990311
 20
66.4338837
 10
96.2181685
 20
66.6234898
 10
96.3765102
 20
66.7818315
 10
96.5661163
 20
66.9009689
 10
96.7774791
 20
66.9749279
 10
97.0
 20
67.0
  0
LWPOLYLINE
  5
237
330
17
100
AcDbEntity
  8
HIDDEN
100
AcDbPolyline
 90
2
 70
0
 10
96.0
 20
66.0
 10
96.0
 20
67.0
  0
LWPOLYLINE
  5
238
330
17
100
AcDbEntity
  8
HIDDEN
100
AcDbPolyline
 90
2
 70
0
 10
96.0
 20
56.0
 10
96.0
 20
66.0
  0
LWPOLYLINE
  5
239
330
17
100
AcDbEntity
  8
HIDDEN
100
AcDbPolyline
 90
2
 70
0
 10
96.0
 20
55.0
 10
96.0
 20
56.0
  0
LWPOLYLINE
  5
23A
330
17
100
AcDbEntity
  8
HIDDEN
100
AcDbPolyline
 90
10
 70
0
 10
112.0
 20
68.0
 10
112.3472964
 20
67.9696155
 10
112.6840403
 20
67.8793852
 10
113.0
 20
67.7320508
 10
113.2855752
 20
67.5320889
 10
113.5320889
 20
67.2855752
 10
113.7320508
 20
67.0
 10
113.8793852
 20
66.6840403
 10
113.9696155
 20
66.3472964
 10
114.0
 20
66.0
  0
LWPOLYLINE
  5
23B
330
17
100
AcDbEntity
  8
HIDDEN
100
AcDbPolyline
 90
8
 70
0
 10
97.0
 20
55.0
 10
96.7774791
 20
55.0250721
 10
96.5661163
 20
55.0990311
 10
96.3765102
 20
55.2181685
 10
96.2181685
 20
55.3765102
 10
96.0990311
 20
55.5661163
 10
96.0250721
 20
55.7774791
 10
96.0
 20
56.0
  0
LWPOLYLINE
  5
23C
330
17
100
AcDbEntity
  8
HIDDEN
100
AcDbPolyline
 90
8
 70
0
 10
96.0
 20
56.0
 10
96.0285355
 20
55.7628149
 10
96.1054554
 20
55.5530214
 10
96.1932975
 20
55.4090423
 10
96.2630175
 20
55.3240882
 10
96.4641732
 20
55.155672100000004
 10
96.680305
 20
55.0524795
 10
97.0
 20
55.0
  0
LWPOLYLINE
  5
23D
330
17
100
AcDbEntity
  8
HIDDEN
100
AcDbPolyline
 90
3
 70
0
 10
61.921626
 20
54.267949200000004
 10
61.8081055
 20
54.1513962
 10
61.7187064
 20
54.0659524
  0
LWPOLYLINE
  5
23E
330
17
100
AcDbEntity
  8
HIDDEN
100
AcDbPolyline
 90
2
 70
0
 10
94.0
 20
54.0
 10
112.0
 20
54.0
  0
LWPOLYLINE
  5
23F
330
17
100
AcDbEntity
  8
HIDDEN
100
AcDbPolyline
 90
10
 70
0
 10
112.0
 20
54.0
 10
112.3472964
 20
54.0303845
 10
112.6840403
 20
54.1206148
 10
113.0
 20
54.267949200000004
 10
113.2855752
 20
54.4679111
 10
113.5320889
 20
54.7144248
 10
113.7320508
 20
55.0
 10
113.8793852
 20
55.3159597
 10
113.9696155
 20
55.6527036
 10
114.0
 20
56.0
  0
LWPOLYLINE
  5
240
330
17
100
AcDbEntity
  8
HIDDEN
100
AcDbPolyline
 90
2
 70
0
 10
168.3603964
 20
51.0
 10
168.0
 20
51.0
  0
LWPOLYLINE
  5
241
330
17
100
AcDbEntity
  8
HIDDEN
100
AcDbPolyline
 90
2
 70
0
 10
168.3603964
 20
51.0
 10
180.97907800000002
 20
51.0
  0
LWPOLYLINE
  5
242
330
17
100
AcDbEntity
  8
HIDDEN
100
AcDbPolyline
 90
15
 70
0
 10
176.2073755
 20
51.0
 10
176.1760354
 20
51.0
 10
176.0835866
 20
51.0
 10
175.9346648
 20
51.0
 10
175.7367377
 20
51.0
 10
175.4997301
 20
51.0
 10
175.23552660000001
 20
51.0
 10
174.9573755
 20
51.0
 10
174.6792243
 20
51.0
 10
174.41502079999998
 20
51.0
 10
174.1780132
 20
51.0
 10
173.9800861
 20
51.0
 10
173.8311644
 20
51.0
 10
173.7387156
 20
51.0
 10
173.7073755
 20
51.0
  0
LWPOLYLINE
  5
243
330
17
100
AcDbEntity
  8
HIDDEN
100
AcDbPolyline
 90
15
 70
0
 10
173.7073755
 20
51.0
 10
173.7387156
 20
51.0
 10
173.8311644
 20
51.0
 10
173.9800861
 20
51.0
 10
174.1780132
 20
51.0
 10
174.41502079999998
 20
51.0
 10
174.6792243
 20
51.0
 10
174.9573755
 20
51.0
 10
175.23552660000001
 20
51.0
 10
175.4997301
 20
51.0
 10
175.7367377
 20
51.0
 10
175.9346648
 20
51.0
 10
176.0835866
 20
51.0
 10
176.1760354
 20
51.0
 10
176.2073755
 20
51.0
  0
LWPOLYLINE
  5
244
330
17
100
AcDbEntity
  8
HIDDEN
100
AcDbPolyline
 90
15
 70
0
 10
169.89803469999998
 20
51.0
 10
169.86669460000002
 20
51.0
 10
169.77424580000002
 20
51.0
 10
169.625324
 20
51.0
 10
169.42739690000002
 20
51.0
 10
169.1903893
 20
51.0
 10
168.92618579999998
 20
51.0
 10
168.64803469999998
 20
51.0
 10
168.36988350000001
 20
51.0
 10
168.10568
 20
51.0
 10
167.8686724
 20
51.0
 10
167.6707453
 20
51.0
 10
167.5218236
 20
51.0
 10
167.4293748
 20
51.0
 10
167.39803469999998
 20
51.0
  0
LWPOLYLINE
  5
245
330
17
100
AcDbEntity
  8
HIDDEN
100
AcDbPolyline
 90
15
 70
0
 10
167.39803469999998
 20
51.0
 10
167.4293748
 20
51.0
 10
167.5218236
 20
51.0
 10
167.6707453
 20
51.0
 10
167.8686724
 20
51.0
 10
168.10568
 20
51.0
 10
168.36988350000001
 20
51.0
 10
168.64803469999998
 20
51.0
 10
168.92618579999998
 20
51.0
 10
169.1903893
 20
51.0
 10
169.42739690000002
 20
51.0
 10
169.625324
 20
51.0
 10
169.77424580000002
 20
51.0
 10
169.86669460000002
 20
51.0
 10
169.89803469999998
 20
51.0
  0
LWPOLYLINE
  5
246
330
17
100
AcDbEntity
  8
HIDDEN
100
AcDbPolyline
 90
2
 70
0
 10
168.0
 20
57.0
 10
168.0
 20
51.0
  0
LWPOLYLINE
  5
247
330
17
100
AcDbEntity
  8
HIDDEN
100
AcDbPolyline
 90
2
 70
0
 10
168.3603964
 20
51.0
 10
168.3603964
 20
57.0
  0
LWPOLYLINE
  5
248
330
17
100
AcDbEntity
  8
HIDDEN
100
AcDbPolyline
 90
2
 70
0
 10
173.8667302
 20
57.0
 10
173.8667302
 20
59.0
  0
LWPOLYLINE
  5
249
330
17
100
AcDbEntity
  8
HIDDEN
100
AcDbPolyline
 90
2
 70
0
 10
173.8667302
 20
59.0
 10
175.4727442
 20
59.0
  0
LWPOLYLINE
  5
24A
330
17
100
AcDbEntity
  8
HIDDEN
100
AcDbPolyline
 90
2
 70
0
 10
175.4727442
 20
57.0
 10
175.4727442
 20
59.0
  0
LWPOLYLINE
  5
24B
330
17
100
AcDbEntity
  8
HIDDEN
100
AcDbPolyline
 90
15
 70
0
 10
173.8667302
 20
59.0
 10
173.8251077
 20
59.0
 10
173.7778278
 20
59.0
 10
173.72548519999998
 20
59.0
 10
173.66873800000002
 20
59.0
 10
173.60829990000002
 20
59.0
 10
173.5449309
 20
59.0
 10
173.47942790000002
 20
59.0
 10
173.4126147
 20
59.0
 10
173.3453315
 20
59.0
 10
173.27842429999998
 20
59.0
 10
173.2127347
 20
59.0
 10
173.1490887
 20
59.0
 10
173.0882866
 20
59.0
 10
173.03109310000002
 20
59.0
  0
LWPOLYLINE
  5
24C
330
17
100
AcDbEntity
  8
HIDDEN
100
AcDbPolyline
 90
2
 70
0
 10
173.03109310000002
 20
59.0
 10
168.2800113
 20
59.0
  0
LWPOLYLINE
  5
24D
330
17
100
AcDbEntity
  8
HIDDEN
100
AcDbPolyline
 90
15
 70
0
 10
168.1326659
 20
59.0
 10
168.1413985
 20
59.0
 10
168.1504311
 20
59.0
 10
168.1597583
 20
59.0
 10
168.1693741
 20
59.0
 10
168.1792726
 20
59.0
 10
168.18944770000002
 20
59.0
 10
168.1998931
 20
59.0
 10
168.21060210000002
 20
59.0
 10
168.2215683
 20
59.0
 10
168.2327847
 20
59.0
 10
168.2442444
 20
59.0
 10
168.2559403
 20
59.0
 10
168.267865
 20
59.0
 10
168.2800113
 20
59.0
  0
LWPOLYLINE
  5
24E
330
17
100
AcDbEntity
  8
HIDDEN
100
AcDbPolyline
 90
2
 70
0
 10
176.2073755
 20
51.0
 10
176.2073755
 20
57.0
  0
LWPOLYLINE
  5
24F
330
17
100
AcDbEntity
  8
HIDDEN
100
AcDbPolyline
 90
2
 70
0
 10
169.89803469999998
 20
51.0
 10
169.89803469999998
 20
57.0
  0
LWPOLYLINE
  5
250
330
17
100
AcDbEntity
  8
HIDDEN
100
AcDbPolyline
 90
2
 70
0
 10
96.0
 20
66.0
 10
96.0
 20
67.0
  0
LWPOLYLINE
  5
251
330
17
100
AcDbEntity
  8
HIDDEN
100
AcDbPolyline
 90
2
 70
0
 10
96.0
 20
55.0
 10
96.0
 20
56.0
  0
LWPOLYLINE
  5
252
330
17
100
AcDbEntity
  8
HIDDEN
100
AcDbPolyline
 90
2
 70
0
 10
61.6457513
 20
54.0
 10
112.0
 20
54.0
  0
LWPOLYLINE
  5
253
330
17
100
AcDbEntity
  8
HIDDEN
100
AcDbPolyline
 90
10
 70
0
 10
112.0
 20
54.0
 10
112.3472964
 20
54.0303845
 10
112.6840403
 20
54.1206148
 10
113.0
 20
54.267949200000004
 10
113.2855752
 20
54.4679111
 10
113.5320889
 20
54.7144248
 10
113.7320508
 20
55.0
 10
113.8793852
 20
55.3159597
 10
113.9696155
 20
55.6527036
 10
114.0
 20
56.0
  0
LWPOLYLINE
  5
254
330
17
100
AcDbEntity
  8
HIDDEN
100
AcDbPolyline
 90
15
 70
0
 10
113.0
 20
55.0
 10
112.936881
 20
55.0
 10
112.8719515
 20
55.0
 10
112.8053371
 20
55.0
 10
112.7371664
 20
55.0
 10
112.6675711
 20
55.0
 10
112.5966859
 20
55.0
 10
112.5246476
 20
55.0
 10
112.4515955
 20
55.0
 10
112.3776707
 20
55.0
 10
112.3030161
 20
55.0
 10
112.2277759
 20
55.0
 10
112.1520956
 20
55.0
 10
112.0761213
 20
55.0
 10
112.0
 20
55.0
  0
LWPOLYLINE
  5
255
330
17
100
AcDbEntity
  8
HIDDEN
100
AcDbPolyline
 90
10
 70
0
 10
112.0
 20
54.0
 10
112.3472964
 20
54.0303845
 10
112.6840403
 20
54.1206148
 10
113.0
 20
54.267949200000004
 10
113.2855752
 20
54.4679111
 10
113.5320889
 20
54.7144248
 10
113.7320508
 20
55.0
 10
113.8793852
 20
55.3159597
 10
113.9696155
 20
55.6527036
 10
114.0
 20
56.0
  0
LWPOLYLINE
  5
256
330
17
100
AcDbEntity
  8
HIDDEN
100
AcDbPolyline
 90
15
 70
0
 10
112.0
 20
55.0
 10
112.0761213
 20
55.0
 10
112.1520956
 20
55.0
 10
112.2277759
 20
55.0
 10
112.3030161
 20
55.0
 10
112.3776707
 20
55.0
 10
112.4515955
 20
55.0
 10
112.5246476
 20
55.0
 10
112.5966859
 20
55.0
 10
112.6675711
 20
55.0
 10
112.7371664
 20
55.0
 10
112.8053371
 20
55.0
 10
112.8719515
 20
55.0
 10
112.936881
 20
55.0
 10
113.0
 20
55.0
  0
LWPOLYLINE
  5
257
330
17
100
AcDbEntity
  8
HIDDEN
100
AcDbPolyline
 90
2
 70
0
 10
97.0
 20
55.0
 10
112.0
 20
55.0
  0
LWPOLYLINE
  5
258
330
17
100
AcDbEntity
  8
HIDDEN
100
AcDbPolyline
 90
2
 70
0
 10
97.0
 20
55.0
 10
112.0
 20
55.0
  0
LWPOLYLINE
  5
259
330
17
100
AcDbEntity
  8
HIDDEN
100
AcDbPolyline
 90
8
 70
0
 10
97.0
 20
55.0
 10
96.7774791
 20
55.0250721
 10
96.5661163
 20
55.0990311
 10
96.3765102
 20
55.2181685
 10
96.2181685
 20
55.3765102
 10
96.0990311
 20
55.5661163
 10
96.0250721
 20
55.7774791
 10
96.0
 20
56.0
  0
LWPOLYLINE
  5
25A
330
17
100
AcDbEntity
  8
HIDDEN
100
AcDbPolyline
 90
8
 70
0
 10
96.0
 20
56.0
 10
96.0285355
 20
55.7628149
 10
96.1054554
 20
55.5530214
 10
96.1932975
 20
55.4090423
 10
96.2630175
 20
55.3240882
 10
96.4641732
 20
55.155672100000004
 10
96.680305
 20
55.0524795
 10
97.0
 20
55.0
  0
LWPOLYLINE
  5
25B
330
17
100
AcDbEntity
  8
HIDDEN
100
AcDbPolyline
 90
10
 70
0
 10
112.0
 20
54.0
 10
112.3472964
 20
54.0303845
 10
112.6840403
 20
54.1206148
 10
113.0
 20
54.267949200000004
 10
113.2855752
 20
54.4679111
 10
113.5320889
 20
54.7144248
 10
113.7320508
 20
55.0
 10
113.8793852
 20
55.3159597
 10
113.9696155
 20
55.6527036
 10
114.0
 20
56.0
  0
LWPOLYLINE
  5
25C
330
17
100
AcDbEntity
  8
HIDDEN
100
AcDbPolyline
 90
2
 70
0
 10
61.921626
 20
54.267949200000004
 10
61.6457513
 20
54.0
  0
LWPOLYLINE
  5
25D
330
17
100
AcDbEntity
  8
HIDDEN
100
AcDbPolyline
 90
2
 70
0
 10
61.6457513
 20
54.0
 10
112.0
 20
54.0
  0
LWPOLYLINE
  5
25E
330
17
100
AcDbEntity
  8
HIDDEN
100
AcDbPolyline
 90
2
 70
0
 10
61.6457513
 20
54.0
 10
112.0
 20
54.0
  0
LWPOLYLINE
  5
25F
330
17
100
AcDbEntity
  8
HIDDEN
100
AcDbPolyline
 90
2
 70
0
 10
168.0
 20
57.0
 10
168.0
 20
51.0
  0
LWPOLYLINE
  5
260
330
17
100
AcDbEntity
  8
HIDDEN
100
AcDbPolyline
 90
2
 70
0
 10
170.3301014
 20
51.0
 10
163.87113440000002
 20
51.0
  0
LWPOLYLINE
  5
261
330
17
100
AcDbEntity
  8
HIDDEN
100
AcDbPolyline
 90
2
 70
0
 10
180.97907800000002
 20
51.0
 10
170.3301014
 20
51.0
  0
LWPOLYLINE
  5
262
330
17
100
AcDbEntity
  8
HIDDEN
100
AcDbPolyline
 90
2
 70
0
 10
180.97907800000002
 20
51.0
 10
168.3603964
 20
51.0
  0
LWPOLYLINE
  5
263
330
17
100
AcDbEntity
  8
HIDDEN
100
AcDbPolyline
 90
2
 70
0
 10
168.3603964
 20
51.0
 10
168.0
 20
51.0
  0
LWPOLYLINE
  5
264
330
17
100
AcDbEntity
  8
HIDDEN
100
AcDbPolyline
 90
15
 70
0
 10
169.89803469999998
 20
51.0
 10
169.86669460000002
 20
51.0
 10
169.77424580000002
 20
51.0
 10
169.625324
 20
51.0
 10
169.42739690000002
 20
51.0
 10
169.1903893
 20
51.0
 10
168.92618579999998
 20
51.0
 10
168.64803469999998
 20
51.0
 10
168.36988350000001
 20
51.0
 10
168.10568
 20
51.0
 10
167.8686724
 20
51.0
 10
167.6707453
 20
51.0
 10
167.5218236
 20
51.0
 10
167.4293748
 20
51.0
 10
167.39803469999998
 20
51.0
  0
LWPOLYLINE
  5
265
330
17
100
AcDbEntity
  8
HIDDEN
100
AcDbPolyline
 90
15
 70
0
 10
167.39803469999998
 20
51.0
 10
167.4293748
 20
51.0
 10
167.5218236
 20
51.0
 10
167.6707453
 20
51.0
 10
167.8686724
 20
51.0
 10
168.10568
 20
51.0
 10
168.36988350000001
 20
51.0
 10
168.64803469999998
 20
51.0
 10
168.92618579999998
 20
51.0
 10
169.1903893
 20
51.0
 10
169.42739690000002
 20
51.0
 10
169.625324
 20
51.0
 10
169.77424580000002
 20
51.0
 10
169.86669460000002
 20
51.0
 10
169.89803469999998
 20
51.0
  0
LWPOLYLINE
  5
266
330
17
100
AcDbEntity
  8
HIDDEN
100
AcDbPolyline
 90
15
 70
0
 10
176.2073755
 20
51.0
 10
176.1760354
 20
51.0
 10
176.0835866
 20
51.0
 10
175.9346648
 20
51.0
 10
175.7367377
 20
51.0
 10
175.4997301
 20
51.0
 10
175.23552660000001
 20
51.0
 10
174.9573755
 20
51.0
 10
174.6792243
 20
51.0
 10
174.41502079999998
 20
51.0
 10
174.1780132
 20
51.0
 10
173.9800861
 20
51.0
 10
173.8311644
 20
51.0
 10
173.7387156
 20
51.0
 10
173.7073755
 20
51.0
  0
LWPOLYLINE
  5
267
330
17
100
AcDbEntity
  8
HIDDEN
100
AcDbPolyline
 90
15
 70
0
 10
173.7073755
 20
51.0
 10
173.7387156
 20
51.0
 10
173.8311644
 20
51.0
 10
173.9800861
 20
51.0
 10
174.1780132
 20
51.0
 10
174.41502079999998
 20
51.0
 10
174.6792243
 20
51.0
 10
174.9573755
 20
51.0
 10
175.23552660000001
 20
51.0
 10
175.4997301
 20
51.0
 10
175.7367377
 20
51.0
 10
175.9346648
 20
51.0
 10
176.0835866
 20
51.0
 10
176.1760354
 20
51.0
 10
176.2073755
 20
51.0
  0
LWPOLYLINE
  5
268
330
17
100
AcDbEntity
  8
HIDDEN
100
AcDbPolyline
 90
2
 70
0
 10
170.3301014
 20
51.0
 10
170.3301014
 20
57.0
  0
LWPOLYLINE
  5
269
330
17
100
AcDbEntity
  8
HIDDEN
100
AcDbPolyline
 90
2
 70
0
 10
180.97907800000002
 20
51.0
 10
180.97907800000002
 20
57.0
  0
LWPOLYLINE
  5
26A
330
17
100
AcDbEntity
  8
HIDDEN
100
AcDbPolyline
 90
2
 70
0
 10
175.4727442
 20
57.0
 10
175.4727442
 20
59.0
  0
LWPOLYLINE
  5
26B
330
17
100
AcDbEntity
  8
HIDDEN
100
AcDbPolyline
 90
2
 70
0
 10
175.4727442
 20
59.0
 10
173.8667302
 20
59.0
  0
LWPOLYLINE
  5
26C
330
17
100
AcDbEntity
  8
HIDDEN
100
AcDbPolyline
 90
2
 70
0
 10
173.8667302
 20
57.0
 10
173.8667302
 20
59.0
  0
LWPOLYLINE
  5
26D
330
17
100
AcDbEntity
  8
HIDDEN
100
AcDbPolyline
 90
2
 70
0
 10
168.3603964
 20
51.0
 10
168.3603964
 20
57.0
  0
LWPOLYLINE
  5
26E
330
17
100
AcDbEntity
  8
HIDDEN
100
AcDbPolyline
 90
15
 70
0
 10
175.4727442
 20
59.0
 10
175.4872879
 20
59.0
 10
175.50086829999998
 20
59.0
 10
175.5134595
 20
59.0
 10
175.52503769999998
 20
59.0
 10
175.5355807
 20
59.0
 10
175.54506859999998
 20
59.0
 10
175.55348320000002
 20
59.0
 10
175.5608085
 20
59.0
 10
175.5670306
 20
59.0
 10
175.57213769999998
 20
59.0
 10
175.57611989999998
 20
59.0
 10
175.57896979999998
 20
59.0
 10
175.5806819
 20
59.0
 10
175.581253
 20
59.0
  0
LWPOLYLINE
  5
26F
330
17
100
AcDbEntity
  8
HIDDEN
100
AcDbPolyline
 90
15
 70
0
 10
175.581253
 20
59.0
 10
175.5798432
 20
59.0
 10
175.5756202
 20
59.0
 10
175.568604
 20
59.0
 10
175.5588276
 20
59.0
 10
175.5463368
 20
59.0
 10
175.5311904
 20
59.0
 10
175.5134595
 20
59.0
 10
175.4932275
 20
59.0
 10
175.47058950000002
 20
59.0
 10
175.4456519
 20
59.0
 10
175.41853179999998
 20
59.0
 10
175.3893567
 20
59.0
 10
175.3582636
 20
59.0
 10
175.32539889999998
 20
59.0
  0
LWPOLYLINE
  5
270
330
17
100
AcDbEntity
  8
HIDDEN
100
AcDbPolyline
 90
2
 70
0
 10
175.32539889999998
 20
59.0
 10
170.574317
 20
59.0
  0
LWPOLYLINE
  5
271
330
17
100
AcDbEntity
  8
HIDDEN
100
AcDbPolyline
 90
15
 70
0
 10
169.7386799
 20
59.0
 10
169.78030239999998
 20
59.0
 10
169.82758230000002
 20
59.0
 10
169.8799249
 20
59.0
 10
169.9366722
 20
59.0
 10
169.9971103
 20
59.0
 10
170.0604793
 20
59.0
 10
170.1259822
 20
59.0
 10
170.1927955
 20
59.0
 10
170.2600787
 20
59.0
 10
170.3269858
 20
59.0
 10
170.3926754
 20
59.0
 10
170.4563215
 20
59.0
 10
170.5171235
 20
59.0
 10
170.574317
 20
59.0
  0
LWPOLYLINE
  5
272
330
17
100
AcDbEntity
  8
HIDDEN
100
AcDbPolyline
 90
2
 70
0
 10
169.7386799
 20
59.0
 10
168.1326659
 20
59.0
  0
LWPOLYLINE
  5
273
330
17
100
AcDbEntity
  8
HIDDEN
100
AcDbPolyline
 90
15
 70
0
 10
168.1326659
 20
59.0
 10
168.1181223
 20
59.0
 10
168.10454190000002
 20
59.0
 10
168.0919506
 20
59.0
 10
168.0803725
 20
59.0
 10
168.0698294
 20
59.0
 10
168.06034160000002
 20
59.0
 10
168.051927
 20
59.0
 10
168.0446016
 20
59.0
 10
168.0383795
 20
59.0
 10
168.0332725
 20
59.0
 10
168.0292902
 20
59.0
 10
168.0264403
 20
59.0
 10
168.0247282
 20
59.0
 10
168.0241571
 20
59.0
  0
LWPOLYLINE
  5
274
330
17
100
AcDbEntity
  8
HIDDEN
100
AcDbPolyline
 90
15
 70
0
 10
168.0241571
 20
59.0
 10
168.025567
 20
59.0
 10
168.0297899
 20
59.0
 10
168.0368061
 20
59.0
 10
168.0465826
 20
59.0
 10
168.0590734
 20
59.0
 10
168.0742198
 20
59.0
 10
168.0919506
 20
59.0
 10
168.11218259999998
 20
59.0
 10
168.1348206
 20
59.0
 10
168.1597583
 20
59.0
 10
168.1868784
 20
59.0
 10
168.2160535
 20
59.0
 10
168.24714649999999
 20
59.0
 10
168.2800113
 20
59.0
  0
LWPOLYLINE
  5
275
330
17
100
AcDbEntity
  8
HIDDEN
100
AcDbPolyline
 90
2
 70
0
 10
173.03109310000002
 20
59.0
 10
168.2800113
 20
59.0
  0
LWPOLYLINE
  5
276
330
17
100
AcDbEntity
  8
HIDDEN
100
AcDbPolyline
 90
15
 70
0
 10
173.8667302
 20
59.0
 10
173.8251077
 20
59.0
 10
173.7778278
 20
59.0
 10
173.72548519999998
 20
59.0
 10
173.66873800000002
 20
59.0
 10
173.60829990000002
 20
59.0
 10
173.5449309
 20
59.0
 10
173.47942790000002
 20
59.0
 10
173.4126147
 20
59.0
 10
173.3453315
 20
59.0
 10
173.27842429999998
 20
59.0
 10
173.2127347
 20
59.0
 10
173.1490887
 20
59.0
 10
173.0882866
 20
59.0
 10
173.03109310000002
 20
59.0
  0
LWPOLYLINE
  5
277
330
17
100
AcDbEntity
  8
HIDDEN
100
AcDbPolyline
 90
2
 70
0
 10
169.89803469999998
 20
51.0
 10
169.89803469999998
 20
57.0
  0
LWPOLYLINE
  5
278
330
17
100
AcDbEntity
  8
HIDDEN
100
AcDbPolyline
 90
2
 70
0
 10
176.2073755
 20
51.0
 10
176.2073755
 20
57.0
  0
LWPOLYLINE
  5
279
330
17
100
AcDbEntity
  8
HIDDEN
100
AcDbPolyline
 90
7
 70
0
 10
62.8729833
 20
56.0
 10
62.7284801
 20
55.5514021
 10
62.6481626
 20
55.3596007
 10
62.4926523
 20
55.0502872
 10
62.2534055
 20
54.672909
 10
62.1057217
 20
54.4791881
 10
61.8976275
 20
54.2425093
  0
LWPOLYLINE
  5
27A
330
17
100
AcDbEntity
  8
HIDDEN
100
AcDbPolyline
 90
3
 70
0
 10
61.8640907
 20
54.2076919
 10
61.7935883
 20
54.137158
 10
61.7340734
 20
54.0802667
  0
LWPOLYLINE
  5
27B
330
17
100
AcDbEntity
  8
HIDDEN
100
AcDbPolyline
 90
2
 70
0
 10
61.7337188
 20
54.0799347
 10
61.7220029
 20
54.069010399999996
  0
LWPOLYLINE
  5
27C
330
17
100
AcDbEntity
  8
HIDDEN
100
AcDbPolyline
 90
2
 70
0
 10
61.7000466
 20
54.0487717
 10
61.6457513
 20
54.0
  0
LWPOLYLINE
  5
27D
330
17
100
AcDbEntity
  8
HIDDEN
100
AcDbPolyline
 90
8
 70
0
 10
96.0
 20
56.0
 10
96.0285355
 20
55.7628149
 10
96.1054554
 20
55.5530214
 10
96.1932975
 20
55.4090423
 10
96.2630175
 20
55.3240882
 10
96.4641732
 20
55.155672100000004
 10
96.680305
 20
55.0524795
 10
97.0
 20
55.0
  0
LWPOLYLINE
  5
27E
330
17
100
AcDbEntity
  8
HIDDEN
100
AcDbPolyline
 90
7
 70
0
 10
62.8729833
 20
56.0
 10
62.7284801
 20
55.5514021
 10
62.6481626
 20
55.3596007
 10
62.4926523
 20
55.0502872
 10
62.2534055
 20
54.672909
 10
62.1057217
 20
54.4791881
 10
61.8719722
 20
54.2157989
  0
LWPOLYLINE
  5
27F
330
17
100
AcDbEntity
  8
HIDDEN
100
AcDbPolyline
 90
3
 70
0
 10
61.8654628
 20
54.2091
 10
61.7553414
 20
54.1003286
 10
61.6457513
 20
54.0
  0
LWPOLYLINE
  5
280
330
17
100
AcDbEntity
  8
HIDDEN
100
AcDbPolyline
 90
8
 70
0
 10
96.0
 20
56.0
 10
96.0285355
 20
55.7628149
 10
96.1054554
 20
55.5530214
 10
96.1932975
 20
55.4090423
 10
96.2630175
 20
55.3240882
 10
96.4641732
 20
55.155672100000004
 10
96.680305
 20
55.0524795
 10
97.0
 20
55.0
  0
LWPOLYLINE
  5
281
330
17
100
AcDbEntity
  8
HIDDEN
100
AcDbPolyline
 90
8
 70
0
 10
59.0
 20
53.0
 10
59.4668858
 20
53.0273412
 10
59.9273891
 20
53.1089912
 10
60.3752143
 20
53.2438336
 10
60.8042395
 20
53.4300252
 10
61.2085996
 20
53.6650206
 10
61.5827668
 20
53.9456072
 10
61.921626
 20
54.267949200000004
  0
LWPOLYLINE
  5
282
330
17
100
AcDbEntity
  8
HIDDEN
100
AcDbPolyline
 90
2
 70
0
 10
49.0
 20
53.0
 10
59.0
 20
53.0
  0
LWPOLYLINE
  5
283
330
17
100
AcDbEntity
  8
HIDDEN
100
AcDbPolyline
 90
14
 70
0
 10
45.0
 20
65.0
 10
45.0291645
 20
65.4821467
 10
45.1162327
 20
65.9572627
 10
45.259935
 20
66.4184195
 10
45.4581759
 20
66.8588927
 10
45.7080645
 20
67.272259
 10
46.005957
 20
67.6524906
 10
46.3475094
 20
67.994043
 10
46.727741
 20
68.2919355
 10
47.1411073
 20
68.5418241
 10
47.5815805
 20
68.740065
 10
48.0427373
 20
68.8837673
 10
48.5178533
 20
68.97083549999999
 10
49.0
 20
69.0
  0
LWPOLYLINE
  5
284
330
17
100
AcDbEntity
  8
HIDDEN
100
AcDbPolyline
 90
2
 70
0
 10
45.0
 20
57.0
 10
45.0
 20
65.0
  0
LWPOLYLINE
  5
285
330
17
100
AcDbEntity
  8
HIDDEN
100
AcDbPolyline
 90
14
 70
0
 10
49.0
 20
53.0
 10
48.5178533
 20
53.0291645
 10
48.0427373
 20
53.1162327
 10
47.5815805
 20
53.259935
 10
47.1411073
 20
53.4581759
 10
46.727741
 20
53.7080645
 10
46.3475094
 20
54.005957
 10
46.005957
 20
54.3475094
 10
45.7080645
 20
54.727741
 10
45.4581759
 20
55.1411073
 10
45.259935
 20
55.5815805
 10
45.1162327
 20
56.0427373
 10
45.0291645
 20
56.5178533
 10
45.0
 20
57.0
  0
LWPOLYLINE
  5
286
330
17
100
AcDbEntity
  8
HIDDEN
100
AcDbPolyline
 90
2
 70
0
 10
94.0
 20
51.0
 10
114.0
 20
51.0
  0
LWPOLYLINE
  5
287
330
17
100
AcDbEntity
  8
HIDDEN
100
AcDbPolyline
 90
2
 70
0
 10
94.0
 20
55.0
 10
114.0
 20
55.0
  0
LWPOLYLINE
  5
288
330
17
100
AcDbEntity
  8
HIDDEN
100
AcDbPolyline
 90
2
 70
0
 10
94.0
 20
55.0
 10
114.0
 20
55.0
  0
LWPOLYLINE
  5
289
330
17
100
AcDbEntity
  8
HIDDEN
100
AcDbPolyline
 90
2
 70
0
 10
103.75
 20
60.0
 10
103.75
 20
67.0
  0
LWPOLYLINE
  5
28A
330
17
100
AcDbEntity
  8
HIDDEN
100
AcDbPolyline
 90
2
 70
0
 10
173.7073755
 20
51.0
 10
173.7073755
 20
57.0
  0
LWPOLYLINE
  5
28B
330
17
100
AcDbEntity
  8
HIDDEN
100
AcDbPolyline
 90
2
 70
0
 10
167.39803469999998
 20
51.0
 10
167.39803469999998
 20
57.0
  0
LWPOLYLINE
  5
28C
330
17
100
AcDbEntity
  8
HIDDEN
100
AcDbPolyline
 90
2
 70
0
 10
175.581253
 20
57.0
 10
175.581253
 20
59.0
  0
LWPOLYLINE
  5
28D
330
17
100
AcDbEntity
  8
HIDDEN
100
AcDbPolyline
 90
2
 70
0
 10
168.0241571
 20
57.0
 10
168.0241571
 20
59.0
  0
LWPOLYLINE
  5
28E
330
17
100
AcDbEntity
  8
HIDDEN
100
AcDbPolyline
 90
2
 70
0
 10
167.39803469999998
 20
51.0
 10
167.39803469999998
 20
57.0
  0
LWPOLYLINE
  5
28F
330
17
100
AcDbEntity
  8
HIDDEN
100
AcDbPolyline
 90
2
 70
0
 10
173.7073755
 20
51.0
 10
173.7073755
 20
57.0
  0
LWPOLYLINE
  5
290
330
17
100
AcDbEntity
  8
OUTLINE
100
AcDbPolyline
 90
15
 70
0
 10
114.0
 20
71.0
 10
114.0
 20
70.7492791
 10
114.0
 20
70.0096887
 10
114.0
 20
68.8183148
 10
114.0
 20
67.234898
 10
114.0
 20
65.3388374
 10
114.0
 20
63.2252093
 10
114.0
 20
61.0
 10
114.0
 20
58.7747907
 10
114.0
 20
56.6611626
 10
114.0
 20
54.765102
 10
114.0
 20
53.181685200000004
 10
114.0
 20
51.9903113
 10
114.0
 20
51.2507209
 10
114.0
 20
51.0
  0
LWPOLYLINE
  5
291
330
17
100
AcDbEntity
  8
OUTLINE
100
AcDbPolyline
 90
2
 70
0
 10
61.8976275
 20
67.7574907
 10
61.8640907
 20
67.7923081
  0
LWPOLYLINE
  5
292
330
17
100
AcDbEntity
  8
OUTLINE
100
AcDbPolyline
 90
2
 70
0
 10
61.7340734
 20
67.9197333
 10
61.7337188
 20
67.9200653
  0
LWPOLYLINE
  5
293
330
17
100
AcDbEntity
  8
OUTLINE
100
AcDbPolyline
 90
2
 70
0
 10
61.7220029
 20
67.9309896
 10
61.6457513
 20
68.0
  0
LWPOLYLINE
  5
294
330
17
100
AcDbEntity
  8
OUTLINE
100
AcDbPolyline
 90
2
 70
0
 10
61.7187064
 20
67.9340476
 10
61.6457513
 20
68.0
  0
LWPOLYLINE
  5
295
330
17
100
AcDbEntity
  8
OUTLINE
100
AcDbPolyline
 90
2
 70
0
 10
61.8719722
 20
67.7842011
 10
61.8654628
 20
67.7909
  0
LWPOLYLINE
  5
296
330
17
100
AcDbEntity
  8
OUTLINE
100
AcDbPolyline
 90
6
 70
0
 10
62.6536301
 20
66.3024868
 10
62.4768143
 20
66.7922669
 10
62.2504247
 20
67.2658203
 10
62.0231859
 20
67.6128485
 10
61.9725124
 20
67.6749841
 10
61.921626
 20
67.7320508
  0
LWPOLYLINE
  5
297
330
17
100
AcDbEntity
  8
OUTLINE
100
AcDbPolyline
 90
2
 70
0
 10
94.0
 20
71.0
 10
114.0
 20
71.0
  0
LWPOLYLINE
  5
298
330
17
100
AcDbEntity
  8
OUTLINE
100
AcDbPolyline
 90
15
 70
0
 10
94.0
 20
71.0
 10
94.0
 20
70.7492791
 10
94.0
 20
70.0096887
 10
94.0
 20
68.8183148
 10
94.0
 20
67.234898
 10
94.0
 20
65.3388374
 10
94.0
 20
63.2252093
 10
94.0
 20
61.0
 10
94.0
 20
58.7747907
 10
94.0
 20
56.6611626
 10
94.0
 20
54.765102
 10
94.0
 20
53.181685200000004
 10
94.0
 20
51.9903113
 10
94.0
 20
51.2507209
 10
94.0
 20
51.0
  0
LWPOLYLINE
  5
299
330
17
100
AcDbEntity
  8
OUTLINE
100
AcDbPolyline
 90
2
 70
0
 10
163.87113440000002
 20
51.0
 10
163.87113440000002
 20
57.0
  0
LWPOLYLINE
  5
29A
330
17
100
AcDbEntity
  8
OUTLINE
100
AcDbPolyline
 90
2
 70
0
 10
114.0
 20
57.0
 10
163.87113440000002
 20
57.0
  0
LWPOLYLINE
  5
29B
330
17
100
AcDbEntity
  8
OUTLINE
100
AcDbPolyline
 90
2
 70
0
 10
114.0
 20
51.0
 10
163.87113440000002
 20
51.0
  0
LWPOLYLINE
  5
29C
330
17
100
AcDbEntity
  8
OUTLINE
100
AcDbPolyline
 90
2
 70
0
 10
180.97907800000002
 20
57.0
 10
170.3301014
 20
57.0
  0
LWPOLYLINE
  5
29D
330
17
100
AcDbEntity
  8
OUTLINE
100
AcDbPolyline
 90
2
 70
0
 10
163.87113440000002
 20
57.0
 10
170.3301014
 20
57.0
  0
LWPOLYLINE
  5
29E
330
17
100
AcDbEntity
  8
OUTLINE
100
AcDbPolyline
 90
8
 70
0
 10
59.0
 20
69.0
 10
59.4668858
 20
68.9726588
 10
59.9273891
 20
68.8910088
 10
60.3752143
 20
68.7561664
 10
60.8042395
 20
68.5699748
 10
61.2085996
 20
68.3349794
 10
61.5827668
 20
68.0543928
 10
61.921626
 20
67.7320508
  0
LWPOLYLINE
  5
29F
330
17
100
AcDbEntity
  8
OUTLINE
100
AcDbPolyline
 90
6
 70
0
 10
62.7416574
 20
66.0
 10
62.5027895
 20
66.7280221
 10
62.2779622
 20
67.2156352
 10
62.0505008
 20
67.577128
 10
61.986187
 20
67.6587412
 10
61.921626
 20
67.7320508
  0
LWPOLYLINE
  5
2A0
330
17
100
AcDbEntity
  8
OUTLINE
100
AcDbPolyline
 90
4
 70
0
 10
62.7416574
 20
66.0
 10
62.8144315
 20
65.67090400000001
 10
62.8583176
 20
65.3367271
 10
62.8729833
 20
65.0
  0
LWPOLYLINE
  5
2A1
330
17
100
AcDbEntity
  8
OUTLINE
100
AcDbPolyline
 90
2
 70
0
 10
61.6457513
 20
68.0
 10
94.0
 20
68.0
  0
LWPOLYLINE
  5
2A2
330
17
100
AcDbEntity
  8
OUTLINE
100
AcDbPolyline
 90
2
 70
0
 10
49.0
 20
69.0
 10
59.0
 20
69.0
  0
LWPOLYLINE
  5
2A3
330
17
100
AcDbEntity
  8
OUTLINE
100
AcDbPolyline
 90
2
 70
0
 10
61.7187064
 20
54.0659524
 10
61.6457513
 20
54.0
  0
LWPOLYLINE
  5
2A4
330
17
100
AcDbEntity
  8
OUTLINE
100
AcDbPolyline
 90
6
 70
0
 10
62.7416574
 20
56.0
 10
62.5027895
 20
55.2719779
 10
62.2779622
 20
54.7843648
 10
62.0505008
 20
54.422872
 10
61.986187
 20
54.3412588
 10
61.921626
 20
54.267949200000004
  0
LWPOLYLINE
  5
2A5
330
17
100
AcDbEntity
  8
OUTLINE
100
AcDbPolyline
 90
2
 70
0
 10
61.6457513
 20
54.0
 10
94.0
 20
54.0
  0
LWPOLYLINE
  5
2A6
330
17
100
AcDbEntity
  8
OUTLINE
100
AcDbPolyline
 90
2
 70
0
 10
170.3301014
 20
51.0
 10
170.3301014
 20
57.0
  0
LWPOLYLINE
  5
2A7
330
17
100
AcDbEntity
  8
OUTLINE
100
AcDbPolyline
 90
2
 70
0
 10
163.87113440000002
 20
51.0
 10
170.3301014
 20
51.0
  0
LWPOLYLINE
  5
2A8
330
17
100
AcDbEntity
  8
OUTLINE
100
AcDbPolyline
 90
2
 70
0
 10
180.97907800000002
 20
51.0
 10
170.3301014
 20
51.0
  0
LWPOLYLINE
  5
2A9
330
17
100
AcDbEntity
  8
OUTLINE
100
AcDbPolyline
 90
2
 70
0
 10
180.97907800000002
 20
51.0
 10
180.97907800000002
 20
57.0
  0
LWPOLYLINE
  5
2AA
330
17
100
AcDbEntity
  8
OUTLINE
100
AcDbPolyline
 90
15
 70
0
 10
168.1326659
 20
59.0
 10
168.1181223
 20
59.0
 10
168.10454190000002
 20
59.0
 10
168.0919506
 20
59.0
 10
168.0803725
 20
59.0
 10
168.0698294
 20
59.0
 10
168.06034160000002
 20
59.0
 10
168.051927
 20
59.0
 10
168.0446016
 20
59.0
 10
168.0383795
 20
59.0
 10
168.0332725
 20
59.0
 10
168.0292902
 20
59.0
 10
168.0264403
 20
59.0
 10
168.0247282
 20
59.0
 10
168.0241571
 20
59.0
  0
LWPOLYLINE
  5
2AB
330
17
100
AcDbEntity
  8
OUTLINE
100
AcDbPolyline
 90
15
 70
0
 10
168.0241571
 20
59.0
 10
168.0247282
 20
59.0
 10
168.0264403
 20
59.0
 10
168.0292902
 20
59.0
 10
168.0332725
 20
59.0
 10
168.0383795
 20
59.0
 10
168.0446016
 20
59.0
 10
168.051927
 20
59.0
 10
168.06034160000002
 20
59.0
 10
168.0698294
 20
59.0
 10
168.0803725
 20
59.0
 10
168.0919506
 20
59.0
 10
168.10454190000002
 20
59.0
 10
168.1181223
 20
59.0
 10
168.1326659
 20
59.0
  0
LWPOLYLINE
  5
2AC
330
17
100
AcDbEntity
  8
OUTLINE
100
AcDbPolyline
 90
2
 70
0
 10
168.1326659
 20
59.0
 10
169.7386799
 20
59.0
  0
LWPOLYLINE
  5
2AD
330
17
100
AcDbEntity
  8
OUTLINE
100
AcDbPolyline
 90
15
 70
0
 10
169.7386799
 20
59.0
 10
169.78030239999998
 20
59.0
 10
169.82758230000002
 20
59.0
 10
169.8799249
 20
59.0
 10
169.9366722
 20
59.0
 10
169.9971103
 20
59.0
 10
170.0604793
 20
59.0
 10
170.1259822
 20
59.0
 10
170.1927955
 20
59.0
 10
170.2600787
 20
59.0
 10
170.3269858
 20
59.0
 10
170.3926754
 20
59.0
 10
170.4563215
 20
59.0
 10
170.5171235
 20
59.0
 10
170.574317
 20
59.0
  0
LWPOLYLINE
  5
2AE
330
17
100
AcDbEntity
  8
OUTLINE
100
AcDbPolyline
 90
2
 70
0
 10
175.32539889999998
 20
59.0
 10
170.574317
 20
59.0
  0
LWPOLYLINE
  5
2AF
330
17
100
AcDbEntity
  8
OUTLINE
100
AcDbPolyline
 90
15
 70
0
 10
175.4727442
 20
59.0
 10
175.4872879
 20
59.0
 10
175.50086829999998
 20
59.0
 10
175.5134595
 20
59.0
 10
175.52503769999998
 20
59.0
 10
175.5355807
 20
59.0
 10
175.54506859999998
 20
59.0
 10
175.55348320000002
 20
59.0
 10
175.5608085
 20
59.0
 10
175.5670306
 20
59.0
 10
175.57213769999998
 20
59.0
 10
175.57611989999998
 20
59.0
 10
175.57896979999998
 20
59.0
 10
175.5806819
 20
59.0
 10
175.581253
 20
59.0
  0
LWPOLYLINE
  5
2B0
330
17
100
AcDbEntity
  8
OUTLINE
100
AcDbPolyline
 90
15
 70
0
 10
175.581253
 20
59.0
 10
175.5798432
 20
59.0
 10
175.5756202
 20
59.0
 10
175.568604
 20
59.0
 10
175.5588276
 20
59.0
 10
175.5463368
 20
59.0
 10
175.5311904
 20
59.0
 10
175.5134595
 20
59.0
 10
175.4932275
 20
59.0
 10
175.47058950000002
 20
59.0
 10
175.4456519
 20
59.0
 10
175.41853179999998
 20
59.0
 10
175.3893567
 20
59.0
 10
175.3582636
 20
59.0
 10
175.32539889999998
 20
59.0
  0
LWPOLYLINE
  5
2B1
330
17
100
AcDbEntity
  8
OUTLINE
100
AcDbPolyline
 90
6
 70
0
 10
62.7416574
 20
56.0
 10
62.5027895
 20
55.2719779
 10
62.2779622
 20
54.7843648
 10
62.0505008
 20
54.422872
 10
61.986187
 20
54.3412588
 10
61.921626
 20
54.267949200000004
  0
LWPOLYLINE
  5
2B2
330
17
100
AcDbEntity
  8
OUTLINE
100
AcDbPolyline
 90
2
 70
0
 10
61.8976275
 20
54.2425093
 10
61.8640907
 20
54.2076919
  0
LWPOLYLINE
  5
2B3
330
17
100
AcDbEntity
  8
OUTLINE
100
AcDbPolyline
 90
2
 70
0
 10
61.7340734
 20
54.0802667
 10
61.7337188
 20
54.0799347
  0
LWPOLYLINE
  5
2B4
330
17
100
AcDbEntity
  8
OUTLINE
100
AcDbPolyline
 90
2
 70
0
 10
61.7220029
 20
54.069010399999996
 10
61.7000466
 20
54.0487717
  0
LWPOLYLINE
  5
2B5
330
17
100
AcDbEntity
  8
OUTLINE
100
AcDbPolyline
 90
2
 70
0
 10
61.8719722
 20
54.2157989
 10
61.8654628
 20
54.2091
  0
LWPOLYLINE
  5
2B6
330
17
100
AcDbEntity
  8
OUTLINE
100
AcDbPolyline
 90
2
 70
0
 10
62.8729833
 20
57.0
 10
62.8729833
 20
65.0
  0
LWPOLYLINE
  5
2B7
330
17
100
AcDbEntity
  8
OUTLINE
100
AcDbPolyline
 90
4
 70
0
 10
62.8729833
 20
57.0
 10
62.8583176
 20
56.6632729
 10
62.8144315
 20
56.329096
 10
62.7416574
 20
56.0
  0
LWPOLYLINE
  5
2B8
330
17
100
AcDbEntity
  8
OUTLINE
100
AcDbPolyline
 90
8
 70
0
 10
59.0
 20
53.0
 10
59.4668858
 20
53.0273412
 10
59.9273891
 20
53.1089912
 10
60.3752143
 20
53.2438336
 10
60.8042395
 20
53.4300252
 10
61.2085996
 20
53.6650206
 10
61.5827668
 20
53.9456072
 10
61.921626
 20
54.267949200000004
  0
LWPOLYLINE
  5
2B9
330
17
100
AcDbEntity
  8
OUTLINE
100
AcDbPolyline
 90
2
 70
0
 10
49.0
 20
53.0
 10
59.0
 20
53.0
  0
LWPOLYLINE
  5
2BA
330
17
100
AcDbEntity
  8
OUTLINE
100
AcDbPolyline
 90
14
 70
0
 10
49.0
 20
69.0
 10
48.5178533
 20
68.97083549999999
 10
48.0427373
 20
68.8837673
 10
47.5815805
 20
68.740065
 10
47.1411073
 20
68.5418241
 10
46.727741
 20
68.2919355
 10
46.3475094
 20
67.994043
 10
46.005957
 20
67.6524906
 10
45.7080645
 20
67.272259
 10
45.4581759
 20
66.8588927
 10
45.259935
 20
66.4184195
 10
45.1162327
 20
65.9572627
 10
45.0291645
 20
65.4821467
 10
45.0
 20
65.0
  0
LWPOLYLINE
  5
2BB
330
17
100
AcDbEntity
  8
OUTLINE
100
AcDbPolyline
 90
2
 70
0
 10
45.0
 20
57.0
 10
45.0
 20
65.0
  0
LWPOLYLINE
  5
2BC
330
17
100
AcDbEntity
  8
OUTLINE
100
AcDbPolyline
 90
14
 70
0
 10
49.0
 20
53.0
 10
48.5178533
 20
53.0291645
 10
48.0427373
 20
53.1162327
 10
47.5815805
 20
53.259935
 10
47.1411073
 20
53.4581759
 10
46.727741
 20
53.7080645
 10
46.3475094
 20
54.005957
 10
46.005957
 20
54.3475094
 10
45.7080645
 20
54.727741
 10
45.4581759
 20
55.1411073
 10
45.259935
 20
55.5815805
 10
45.1162327
 20
56.0427373
 10
45.0291645
 20
56.5178533
 10
45.0
 20
57.0
  0
LWPOLYLINE
  5
2BD
330
17
100
AcDbEntity
  8
OUTLINE
100
AcDbPolyline
 90
2
 70
0
 10
94.0
 20
51.0
 10
114.0
 20
51.0
  0
LWPOLYLINE
  5
2BE
330
17
100
AcDbEntity
  8
OUTLINE
100
AcDbPolyline
 90
2
 70
0
 10
168.0241571
 20
57.0
 10
168.0241571
 20
59.0
  0
LWPOLYLINE
  5
2BF
330
17
100
AcDbEntity
  8
OUTLINE
100
AcDbPolyline
 90
2
 70
0
 10
175.581253
 20
57.0
 10
175.581253
 20
59.0
  0
LINE
  5
2C0
330
17
100
AcDbEntity
  8
DIM
100
AcDbLine
 10
45.0
 20
51.0
 30
0.0
 11
188.5
 21
51.0
 31
0.0
  0
LINE
  5
2C1
330
17
100
AcDbEntity
  8
DIM
100
AcDbLine
 10
45.0
 20
71.0
 30
0.0
 11
188.5
 21
71.0
 31
0.0
  0
LINE
  5
2C2
330
17
100
AcDbEntity
  8
DIM
100
AcDbLine
 10
187.0
 20
51.0
 30
0.0
 11
187.0
 21
71.0
 31
0.0
  0
LINE
  5
2C3
330
17
100
AcDbEntity
  8
DIM
100
AcDbLine
 10
187.0
 20
51.0
 30
0.0
 11
187.68579561491092
 21
52.87874542569476
 31
0.0
  0
LINE
  5
2C4
330
17
100
AcDbEntity
  8
DIM
100
AcDbLine
 10
187.0
 20
51.0
 30
0.0
 11
186.31420438508908
 21
52.87874542569476
 31
0.0
  0
LINE
  5
2C5
330
17
100
AcDbEntity
  8
DIM
100
AcDbLine
 10
187.0
 20
71.0
 30
0.0
 11
186.31420438508908
 21
69.12125457430524
 31
0.0
  0
LINE
  5
2C6
330
17
100
AcDbEntity
  8
DIM
100
AcDbLine
 10
187.0
 20
71.0
 30
0.0
 11
187.68579561491092
 21
69.12125457430524
 31
0.0
  0
TEXT
  5
2C7
330
17
100
AcDbEntity
  8
TEXT
100
AcDbText
 10
185.2
 20
61.0
 30
0.0
 40
2.8
  1
20 总高
 50
90.0
  7
CJK
 72
1
 11
185.2
 21
61.0
 31
0.0
100
AcDbText
  0
TEXT
  5
2C8
330
17
100
AcDbEntity
  8
TEXT
100
AcDbText
 10
103.0
 20
46.0
 30
0.0
 40
2.7
  1
前视 -Y | 1:1
  7
CJK
 72
1
 11
103.0
 21
46.0
 31
0.0
100
AcDbText
  0
LWPOLYLINE
  5
2C9
330
17
100
AcDbEntity
  8
TANGENT
100
AcDbPolyline
 90
6
 70
0
 10
365.62222064090156
 20
224.59937601340428
 10
365.73933005509065
 20
224.56383389696867
 10
365.8480217670151
 20
224.55260421401744
 10
365.94510984341264
 20
224.56352904232693
 10
366.028940640914
 20
224.59403458498795
 10
366.08828219659364
 20
224.63288626813645
  0
LWPOLYLINE
  5
2CA
330
17
100
AcDbEntity
  8
TANGENT
100
AcDbPolyline
 90
2
 70
0
 10
365.62222064090156
 20
224.59937601340428
 10
368.57518104402806
 20
227.01829952015927
  0
LWPOLYLINE
  5
2CB
330
17
100
AcDbEntity
  8
TANGENT
100
AcDbPolyline
 90
6
 70
0
 10
369.0412425629463
 20
227.0518098116652
 10
368.9696793515819
 20
227.00698397043016
 10
368.88590378829906
 20
226.97981656770958
 10
368.7906414565643
 20
226.97161101338565
 10
368.68517458456205
 20
226.98424961019577
 10
368.57518104402806
 20
227.01829952015927
  0
LWPOLYLINE
  5
2CC
330
17
100
AcDbEntity
  8
TANGENT
100
AcDbPolyline
 90
5
 70
0
 10
365.62222064090156
 20
224.59937601340428
 10
365.5325247195733
 20
224.5396773843144
 10
365.4534623046641
 20
224.5114451600007
 10
365.3862313756267
 20
224.50915356508438
 10
365.34811752161363
 20
224.51935292024876
  0
LWPOLYLINE
  5
2CD
330
17
100
AcDbEntity
  8
TANGENT
100
AcDbPolyline
 90
2
 70
0
 10
353.40681076202947
 20
233.11025899315138
 10
368.57518104402806
 20
227.01829952015927
  0
LWPOLYLINE
  5
2CE
330
17
100
AcDbEntity
  8
TANGENT
100
AcDbPolyline
 90
2
 70
0
 10
350.4538503956768
 20
230.6913354496226
 10
365.62222064090156
 20
224.59937601340428
  0
LWPOLYLINE
  5
2CF
330
17
100
AcDbEntity
  8
TANGENT
100
AcDbPolyline
 90
6
 70
0
 10
368.9405151325708
 20
227.61879686131545
 10
368.8777992515506
 20
227.44891460801924
 10
368.7961693648224
 20
227.28860298855932
 10
368.7027624909652
 20
227.1510210958374
 10
368.6397319367038
 20
227.0782715623085
 10
368.57518104402806
 20
227.01829952015927
  0
LWPOLYLINE
  5
2D0
330
17
100
AcDbEntity
  8
TANGENT
100
AcDbPolyline
 90
2
 70
0
 10
342.5980649221283
 20
205.67258711412288
 10
365.5458829057236
 20
224.47033917054947
  0
LWPOLYLINE
  5
2D1
330
17
100
AcDbEntity
  8
TANGENT
100
AcDbPolyline
 90
2
 70
0
 10
337.8453741434965
 20
207.66321570116185
 10
360.7012389943321
 20
226.38564409618627
  0
LWPOLYLINE
  5
2D2
330
17
100
AcDbEntity
  8
TANGENT
100
AcDbPolyline
 90
8
 70
0
 10
322.869293261928
 20
208.7670986983094
 10
323.0354409907019
 20
208.71188003504983
 10
323.1943696953659
 20
208.68121989541487
 10
323.3434090478366
 20
208.67388073136354
 10
323.48071454882296
 20
208.6881901081247
 10
323.6051689740945
 20
208.7223646444309
 10
323.6799326075908
 20
208.75498592978911
 10
323.74938393750506
 20
208.7955828230207
  0
LWPOLYLINE
  5
2D3
330
17
100
AcDbEntity
  8
TANGENT
100
AcDbPolyline
 90
8
 70
0
 10
353.7008390924463
 20
233.33037853337737
 10
353.5952854343217
 20
233.27274140565814
 10
353.47735283905223
 20
233.2328064772524
 10
353.34750759817695
 20
233.21157712076578
 10
353.20646577075297
 20
233.21038690058057
 10
353.0554281310406
 20
233.2307165129755
 10
352.93865413050503
 20
233.26032341475826
 10
352.82074841686926
 20
233.30189444543984
  0
LWPOLYLINE
  5
2D4
330
17
100
AcDbEntity
  8
TANGENT
100
AcDbPolyline
 90
2
 70
0
 10
322.869293261928
 20
208.7670986983094
 10
352.82074841686926
 20
233.30189444543984
  0
LWPOLYLINE
  5
2D5
330
17
100
AcDbEntity
  8
TANGENT
100
AcDbPolyline
 90
2
 70
0
 10
354.1700804401792
 20
233.9211645809862
 10
364.1773016836949
 20
229.9020389443336
  0
LWPOLYLINE
  5
2D6
330
17
100
AcDbEntity
  8
TANGENT
100
AcDbPolyline
 90
6
 70
0
 10
339.04557734372736
 20
202.82906430551424
 10
339.1626867211427
 20
202.79352218907863
 10
339.2713784330671
 20
202.78229250612736
 10
339.36846650946467
 20
202.79321733443686
 10
339.45229730696605
 20
202.8237228770979
 10
339.5116388626456
 20
202.86257456024637
  0
LWPOLYLINE
  5
2D7
330
17
100
AcDbEntity
  8
TANGENT
100
AcDbPolyline
 90
2
 70
0
 10
339.04557734372736
 20
202.82906430551424
 10
341.9985377100801
 20
205.24798781226923
  0
LWPOLYLINE
  5
2D8
330
17
100
AcDbEntity
  8
TANGENT
100
AcDbPolyline
 90
6
 70
0
 10
342.46459922899834
 20
205.28149810377516
 10
342.39303601763385
 20
205.23667226254008
 10
342.30926045435103
 20
205.20950485981953
 10
342.2139981226163
 20
205.20129930549558
 10
342.1085312506141
 20
205.2139379023057
 10
341.9985377100801
 20
205.24798781226923
  0
LWPOLYLINE
  5
2D9
330
17
100
AcDbEntity
  8
TANGENT
100
AcDbPolyline
 90
6
 70
0
 10
342.3638717986228
 20
205.84848515342537
 10
342.3011559543764
 20
205.6786029001292
 10
342.2195260308744
 20
205.51829128066925
 10
342.12611915701723
 20
205.38070938794732
 10
342.06308863952955
 20
205.3079598544184
 10
341.9985377100801
 20
205.24798781226923
  0
LWPOLYLINE
  5
2DA
330
17
100
AcDbEntity
  8
TANGENT
100
AcDbPolyline
 90
2
 70
0
 10
337.6006583497469
 20
208.13172723644357
 10
360.15325005202624
 20
226.60572881164197
  0
LWPOLYLINE
  5
2DB
330
17
100
AcDbEntity
  8
TANGENT
100
AcDbPolyline
 90
2
 70
0
 10
327.76586211936575
 20
212.08160310027372
 10
337.6006583497469
 20
208.13172723644357
  0
LWPOLYLINE
  5
2DC
330
17
100
AcDbEntity
  8
TANGENT
100
AcDbPolyline
 90
2
 70
0
 10
326.8301674280815
 20
211.3399472852613
 10
341.9985377100801
 20
205.24798781226923
  0
LWPOLYLINE
  5
2DD
330
17
100
AcDbEntity
  8
TANGENT
100
AcDbPolyline
 90
6
 70
0
 10
322.869293261928
 20
208.7670986983094
 10
322.74195672837016
 20
208.6765931286521
 10
322.62430600412955
 20
208.61833261180294
 10
322.5179096380471
 20
208.58873523442935
 10
322.4229327443979
 20
208.583899151307
 10
322.3210869498046
 20
208.60705251199838
  0
LWPOLYLINE
  5
2DE
330
17
100
AcDbEntity
  8
TANGENT
100
AcDbPolyline
 90
5
 70
0
 10
339.04557734372736
 20
202.82906430551424
 10
338.95588138562533
 20
202.76936567642434
 10
338.87681900748987
 20
202.74113345211063
 10
338.80958804167875
 20
202.7388418571943
 10
338.77147418766566
 20
202.7490412123587
  0
LWPOLYLINE
  5
2DF
330
17
100
AcDbEntity
  8
TANGENT
100
AcDbPolyline
 90
2
 70
0
 10
323.87720706172877
 20
208.92102374173254
 10
339.04557734372736
 20
202.82906430551424
  0
LWPOLYLINE
  5
2E0
330
17
100
AcDbEntity
  8
TANGENT
100
AcDbPolyline
 90
2
 70
0
 10
330.2334198336297
 20
214.1029080809587
 10
337.6006583497469
 20
211.14405898201196
  0
LWPOLYLINE
  5
2E1
330
17
100
AcDbEntity
  8
TANGENT
100
AcDbPolyline
 90
8
 70
0
 10
353.6644513996979
 20
235.1979481497999
 10
353.83463435219863
 20
235.11809197283486
 10
353.97768424868997
 20
235.02786603100577
 10
354.09258263931616
 20
234.93070565735545
 10
354.1797994194467
 20
234.8296023989415
 10
354.24080123777605
 20
234.72684998355953
 10
354.2774619758459
 20
234.62393113004626
 10
354.2916996437347
 20
234.50682715837672
  0
LWPOLYLINE
  5
2E2
330
17
100
AcDbEntity
  8
TANGENT
100
AcDbPolyline
 90
11
 70
0
 10
353.6644513996979
 20
235.1979481497999
 10
353.65377615503786
 20
234.99813299515532
 10
353.6202719679795
 20
234.77696113642162
 10
353.5627721903311
 20
234.5411969266845
 10
353.48183052490816
 20
234.29969214591563
 10
353.37989309005343
 20
234.06252431774408
 10
353.2611427194495
 20
233.83981880848748
 10
353.1310234403606
 20
233.64049473090995
 10
352.9955397860162
 20
233.47121663405642
 10
352.90862201349637
 20
233.38042945078672
 10
352.82074841686926
 20
233.30189444543984
  0
LWPOLYLINE
  5
2E3
330
17
100
AcDbEntity
  8
TANGENT
100
AcDbPolyline
 90
2
 70
0
 10
319.8569614795859
 20
209.97691905120914
 10
349.8084166713009
 20
234.51171479833957
  0
LWPOLYLINE
  5
2E4
330
17
100
AcDbEntity
  8
TANGENT
100
AcDbPolyline
 90
2
 70
0
 10
319.8569614795859
 20
209.97691905120914
 10
322.869293261928
 20
208.7670986983094
  0
LWPOLYLINE
  5
2E5
330
17
100
AcDbEntity
  8
TANGENT
100
AcDbPolyline
 90
2
 70
0
 10
349.8084166713009
 20
234.51171479833957
 10
352.82074841686926
 20
233.30189444543984
  0
LWPOLYLINE
  5
2E6
330
17
100
AcDbEntity
  8
TANGENT
100
AcDbPolyline
 90
2
 70
0
 10
354.2916996437347
 20
236.8846513317348
 10
364.1773016836949
 20
232.914370689902
  0
LWPOLYLINE
  5
2E7
330
17
100
AcDbEntity
  8
TANGENT
100
AcDbPolyline
 90
2
 70
0
 10
353.95768916737785
 20
195.91447580018297
 10
353.95768916737785
 20
195.31200944371454
  0
LWPOLYLINE
  5
2E8
330
17
100
AcDbEntity
  8
TANGENT
100
AcDbPolyline
 90
2
 70
0
 10
351.8248098884229
 20
195.91447580018297
 10
351.8248098884229
 20
195.31200944371454
  0
LWPOLYLINE
  5
2E9
330
17
100
AcDbEntity
  8
TANGENT
100
AcDbPolyline
 90
2
 70
0
 10
391.81449125425615
 20
226.08124964150974
 10
391.81449125425615
 20
225.4787832850413
  0
LWPOLYLINE
  5
2EA
330
17
100
AcDbEntity
  8
TANGENT
100
AcDbPolyline
 90
2
 70
0
 10
391.08500355230393
 20
227.23084075643823
 10
391.08500355230393
 20
226.6283743999698
  0
LWPOLYLINE
  5
2EB
330
17
100
AcDbEntity
  8
TANGENT
100
AcDbPolyline
 90
2
 70
0
 10
390.8022030293756
 20
227.3064794588194
 10
390.8022030293756
 20
226.70401310235098
  0
LWPOLYLINE
  5
2EC
330
17
100
AcDbEntity
  8
TANGENT
100
AcDbPolyline
 90
2
 70
0
 10
389.8346335972546
 20
227.1044850531584
 10
389.8346335972546
 20
226.50201869669
  0
LWPOLYLINE
  5
2ED
330
17
100
AcDbEntity
  8
TANGENT
100
AcDbPolyline
 90
2
 70
0
 10
337.6006583497469
 20
211.14405898201196
 10
357.68569233776225
 20
227.59675561329917
  0
LWPOLYLINE
  5
2EE
330
17
100
AcDbEntity
  8
TANGENT
100
AcDbPolyline
 90
6
 70
0
 10
319.8569614795859
 20
209.97691905120914
 10
319.72962494602797
 20
209.88641344477804
 10
319.6119742585612
 20
209.82815296470264
 10
319.5055778557049
 20
209.79855558732908
 10
319.41060096205575
 20
209.79371950420673
 10
319.30875520423626
 20
209.81687286489807
  0
LWPOLYLINE
  5
2EF
330
17
100
AcDbEntity
  8
TANGENT
100
AcDbPolyline
 90
2
 70
0
 10
353.6644513996979
 20
237.60781357567367
 10
353.6644513996979
 20
235.1979481497999
  0
LWPOLYLINE
  5
2F0
330
17
100
AcDbEntity
  8
TANGENT
100
AcDbPolyline
 90
9
 70
0
 10
354.2916996437347
 20
236.91669254747666
 10
354.2810148011179
 20
237.01820046457314
 10
354.2488054924246
 20
237.1189549604512
 10
354.1942295613036
 20
237.2187049805102
 10
354.1159107857871
 20
237.31665757171757
 10
354.01240373565196
 20
237.4113187256859
 10
353.882718387175
 20
237.50047877948222
 10
353.77816784423953
 20
237.55721222831522
 10
353.6644513996979
 20
237.60781357567367
  0
LWPOLYLINE
  5
2F1
330
17
100
AcDbEntity
  8
TANGENT
100
AcDbPolyline
 90
11
 70
0
 10
350.65211961735577
 20
236.40776850269964
 10
350.64144440946944
 20
236.20795334805504
 10
350.60794018563735
 20
235.98678148932134
 10
350.5504404079889
 20
235.75101727958423
 10
350.46949877933974
 20
235.50951249881535
 10
350.3675613077113
 20
235.27234467064378
 10
350.2488109371073
 20
235.04963916138718
 10
350.1186916947922
 20
234.85031504703588
 10
349.98320804044783
 20
234.68103698695614
 10
349.89629026792795
 20
234.59024980368642
 10
349.8084166713009
 20
234.51171479833957
  0
LWPOLYLINE
  5
2F2
330
17
100
AcDbEntity
  8
TANGENT
100
AcDbPolyline
 90
2
 70
0
 10
350.65211961735577
 20
236.40776850269964
 10
353.6644513996979
 20
235.1979481497999
  0
LWPOLYLINE
  5
2F3
330
17
100
AcDbEntity
  8
TANGENT
100
AcDbPolyline
 90
12
 70
0
 10
319.8569614795859
 20
209.97691905120914
 10
319.690813750812
 20
210.05515773343134
 10
319.5242814418399
 20
210.1573673678106
 10
319.36157982082653
 20
210.28241855799484
 10
319.207208858539
 20
210.4280733987876
 10
319.0656277068477
 20
210.59101438033935
 10
318.940904207823
 20
210.76700828888804
 10
318.83639146833406
 20
210.95118936487034
 10
318.7544812550758
 20
211.1384227014222
 10
318.69647282249315
 20
211.32369437741787
 10
318.6625754869456
 20
211.50246897216584
 10
318.6520288034228
 20
211.66577989795113
  0
LWPOLYLINE
  5
2F4
330
17
100
AcDbEntity
  8
TANGENT
100
AcDbPolyline
 90
2
 70
0
 10
318.6520288034228
 20
211.66577989795113
 10
348.603483958364
 20
236.20057564508156
  0
LWPOLYLINE
  5
2F5
330
17
100
AcDbEntity
  8
TANGENT
100
AcDbPolyline
 90
12
 70
0
 10
348.603483958364
 20
236.20057564508156
 10
348.6141659693997
 20
236.03619772805007
 10
348.6471339211883
 20
235.86166469471235
 10
348.70333628308083
 20
235.68020175272838
 10
348.7829416996355
 20
235.4958372123543
 10
348.88514659019705
 20
235.31322155944142
 10
349.0080824789695
 20
235.1373422379933
 10
349.148846223064
 20
234.97316613547014
 10
349.3036575513751
 20
234.82525816513564
 10
349.46812681447784
 20
234.69743250352101
 10
349.63759473758716
 20
234.59249079788054
 10
349.8084166713009
 20
234.51171479833957
  0
LWPOLYLINE
  5
2F6
330
17
100
AcDbEntity
  8
TANGENT
100
AcDbPolyline
 90
8
 70
0
 10
353.36895472899266
 20
238.2816714467246
 10
353.4421325667451
 20
238.24076716146035
 10
353.50702586009265
 20
238.17975438454437
 10
353.5633920491781
 20
238.09685208823117
 10
353.60979666236494
 20
237.9896688000161
 10
353.6437631693939
 20
237.85606200588964
 10
353.6621446907577
 20
237.69496302301175
 10
353.6644513996979
 20
237.60781357567367
  0
LWPOLYLINE
  5
2F7
330
17
100
AcDbEntity
  8
TANGENT
100
AcDbPolyline
 90
6
 70
0
 10
318.6520288034228
 20
211.66577989795113
 10
318.5480105977363
 20
211.5667660154336
 10
318.47119119957915
 20
211.46479313065433
 10
318.41987346219946
 20
211.36184463747384
 10
318.39218751239764
 20
211.2590925898297
 10
318.3860102527204
 20
211.181851764146
  0
LWPOLYLINE
  5
2F8
330
17
100
AcDbEntity
  8
TANGENT
100
AcDbPolyline
 90
2
 70
0
 10
350.65211961735577
 20
238.8176338917996
 10
350.65211961735577
 20
236.40776850269964
  0
LWPOLYLINE
  5
2F9
330
17
100
AcDbEntity
  8
TANGENT
100
AcDbPolyline
 90
2
 70
0
 10
350.65211961735577
 20
238.8176338917996
 10
353.6644513996979
 20
237.60781357567367
  0
LWPOLYLINE
  5
2FA
330
17
100
AcDbEntity
  8
TANGENT
100
AcDbPolyline
 90
11
 70
0
 10
350.65211961735577
 20
236.40776850269964
 10
350.4630849171577
 20
236.47218222917348
 10
350.2537494352088
 20
236.5207550612425
 10
350.0294540850924
 20
236.5507704094072
 10
349.7969442078496
 20
236.5603247892324
 10
349.5638448101289
 20
236.54860664015246
 10
349.3379684080863
 20
236.5160361026116
 10
349.1265725647539
 20
236.464232620363
 10
348.9357013084016
 20
236.395812721449
 10
348.7697271518725
 20
236.31405471486897
 10
348.603483958364
 20
236.20057564508156
  0
LWPOLYLINE
  5
2FB
330
17
100
AcDbEntity
  8
TANGENT
100
AcDbPolyline
 90
2
 70
0
 10
318.6520288034228
 20
214.0756452870511
 10
318.6520288034228
 20
211.66577989795113
  0
LWPOLYLINE
  5
2FC
330
17
100
AcDbEntity
  8
TANGENT
100
AcDbPolyline
 90
2
 70
0
 10
318.6520288034228
 20
214.0756452870511
 10
348.603483958364
 20
238.61044103418152
  0
LWPOLYLINE
  5
2FD
330
17
100
AcDbEntity
  8
TANGENT
100
AcDbPolyline
 90
2
 70
0
 10
348.603483958364
 20
238.61044103418152
 10
348.603483958364
 20
236.20057564508156
  0
LWPOLYLINE
  5
2FE
330
17
100
AcDbEntity
  8
TANGENT
100
AcDbPolyline
 90
8
 70
0
 10
350.3566229834243
 20
239.4914917996243
 10
350.4298008211767
 20
239.45058751436005
 10
350.49469407775047
 20
239.3895747374441
 10
350.5510603036097
 20
239.30667244113087
 10
350.5974649167965
 20
239.19948915291582
 10
350.6314314238255
 20
239.06588235878937
 10
350.64981294518935
 20
238.90478337591148
 10
350.65211961735577
 20
238.8176338917996
  0
LWPOLYLINE
  5
2FF
330
17
100
AcDbEntity
  8
TANGENT
100
AcDbPolyline
 90
8
 70
0
 10
318.9248384049756
 20
214.72962931994473
 10
318.8397447222984
 20
214.64611257053028
 10
318.7691544716229
 20
214.54681218348753
 10
318.71392308463527
 20
214.43200363120752
 10
318.6753061653026
 20
214.30199445281798
 10
318.6548838094328
 20
214.1573965272555
 10
318.65274276637456
 20
214.11683206849844
 10
318.6520288034228
 20
214.0756452870511
  0
LWPOLYLINE
  5
300
330
17
100
AcDbEntity
  8
TANGENT
100
AcDbPolyline
 90
8
 70
0
 10
348.8762935966906
 20
239.26442506707517
 10
348.7911998772396
 20
239.18090831766074
 10
348.72060962656417
 20
239.08160793061796
 10
348.66537823957646
 20
238.96679937833795
 10
348.62676132024376
 20
238.8367901999484
 10
348.6063390011478
 20
238.69219227438592
 10
348.60419792131574
 20
238.65162781562887
 10
348.603483958364
 20
238.61044103418152
  0
LWPOLYLINE
  5
301
330
17
100
AcDbEntity
  8
TANGENT
100
AcDbPolyline
 90
6
 70
0
 10
318.6520288034228
 20
214.0756452870511
 10
318.5480105977363
 20
213.97663140453355
 10
318.47119119957915
 20
213.87465855652806
 10
318.41987346219946
 20
213.77171002657377
 10
318.39218751239764
 20
213.66895801570342
 10
318.3860102527204
 20
213.59171715324595
  0
LWPOLYLINE
  5
302
330
17
100
AcDbEntity
  8
TANGENT
100
AcDbPolyline
 90
12
 70
0
 10
348.603483958364
 20
238.61044103418152
 10
348.730122488791
 20
238.70037010127925
 10
348.8830268759316
 20
238.78233709325485
 10
349.06101315114324
 20
238.8531881803566
 10
349.2612560584046
 20
238.90967325907494
 10
349.4791985540411
 20
238.94881288092608
 10
349.70871177267077
 20
238.96827544112034
 10
349.9425109018901
 20
238.96670277361613
 10
350.1727800055815
 20
238.9439220784181
 10
350.39190702146715
 20
238.9009975519651
 10
350.52570400958723
 20
238.8631057380397
 10
350.65211961735577
 20
238.8176338917996
  0
LWPOLYLINE
  5
303
330
17
100
AcDbEntity
  8
OUTLINE
100
AcDbPolyline
 90
2
 70
0
 10
350.4538503956768
 20
230.6913354496226
 10
353.40681076202947
 20
233.11025899315138
  0
LWPOLYLINE
  5
304
330
17
100
AcDbEntity
  8
OUTLINE
100
AcDbPolyline
 90
2
 70
0
 10
319.8210240450081
 20
186.64698975066278
 10
322.14120719262615
 20
188.54757251385038
  0
LWPOLYLINE
  5
305
330
17
100
AcDbEntity
  8
OUTLINE
100
AcDbPolyline
 90
11
 70
0
 10
319.8210240450081
 20
186.64698975066278
 10
319.6701745399576
 20
186.26717771434826
 10
319.500283975787
 20
185.89717898204864
 10
319.31436967797407
 20
185.54324972997446
 10
319.11590209852216
 20
185.2110479352461
 10
318.9086206528665
 20
184.90536790597105
 10
318.69633561951747
 20
184.6299446447308
 10
318.4827342686893
 20
184.38734304917963
 10
318.27120743715017
 20
184.17893731872744
 10
318.2024494400967
 20
184.11780267350233
 10
318.1336181161246
 20
184.05981501810572
  0
LWPOLYLINE
  5
306
330
17
100
AcDbEntity
  8
OUTLINE
100
AcDbPolyline
 90
2
 70
0
 10
322.14120719262615
 20
188.7411778272481
 10
322.14120719262615
 20
188.54757251385038
  0
LWPOLYLINE
  5
307
330
17
100
AcDbEntity
  8
OUTLINE
100
AcDbPolyline
 90
9
 70
0
 10
318.1336181161246
 20
184.05981501810572
 10
317.9318182437633
 20
183.90832844407893
 10
317.73873394129015
 20
183.78960587445312
 10
317.55577563028896
 20
183.70171878184854
 10
317.3837513778162
 20
183.64235082259444
 10
317.22291451844694
 20
183.60906062216583
 10
317.0730479030063
 20
183.5995401477664
 10
316.93358440624877
 20
183.61185112696452
 10
316.76310240936357
 20
183.6596995523281
  0
LWPOLYLINE
  5
308
330
17
100
AcDbEntity
  8
OUTLINE
100
AcDbPolyline
 90
2
 70
0
 10
386.68448387129234
 20
241.41832953448645
 10
388.92640855239426
 20
243.25480673548222
  0
LWPOLYLINE
  5
309
330
17
100
AcDbEntity
  8
OUTLINE
100
AcDbPolyline
 90
9
 70
0
 10
390.692072947794
 20
243.49622160435734
 10
390.4902730386589
 20
243.34473503033055
 10
390.2971887361858
 20
243.22601242393097
 10
390.1142304251846
 20
243.13812533132636
 10
389.94220617271185
 20
243.07875740884606
 10
389.78136931334257
 20
243.04546720841745
 10
389.6315026979019
 20
243.035946734018
 10
389.4920392011444
 20
243.04825771321615
 10
389.3215572042592
 20
243.09610613857973
  0
LWPOLYLINE
  5
30A
330
17
100
AcDbEntity
  8
OUTLINE
100
AcDbPolyline
 90
26
 70
0
 10
392.06258865455493
 20
249.9210005980455
 10
392.1807819759293
 20
249.86200872424635
 10
392.2908517117369
 20
249.78306700088527
 10
392.39293808040327
 20
249.68330256550422
 10
392.48671581783856
 20
249.56138740656183
 10
392.5713651261501
 20
249.41574532627098
 10
392.6455981507651
 20
249.24477677549373
 10
392.7077295860891
 20
249.0470845344335
 10
392.7557798995086
 20
248.8216901263342
 10
392.7876022744817
 20
248.56823357265682
 10
392.80102753600795
 20
248.28714825240655
 10
392.7940206598388
 20
247.9798000541189
 10
392.76484143712526
 20
247.6485778393601
 10
392.71219962299864
 20
247.29692208950215
 10
392.6353927279269
 20
246.9292811081503
 10
392.53441354424893
 20
246.55098929992872
 10
392.4100154564094
 20
246.16806884948159
 10
392.2637263414476
 20
245.7869663844295
 10
392.0978062056023
 20
245.41424337691015
 10
391.91515002798315
 20
245.0562473492053
 10
391.7191430925173
 20
244.71879348634764
 10
391.5134821938282
 20
244.40688669988657
 10
391.3019789710563
 20
244.12450889156705
 10
391.08836383006036
 20
243.87448873737208
 10
390.8761066712371
 20
243.65846101572143
 10
390.692072947794
 20
243.49622160435734
  0
LWPOLYLINE
  5
30B
330
17
100
AcDbEntity
  8
OUTLINE
100
AcDbPolyline
 90
5
 70
0
 10
369.1747082560763
 20
227.44289885878672
 10
369.12228576077763
 20
227.50660104937836
 10
369.0448694506126
 20
227.56629464046028
 10
368.9951932948021
 20
227.59418119123566
 10
368.9405151325708
 20
227.61879686131545
  0
LWPOLYLINE
  5
30C
330
17
100
AcDbEntity
  8
OUTLINE
100
AcDbPolyline
 90
2
 70
0
 10
369.25138044878946
 20
227.3315735925595
 10
369.25145995370326
 20
227.33168089845148
  0
LWPOLYLINE
  5
30D
330
17
100
AcDbEntity
  8
OUTLINE
100
AcDbPolyline
 90
4
 70
0
 10
369.25145995370326
 20
227.33168089845148
 10
369.25029595322366
 20
227.3344012021029
 10
369.23047315707396
 20
227.36119075422704
 10
369.1747082560763
 20
227.44289885878672
  0
LWPOLYLINE
  5
30E
330
17
100
AcDbEntity
  8
OUTLINE
100
AcDbPolyline
 90
2
 70
0
 10
342.6747371148415
 20
205.56126188466942
 10
342.6748166197553
 20
205.56136919056144
  0
LWPOLYLINE
  5
30F
330
17
100
AcDbEntity
  8
OUTLINE
100
AcDbPolyline
 90
4
 70
0
 10
342.6748166197553
 20
205.56136919056144
 10
342.67365265604946
 20
205.56408949421282
 10
342.653829823126
 20
205.590879046337
 10
342.5980649221283
 20
205.67258711412288
  0
LWPOLYLINE
  5
310
330
17
100
AcDbEntity
  8
OUTLINE
100
AcDbPolyline
 90
2
 70
0
 10
337.8453741434965
 20
207.66321570116185
 10
342.3638717986228
 20
205.84848515342537
  0
LWPOLYLINE
  5
311
330
17
100
AcDbEntity
  8
OUTLINE
100
AcDbPolyline
 90
5
 70
0
 10
342.5980649221283
 20
205.67258711412288
 10
342.54564242682966
 20
205.7362893414883
 10
342.4682261166646
 20
205.79598293257024
 10
342.4185499608541
 20
205.82386948334562
 10
342.3638717986228
 20
205.84848515342537
  0
LWPOLYLINE
  5
312
330
17
100
AcDbEntity
  8
OUTLINE
100
AcDbPolyline
 90
5
 70
0
 10
352.0782884328211
 20
215.92056177652077
 10
352.1310435837397
 20
215.97753590974827
 10
352.1571142084518
 20
216.03578973376935
 10
352.16034169608616
 20
216.05374721666826
 10
352.16141920463366
 20
216.0717893160365
  0
LWPOLYLINE
  5
313
330
17
100
AcDbEntity
  8
OUTLINE
100
AcDbPolyline
 90
14
 70
0
 10
352.16141920463366
 20
216.0717893160365
 10
352.15076282492305
 20
216.1282315165266
 10
352.1183457811427
 20
216.18322269717893
 10
352.06218228913633
 20
216.23541951178558
 10
351.98061962487924
 20
216.28138313379463
 10
351.8750231253001
 20
216.31599682258963
 10
351.75160932447403
 20
216.33389076039552
 10
351.62143547309466
 20
216.33139120974948
 10
351.49808275351825
 20
216.3081553654681
 10
351.39383860972333
 20
216.26755545678648
 10
351.3163271290139
 20
216.21547010350903
 10
351.2673975177248
 20
216.15809145869414
 10
351.24844960659107
 20
216.11554724668085
 10
351.2420746878427
 20
216.0717893160365
  0
LWPOLYLINE
  5
314
330
17
100
AcDbEntity
  8
OUTLINE
100
AcDbPolyline
 90
11
 70
0
 10
351.2420746878427
 20
216.0717893160365
 10
351.2527310675533
 20
216.01534711554643
 10
351.2851481113337
 20
215.96035597166787
 10
351.34131160334005
 20
215.9081591570612
 10
351.42287426759714
 20
215.86219549827837
 10
351.52847076717626
 20
215.8275818094834
 10
351.65188456800234
 20
215.80968790845125
 10
351.7820584193817
 20
215.81218742232352
 10
351.90541113895813
 20
215.8354233033787
 10
352.00965528275304
 20
215.87602317528652
 10
352.0782884328211
 20
215.92056177652077
  0
LWPOLYLINE
  5
315
330
17
100
AcDbEntity
  8
OUTLINE
100
AcDbPolyline
 90
3
 70
0
 10
350.3184368321584
 20
230.55561151539533
 10
350.31843811924074
 20
230.55561107410998
 10
350.3184946037678
 20
230.55563810283877
  0
LWPOLYLINE
  5
316
330
17
100
AcDbEntity
  8
OUTLINE
100
AcDbPolyline
 90
3
 70
0
 10
350.3184946037678
 20
230.55563810283877
 10
350.3549287418012
 20
230.60022550287994
 10
350.4538503956768
 20
230.6913354496226
  0
LWPOLYLINE
  5
317
330
17
100
AcDbEntity
  8
OUTLINE
100
AcDbPolyline
 90
3
 70
0
 10
323.74938393750506
 20
208.7955828230207
 10
323.78987506934345
 20
208.8421412977059
 10
323.87720706172877
 20
208.92102374173254
  0
LWPOLYLINE
  5
318
330
17
100
AcDbEntity
  8
OUTLINE
100
AcDbPolyline
 90
2
 70
0
 10
323.87720706172877
 20
208.92102374173254
 10
326.8301674280815
 20
211.3399472852613
  0
LWPOLYLINE
  5
319
330
17
100
AcDbEntity
  8
OUTLINE
100
AcDbPolyline
 90
3
 70
0
 10
327.2357932242501
 20
211.64739609661288
 10
326.995113389703
 20
211.46498501624185
 10
326.8301674280815
 20
211.3399472852613
  0
LWPOLYLINE
  5
31A
330
17
100
AcDbEntity
  8
OUTLINE
100
AcDbPolyline
 90
3
 70
0
 10
353.7008390924463
 20
233.33037853337737
 10
353.5407118567226
 20
233.21260005702274
 10
353.40681076202947
 20
233.11025899315138
  0
LWPOLYLINE
  5
31B
330
17
100
AcDbEntity
  8
OUTLINE
100
AcDbPolyline
 90
8
 70
0
 10
364.1773016836949
 20
229.9020389443336
 10
364.18777588609606
 20
229.79445169613786
 10
364.19839817651194
 20
229.7458954858177
 10
364.216693316265
 20
229.68520782589664
 10
364.2317103676614
 20
229.6462793590941
 10
364.277691163026
 20
229.55923957116997
 10
364.3383262732145
 20
229.4870131814449
 10
364.42201747744446
 20
229.4335274090519
  0
LWPOLYLINE
  5
31C
330
17
100
AcDbEntity
  8
OUTLINE
100
AcDbPolyline
 90
2
 70
0
 10
364.42201747744446
 20
229.4335274090519
 10
368.9405151325708
 20
227.61879686131545
  0
LWPOLYLINE
  5
31D
330
17
100
AcDbEntity
  8
OUTLINE
100
AcDbPolyline
 90
5
 70
0
 10
354.0228635962786
 20
233.65911454637254
 10
353.9170616783607
 20
233.52745198203021
 10
353.7885761112519
 20
233.40154664724227
 10
353.74531462664663
 20
233.36515034942923
 10
353.7008390924463
 20
233.33037853337737
  0
LWPOLYLINE
  5
31E
330
17
100
AcDbEntity
  8
OUTLINE
100
AcDbPolyline
 90
2
 70
0
 10
316.71901002118403
 20
190.72524913436035
 10
317.02024321780516
 20
190.6042671101025
  0
LWPOLYLINE
  5
31F
330
17
100
AcDbEntity
  8
OUTLINE
100
AcDbPolyline
 90
2
 70
0
 10
314.39882687356595
 20
188.82466637117278
 10
316.71901002118403
 20
190.72524913436035
  0
LWPOLYLINE
  5
320
330
17
100
AcDbEntity
  8
OUTLINE
100
AcDbPolyline
 90
2
 70
0
 10
314.39882687356595
 20
188.82466637117278
 10
319.8210240450081
 20
186.64698975066278
  0
LWPOLYLINE
  5
321
330
17
100
AcDbEntity
  8
OUTLINE
100
AcDbPolyline
 90
2
 70
0
 10
321.83997403277885
 20
188.66855453810822
 10
322.14120719262615
 20
188.54757251385038
  0
LWPOLYLINE
  5
322
330
17
100
AcDbEntity
  8
OUTLINE
100
AcDbPolyline
 90
2
 70
0
 10
321.83997403277885
 20
188.66855453810822
 10
338.9692396085494
 20
202.70002746265942
  0
LWPOLYLINE
  5
323
330
17
100
AcDbEntity
  8
OUTLINE
100
AcDbPolyline
 90
2
 70
0
 10
317.02024321780516
 20
190.6042671101025
 10
334.1245956603841
 20
204.61533238829622
  0
LWPOLYLINE
  5
324
330
17
100
AcDbEntity
  8
OUTLINE
100
AcDbPolyline
 90
9
 70
0
 10
312.10895462498775
 20
186.47945572390518
 10
311.90715471585276
 20
186.32796914987836
 10
311.7140704133796
 20
186.20924654347877
 10
311.5311121023784
 20
186.1213594508742
 10
311.3590878499057
 20
186.0619915283939
 10
311.1982509905364
 20
186.02870132796525
 10
311.04838437509574
 20
186.01918085356584
 10
310.908920915112
 20
186.03149179599018
 10
310.738438881453
 20
186.07934025812756
  0
LWPOLYLINE
  5
325
330
17
100
AcDbEntity
  8
OUTLINE
100
AcDbPolyline
 90
35
 70
0
 10
310.738438881453
 20
186.07934025812756
 10
310.6202455600786
 20
186.13833213192672
 10
310.5101758242711
 20
186.2172738552878
 10
310.4080894556047
 20
186.31703829066885
 10
310.3143117181694
 20
186.43895344961123
 10
310.22966240985784
 20
186.5845955299021
 10
310.1554294220166
 20
186.75556404390557
 10
310.0932979499188
 20
186.95325628496576
 10
310.04524763649937
 20
187.17865072983886
 10
310.01342526152627
 20
187.43210728351625
 10
310.0
 20
187.71319260376652
 10
310.00700687616916
 20
188.02054076528037
 10
310.0361861356565
 20
188.3517629800392
 10
310.0888279130093
 20
188.70341876667092
 10
310.16563480808105
 20
189.071059711249
 10
310.266613991759
 20
189.44935151947055
 10
310.39101207959857
 20
189.8322719699177
 10
310.53730123133414
 20
190.21337447174358
 10
310.70322133040565
 20
190.58609747926292
 10
310.8858775080248
 20
190.94409350696776
 10
311.08188444349065
 20
191.28154736982543
 10
311.2875453421797
 20
191.5934541562865
 10
311.49904856495164
 20
191.87583196460602
 10
311.71266370594753
 20
192.125852118801
 10
311.92492086477085
 20
192.34187980367787
 10
312.13275991126284
 20
192.52342754600005
 10
312.3336405862024
 20
192.67103154426354
 10
312.52561042247856
 20
192.78606717463921
 10
312.7073301557729
 20
192.87052117740163
 10
312.878059309238
 20
192.92673795461621
 10
313.03760408504957
 20
192.95715645373838
 10
313.1862291441072
 20
192.96405326598202
 10
313.32453275904857
 20
192.94931025279917
 10
313.4034028470849
 20
192.93049509501364
 10
313.47947033174876
 20
192.90423471759334
  0
LWPOLYLINE
  5
326
330
17
100
AcDbEntity
  8
OUTLINE
100
AcDbPolyline
 90
26
 70
0
 10
313.47947033174876
 20
192.90423471759334
 10
313.5976636531231
 20
192.84524280702038
 10
313.70773338893065
 20
192.7663010836593
 10
313.8098197575971
 20
192.66653664827825
 10
313.90359749503233
 20
192.54462152610967
 10
313.98824680334394
 20
192.39897944581878
 10
314.0624798279589
 20
192.22801089504156
 10
314.12461126328293
 20
192.03031865398134
 10
314.1726615767024
 20
191.80492424588203
 10
314.2044839516755
 20
191.55146769220465
 10
314.2179092132018
 20
191.27038237195438
 10
314.2109023370326
 20
190.96303417366673
 10
314.181723114319
 20
190.6318119589079
 10
314.12908130019247
 20
190.28015620904998
 10
314.0522744051207
 20
189.91251522769812
 10
313.95129522144276
 20
189.53422341947655
 10
313.8268971336032
 20
189.15130296902942
 10
313.6806080186414
 20
188.77020050397732
 10
313.5146878827961
 20
188.39747749645798
 10
313.3320317051769
 20
188.0394814687531
 10
313.1360247697111
 20
187.70202760589547
 10
312.93036387102205
 20
187.3901208194344
 10
312.7188606482501
 20
187.10774301111488
 10
312.5052455072542
 20
186.8577228569199
 10
312.2929883484309
 20
186.64169513526926
 10
312.10895462498775
 20
186.47945572390518
  0
LWPOLYLINE
  5
327
330
17
100
AcDbEntity
  8
OUTLINE
100
AcDbPolyline
 90
15
 70
0
 10
314.39882687356595
 20
192.4394644732096
 10
314.4937762604272
 20
192.32066295027667
 10
314.57973776755443
 20
192.17835614157138
 10
314.6554841803392
 20
192.01093423807103
 10
314.71937899199395
 20
191.81695942172513
 10
314.76947587662914
 20
191.59538382365344
 10
314.8036425801201
 20
191.34575200058237
 10
314.8197039701138
 20
191.06837998638298
 10
314.81559725815725
 20
190.76449977625535
 10
314.78953255402394
 20
190.43635736562777
 10
314.7401495955667
 20
190.08725051682956
 10
314.66665848197675
 20
189.72149544204564
 10
314.56895220155235
 20
189.34431556263024
 10
314.48888303084965
 20
189.08402519019552
 10
314.39882687356595
 20
188.82466637117278
  0
LWPOLYLINE
  5
328
330
17
100
AcDbEntity
  8
OUTLINE
100
AcDbPolyline
 90
5
 70
0
 10
321.83997403277885
 20
188.66855453810822
 10
321.92225433736576
 20
188.64696395277406
 10
321.9945783614785
 20
188.6491628777631
 10
322.03672052574774
 20
188.66266411392024
 10
322.07300481062487
 20
188.68530966547428
  0
LWPOLYLINE
  5
329
330
17
100
AcDbEntity
  8
OUTLINE
100
AcDbPolyline
 90
2
 70
0
 10
316.71901002118403
 20
194.34004723639717
 10
316.8776022089811
 20
194.27635306248976
  0
LWPOLYLINE
  5
32A
330
17
100
AcDbEntity
  8
OUTLINE
100
AcDbPolyline
 90
2
 70
0
 10
314.39882687356595
 20
192.4394644732096
 10
316.71901002118403
 20
194.34004723639717
  0
LWPOLYLINE
  5
32B
330
17
100
AcDbEntity
  8
OUTLINE
100
AcDbPolyline
 90
2
 70
0
 10
336.6838657126919
 20
200.65382626472194
 10
349.3977403640949
 20
195.54764755615776
  0
LWPOLYLINE
  5
32C
330
17
100
AcDbEntity
  8
OUTLINE
100
AcDbPolyline
 90
2
 70
0
 10
369.1747082560763
 20
227.44289885878672
 10
386.3832506746712
 20
241.53931155874426
  0
LWPOLYLINE
  5
32D
330
17
100
AcDbEntity
  8
OUTLINE
100
AcDbPolyline
 90
2
 70
0
 10
340.56869261976095
 20
203.72846231915727
 10
354.43815501295893
 20
198.15817352911995
  0
LWPOLYLINE
  5
32E
330
17
100
AcDbEntity
  8
OUTLINE
100
AcDbPolyline
 90
2
 70
0
 10
354.01654089629886
 20
197.81280749316053
 10
354.43815501295893
 20
198.15817352911995
  0
LWPOLYLINE
  5
32F
330
17
100
AcDbEntity
  8
OUTLINE
100
AcDbPolyline
 90
2
 70
0
 10
354.1783318514077
 20
197.81280749316053
 10
354.01654089629886
 20
197.81280749316053
  0
LWPOLYLINE
  5
330
330
17
100
AcDbEntity
  8
OUTLINE
100
AcDbPolyline
 90
2
 70
0
 10
354.1783318514077
 20
197.81280749316053
 10
354.1783318514077
 20
195.78792037850033
  0
LWPOLYLINE
  5
331
330
17
100
AcDbEntity
  8
OUTLINE
100
AcDbPolyline
 90
6
 70
0
 10
354.1783318514077
 20
195.78792037850033
 10
354.16772018861434
 20
195.82669582960148
 10
354.1350943065336
 20
195.86316744011734
 10
354.0781238139104
 20
195.89396018600542
 10
354.02050606597356
 20
195.90923855188728
 10
353.95768916737785
 20
195.91447580018297
  0
LWPOLYLINE
  5
332
330
17
100
AcDbEntity
  8
OUTLINE
100
AcDbPolyline
 90
2
 70
0
 10
353.95768916737785
 20
195.91447580018297
 10
351.8248098884229
 20
195.91447580018297
  0
LWPOLYLINE
  5
333
330
17
100
AcDbEntity
  8
OUTLINE
100
AcDbPolyline
 90
6
 70
0
 10
351.6041672043931
 20
195.78792037850033
 10
351.6147788671864
 20
195.82669582960148
 10
351.6474047860409
 20
195.86316744011734
 10
351.70437527866414
 20
195.89396018600542
 10
351.7619930266009
 20
195.90923855188728
 10
351.8248098884229
 20
195.91447580018297
  0
LWPOLYLINE
  5
334
330
17
100
AcDbEntity
  8
OUTLINE
100
AcDbPolyline
 90
2
 70
0
 10
351.6041672043931
 20
195.78792037850033
 10
351.6041672043931
 20
195.19732827581078
  0
LWPOLYLINE
  5
335
330
17
100
AcDbEntity
  8
OUTLINE
100
AcDbPolyline
 90
2
 70
0
 10
354.1783318514077
 20
195.19732827581078
 10
354.1783318514077
 20
193.17244119792434
  0
LWPOLYLINE
  5
336
330
17
100
AcDbEntity
  8
OUTLINE
100
AcDbPolyline
 90
2
 70
0
 10
354.1783318514077
 20
193.17244119792434
 10
349.3977403640949
 20
193.17244119792434
  0
LWPOLYLINE
  5
337
330
17
100
AcDbEntity
  8
OUTLINE
100
AcDbPolyline
 90
2
 70
0
 10
349.3977403640949
 20
195.54764755615776
 10
349.3977403640949
 20
193.17244119792434
  0
LWPOLYLINE
  5
338
330
17
100
AcDbEntity
  8
OUTLINE
100
AcDbPolyline
 90
5
 70
0
 10
353.2677910144833
 20
194.18130519544388
 10
353.3205462021757
 20
194.23827936544515
 10
353.34661679011396
 20
194.29653315269246
 10
353.3498442777484
 20
194.31449067236514
 10
353.3509217862958
 20
194.33253277173338
  0
LWPOLYLINE
  5
339
330
17
100
AcDbEntity
  8
OUTLINE
100
AcDbPolyline
 90
3
 70
0
 10
353.3509217862958
 20
194.33253277173338
 10
353.3402654065852
 20
194.3889749354497
 10
353.2852862509592
 20
194.46830649765968
  0
LWPOLYLINE
  5
33A
330
17
100
AcDbEntity
  8
OUTLINE
100
AcDbPolyline
 90
3
 70
0
 10
352.49721284161535
 20
194.46830649765968
 10
352.4521886793811
 20
194.4105985068651
 10
352.4315772695049
 20
194.33253277173338
  0
LWPOLYLINE
  5
33B
330
17
100
AcDbEntity
  8
OUTLINE
100
AcDbPolyline
 90
11
 70
0
 10
352.4315772695049
 20
194.33253277173338
 10
352.44223368598927
 20
194.27609057124332
 10
352.47465069299585
 20
194.22109939059098
 10
352.530814221776
 20
194.1689025759843
 10
352.6123768492593
 20
194.12293895397528
 10
352.7179733856122
 20
194.0883252651803
 10
352.8413871864383
 20
194.07043132737437
 10
352.9715610378177
 20
194.0729308780204
 10
353.0949137206203
 20
194.0961667223018
 10
353.1991578644152
 20
194.1367666309834
 10
353.2677910144833
 20
194.18130519544388
  0
LWPOLYLINE
  5
33C
330
17
100
AcDbEntity
  8
OUTLINE
100
AcDbPolyline
 90
5
 70
0
 10
353.2677910144833
 20
196.50148834306196
 10
353.3205462021757
 20
196.55846251306326
 10
353.34661679011396
 20
196.61671630031054
 10
353.3498442777484
 20
196.63467381998325
 10
353.3509217862958
 20
196.6527159193515
  0
LWPOLYLINE
  5
33D
330
17
100
AcDbEntity
  8
OUTLINE
100
AcDbPolyline
 90
14
 70
0
 10
353.3509217862958
 20
196.6527159193515
 10
353.3402654065852
 20
196.7091580830678
 10
353.3078483995787
 20
196.76414926372013
 10
353.2516848707985
 20
196.8163460783268
 10
353.1701222433152
 20
196.86230970033583
 10
353.0645257069623
 20
196.89692338913082
 10
352.9411119061362
 20
196.91481732693674
 10
352.81093805475683
 20
196.9123177762907
 10
352.6875853351804
 20
196.8890819320093
 10
352.5833412281593
 20
196.84848202332768
 10
352.5058297106761
 20
196.79639667005023
 10
352.456900099387
 20
196.73901802523537
 10
352.43795218825323
 20
196.69647381322207
 10
352.4315772695049
 20
196.6527159193515
  0
LWPOLYLINE
  5
33E
330
17
100
AcDbEntity
  8
OUTLINE
100
AcDbPolyline
 90
11
 70
0
 10
352.4315772695049
 20
196.6527159193515
 10
352.44223368598927
 20
196.59627371886143
 10
352.47465069299585
 20
196.54128253820906
 10
352.530814221776
 20
196.48908572360241
 10
352.6123768492593
 20
196.44312210159336
 10
352.7179733856122
 20
196.40850841279837
 10
352.8413871864383
 20
196.39061447499247
 10
352.9715610378177
 20
196.3931140256385
 10
353.0949137206203
 20
196.4163498699199
 10
353.1991578644152
 20
196.4569497786015
 10
353.2677910144833
 20
196.50148834306196
  0
LWPOLYLINE
  5
33F
330
17
100
AcDbEntity
  8
OUTLINE
100
AcDbPolyline
 90
2
 70
0
 10
386.3832506746712
 20
241.53931155874426
 10
386.68448387129234
 20
241.41832953448645
  0
LWPOLYLINE
  5
340
330
17
100
AcDbEntity
  8
OUTLINE
100
AcDbPolyline
 90
2
 70
0
 10
354.43815501295893
 20
199.96557259852526
 10
354.43815501295893
 20
198.15817352911995
  0
LWPOLYLINE
  5
341
330
17
100
AcDbEntity
  8
OUTLINE
100
AcDbPolyline
 90
2
 70
0
 10
342.04922724096457
 20
204.94124527814924
 10
354.43815501295893
 20
199.96557259852526
  0
LWPOLYLINE
  5
342
330
17
100
AcDbEntity
  8
OUTLINE
100
AcDbPolyline
 90
2
 70
0
 10
364.42201747744446
 20
229.4335274090519
 10
381.5635198596975
 20
243.47502413073857
  0
LWPOLYLINE
  5
343
330
17
100
AcDbEntity
  8
OUTLINE
100
AcDbPolyline
 90
2
 70
0
 10
381.2622866998502
 20
243.59600615499642
 10
383.50421138095214
 20
245.4324833559922
  0
LWPOLYLINE
  5
344
330
17
100
AcDbEntity
  8
OUTLINE
100
AcDbPolyline
 90
2
 70
0
 10
381.2622866998502
 20
243.59600615499642
 10
381.5635198596975
 20
243.47502413073857
  0
LWPOLYLINE
  5
345
330
17
100
AcDbEntity
  8
OUTLINE
100
AcDbPolyline
 90
9
 70
0
 10
384.66740941988337
 20
245.91586231015677
 10
384.4656095107484
 20
245.76437573612998
 10
384.2725252082752
 20
245.6456531297304
 10
384.08956689727404
 20
245.55776603712582
 10
383.9175426448013
 20
245.49839811464548
 10
383.756705785432
 20
245.46510791421687
 10
383.60683916999136
 20
245.45558743981746
 10
383.4673757100076
 20
245.4678983822418
 10
383.29689367634865
 20
245.51574684437918
  0
LWPOLYLINE
  5
346
330
17
100
AcDbEntity
  8
OUTLINE
100
AcDbPolyline
 90
35
 70
0
 10
383.29689367634865
 20
245.51574684437918
 10
383.1787003549743
 20
245.57473871817834
 10
383.0686306191667
 20
245.65368044153942
 10
382.9665442872741
 20
245.75344487692047
 10
382.872766513065
 20
245.87535999908906
 10
382.78811720475346
 20
246.02100207937994
 10
382.7138842169122
 20
246.19197063015716
 10
382.6517527448145
 20
246.38966287121738
 10
382.60370246816876
 20
246.6150572793167
 10
382.5718800564219
 20
246.86851386976787
 10
382.5584547948956
 20
247.14959915324434
 10
382.5654616710648
 20
247.456947351532
 10
382.59464093055215
 20
247.78816956629083
 10
382.64728270790494
 20
248.13982531614874
 10
382.7240896029767
 20
248.5074662975006
 10
382.82506878665464
 20
248.88575810572218
 10
382.94946691126796
 20
249.26867855616933
 10
383.09575602622976
 20
249.64978105799517
 10
383.2616761253013
 20
250.0225040655145
 10
383.44433230292043
 20
250.38050009321938
 10
383.6403392383863
 20
250.71795395607705
 10
383.84600013707535
 20
251.0298607425381
 10
384.05750335984726
 20
251.31223851408384
 10
384.2711185008432
 20
251.56225866827882
 10
384.48337569644025
 20
251.77828638992946
 10
384.6912147429323
 20
251.95983413225167
 10
384.89209538109804
 20
252.10743813051516
 10
385.0840652173742
 20
252.2224737608908
 10
385.2657849506686
 20
252.30692772687948
 10
385.4365141041336
 20
252.36314450409404
 10
385.59605887994525
 20
252.39356300321623
 10
385.7446839390028
 20
252.4004598522336
 10
385.8829875539442
 20
252.38571683905076
 10
385.96185764198054
 20
252.36690164449146
 10
386.0379251266444
 20
252.34064126707116
  0
LWPOLYLINE
  5
347
330
17
100
AcDbEntity
  8
OUTLINE
100
AcDbPolyline
 90
26
 70
0
 10
386.0379251266444
 20
252.34064126707116
 10
386.15611844801873
 20
252.281649393272
 10
386.2661881838263
 20
252.20270766991092
 10
386.3682745524927
 20
252.10294323452987
 10
386.46205228992795
 20
251.9810281123613
 10
386.54670159823957
 20
251.8353860320704
 10
386.6209346228545
 20
251.66441748129319
 10
386.68306605817855
 20
251.46672524023296
 10
386.73111637159803
 20
251.24133083213366
 10
386.76293874657114
 20
250.98787424168248
 10
386.7763640080974
 20
250.706788958206
 10
386.76935713192825
 20
250.39944075991835
 10
386.74017790921465
 20
250.0682185451595
 10
386.6875360950881
 20
249.71656279530157
 10
386.61072920001635
 20
249.34892181394972
 10
386.5097500163384
 20
248.97063000572817
 10
386.38535192849884
 20
248.587709555281
 10
386.23906281353703
 20
248.20660705345514
 10
386.07314267769175
 20
247.8338840459358
 10
385.89048650007254
 20
247.47588801823096
 10
385.6944796013805
 20
247.1384341553733
 10
385.4888186659177
 20
246.82652736891225
 10
385.2773154431457
 20
246.54414959736647
 10
385.0637003021498
 20
246.29412944317153
 10
384.85144314332655
 20
246.07810172152085
 10
384.66740941988337
 20
245.91586231015677
  0
LWPOLYLINE
  5
348
330
17
100
AcDbEntity
  8
OUTLINE
100
AcDbPolyline
 90
2
 70
0
 10
381.2622866998502
 20
247.21080425703323
 10
382.6962135327288
 20
248.38540838274167
  0
LWPOLYLINE
  5
349
330
17
100
AcDbEntity
  8
OUTLINE
100
AcDbPolyline
 90
2
 70
0
 10
372.96309309175285
 20
230.37202955784772
 10
386.9207190796123
 20
224.76633228729378
  0
LWPOLYLINE
  5
34A
330
17
100
AcDbEntity
  8
OUTLINE
100
AcDbPolyline
 90
2
 70
0
 10
389.47363109233714
 20
230.18329441686706
 10
389.47363109233714
 20
228.37589538423552
  0
LWPOLYLINE
  5
34B
330
17
100
AcDbEntity
  8
OUTLINE
100
AcDbPolyline
 90
2
 70
0
 10
376.75975644093415
 20
233.4820740927997
 10
389.47363109233714
 20
228.37589538423552
  0
LWPOLYLINE
  5
34C
330
17
100
AcDbEntity
  8
OUTLINE
100
AcDbPolyline
 90
2
 70
0
 10
378.24029106213777
 20
234.69485705179167
 10
389.47363109233714
 20
230.18329441686706
  0
LWPOLYLINE
  5
34D
330
17
100
AcDbEntity
  8
OUTLINE
100
AcDbPolyline
 90
2
 70
0
 10
393.36494143758125
 20
229.1882637962917
 10
389.47363109233714
 20
228.37589538423552
  0
LWPOLYLINE
  5
34E
330
17
100
AcDbEntity
  8
OUTLINE
100
AcDbPolyline
 90
2
 70
0
 10
395.0
 20
226.61159408256395
 10
393.36494143758125
 20
229.1882637962917
  0
LWPOLYLINE
  5
34F
330
17
100
AcDbEntity
  8
OUTLINE
100
AcDbPolyline
 90
2
 70
0
 10
395.0
 20
226.61159408256395
 10
391.8277976261495
 20
225.94935007015098
  0
LWPOLYLINE
  5
350
330
17
100
AcDbEntity
  8
OUTLINE
100
AcDbPolyline
 90
2
 70
0
 10
391.81449125425615
 20
225.99468063152574
 10
391.8277976261495
 20
226.03796513651776
  0
LWPOLYLINE
  5
351
330
17
100
AcDbEntity
  8
OUTLINE
100
AcDbPolyline
 90
2
 70
0
 10
391.8277976261495
 20
226.03796513651776
 10
391.81449125425615
 20
226.08124964150974
  0
LWPOLYLINE
  5
352
330
17
100
AcDbEntity
  8
OUTLINE
100
AcDbPolyline
 90
2
 70
0
 10
391.81449125425615
 20
226.08124964150974
 10
391.08500355230393
 20
227.23084075643823
  0
LWPOLYLINE
  5
353
330
17
100
AcDbEntity
  8
OUTLINE
100
AcDbPolyline
 90
5
 70
0
 10
390.8022030293756
 20
227.3064794588194
 10
390.88952935859874
 20
227.3139286500225
 10
390.976560909196
 20
227.30068788255386
 10
391.0450684400293
 20
227.26999983161937
 10
391.08500355230393
 20
227.23084075643823
  0
LWPOLYLINE
  5
354
330
17
100
AcDbEntity
  8
OUTLINE
100
AcDbPolyline
 90
2
 70
0
 10
390.8022030293756
 20
227.3064794588194
 10
389.8346335972546
 20
227.1044850531584
  0
LWPOLYLINE
  5
355
330
17
100
AcDbEntity
  8
OUTLINE
100
AcDbPolyline
 90
5
 70
0
 10
389.8346335972546
 20
227.1044850531584
 10
389.7593896981827
 20
227.07799531766807
 10
389.7110102226524
 20
227.04011891195677
 10
389.69491139695003
 20
227.01353205691166
 10
389.68945516079043
 20
226.98556184578527
  0
LWPOLYLINE
  5
356
330
17
100
AcDbEntity
  8
OUTLINE
100
AcDbPolyline
 90
2
 70
0
 10
390.170131683361
 20
225.6032878329759
 10
387.39766894724966
 20
225.02449533329045
  0
LWPOLYLINE
  5
357
330
17
100
AcDbEntity
  8
OUTLINE
100
AcDbPolyline
 90
2
 70
0
 10
387.39766894724966
 20
225.02449533329045
 10
387.3423331594986
 20
225.1116983232532
  0
LWPOLYLINE
  5
358
330
17
100
AcDbEntity
  8
OUTLINE
100
AcDbPolyline
 90
2
 70
0
 10
386.9207190796123
 20
224.76633228729378
 10
387.3423331594986
 20
225.1116983232532
  0
LWPOLYLINE
  5
359
330
17
100
AcDbEntity
  8
OUTLINE
100
AcDbPolyline
 90
5
 70
0
 10
389.2345850800915
 20
225.9637612735108
 10
389.2873402677839
 20
226.0207354067383
 10
389.31341089249594
 20
226.07898919398562
 10
389.31663838013037
 20
226.09694671365833
 10
389.3177158886778
 20
226.11498881302657
  0
LWPOLYLINE
  5
35A
330
17
100
AcDbEntity
  8
OUTLINE
100
AcDbPolyline
 90
14
 70
0
 10
389.3177158886778
 20
226.11498881302657
 10
389.30705947219343
 20
226.17143101351664
 10
389.2746424651869
 20
226.2264221573952
 10
389.2184789364067
 20
226.27861897200188
 10
389.1369163089234
 20
226.32458263078468
 10
389.03131980934427
 20
226.35919631957967
 10
388.90790600851824
 20
226.37709022061182
 10
388.77773212036504
 20
226.37459070673955
 10
388.6543794375624
 20
226.35135482568438
 10
388.55013529376754
 20
226.31075495377655
 10
388.4726237762843
 20
226.2586695637253
 10
388.42369420176897
 20
226.20129091891042
 10
388.4047462906352
 20
226.15874670689715
 10
388.3983713718869
 20
226.11498881302657
  0
LWPOLYLINE
  5
35B
330
17
100
AcDbEntity
  8
OUTLINE
100
AcDbPolyline
 90
11
 70
0
 10
388.3983713718869
 20
226.11498881302657
 10
388.4090277515975
 20
226.05854661253647
 10
388.44144479537783
 20
226.00355543188414
 10
388.4976082873842
 20
225.9513586172775
 10
388.57917095164134
 20
225.90539499526844
 10
388.6847674512204
 20
225.87078130647345
 10
388.8081812520465
 20
225.85288736866755
 10
388.9383551034259
 20
225.85538691931356
 10
389.0617078230023
 20
225.87862276359496
 10
389.1659519667972
 20
225.9192226722766
 10
389.2345850800915
 20
225.9637612735108
  0
LWPOLYLINE
  5
35C
330
17
100
AcDbEntity
  8
OUTLINE
100
AcDbPolyline
 90
5
 70
0
 10
393.0357506432405
 20
226.7573106297607
 10
393.08850583093283
 20
226.8142847629882
 10
393.11457641887114
 20
226.8725385502355
 10
393.1178039065055
 20
226.8904960699082
 10
393.118881415053
 20
226.90853816927643
  0
LWPOLYLINE
  5
35D
330
17
100
AcDbEntity
  8
OUTLINE
100
AcDbPolyline
 90
14
 70
0
 10
393.118881415053
 20
226.90853816927643
 10
393.1082250353424
 20
226.96498036976652
 10
393.07580799156204
 20
227.01997155041886
 10
393.0196444995557
 20
227.07216832825173
 10
392.9380818352986
 20
227.11813198703456
 10
392.83248533571947
 20
227.15274567582955
 10
392.7090715348934
 20
227.17063957686167
 10
392.578897683514
 20
227.16814006298944
 10
392.4555449639376
 20
227.14490421870804
 10
392.3513008201427
 20
227.1043043100264
 10
392.2737893394333
 20
227.05221895674896
 10
392.22485972814417
 20
226.99484031193407
 10
392.2059118170104
 20
226.9522960999208
 10
392.19953689826207
 20
226.90853816927643
  0
LWPOLYLINE
  5
35E
330
17
100
AcDbEntity
  8
OUTLINE
100
AcDbPolyline
 90
11
 70
0
 10
392.19953689826207
 20
226.90853816927643
 10
392.21019331474645
 20
226.85209596878636
 10
392.24261032175303
 20
226.7971048249078
 10
392.29877385053317
 20
226.74490801030115
 10
392.3803364780165
 20
226.69894435151832
 10
392.4859329775956
 20
226.66433066272333
 10
392.6093467784217
 20
226.6464367616912
 10
392.7395206665749
 20
226.64893627556344
 10
392.8628733493775
 20
226.67217215661861
 10
392.9671174931724
 20
226.71277202852647
 10
393.0357506432405
 20
226.7573106297607
  0
LWPOLYLINE
  5
35F
330
17
100
AcDbEntity
  8
OUTLINE
100
AcDbPolyline
 90
8
 70
0
 10
384.66740941988337
 20
247.12079498631988
 10
384.51125537051865
 20
247.00669230675982
 10
384.36431767638715
 20
246.92511566846605
 10
384.22814627879666
 20
246.87333539047304
 10
384.1033126422989
 20
246.8481890747382
 10
383.9895651606863
 20
246.8466510481354
 10
383.91543690457246
 20
246.85847080317131
 10
383.8450999516983
 20
246.8807257068533
  0
LWPOLYLINE
  5
360
330
17
100
AcDbEntity
  8
OUTLINE
100
AcDbPolyline
 90
27
 70
0
 10
383.8450999516983
 20
246.8807257068533
 10
383.7545059778722
 20
246.92862936643544
 10
383.67210854879386
 20
246.9965542902616
 10
383.5979134379468
 20
247.08580940428095
 10
383.5327251821044
 20
247.19828980850664
 10
383.4781304963553
 20
247.3360103383817
 10
383.43635592279765
 20
247.50062941786683
 10
383.41003913439783
 20
247.6929999780309
 10
383.4019419524055
 20
247.91277332988568
 10
383.41462545000184
 20
248.1580879111059
 10
383.4501120748024
 20
248.42538655711346
 10
383.50956862209415
 20
248.70940675602534
 10
383.5930524222011
 20
249.00337566001258
 10
383.6993645027783
 20
249.2994146336614
 10
383.82604282243597
 20
249.58911961777974
 10
383.96950881425556
 20
249.8642439817307
 10
384.12535282387546
 20
250.11738597248822
 10
384.28871784389213
 20
250.34257407967797
 10
384.45472266975435
 20
250.53566382467065
 10
384.6188629546151
 20
250.69449592461282
 10
384.77733713534997
 20
250.81880943275684
 10
384.9272648688141
 20
250.90994387083742
 10
385.0667864313713
 20
250.97038683802188
 10
385.1950467590735
 20
251.00323075184826
 10
385.31207181420973
 20
251.01160075851936
 10
385.41854036722367
 20
250.99811500412392
 10
385.4897188512947
 20
250.97566240459705
  0
LWPOLYLINE
  5
361
330
17
100
AcDbEntity
  8
OUTLINE
100
AcDbPolyline
 90
21
 70
0
 10
385.4897188512947
 20
250.97566240459705
 10
385.5803128618945
 20
250.9277587450149
 10
385.66271029097294
 20
250.85983382118874
 10
385.73690536504625
 20
250.7705787071694
 10
385.8020936576624
 20
250.6580983029437
 10
385.85668830663775
 20
250.52037777306865
 10
385.8984628801953
 20
250.3557586935835
 10
385.9247796685952
 20
250.1633881334194
 10
385.9328768873613
 20
249.94361478156466
 10
385.9201933529912
 20
249.69830020034445
 10
385.8847067281906
 20
249.43100155433686
 10
385.8252501808989
 20
249.14698135542497
 10
385.7417663807919
 20
248.85301245143776
 10
385.63545430021475
 20
248.55697347778894
 10
385.50877598055706
 20
248.2672684936706
 10
385.36531002551123
 20
247.99214412971963
 10
385.2094659791175
 20
247.73900210218832
 10
385.04610099587467
 20
247.51381403177237
 10
384.88009617001245
 20
247.32072428677967
 10
384.77413292551876
 20
247.214655906047
 10
384.66740941988337
 20
247.12079498631988
  0
LWPOLYLINE
  5
362
330
17
100
AcDbEntity
  8
OUTLINE
100
AcDbPolyline
 90
8
 70
0
 10
312.10895462498775
 20
187.68438843684203
 10
311.95280057562303
 20
187.57028572050822
 10
311.8058628814915
 20
187.48870908221446
 10
311.66969148390103
 20
187.43692880422145
 10
311.5448578474032
 20
187.41178248848658
 10
311.4311103657907
 20
187.4102444618838
 10
311.35698210967684
 20
187.4220642536935
 10
311.28664515680265
 20
187.44431915737545
  0
LWPOLYLINE
  5
363
330
17
100
AcDbEntity
  8
OUTLINE
100
AcDbPolyline
 90
27
 70
0
 10
311.28664515680265
 20
187.44431915737545
 10
311.1960511829766
 20
187.49222278018385
 10
311.11365375389823
 20
187.56014770400998
 10
311.03945864305115
 20
187.64940281802933
 10
310.9742703872088
 20
187.76188322225505
 10
310.91967570145965
 20
187.89960375213008
 10
310.877901127902
 20
188.0642228316152
 10
310.8515843395022
 20
188.2565934285531
 10
310.84348715750986
 20
188.47636674363406
 10
310.8561706551062
 20
188.72168132485427
 10
310.8916572799068
 20
188.98898000763563
 10
310.9511138271985
 20
189.27300020654752
 10
311.03459762730546
 20
189.56696907376096
 10
311.14090970788266
 20
189.86300808418355
 10
311.26758802754034
 20
190.15271303152812
 10
311.41105401935994
 20
190.42783743225286
 10
311.56689802897984
 20
190.6809794230104
 10
311.7302630489965
 20
190.90616749342635
 10
311.8962678748587
 20
191.09925723841906
 10
312.0604081597195
 20
191.25808933836123
 10
312.21888234045434
 20
191.38240284650522
 10
312.3688100739185
 20
191.47353732135957
 10
312.5083316364757
 20
191.5339802517703
 10
312.63659196417785
 20
191.56682416559664
 10
312.7536170193141
 20
191.57519417226777
 10
312.86008557232805
 20
191.5617084178723
 10
312.9312640563991
 20
191.53925581834542
  0
LWPOLYLINE
  5
364
330
17
100
AcDbEntity
  8
OUTLINE
100
AcDbPolyline
 90
21
 70
0
 10
312.9312640563991
 20
191.53925581834542
 10
313.0218580669989
 20
191.49135215876328
 10
313.10425545930354
 20
191.42342723493712
 10
313.17845057015063
 20
191.33417212091777
 10
313.2436388627668
 20
191.22169171669208
 10
313.2982335117421
 20
191.08397118681702
 10
313.3400080852997
 20
190.9193521441057
 10
313.36632487369957
 20
190.72698154716778
 10
313.3744220924657
 20
190.50720819531304
 10
313.36173855809557
 20
190.2618936508666
 10
313.326251933295
 20
189.99459496808527
 10
313.26679538600325
 20
189.71057476917338
 10
313.18331158589626
 20
189.4166059019599
 10
313.07699950531907
 20
189.12056689153732
 10
312.95032118566144
 20
188.83086190741898
 10
312.8068552306156
 20
188.555737543468
 10
312.6510111842219
 20
188.3025955527105
 10
312.4876461642052
 20
188.07740744552075
 10
312.3216413751168
 20
187.88431770052807
 10
312.21567813062313
 20
187.7782493197954
 10
312.10895462498775
 20
187.68438843684203
  0
LWPOLYLINE
  5
365
330
17
100
AcDbEntity
  8
OUTLINE
100
AcDbPolyline
 90
8
 70
0
 10
337.6006583497469
 20
208.13172723644357
 10
337.61113255214804
 20
208.0241399882478
 10
337.62175487933774
 20
207.97558374115386
 10
337.640049982317
 20
207.91489611800657
 10
337.6550670337134
 20
207.87596765120404
 10
337.701047829078
 20
207.7889278632799
 10
337.7616829392665
 20
207.71670147355482
 10
337.8453741434965
 20
207.66321570116185
  0
LWPOLYLINE
  5
366
330
17
100
AcDbEntity
  8
OUTLINE
100
AcDbPolyline
 90
2
 70
0
 10
323.737433083941
 20
208.78705104848842
 10
323.74273413474623
 20
208.7884780550474
  0
LWPOLYLINE
  5
367
330
17
100
AcDbEntity
  8
OUTLINE
100
AcDbPolyline
 90
2
 70
0
 10
323.74273413474623
 20
208.7884780550474
 10
323.74938393750506
 20
208.7955828230207
  0
LWPOLYLINE
  5
368
330
17
100
AcDbEntity
  8
OUTLINE
100
AcDbPolyline
 90
2
 70
0
 10
337.6006583497469
 20
211.14405898201196
 10
337.6006583497469
 20
208.13172723644357
  0
LWPOLYLINE
  5
369
330
17
100
AcDbEntity
  8
OUTLINE
100
AcDbPolyline
 90
2
 70
0
 10
364.1773016836949
 20
232.914370689902
 10
364.1773016836949
 20
229.9020389443336
  0
LWPOLYLINE
  5
36A
330
17
100
AcDbEntity
  8
OUTLINE
100
AcDbPolyline
 90
2
 70
0
 10
364.1773016836949
 20
229.9020389443336
 10
381.2622866998502
 20
243.89723931484374
  0
LWPOLYLINE
  5
36B
330
17
100
AcDbEntity
  8
OUTLINE
100
AcDbPolyline
 90
8
 70
0
 10
316.71901002118403
 20
191.02648229420768
 10
316.72964470436403
 20
190.9428769199818
 10
316.7628582682337
 20
190.85236495168667
 10
316.8183375105031
 20
190.76303809202122
 10
316.8918825712293
 20
190.68453680823123
 10
316.9757736041834
 20
190.62542758929794
 10
316.99794723781014
 20
190.61404790609532
 10
317.02024321780516
 20
190.6042671101025
  0
LWPOLYLINE
  5
36C
330
17
100
AcDbEntity
  8
OUTLINE
100
AcDbPolyline
 90
2
 70
0
 10
316.71901002118403
 20
191.02648229420768
 10
316.71901002118403
 20
190.72524913436035
  0
LWPOLYLINE
  5
36D
330
17
100
AcDbEntity
  8
OUTLINE
100
AcDbPolyline
 90
2
 70
0
 10
316.71901002118403
 20
191.02648229420768
 10
333.57660671807827
 20
204.8354171037519
  0
LWPOLYLINE
  5
36E
330
17
100
AcDbEntity
  8
OUTLINE
100
AcDbPolyline
 90
2
 70
0
 10
316.71901002118403
 20
194.03881407654984
 10
331.1090490038143
 20
205.8264439054091
  0
LWPOLYLINE
  5
36F
330
17
100
AcDbEntity
  8
OUTLINE
100
AcDbPolyline
 90
2
 70
0
 10
316.71901002118403
 20
194.34004723639717
 10
316.71901002118403
 20
194.03881407654984
  0
LWPOLYLINE
  5
370
330
17
100
AcDbEntity
  8
OUTLINE
100
AcDbPolyline
 90
5
 70
0
 10
316.7872124399591
 20
194.20231008477327
 10
316.7483600581088
 20
194.15672218048135
 10
316.72500245583956
 20
194.09619308910254
 10
316.72051189916044
 20
194.06825351053544
 10
316.71901002118403
 20
194.03881407654984
  0
LWPOLYLINE
  5
371
330
17
100
AcDbEntity
  8
OUTLINE
100
AcDbPolyline
 90
2
 70
0
 10
354.1783318514077
 20
197.94533887484502
 10
354.1783318514077
 20
197.81280749316053
  0
LWPOLYLINE
  5
372
330
17
100
AcDbEntity
  8
OUTLINE
100
AcDbPolyline
 90
2
 70
0
 10
354.1783318514077
 20
195.78792037850033
 10
354.1783318514077
 20
195.1854540220319
  0
LWPOLYLINE
  5
373
330
17
100
AcDbEntity
  8
OUTLINE
100
AcDbPolyline
 90
2
 70
0
 10
354.1783318514077
 20
195.1854540220319
 10
354.1783318514077
 20
194.59486195611612
  0
LWPOLYLINE
  5
374
330
17
100
AcDbEntity
  8
OUTLINE
100
AcDbPolyline
 90
2
 70
0
 10
354.1783318514077
 20
195.19732827581078
 10
354.1783318514077
 20
194.59486195611612
  0
LWPOLYLINE
  5
375
330
17
100
AcDbEntity
  8
OUTLINE
100
AcDbPolyline
 90
6
 70
0
 10
354.1783318514077
 20
195.1854540220319
 10
354.16772018861434
 20
195.22422947313305
 10
354.1350943065336
 20
195.2607010836489
 10
354.0781238139104
 20
195.291493829537
 10
354.02050606597356
 20
195.30677219541886
 10
353.95768916737785
 20
195.31200944371454
  0
LWPOLYLINE
  5
376
330
17
100
AcDbEntity
  8
OUTLINE
100
AcDbPolyline
 90
2
 70
0
 10
353.95768916737785
 20
195.31200944371454
 10
351.8248098884229
 20
195.31200944371454
  0
LWPOLYLINE
  5
377
330
17
100
AcDbEntity
  8
OUTLINE
100
AcDbPolyline
 90
2
 70
0
 10
351.6041672043931
 20
195.78792037850033
 10
351.6041672043931
 20
195.1854540220319
  0
LWPOLYLINE
  5
378
330
17
100
AcDbEntity
  8
OUTLINE
100
AcDbPolyline
 90
6
 70
0
 10
351.6041672043931
 20
195.1854540220319
 10
351.6147788671864
 20
195.22422947313305
 10
351.6474047860409
 20
195.2607010836489
 10
351.70437527866414
 20
195.291493829537
 10
351.7619930266009
 20
195.30677219541886
 10
351.8248098884229
 20
195.31200944371454
  0
LWPOLYLINE
  5
379
330
17
100
AcDbEntity
  8
OUTLINE
100
AcDbPolyline
 90
2
 70
0
 10
351.6041672043931
 20
195.1854540220319
 10
351.6041672043931
 20
194.59486195611612
  0
LWPOLYLINE
  5
37A
330
17
100
AcDbEntity
  8
OUTLINE
100
AcDbPolyline
 90
2
 70
0
 10
351.6041672043931
 20
195.19732827581078
 10
351.6041672043931
 20
194.59486195611612
  0
LWPOLYLINE
  5
37B
330
17
100
AcDbEntity
  8
OUTLINE
100
AcDbPolyline
 90
6
 70
0
 10
351.6041672043931
 20
194.59486195611612
 10
351.6147788671864
 20
194.55608646824118
 10
351.6474047860409
 20
194.51961485772532
 10
351.70437527866414
 20
194.48882211183724
 10
351.7619930266009
 20
194.47354378272917
 10
351.8248098884229
 20
194.46830649765968
  0
LWPOLYLINE
  5
37C
330
17
100
AcDbEntity
  8
OUTLINE
100
AcDbPolyline
 90
2
 70
0
 10
353.95768916737785
 20
194.46830649765968
 10
351.8248098884229
 20
194.46830649765968
  0
LWPOLYLINE
  5
37D
330
17
100
AcDbEntity
  8
OUTLINE
100
AcDbPolyline
 90
6
 70
0
 10
354.1783318514077
 20
194.59486195611612
 10
354.16772018861434
 20
194.55608646824118
 10
354.1350943065336
 20
194.51961485772532
 10
354.0781238139104
 20
194.48882211183724
 10
354.02050606597356
 20
194.47354378272917
 10
353.95768916737785
 20
194.46830649765968
  0
LWPOLYLINE
  5
37E
330
17
100
AcDbEntity
  8
OUTLINE
100
AcDbPolyline
 90
2
 70
0
 10
381.2622866998502
 20
243.89723931484374
 10
381.2622866998502
 20
243.59600615499642
  0
LWPOLYLINE
  5
37F
330
17
100
AcDbEntity
  8
OUTLINE
100
AcDbPolyline
 90
2
 70
0
 10
381.2622866998502
 20
247.21080425703323
 10
381.2622866998502
 20
246.9095710971859
  0
LWPOLYLINE
  5
380
330
17
100
AcDbEntity
  8
OUTLINE
100
AcDbPolyline
 90
2
 70
0
 10
364.1773016836949
 20
232.914370689902
 10
381.2622866998502
 20
246.9095710971859
  0
LWPOLYLINE
  5
381
330
17
100
AcDbEntity
  8
OUTLINE
100
AcDbPolyline
 90
5
 70
0
 10
364.1773016836949
 20
232.914370689902
 10
364.18748919770195
 20
232.99919871878765
 10
364.19839817651194
 20
233.02751680987922
 10
364.2099573893118
 20
233.04585754912029
 10
364.2237693639156
 20
233.06006267221326
  0
LWPOLYLINE
  5
382
330
17
100
AcDbEntity
  8
OUTLINE
100
AcDbPolyline
 90
2
 70
0
 10
393.36494143758125
 20
230.99566286569697
 10
389.47363109233714
 20
230.18329441686706
  0
LWPOLYLINE
  5
383
330
17
100
AcDbEntity
  8
OUTLINE
100
AcDbPolyline
 90
2
 70
0
 10
395.0
 20
228.41899315196926
 10
393.36494143758125
 20
230.99566286569697
  0
LWPOLYLINE
  5
384
330
17
100
AcDbEntity
  8
OUTLINE
100
AcDbPolyline
 90
2
 70
0
 10
393.36494143758125
 20
230.99566286569697
 10
393.36494143758125
 20
229.1882637962917
  0
LWPOLYLINE
  5
385
330
17
100
AcDbEntity
  8
OUTLINE
100
AcDbPolyline
 90
2
 70
0
 10
395.0
 20
228.41899315196926
 10
395.0
 20
226.61159408256395
  0
LWPOLYLINE
  5
386
330
17
100
AcDbEntity
  8
OUTLINE
100
AcDbPolyline
 90
2
 70
0
 10
391.68261918968534
 20
225.31657557267616
 10
390.7150497575643
 20
225.11458116701516
  0
LWPOLYLINE
  5
387
330
17
100
AcDbEntity
  8
OUTLINE
100
AcDbPolyline
 90
5
 70
0
 10
391.68261918968534
 20
225.31657557267616
 10
391.757863125531
 20
225.3430653081665
 10
391.80624256428746
 20
225.3809417138778
 10
391.8223413899899
 20
225.40752856892288
 10
391.8277976261495
 20
225.4354987800493
  0
LWPOLYLINE
  5
388
330
17
100
AcDbEntity
  8
OUTLINE
100
AcDbPolyline
 90
2
 70
0
 10
391.8277976261495
 20
225.4354987800493
 10
391.81449125425615
 20
225.4787832850413
  0
LWPOLYLINE
  5
389
330
17
100
AcDbEntity
  8
OUTLINE
100
AcDbPolyline
 90
2
 70
0
 10
391.81449125425615
 20
225.4787832850413
 10
391.08500355230393
 20
226.6283743999698
  0
LWPOLYLINE
  5
38A
330
17
100
AcDbEntity
  8
OUTLINE
100
AcDbPolyline
 90
5
 70
0
 10
390.8022030293756
 20
226.70401310235098
 10
390.88952935859874
 20
226.71146229355406
 10
390.976560909196
 20
226.6982215628592
 10
391.0450684400293
 20
226.66753347515092
 10
391.08500355230393
 20
226.6283743999698
  0
LWPOLYLINE
  5
38B
330
17
100
AcDbEntity
  8
OUTLINE
100
AcDbPolyline
 90
2
 70
0
 10
390.8022030293756
 20
226.70401310235098
 10
389.8346335972546
 20
226.50201869669
  0
LWPOLYLINE
  5
38C
330
17
100
AcDbEntity
  8
OUTLINE
100
AcDbPolyline
 90
5
 70
0
 10
389.8346335972546
 20
226.50201869669
 10
389.7593896981827
 20
226.47552896119964
 10
389.7110102226524
 20
226.43765255548834
 10
389.69491139695003
 20
226.41106570044323
 10
389.68945516079043
 20
226.38309548931682
  0
LWPOLYLINE
  5
38D
330
17
100
AcDbEntity
  8
OUTLINE
100
AcDbPolyline
 90
2
 70
0
 10
389.68945516079043
 20
226.38309548931682
 10
389.7027615326838
 20
226.33981098432483
  0
LWPOLYLINE
  5
38E
330
17
100
AcDbEntity
  8
OUTLINE
100
AcDbPolyline
 90
2
 70
0
 10
390.43224923463595
 20
225.19021986939634
 10
389.7027615326838
 20
226.33981098432483
  0
LWPOLYLINE
  5
38F
330
17
100
AcDbEntity
  8
OUTLINE
100
AcDbPolyline
 90
5
 70
0
 10
390.7150497575643
 20
225.11458116701516
 10
390.6277234283412
 20
225.10713197581208
 10
390.54069187774394
 20
225.1203727432807
 10
390.4721843469106
 20
225.1510607942152
 10
390.43224923463595
 20
225.19021986939634
  0
LWPOLYLINE
  5
390
330
17
100
AcDbEntity
  8
OUTLINE
100
AcDbPolyline
 90
5
 70
0
 10
337.6006583497469
 20
211.14405898201196
 10
337.6108459005277
 20
211.22888701089758
 10
337.62175487933774
 20
211.25720510198914
 10
337.6333140553638
 20
211.2755458412302
 10
337.6471260667414
 20
211.2897509643232
  0
LWPOLYLINE
  5
391
330
17
100
AcDbEntity
  8
OUTLINE
100
AcDbPolyline
 90
2
 70
0
 10
366.08828219659364
 20
224.63288626813645
 10
369.0412425629463
 20
227.0518098116652
  0
LWPOLYLINE
  5
392
330
17
100
AcDbEntity
  8
OUTLINE
100
AcDbPolyline
 90
7
 70
0
 10
365.34811752161363
 20
224.51935292024876
 10
365.4733167998127
 20
224.48159794156126
 10
365.60322341612795
 20
224.4666121478784
 10
365.73373058505535
 20
224.47486922226906
 10
365.8607125825938
 20
224.5061082179856
 10
365.9801551092976
 20
224.55934153837427
 10
366.08828219659364
 20
224.63288626813645
  0
LWPOLYLINE
  5
393
330
17
100
AcDbEntity
  8
OUTLINE
100
AcDbPolyline
 90
4
 70
0
 10
369.0412425629463
 20
227.0518098116652
 10
369.12602072658535
 20
227.1334261656421
 10
369.19669651307464
 20
227.22751927502043
 10
369.25146043176244
 20
227.33168016297589
  0
LWPOLYLINE
  5
394
330
17
100
AcDbEntity
  8
OUTLINE
100
AcDbPolyline
 90
2
 70
0
 10
342.67478940715756
 20
205.56130365968426
 10
365.7725707212367
 20
224.4818984568969
  0
LWPOLYLINE
  5
395
330
17
100
AcDbEntity
  8
OUTLINE
100
AcDbPolyline
 90
2
 70
0
 10
350.3184537848713
 20
230.55560471224592
 10
365.34811752161363
 20
224.51935292024876
  0
LWPOLYLINE
  5
396
330
17
100
AcDbEntity
  8
OUTLINE
100
AcDbPolyline
 90
2
 70
0
 10
327.2357932242501
 20
211.64739609661288
 10
350.3184946037678
 20
230.55563810283877
  0
LWPOLYLINE
  5
397
330
17
100
AcDbEntity
  8
OUTLINE
100
AcDbPolyline
 90
2
 70
0
 10
310.738438881453
 20
186.07934025812756
 10
316.76310240936357
 20
183.6596995523281
  0
LWPOLYLINE
  5
398
330
17
100
AcDbEntity
  8
OUTLINE
100
AcDbPolyline
 90
2
 70
0
 10
313.47947033174876
 20
192.90423471759334
 10
314.4770853400821
 20
192.5035700354014
  0
LWPOLYLINE
  5
399
330
17
100
AcDbEntity
  8
OUTLINE
100
AcDbPolyline
 90
2
 70
0
 10
322.07300481062487
 20
188.68530966547428
 10
339.19592738728875
 20
202.71158674900684
  0
LWPOLYLINE
  5
39A
330
17
100
AcDbEntity
  8
OUTLINE
100
AcDbPolyline
 90
2
 70
0
 10
339.5116388626456
 20
202.86257456024637
 10
342.46459922899834
 20
205.28149810377516
  0
LWPOLYLINE
  5
39B
330
17
100
AcDbEntity
  8
OUTLINE
100
AcDbPolyline
 90
2
 70
0
 10
369.2514327043318
 20
227.33161536757433
 10
386.5258916834953
 20
241.48202370839385
  0
LWPOLYLINE
  5
39C
330
17
100
AcDbEntity
  8
OUTLINE
100
AcDbPolyline
 90
2
 70
0
 10
383.29689367634865
 20
245.51574684437918
 10
389.3215572042592
 20
243.09610613857973
  0
LWPOLYLINE
  5
39D
330
17
100
AcDbEntity
  8
OUTLINE
100
AcDbPolyline
 90
2
 70
0
 10
386.0379251266444
 20
252.34064126707116
 10
392.06258865455493
 20
249.9210005980455
  0
LWPOLYLINE
  5
39E
330
17
100
AcDbEntity
  8
OUTLINE
100
AcDbPolyline
 90
4
 70
0
 10
342.46459922899834
 20
205.28149810377516
 10
342.54937742941115
 20
205.36311445775206
 10
342.62005317912667
 20
205.45720756713035
 10
342.6748170978144
 20
205.56136841831204
  0
LWPOLYLINE
  5
39F
330
17
100
AcDbEntity
  8
OUTLINE
100
AcDbPolyline
 90
10
 70
0
 10
322.3210869498046
 20
208.60705251199838
 10
322.47860328387435
 20
208.5539133324882
 10
322.64110959933856
 20
208.5188866373625
 10
322.8065303104686
 20
208.50241977966311
 10
322.9727526532434
 20
208.50472310541548
 10
323.1376535669836
 20
208.52576715882128
 10
323.2991269437225
 20
208.5652831970914
 10
323.45511039951873
 20
208.62276650008607
 10
323.60361167803063
 20
208.69748287927422
 10
323.7427340979724
 20
208.7884780182736
  0
LWPOLYLINE
  5
3A0
330
17
100
AcDbEntity
  8
OUTLINE
100
AcDbPolyline
 90
2
 70
0
 10
323.7396081427464
 20
208.78617748732856
 10
338.77147418766566
 20
202.7490412123587
  0
LWPOLYLINE
  5
3A1
330
17
100
AcDbEntity
  8
OUTLINE
100
AcDbPolyline
 90
6
 70
0
 10
354.0228635962786
 20
233.65911454637254
 10
354.1176761111282
 20
233.8127982434731
 10
354.19294325122945
 20
233.97694135991503
 10
354.2475306189963
 20
234.14907016024623
 10
354.2806156585025
 20
234.3265905116568
 10
354.2916996437347
 20
234.50682715837672
  0
LWPOLYLINE
  5
3A2
330
17
100
AcDbEntity
  8
OUTLINE
100
AcDbPolyline
 90
7
 70
0
 10
338.77147418766566
 20
202.7490412123587
 10
338.8966734658647
 20
202.7112862336712
 10
339.02658008218
 20
202.69630040321456
 10
339.1570872511074
 20
202.70455751437902
 10
339.2840692486458
 20
202.73579651009555
 10
339.4035117753496
 20
202.78902983048422
 10
339.5116388626456
 20
202.86257456024637
  0
LWPOLYLINE
  5
3A3
330
17
100
AcDbEntity
  8
OUTLINE
100
AcDbPolyline
 90
2
 70
0
 10
316.7872124399591
 20
194.20231008477327
 10
331.0208854091528
 20
205.86185238592574
  0
LWPOLYLINE
  5
3A4
330
17
100
AcDbEntity
  8
OUTLINE
100
AcDbPolyline
 90
2
 70
0
 10
364.2237693639156
 20
233.06006267221326
 10
381.2622866998502
 20
247.01719894363552
  0
LWPOLYLINE
  5
3A5
330
17
100
AcDbEntity
  8
OUTLINE
100
AcDbPolyline
 90
2
 70
0
 10
354.269523840455
 20
237.1711475460731
 10
364.3165264082945
 20
233.1360448049321
  0
LWPOLYLINE
  5
3A6
330
17
100
AcDbEntity
  8
OUTLINE
100
AcDbPolyline
 90
2
 70
0
 10
391.8277976261495
 20
226.03796513651776
 10
391.8277976261495
 20
225.4354987800493
  0
LWPOLYLINE
  5
3A7
330
17
100
AcDbEntity
  8
OUTLINE
100
AcDbPolyline
 90
2
 70
0
 10
389.68945516079043
 20
226.98556184578527
 10
389.68945516079043
 20
226.38309548931682
  0
LWPOLYLINE
  5
3A8
330
17
100
AcDbEntity
  8
OUTLINE
100
AcDbPolyline
 90
2
 70
0
 10
319.30875520423626
 20
209.81687286489807
 10
322.3210869498046
 20
208.60705251199838
  0
LWPOLYLINE
  5
3A9
330
17
100
AcDbEntity
  8
OUTLINE
100
AcDbPolyline
 90
2
 70
0
 10
330.4608081528908
 20
214.28917367869838
 10
337.7398831111203
 20
211.36573306026827
  0
LWPOLYLINE
  5
3AA
330
17
100
AcDbEntity
  8
OUTLINE
100
AcDbPolyline
 90
2
 70
0
 10
354.2916996437347
 20
236.91669254747666
 10
354.2916996437347
 20
234.50682715837672
  0
LWPOLYLINE
  5
3AB
330
17
100
AcDbEntity
  8
OUTLINE
100
AcDbPolyline
 90
11
 70
0
 10
354.2916996437347
 20
236.91669254747666
 10
354.2813161990243
 20
237.0911610796031
 10
354.2503124819565
 20
237.26316646712638
 10
354.19912613729514
 20
237.43028031666606
 10
354.12847988015176
 20
237.59014333277557
 10
354.0393710522319
 20
237.74049859821378
 10
353.9330577213462
 20
237.87922334649141
 10
353.8110408093527
 20
238.00435907959746
 10
353.6750429472332
 20
238.11413914833466
 10
353.5269841676241
 20
238.20701368494284
 10
353.36895472899266
 20
238.2816714467246
  0
LWPOLYLINE
  5
3AC
330
17
100
AcDbEntity
  8
OUTLINE
100
AcDbPolyline
 90
2
 70
0
 10
337.6471260667414
 20
211.2897509643232
 10
357.59752874310084
 20
227.6321640938158
  0
LWPOLYLINE
  5
3AD
330
17
100
AcDbEntity
  8
OUTLINE
100
AcDbPolyline
 90
11
 70
0
 10
318.3860102527204
 20
211.181851764146
 10
318.3963936974308
 20
211.00738323201955
 10
318.42739745127244
 20
210.8353778444963
 10
318.4785837959338
 20
210.66826399495662
 10
318.54923005307717
 20
210.5084009788471
 10
318.638338880997
 20
210.3580457134089
 10
318.7446522118828
 20
210.21932096513126
 10
318.86666912387625
 20
210.09418519525144
 10
319.00266698599575
 20
209.98440512651425
 10
319.1507257656048
 20
209.89153062667984
 10
319.30875520423626
 20
209.81687286489807
  0
LWPOLYLINE
  5
3AE
330
17
100
AcDbEntity
  8
OUTLINE
100
AcDbPolyline
 90
2
 70
0
 10
350.3566229834243
 20
239.4914917996243
 10
353.36895472899266
 20
238.2816714467246
  0
LWPOLYLINE
  5
3AF
330
17
100
AcDbEntity
  8
OUTLINE
100
AcDbPolyline
 90
2
 70
0
 10
318.9248384049756
 20
214.72962931994473
 10
348.8762935966906
 20
239.26442506707517
  0
LWPOLYLINE
  5
3B0
330
17
100
AcDbEntity
  8
OUTLINE
100
AcDbPolyline
 90
2
 70
0
 10
318.3860102527204
 20
213.59171715324595
 10
318.3860102527204
 20
211.181851764146
  0
LWPOLYLINE
  5
3B1
330
17
100
AcDbEntity
  8
OUTLINE
100
AcDbPolyline
 90
10
 70
0
 10
350.3566229834243
 20
239.4914917996243
 10
350.19113615303667
 20
239.54680276507335
 10
350.0202640966599
 20
239.58212898264264
 10
349.8464111576219
 20
239.596973344365
 10
349.6720236381343
 20
239.59112701194007
 10
349.49955526871236
 20
239.56467217476757
 10
349.331432861464
 20
239.51798116737683
 10
349.170022036926
 20
239.4517109165858
 10
349.01759401734023
 20
239.36679393192472
 10
348.8762935966906
 20
239.26442506707517
  0
LWPOLYLINE
  5
3B2
330
17
100
AcDbEntity
  8
OUTLINE
100
AcDbPolyline
 90
8
 70
0
 10
318.9248384049756
 20
214.72962931994473
 10
318.78887073413
 20
214.60309228515243
 10
318.66993311143483
 20
214.46042950625022
 10
318.5699219239855
 20
214.30391558866782
 10
318.49043179323326
 20
214.1360461482567
 10
318.43273012752894
 20
213.95949769109546
 10
318.3977369700912
 20
213.7770852133208
 10
318.3860102527204
 20
213.59171715324595
  0
TEXT
  5
3B3
330
17
100
AcDbEntity
  8
TEXT
100
AcDbText
 10
352.0
 20
174.0
 30
0.0
 40
2.7
  1
等轴示意
  7
CJK
 72
1
 11
352.0
 21
174.0
 31
0.0
100
AcDbText
  0
TEXT
  5
3B4
330
17
100
AcDbEntity
  8
TEXT
100
AcDbText
 10
196.0
 20
209.0
 30
0.0
 40
3.0
  1
槽块固定孔：4× M3 配套螺纹孔
  7
CJK
 11
196.0
 21
209.0
 31
0.0
100
AcDbText
  0
TEXT
  5
3B5
330
17
100
AcDbEntity
  8
TEXT
100
AcDbText
 10
196.0
 20
201.0
 30
0.0
 40
2.65
  1
模型Ø2.5为螺纹底孔；不得以光孔替代螺纹。
  7
CJK
 11
196.0
 21
201.0
 31
0.0
100
AcDbText
  0
TEXT
  5
3B6
330
17
100
AcDbEntity
  8
TEXT
100
AcDbText
 10
196.0
 20
195.5
 30
0.0
 40
2.65
  1
M3×0.5-6H，通孔；完整有效牙≥5。
  7
CJK
 11
196.0
 21
195.5
 31
0.0
100
AcDbText
  0
TEXT
  5
3B7
330
17
100
AcDbEntity
  8
TEXT
100
AcDbText
 10
196.0
 20
190.0
 30
0.0
 40
2.65
  1
孔坐标以 O=(支架中心 X，Y=0，Z=0) 为原点。
  7
CJK
 11
196.0
 21
190.0
 31
0.0
100
AcDbText
  0
TEXT
  5
3B8
330
17
100
AcDbEntity
  8
TEXT
100
AcDbText
 10
196.0
 20
184.5
 30
0.0
 40
2.65
  1
X/Y 数值由真实装配孔轴提取（mm）。
  7
CJK
 11
196.0
 21
184.5
 31
0.0
100
AcDbText
  0
LWPOLYLINE
  5
3B9
330
17
100
AcDbEntity
  8
OUTLINE
100
AcDbPolyline
 90
5
 70
0
 10
195.0
 20
118.0
 10
398.0
 20
118.0
 10
398.0
 20
169.0
 10
195.0
 20
169.0
 10
195.0
 20
118.0
  0
LINE
  5
3BA
330
17
100
AcDbEntity
  8
OUTLINE
100
AcDbLine
 10
218.0
 20
118.0
 30
0.0
 11
218.0
 21
169.0
 31
0.0
  0
LINE
  5
3BB
330
17
100
AcDbEntity
  8
OUTLINE
100
AcDbLine
 10
267.0
 20
118.0
 30
0.0
 11
267.0
 21
169.0
 31
0.0
  0
LINE
  5
3BC
330
17
100
AcDbEntity
  8
OUTLINE
100
AcDbLine
 10
316.0
 20
118.0
 30
0.0
 11
316.0
 21
169.0
 31
0.0
  0
LINE
  5
3BD
330
17
100
AcDbEntity
  8
OUTLINE
100
AcDbLine
 10
359.0
 20
118.0
 30
0.0
 11
359.0
 21
169.0
 31
0.0
  0
LINE
  5
3BE
330
17
100
AcDbEntity
  8
OUTLINE
100
AcDbLine
 10
195.0
 20
159.0
 30
0.0
 11
398.0
 21
159.0
 31
0.0
  0
LINE
  5
3BF
330
17
100
AcDbEntity
  8
OUTLINE
100
AcDbLine
 10
195.0
 20
149.0
 30
0.0
 11
398.0
 21
149.0
 31
0.0
  0
LINE
  5
3C0
330
17
100
AcDbEntity
  8
OUTLINE
100
AcDbLine
 10
195.0
 20
139.0
 30
0.0
 11
398.0
 21
139.0
 31
0.0
  0
LINE
  5
3C1
330
17
100
AcDbEntity
  8
OUTLINE
100
AcDbLine
 10
195.0
 20
129.0
 30
0.0
 11
398.0
 21
129.0
 31
0.0
  0
TEXT
  5
3C2
330
17
100
AcDbEntity
  8
TEXT
100
AcDbText
 10
198.0
 20
162.0
 30
0.0
 40
2.7
  1
孔
  7
CJK
 11
198.0
 21
162.0
 31
0.0
100
AcDbText
  0
TEXT
  5
3C3
330
17
100
AcDbEntity
  8
TEXT
100
AcDbText
 10
221.0
 20
162.0
 30
0.0
 40
2.7
  1
X
  7
CJK
 11
221.0
 21
162.0
 31
0.0
100
AcDbText
  0
TEXT
  5
3C4
330
17
100
AcDbEntity
  8
TEXT
100
AcDbText
 10
270.0
 20
162.0
 30
0.0
 40
2.7
  1
Y
  7
CJK
 11
270.0
 21
162.0
 31
0.0
100
AcDbText
  0
TEXT
  5
3C5
330
17
100
AcDbEntity
  8
TEXT
100
AcDbText
 10
319.0
 20
162.0
 30
0.0
 40
2.7
  1
孔轴
  7
CJK
 11
319.0
 21
162.0
 31
0.0
100
AcDbText
  0
TEXT
  5
3C6
330
17
100
AcDbEntity
  8
TEXT
100
AcDbText
 10
362.0
 20
162.0
 30
0.0
 40
2.7
  1
接口
  7
CJK
 11
362.0
 21
162.0
 31
0.0
100
AcDbText
  0
TEXT
  5
3C7
330
17
100
AcDbEntity
  8
TEXT
100
AcDbText
 10
198.0
 20
152.0
 30
0.0
 40
2.7
  1
H1
  7
CJK
 11
198.0
 21
152.0
 31
0.0
100
AcDbText
  0
TEXT
  5
3C8
330
17
100
AcDbEntity
  8
TEXT
100
AcDbText
 10
221.0
 20
152.0
 30
0.0
 40
2.7
  1
69.957
  7
CJK
 11
221.0
 21
152.0
 31
0.0
100
AcDbText
  0
TEXT
  5
3C9
330
17
100
AcDbEntity
  8
TEXT
100
AcDbText
 10
270.0
 20
152.0
 30
0.0
 40
2.7
  1
94.270
  7
CJK
 11
270.0
 21
152.0
 31
0.0
100
AcDbText
  0
TEXT
  5
3CA
330
17
100
AcDbEntity
  8
TEXT
100
AcDbText
 10
319.0
 20
152.0
 30
0.0
 40
2.7
  1
Z 方向
  7
CJK
 11
319.0
 21
152.0
 31
0.0
100
AcDbText
  0
TEXT
  5
3CB
330
17
100
AcDbEntity
  8
TEXT
100
AcDbText
 10
362.0
 20
152.0
 30
0.0
 40
2.7
  1
槽块底座
  7
CJK
 11
362.0
 21
152.0
 31
0.0
100
AcDbText
  0
LINE
  5
3CC
330
17
100
AcDbEntity
  8
OUTLINE
100
AcDbLine
 10
134.97868773435175
 20
215.13502426626405
 30
0.0
 11
185.0
 21
151.0
 31
0.0
  0
CIRCLE
  5
3CD
330
17
100
AcDbEntity
  8
OUTLINE
100
AcDbCircle
 10
185.0
 20
151.0
 30
0.0
 40
4.0
  0
TEXT
  5
3CE
330
17
100
AcDbEntity
  8
TEXT
100
AcDbText
 10
185.0
 20
150.0
 30
0.0
 40
3.0
  1
H1
  7
CJK
 72
1
 11
185.0
 21
150.0
 31
0.0
100
AcDbText
  0
TEXT
  5
3CF
330
17
100
AcDbEntity
  8
TEXT
100
AcDbText
 10
198.0
 20
142.0
 30
0.0
 40
2.7
  1
H2
  7
CJK
 11
198.0
 21
142.0
 31
0.0
100
AcDbText
  0
TEXT
  5
3D0
330
17
100
AcDbEntity
  8
TEXT
100
AcDbText
 10
221.0
 20
142.0
 30
0.0
 40
2.7
  1
63.648
  7
CJK
 11
221.0
 21
142.0
 31
0.0
100
AcDbText
  0
TEXT
  5
3D1
330
17
100
AcDbEntity
  8
TEXT
100
AcDbText
 10
270.0
 20
142.0
 30
0.0
 40
2.7
  1
85.259
  7
CJK
 11
270.0
 21
142.0
 31
0.0
100
AcDbText
  0
TEXT
  5
3D2
330
17
100
AcDbEntity
  8
TEXT
100
AcDbText
 10
319.0
 20
142.0
 30
0.0
 40
2.7
  1
Z 方向
  7
CJK
 11
319.0
 21
142.0
 31
0.0
100
AcDbText
  0
TEXT
  5
3D3
330
17
100
AcDbEntity
  8
TEXT
100
AcDbText
 10
362.0
 20
142.0
 30
0.0
 40
2.7
  1
槽块底座
  7
CJK
 11
362.0
 21
142.0
 31
0.0
100
AcDbText
  0
LINE
  5
3D4
330
17
100
AcDbEntity
  8
OUTLINE
100
AcDbLine
 10
131.824017334421
 20
210.6296880226746
 30
0.0
 11
185.0
 21
136.0
 31
0.0
  0
CIRCLE
  5
3D5
330
17
100
AcDbEntity
  8
OUTLINE
100
AcDbCircle
 10
185.0
 20
136.0
 30
0.0
 40
4.0
  0
TEXT
  5
3D6
330
17
100
AcDbEntity
  8
TEXT
100
AcDbText
 10
185.0
 20
135.0
 30
0.0
 40
3.0
  1
H2
  7
CJK
 72
1
 11
185.0
 21
135.0
 31
0.0
100
AcDbText
  0
TEXT
  5
3D7
330
17
100
AcDbEntity
  8
TEXT
100
AcDbText
 10
198.0
 20
132.0
 30
0.0
 40
2.7
  1
H3
  7
CJK
 11
198.0
 21
132.0
 31
0.0
100
AcDbText
  0
TEXT
  5
3D8
330
17
100
AcDbEntity
  8
TEXT
100
AcDbText
 10
221.0
 20
132.0
 30
0.0
 40
2.7
  1
63.648
  7
CJK
 11
221.0
 21
132.0
 31
0.0
100
AcDbText
  0
TEXT
  5
3D9
330
17
100
AcDbEntity
  8
TEXT
100
AcDbText
 10
270.0
 20
132.0
 30
0.0
 40
2.7
  1
-85.259
  7
CJK
 11
270.0
 21
132.0
 31
0.0
100
AcDbText
  0
TEXT
  5
3DA
330
17
100
AcDbEntity
  8
TEXT
100
AcDbText
 10
319.0
 20
132.0
 30
0.0
 40
2.7
  1
Z 方向
  7
CJK
 11
319.0
 21
132.0
 31
0.0
100
AcDbText
  0
TEXT
  5
3DB
330
17
100
AcDbEntity
  8
TEXT
100
AcDbText
 10
362.0
 20
132.0
 30
0.0
 40
2.7
  1
槽块底座
  7
CJK
 11
362.0
 21
132.0
 31
0.0
100
AcDbText
  0
LINE
  5
3DC
330
17
100
AcDbEntity
  8
OUTLINE
100
AcDbLine
 10
131.82401733442103
 20
125.37031197732537
 30
0.0
 11
185.0
 21
121.0
 31
0.0
  0
CIRCLE
  5
3DD
330
17
100
AcDbEntity
  8
OUTLINE
100
AcDbCircle
 10
185.0
 20
121.0
 30
0.0
 40
4.0
  0
TEXT
  5
3DE
330
17
100
AcDbEntity
  8
TEXT
100
AcDbText
 10
185.0
 20
120.0
 30
0.0
 40
3.0
  1
H3
  7
CJK
 72
1
 11
185.0
 21
120.0
 31
0.0
100
AcDbText
  0
TEXT
  5
3DF
330
17
100
AcDbEntity
  8
TEXT
100
AcDbText
 10
198.0
 20
122.0
 30
0.0
 40
2.7
  1
H4
  7
CJK
 11
198.0
 21
122.0
 31
0.0
100
AcDbText
  0
TEXT
  5
3E0
330
17
100
AcDbEntity
  8
TEXT
100
AcDbText
 10
221.0
 20
122.0
 30
0.0
 40
2.7
  1
69.957
  7
CJK
 11
221.0
 21
122.0
 31
0.0
100
AcDbText
  0
TEXT
  5
3E1
330
17
100
AcDbEntity
  8
TEXT
100
AcDbText
 10
270.0
 20
122.0
 30
0.0
 40
2.7
  1
-94.270
  7
CJK
 11
270.0
 21
122.0
 31
0.0
100
AcDbText
  0
TEXT
  5
3E2
330
17
100
AcDbEntity
  8
TEXT
100
AcDbText
 10
319.0
 20
122.0
 30
0.0
 40
2.7
  1
Z 方向
  7
CJK
 11
319.0
 21
122.0
 31
0.0
100
AcDbText
  0
TEXT
  5
3E3
330
17
100
AcDbEntity
  8
TEXT
100
AcDbText
 10
362.0
 20
122.0
 30
0.0
 40
2.7
  1
槽块底座
  7
CJK
 11
362.0
 21
122.0
 31
0.0
100
AcDbText
  0
LINE
  5
3E4
330
17
100
AcDbEntity
  8
OUTLINE
100
AcDbLine
 10
134.97868773435178
 20
120.86497573373592
 30
0.0
 11
185.0
 21
106.0
 31
0.0
  0
CIRCLE
  5
3E5
330
17
100
AcDbEntity
  8
OUTLINE
100
AcDbCircle
 10
185.0
 20
106.0
 30
0.0
 40
4.0
  0
TEXT
  5
3E6
330
17
100
AcDbEntity
  8
TEXT
100
AcDbText
 10
185.0
 20
105.0
 30
0.0
 40
3.0
  1
H4
  7
CJK
 72
1
 11
185.0
 21
105.0
 31
0.0
100
AcDbText
  0
TEXT
  5
3E7
330
17
100
AcDbEntity
  8
TEXT
100
AcDbText
 10
196.0
 20
106.0
 30
0.0
 40
2.6
  1
Z 层级：承托座下表面 -10 / 上表面 -4；主梁 -6～+6。
  7
CJK
 11
196.0
 21
106.0
 31
0.0
100
AcDbText
  0
TEXT
  5
3E8
330
17
100
AcDbEntity
  8
TEXT
100
AcDbText
 10
196.0
 20
98.5
 30
0.0
 40
2.6
  1
握柄 -8～+8；导向凸台 Ø20，轴 Z=0；承托座厚 6。
  7
CJK
 11
196.0
 21
98.5
 31
0.0
100
AcDbText
  0
TEXT
  5
3E9
330
17
100
AcDbEntity
  8
TEXT
100
AcDbText
 10
196.0
 20
91.0
 30
0.0
 40
2.6
  1
闭合止挡接触面：X=+9。  手柄与主梁名义内净宽 33。
  7
CJK
 11
196.0
 21
91.0
 31
0.0
100
AcDbText
  0
TEXT
  5
3EA
330
17
100
AcDbEntity
  8
TEXT
100
AcDbText
 10
196.0
 20
83.5
 30
0.0
 40
2.6
  1
凸键：径向153～160，切向±2，Z=-4～-2；竖角R0.6。
  7
CJK
 11
196.0
 21
83.5
 31
0.0
100
AcDbText
  0
TEXT
  5
3EB
330
17
100
AcDbEntity
  8
TEXT
100
AcDbText
 10
196.0
 20
76.0
 30
0.0
 40
2.6
  1
左右支架局部连接几何并非完全镜像；必须分别使用对应 STEP。
  7
CJK
 11
196.0
 21
76.0
 31
0.0
100
AcDbText
  0
TEXT
  5
3EC
330
17
100
AcDbEntity
  8
TEXT
100
AcDbText
 10
196.0
 20
68.5
 30
0.0
 40
2.6
  1
接地孔：O处，Z6向下M3-6H有效6，底孔Ø2.5深7。
  7
CJK
 11
196.0
 21
68.5
 31
0.0
100
AcDbText
  0
LWPOLYLINE
  5
3ED
330
17
100
AcDbEntity
  8
DIM
100
AcDbPolyline
 90
3
 70
0
 10
100.0
 20
168.0
 10
190.0
 20
217.0
 10
193.0
 20
217.0
  0
LINE
  5
3EE
330
17
100
AcDbEntity
  8
DIM
100
AcDbLine
 10
100.0
 20
168.0
 30
0.0
 11
101.9779681468751
 21
168.29604393246186
 31
0.0
  0
LINE
  5
3EF
330
17
100
AcDbEntity
  8
DIM
100
AcDbLine
 10
100.0
 20
168.0
 30
0.0
 11
101.32211674634367
 21
169.50066895384614
 31
0.0
  0
TEXT
  5
3F0
330
17
100
AcDbEntity
  8
TEXT
100
AcDbText
 10
194.0
 20
218.0
 30
0.0
 40
2.8
  1
G接地孔；Ø12遮蔽接触面
  7
CJK
 11
194.0
 21
218.0
 31
0.0
100
AcDbText
  0
ENDSEC
  0
SECTION
  2
OBJECTS
  0
DICTIONARY
  5
A
330
0
100
AcDbDictionary
281
1
  3
ACAD_COLOR
350
B
  3
ACAD_GROUP
350
C
  3
ACAD_LAYOUT
350
D
  3
ACAD_MATERIAL
350
E
  3
ACAD_MLEADERSTYLE
350
F
  3
ACAD_MLINESTYLE
350
10
  3
ACAD_PLOTSETTINGS
350
11
  3
ACAD_PLOTSTYLENAME
350
12
  3
ACAD_SCALELIST
350
14
  3
ACAD_TABLESTYLE
350
15
  3
ACAD_VISUALSTYLE
350
16
  3
EZDXF_META
350
2D
  0
DICTIONARY
  5
B
330
A
100
AcDbDictionary
281
1
  0
DICTIONARY
  5
C
330
A
100
AcDbDictionary
281
1
  0
DICTIONARY
  5
D
330
A
100
AcDbDictionary
281
1
  3
Model
350
1A
  3
Layout1
350
1E
  0
DICTIONARY
  5
E
330
A
100
AcDbDictionary
281
1
  3
ByBlock
350
1F
  3
ByLayer
350
20
  3
Global
350
21
  0
DICTIONARY
  5
F
330
A
100
AcDbDictionary
281
1
  3
Standard
350
2C
  0
DICTIONARY
  5
10
330
A
100
AcDbDictionary
281
1
  3
Standard
350
22
  0
DICTIONARY
  5
11
330
A
100
AcDbDictionary
281
1
  0
ACDBDICTIONARYWDFLT
  5
12
330
A
100
AcDbDictionary
281
1
  3
Normal
350
13
100
AcDbDictionaryWithDefault
340
13
  0
ACDBPLACEHOLDER
  5
13
330
12
  0
DICTIONARY
  5
14
330
A
100
AcDbDictionary
281
1
  0
DICTIONARY
  5
15
330
A
100
AcDbDictionary
281
1
  0
DICTIONARY
  5
16
330
A
100
AcDbDictionary
281
1
  0
LAYOUT
  5
1A
330
D
100
AcDbPlotSettings
  1

  4
A3
  6

 40
7.5
 41
20.0
 42
7.5
 43
20.0
 44
420.0
 45
297.0
 46
0.0
 47
0.0
 48
0.0
 49
0.0
140
0.0
141
0.0
142
1.0
143
1.0
 70
1024
 72
1
 73
0
 74
5
  7

 75
16
 76
0
 77
2
 78
300
147
1.0
148
0.0
149
0.0
100
AcDbLayout
  1
Model
 70
1
 71
0
 10
0.0
 20
0.0
 11
420.0
 21
297.0
 12
0.0
 22
0.0
 32
0.0
 14
1e+20
 24
1e+20
 34
1e+20
 15
-1e+20
 25
-1e+20
 35
-1e+20
146
0.0
 13
0.0
 23
0.0
 33
0.0
 16
1.0
 26
0.0
 36
0.0
 17
0.0
 27
1.0
 37
0.0
 76
1
330
17
  0
LAYOUT
  5
1E
330
D
100
AcDbPlotSettings
  1

  4
A3
  6

 40
7.5
 41
20.0
 42
7.5
 43
20.0
 44
420.0
 45
297.0
 46
0.0
 47
0.0
 48
0.0
 49
0.0
140
0.0
141
0.0
142
1.0
143
1.0
 70
0
 72
1
 73
0
 74
5
  7

 75
16
 76
0
 77
2
 78
300
147
1.0
148
0.0
149
0.0
100
AcDbLayout
  1
Layout1
 70
1
 71
1
 10
0.0
 20
0.0
 11
420.0
 21
297.0
 12
0.0
 22
0.0
 32
0.0
 14
1e+20
 24
1e+20
 34
1e+20
 15
-1e+20
 25
-1e+20
 35
-1e+20
146
0.0
 13
0.0
 23
0.0
 33
0.0
 16
1.0
 26
0.0
 36
0.0
 17
0.0
 27
1.0
 37
0.0
 76
1
330
1B
  0
MATERIAL
  5
1F
102
{ACAD_REACTORS
330
E
102
}
330
E
100
AcDbMaterial
  1
ByBlock
  2

 70
0
 40
1.0
 71
1
 41
1.0
 91
-1023410177
 42
1.0
 72
1
  3

 73
1
 74
1
 75
1
 44
0.5
 73
0
 45
1.0
 46
1.0
 77
1
  4

 78
1
 79
1
170
1
 48
1.0
171
1
  6

172
1
173
1
174
1
140
1.0
141
1.0
175
1
  7

176
1
177
1
178
1
143
1.0
179
1
  8

270
1
271
1
272
1
145
1.0
146
1.0
273
1
  9

274
1
275
1
276
1
 42
1.0
 72
1
  3

 73
1
 74
1
 75
1
 94
63
  0
MATERIAL
  5
20
102
{ACAD_REACTORS
330
E
102
}
330
E
100
AcDbMaterial
  1
ByLayer
  2

 70
0
 40
1.0
 71
1
 41
1.0
 91
-1023410177
 42
1.0
 72
1
  3

 73
1
 74
1
 75
1
 44
0.5
 73
0
 45
1.0
 46
1.0
 77
1
  4

 78
1
 79
1
170
1
 48
1.0
171
1
  6

172
1
173
1
174
1
140
1.0
141
1.0
175
1
  7

176
1
177
1
178
1
143
1.0
179
1
  8

270
1
271
1
272
1
145
1.0
146
1.0
273
1
  9

274
1
275
1
276
1
 42
1.0
 72
1
  3

 73
1
 74
1
 75
1
 94
63
  0
MATERIAL
  5
21
102
{ACAD_REACTORS
330
E
102
}
330
E
100
AcDbMaterial
  1
Global
  2

 70
0
 40
1.0
 71
1
 41
1.0
 91
-1023410177
 42
1.0
 72
1
  3

 73
1
 74
1
 75
1
 44
0.5
 73
0
 45
1.0
 46
1.0
 77
1
  4

 78
1
 79
1
170
1
 48
1.0
171
1
  6

172
1
173
1
174
1
140
1.0
141
1.0
175
1
  7

176
1
177
1
178
1
143
1.0
179
1
  8

270
1
271
1
272
1
145
1.0
146
1.0
273
1
  9

274
1
275
1
276
1
 42
1.0
 72
1
  3

 73
1
 74
1
 75
1
 94
63
  0
MLINESTYLE
  5
22
102
{ACAD_REACTORS
330
10
102
}
330
10
100
AcDbMlineStyle
  2
Standard
 70
0
  3

 62
256
 51
90.0
 52
90.0
 71
2
 49
0.5
 62
256
  6
BYLAYER
 49
-0.5
 62
256
  6
BYLAYER
  0
MLEADERSTYLE
  5
2C
102
{ACAD_REACTORS
330
F
102
}
330
F
100
AcDbMLeaderStyle
179
2
170
2
171
1
172
0
 90
2
 40
0.0
 41
0.0
173
1
 91
-1056964608
 92
-2
290
1
 42
2.0
291
1
 43
8.0
  3
Standard
 44
4.0
300

342
29
174
1
175
1
176
0
178
1
 93
-1056964608
 45
4.0
292
0
297
0
 46
4.0
 94
-1056964608
 47
1.0
 49
1.0
140
1.0
294
1
141
0.0
177
0
142
1.0
295
0
296
0
143
3.75
271
0
272
9
273
9
  0
DICTIONARY
  5
2D
330
A
100
AcDbDictionary
280
1
281
1
  3
CREATED_BY_EZDXF
350
2E
  3
WRITTEN_BY_EZDXF
350
3F3
  0
DICTIONARYVAR
  5
2E
330
2D
100
DictionaryVariables
280
0
  1
1.4.4 @ 2026-09-13T11:05:27.618470+00:00
  0
DICTIONARYVAR
  5
3F3
330
2D
100
DictionaryVariables
280
0
  1
1.4.4 @ 2026-09-13T11:05:27.670663+00:00
  0
ENDSEC
  0
EOF
