  0
SECTION
  2
HEADER
  9
$ACADVER
  1
AC1024
  9
$ACADMAINTVER
 70
6
  9
$DWGCODEPAGE
  3
ANSI_1252
  9
$LASTSAVEDBY
  1
ezdxf
  9
$INSBASE
 10
0.0
 20
0.0
 30
0.0
  9
$EXTMIN
 10
1e+20
 20
1e+20
 30
1e+20
  9
$EXTMAX
 10
-1e+20
 20
-1e+20
 30
-1e+20
  9
$LIMMIN
 10
0.0
 20
0.0
  9
$LIMMAX
 10
420.0
 20
297.0
  9
$ORTHOMODE
 70
0
  9
$REGENMODE
 70
1
  9
$FILLMODE
 70
1
  9
$QTEXTMODE
 70
0
  9
$MIRRTEXT
 70
1
  9
$LTSCALE
 40
1.0
  9
$ATTMODE
 70
1
  9
$TEXTSIZE
 40
2.5
  9
$TRACEWID
 40
1.0
  9
$TEXTSTYLE
  7
Standard
  9
$CLAYER
  8
0
  9
$CELTYPE
  6
ByLayer
  9
$CECOLOR
 62
256
  9
$CELTSCALE
 40
1.0
  9
$DISPSILH
 70
0
  9
$DIMSCALE
 40
1.0
  9
$DIMASZ
 40
2.5
  9
$DIMEXO
 40
0.625
  9
$DIMDLI
 40
3.75
  9
$DIMRND
 40
0.0
  9
$DIMDLE
 40
0.0
  9
$DIMEXE
 40
1.25
  9
$DIMTP
 40
0.0
  9
$DIMTM
 40
0.0
  9
$DIMTXT
 40
2.5
  9
$DIMCEN
 40
2.5
  9
$DIMTSZ
 40
0.0
  9
$DIMTOL
 70
0
  9
$DIMLIM
 70
0
  9
$DIMTIH
 70
0
  9
$DIMTOH
 70
0
  9
$DIMSE1
 70
0
  9
$DIMSE2
 70
0
  9
$DIMTAD
 70
1
  9
$DIMZIN
 70
8
  9
$DIMBLK
  1

  9
$DIMASO
 70
1
  9
$DIMSHO
 70
1
  9
$DIMPOST
  1

  9
$DIMAPOST
  1

  9
$DIMALT
 70
0
  9
$DIMALTD
 70
3
  9
$DIMALTF
 40
0.03937007874
  9
$DIMLFAC
 40
1.0
  9
$DIMTOFL
 70
1
  9
$DIMTVP
 40
0.0
  9
$DIMTIX
 70
0
  9
$DIMSOXD
 70
0
  9
$DIMSAH
 70
0
  9
$DIMBLK1
  1

  9
$DIMBLK2
  1

  9
$DIMSTYLE
  2
ISO-25
  9
$DIMCLRD
 70
0
  9
$DIMCLRE
 70
0
  9
$DIMCLRT
 70
0
  9
$DIMTFAC
 40
1.0
  9
$DIMGAP
 40
0.625
  9
$DIMJUST
 70
0
  9
$DIMSD1
 70
0
  9
$DIMSD2
 70
0
  9
$DIMTOLJ
 70
0
  9
$DIMTZIN
 70
8
  9
$DIMALTZ
 70
0
  9
$DIMALTTZ
 70
0
  9
$DIMUPT
 70
0
  9
$DIMDEC
 70
2
  9
$DIMTDEC
 70
2
  9
$DIMALTU
 70
2
  9
$DIMALTTD
 70
3
  9
$DIMTXSTY
  7
Standard
  9
$DIMAUNIT
 70
0
  9
$DIMADEC
 70
0
  9
$DIMALTRND
 40
0.0
  9
$DIMAZIN
 70
0
  9
$DIMDSEP
 70
44
  9
$DIMATFIT
 70
3
  9
$DIMFRAC
 70
0
  9
$DIMLDRBLK
  1

  9
$DIMLUNIT
 70
2
  9
$DIMLWD
 70
-2
  9
$DIMLWE
 70
-2
  9
$DIMTMOVE
 70
0
  9
$DIMFXL
 40
1.0
  9
$DIMFXLON
 70
0
  9
$DIMJOGANG
 40
0.785398163397
  9
$DIMTFILL
 70
0
  9
$DIMTFILLCLR
 70
0
  9
$DIMARCSYM
 70
0
  9
$DIMLTYPE
  6

  9
$DIMLTEX1
  6

  9
$DIMLTEX2
  6

  9
$DIMTXTDIRECTION
 70
0
  9
$LUNITS
 70
2
  9
$LUPREC
 70
4
  9
$SKETCHINC
 40
1.0
  9
$FILLETRAD
 40
10.0
  9
$AUNITS
 70
0
  9
$AUPREC
 70
2
  9
$MENU
  1
.
  9
$ELEVATION
 40
0.0
  9
$PELEVATION
 40
0.0
  9
$THICKNESS
 40
0.0
  9
$LIMCHECK
 70
0
  9
$CHAMFERA
 40
0.0
  9
$CHAMFERB
 40
0.0
  9
$CHAMFERC
 40
0.0
  9
$CHAMFERD
 40
0.0
  9
$SKPOLY
 70
0
  9
$TDCREATE
 40
2461297.7954513887
  9
$TDUCREATE
 40
2458532.153996898
  9
$TDUPDATE
 40
2461297.7954513887
  9
$TDUUPDATE
 40
2458532.1544311
  9
$TDINDWG
 40
0.0
  9
$TDUSRTIMER
 40
0.0
  9
$USRTIMER
 70
1
  9
$ANGBASE
 50
0.0
  9
$ANGDIR
 70
0
  9
$PDMODE
 70
0
  9
$PDSIZE
 40
0.0
  9
$PLINEWID
 40
0.0
  9
$SPLFRAME
 70
0
  9
$SPLINETYPE
 70
6
  9
$SPLINESEGS
 70
8
  9
$HANDSEED
  5
480
  9
$SURFTAB1
 70
6
  9
$SURFTAB2
 70
6
  9
$SURFTYPE
 70
6
  9
$SURFU
 70
6
  9
$SURFV
 70
6
  9
$UCSBASE
  2

  9
$UCSNAME
  2

  9
$UCSORG
 10
0.0
 20
0.0
 30
0.0
  9
$UCSXDIR
 10
1.0
 20
0.0
 30
0.0
  9
$UCSYDIR
 10
0.0
 20
1.0
 30
0.0
  9
$UCSORTHOREF
  2

  9
$UCSORTHOVIEW
 70
0
  9
$UCSORGTOP
 10
0.0
 20
0.0
 30
0.0
  9
$UCSORGBOTTOM
 10
0.0
 20
0.0
 30
0.0
  9
$UCSORGLEFT
 10
0.0
 20
0.0
 30
0.0
  9
$UCSORGRIGHT
 10
0.0
 20
0.0
 30
0.0
  9
$UCSORGFRONT
 10
0.0
 20
0.0
 30
0.0
  9
$UCSORGBACK
 10
0.0
 20
0.0
 30
0.0
  9
$PUCSBASE
  2

  9
$PUCSNAME
  2

  9
$PUCSORG
 10
0.0
 20
0.0
 30
0.0
  9
$PUCSXDIR
 10
1.0
 20
0.0
 30
0.0
  9
$PUCSYDIR
 10
0.0
 20
1.0
 30
0.0
  9
$PUCSORTHOREF
  2

  9
$PUCSORTHOVIEW
 70
0
  9
$PUCSORGTOP
 10
0.0
 20
0.0
 30
0.0
  9
$PUCSORGBOTTOM
 10
0.0
 20
0.0
 30
0.0
  9
$PUCSORGLEFT
 10
0.0
 20
0.0
 30
0.0
  9
$PUCSORGRIGHT
 10
0.0
 20
0.0
 30
0.0
  9
$PUCSORGFRONT
 10
0.0
 20
0.0
 30
0.0
  9
$PUCSORGBACK
 10
0.0
 20
0.0
 30
0.0
  9
$USERI1
 70
0
  9
$USERI2
 70
0
  9
$USERI3
 70
0
  9
$USERI4
 70
0
  9
$USERI5
 70
0
  9
$USERR1
 40
0.0
  9
$USERR2
 40
0.0
  9
$USERR3
 40
0.0
  9
$USERR4
 40
0.0
  9
$USERR5
 40
0.0
  9
$WORLDVIEW
 70
1
  9
$SHADEDGE
 70
3
  9
$SHADEDIF
 70
70
  9
$TILEMODE
 70
1
  9
$MAXACTVP
 70
64
  9
$PINSBASE
 10
0.0
 20
0.0
 30
0.0
  9
$PLIMCHECK
 70
0
  9
$PEXTMIN
 10
1e+20
 20
1e+20
 30
1e+20
  9
$PEXTMAX
 10
-1e+20
 20
-1e+20
 30
-1e+20
  9
$PLIMMIN
 10
0.0
 20
0.0
  9
$PLIMMAX
 10
420.0
 20
297.0
  9
$UNITMODE
 70
0
  9
$VISRETAIN
 70
1
  9
$PLINEGEN
 70
0
  9
$PSLTSCALE
 70
1
  9
$TREEDEPTH
 70
3020
  9
$CMLSTYLE
  2
Standard
  9
$CMLJUST
 70
0
  9
$CMLSCALE
 40
20.0
  9
$PROXYGRAPHICS
 70
1
  9
$MEASUREMENT
 70
1
  9
$CELWEIGHT
370
-1
  9
$ENDCAPS
280
0
  9
$JOINSTYLE
280
0
  9
$LWDISPLAY
290
0
  9
$INSUNITS
 70
4
  9
$HYPERLINKBASE
  1

  9
$STYLESHEET
  1

  9
$XEDIT
290
1
  9
$CEPSNTYPE
380
0
  9
$PSTYLEMODE
290
1
  9
$FINGERPRINTGUID
  2
{A4A73787-BFFF-4FF4-A8A2-1B0E15D448B3}
  9
$VERSIONGUID
  2
{067576EF-7B27-42DD-A749-B05E50401D5B}
  9
$EXTNAMES
290
1
  9
$PSVPSCALE
 40
0.0
  9
$OLESTARTUP
290
0
  9
$SORTENTS
280
127
  9
$INDEXCTL
280
0
  9
$HIDETEXT
280
1
  9
$XCLIPFRAME
280
1
  9
$HALOGAP
280
0
  9
$OBSCOLOR
 70
257
  9
$OBSLTYPE
280
0
  9
$INTERSECTIONDISPLAY
280
0
  9
$INTERSECTIONCOLOR
 70
257
  9
$DIMASSOC
280
2
  9
$PROJECTNAME
  1

  9
$CAMERADISPLAY
290
0
  9
$LENSLENGTH
 40
50.0
  9
$CAMERAHEIGHT
 40
0.0
  9
$STEPSPERSEC
 40
24.0
  9
$STEPSIZE
 40
100.0
  9
$3DDWFPREC
 40
2.0
  9
$PSOLWIDTH
 40
0.005
  9
$PSOLHEIGHT
 40
0.08
  9
$LOFTANG1
 40
1.570796326795
  9
$LOFTANG2
 40
1.570796326795
  9
$LOFTMAG1
 40
0.0
  9
$LOFTMAG2
 40
0.0
  9
$LOFTPARAM
 70
7
  9
$LOFTNORMALS
280
1
  9
$LATITUDE
 40
37.795
  9
$LONGITUDE
 40
-122.394
  9
$NORTHDIRECTION
 40
0.0
  9
$TIMEZONE
 70
-8000
  9
$LIGHTGLYPHDISPLAY
280
1
  9
$TILEMODELIGHTSYNCH
280
1
  9
$CMATERIAL
347
20
  9
$SOLIDHIST
280
0
  9
$SHOWHIST
280
1
  9
$DWFFRAME
280
2
  9
$DGNFRAME
280
2
  9
$REALWORLDSCALE
290
1
  9
$INTERFERECOLOR
 62
256
  9
$CSHADOW
280
0
  9
$SHADOWPLANELOCATION
 40
0.0
  0
ENDSEC
  0
SECTION
  2
CLASSES
  0
CLASS
  1
ACDBDICTIONARYWDFLT
  2
AcDbDictionaryWithDefault
  3
ObjectDBX Classes
 90
0
 91
0
280
0
281
0
  0
CLASS
  1
SUN
  2
AcDbSun
  3
SCENEOE
 90
1153
 91
0
280
0
281
0
  0
CLASS
  1
VISUALSTYLE
  2
AcDbVisualStyle
  3
ObjectDBX Classes
 90
4095
 91
0
280
0
281
0
  0
CLASS
  1
MATERIAL
  2
AcDbMaterial
  3
ObjectDBX Classes
 90
1153
 91
0
280
0
281
0
  0
CLASS
  1
SCALE
  2
AcDbScale
  3
ObjectDBX Classes
 90
1153
 91
0
280
0
281
0
  0
CLASS
  1
TABLESTYLE
  2
AcDbTableStyle
  3
ObjectDBX Classes
 90
4095
 91
0
280
0
281
0
  0
CLASS
  1
MLEADERSTYLE
  2
AcDbMLeaderStyle
  3
ACDB_MLEADERSTYLE_CLASS
 90
4095
 91
0
280
0
281
0
  0
CLASS
  1
DICTIONARYVAR
  2
AcDbDictionaryVar
  3
ObjectDBX Classes
 90
0
 91
0
280
0
281
0
  0
CLASS
  1
CELLSTYLEMAP
  2
AcDbCellStyleMap
  3
ObjectDBX Classes
 90
1152
 91
0
280
0
281
0
  0
CLASS
  1
MENTALRAYRENDERSETTINGS
  2
AcDbMentalRayRenderSettings
  3
SCENEOE
 90
1024
 91
0
280
0
281
0
  0
CLASS
  1
ACDBDETAILVIEWSTYLE
  2
AcDbDetailViewStyle
  3
ObjectDBX Classes
 90
1025
 91
0
280
0
281
0
  0
CLASS
  1
ACDBSECTIONVIEWSTYLE
  2
AcDbSectionViewStyle
  3
ObjectDBX Classes
 90
1025
 91
0
280
0
281
0
  0
CLASS
  1
RASTERVARIABLES
  2
AcDbRasterVariables
  3
ISM
 90
0
 91
0
280
0
281
0
  0
CLASS
  1
LAYOUT
  2
AcDbLayout
  3
ObjectDBX Classes
 90
0
 91
0
280
0
281
0
  0
CLASS
  1
ACDBPLACEHOLDER
  2
AcDbPlaceHolder
  3
ObjectDBX Classes
 90
0
 91
0
280
0
281
0
  0
ENDSEC
  0
SECTION
  2
TABLES
  0
TABLE
  2
VPORT
  5
8
330
0
100
AcDbSymbolTable
 70
1
  0
VPORT
  5
23
330
8
100
AcDbSymbolTableRecord
100
AcDbViewportTableRecord
  2
*Active
 70
0
 10
0.0
 20
0.0
 11
1.0
 21
1.0
 12
0.0
 22
0.0
 13
0.0
 23
0.0
 14
0.5
 24
0.5
 15
0.5
 25
0.5
 16
0.0
 26
0.0
 36
1.0
 17
0.0
 27
0.0
 37
0.0
 40
1000.0
 41
1.34
 42
50.0
 43
0.0
 44
0.0
 50
0.0
 51
0.0
 71
0
 72
1000
 73
1
 74
3
 75
0
 76
0
 77
0
 78
0
281
0
 65
0
146
0.0
  0
ENDTAB
  0
TABLE
  2
LTYPE
  5
2
330
0
100
AcDbSymbolTable
 70
3
  0
LTYPE
  5
24
330
2
100
AcDbSymbolTableRecord
100
AcDbLinetypeTableRecord
  2
ByBlock
 70
0
  3

 72
65
 73
0
 40
0.0
  0
LTYPE
  5
25
330
2
100
AcDbSymbolTableRecord
100
AcDbLinetypeTableRecord
  2
ByLayer
 70
0
  3

 72
65
 73
0
 40
0.0
  0
LTYPE
  5
26
330
2
100
AcDbSymbolTableRecord
100
AcDbLinetypeTableRecord
  2
Continuous
 70
0
  3

 72
65
 73
0
 40
0.0
  0
ENDTAB
  0
TABLE
  2
LAYER
  5
1
330
0
100
AcDbSymbolTable
 70
9
  0
LAYER
  5
27
330
1
100
AcDbSymbolTableRecord
100
AcDbLayerTableRecord
  2
0
 70
0
 62
7
  6
Continuous
370
-3
390
13
347
21
  0
LAYER
  5
28
330
1
100
AcDbSymbolTableRecord
100
AcDbLayerTableRecord
  2
Defpoints
 70
0
 62
7
  6
Continuous
290
0
370
-3
390
13
347
21
  0
LAYER
  5
2F
330
1
100
AcDbSymbolTableRecord
100
AcDbLayerTableRecord
  2
OUTLINE
 70
0
 62
7
  6
Continuous
370
-3
390
13
347
21
  0
LAYER
  5
30
330
1
100
AcDbSymbolTableRecord
100
AcDbLayerTableRecord
  2
TANGENT
 70
0
 62
8
  6
Continuous
370
-3
390
13
347
21
  0
LAYER
  5
31
330
1
100
AcDbSymbolTableRecord
100
AcDbLayerTableRecord
  2
HIDDEN
 70
0
 62
8
  6
Continuous
370
-3
390
13
347
21
  0
LAYER
  5
32
330
1
100
AcDbSymbolTableRecord
100
AcDbLayerTableRecord
  2
DIM
 70
0
 62
7
  6
Continuous
370
-3
390
13
347
21
  0
LAYER
  5
33
330
1
100
AcDbSymbolTableRecord
100
AcDbLayerTableRecord
  2
TEXT
 70
0
 62
7
  6
Continuous
370
-3
390
13
347
21
  0
LAYER
  5
34
330
1
100
AcDbSymbolTableRecord
100
AcDbLayerTableRecord
  2
HOLD
 70
0
 62
1
  6
Continuous
370
-3
390
13
347
21
  0
LAYER
  5
35
330
1
100
AcDbSymbolTableRecord
100
AcDbLayerTableRecord
  2
CENTER
 70
0
 62
4
  6
Continuous
370
-3
390
13
347
21
  0
ENDTAB
  0
TABLE
  2
STYLE
  5
5
330
0
100
AcDbSymbolTable
 70
2
  0
STYLE
  5
29
330
5
100
AcDbSymbolTableRecord
100
AcDbTextStyleTableRecord
  2
Standard
 70
0
 40
0.0
 41
1.0
 50
0.0
 71
0
 42
2.5
  3
txt
  4

  0
STYLE
  5
36
330
5
100
AcDbSymbolTableRecord
100
AcDbTextStyleTableRecord
  2
CJK
 70
0
 40
0.0
 41
1.0
 50
0.0
 71
0
 42
2.5
  3
Arial Unicode.ttf
  4

  0
ENDTAB
  0
TABLE
  2
VIEW
  5
7
330
0
100
AcDbSymbolTable
 70
0
  0
ENDTAB
  0
TABLE
  2
UCS
  5
6
330
0
100
AcDbSymbolTable
 70
0
  0
ENDTAB
  0
TABLE
  2
APPID
  5
3
330
0
100
AcDbSymbolTable
 70
3
  0
APPID
  5
2A
330
3
100
AcDbSymbolTableRecord
100
AcDbRegAppTableRecord
  2
ACAD
 70
0
  0
APPID
  5
47D
330
3
100
AcDbSymbolTableRecord
100
AcDbRegAppTableRecord
  2
HATCHBACKGROUNDCOLOR
 70
0
  0
APPID
  5
47E
330
3
100
AcDbSymbolTableRecord
100
AcDbRegAppTableRecord
  2
EZDXF
 70
0
  0
ENDTAB
  0
TABLE
  2
DIMSTYLE
  5
4
330
0
100
AcDbSymbolTable
 70
1
100
AcDbDimStyleTable
  0
DIMSTYLE
105
2B
330
4
100
AcDbSymbolTableRecord
100
AcDbDimStyleTableRecord
  2
Standard
 70
0
 40
1.0
 41
2.5
 42
0.625
 43
3.75
 44
1.25
 45
0.0
 46
0.0
 47
0.0
 48
0.0
 49
2.5
140
2.5
141
2.5
142
0.0
143
0.03937007874
144
1.0
145
0.0
146
1.0
147
0.625
148
0.0
 69
0
 70
0
 71
0
 72
0
 73
0
 74
0
 75
0
 76
0
 77
1
 78
8
 79
3
170
0
171
3
172
1
173
0
174
0
175
0
176
0
177
0
178
0
179
2
271
2
272
2
273
2
274
3
275
0
276
0
277
2
278
44
279
0
280
0
281
0
282
0
283
0
284
8
285
0
286
0
288
0
289
3
290
0
371
-2
372
-2
  0
ENDTAB
  0
TABLE
  2
BLOCK_RECORD
  5
9
330
0
100
AcDbSymbolTable
 70
2
  0
BLOCK_RECORD
  5
17
330
9
100
AcDbSymbolTableRecord
100
AcDbBlockTableRecord
  2
*Model_Space
340
1A
 70
0
280
1
281
0
  0
BLOCK_RECORD
  5
1B
330
9
100
AcDbSymbolTableRecord
100
AcDbBlockTableRecord
  2
*Paper_Space
340
1E
 70
0
280
1
281
0
  0
ENDTAB
  0
ENDSEC
  0
SECTION
  2
BLOCKS
  0
BLOCK
  5
18
330
17
100
AcDbEntity
  8
0
100
AcDbBlockBegin
  2
*Model_Space
 70
0
 10
0.0
 20
0.0
 30
0.0
  3
*Model_Space
  1

  0
ENDBLK
  5
19
330
17
100
AcDbEntity
  8
0
100
AcDbBlockEnd
  0
BLOCK
  5
1C
330
1B
100
AcDbEntity
  8
0
100
AcDbBlockBegin
  2
*Paper_Space
 70
0
 10
0.0
 20
0.0
 30
0.0
  3
*Paper_Space
  1

  0
ENDBLK
  5
1D
330
1B
100
AcDbEntity
  8
0
100
AcDbBlockEnd
  0
ENDSEC
  0
SECTION
  2
ENTITIES
  0
LWPOLYLINE
  5
37
330
17
100
AcDbEntity
  8
OUTLINE
100
AcDbPolyline
 90
5
 70
0
 10
10.0
 20
10.0
 10
410.0
 20
10.0
 10
410.0
 20
287.0
 10
10.0
 20
287.0
 10
10.0
 20
10.0
  0
TEXT
  5
38
330
17
100
AcDbEntity
  8
TEXT
100
AcDbText
 10
15.0
 20
278.0
 30
0.0
 40
5.0
  1
右手柄支架 / 单件图与孔位表
  7
CJK
 11
15.0
 21
278.0
 31
0.0
100
AcDbText
  0
TEXT
  5
39
330
17
100
AcDbEntity
  8
TEXT
100
AcDbText
 10
405.0
 20
279.0
 30
0.0
 40
3.0
  1
WF300-DH | P1D1 | 04/12
  7
CJK
 72
2
 11
405.0
 21
279.0
 31
0.0
100
AcDbText
  0
LINE
  5
3A
330
17
100
AcDbEntity
  8
OUTLINE
100
AcDbLine
 10
10.0
 20
273.0
 30
0.0
 11
410.0
 21
273.0
 31
0.0
  0
LINE
  5
3B
330
17
100
AcDbEntity
  8
OUTLINE
100
AcDbLine
 10
10.0
 20
38.0
 30
0.0
 11
410.0
 21
38.0
 31
0.0
  0
TEXT
  5
3C
330
17
100
AcDbEntity
  8
HOLD
100
AcDbText
 10
15.0
 20
30.0
 30
0.0
 40
3.3
  1
状态：工程试制 / 首件评审后执行；未获实片使用批准
  7
CJK
 11
15.0
 21
30.0
 31
0.0
100
AcDbText
  0
TEXT
  5
3D
330
17
100
AcDbEntity
  8
TEXT
100
AcDbText
 10
15.0
 20
22.0
 30
0.0
 40
2.6
  1
单位mm；成品尺寸；试制公差见第11页。复杂轮廓依同版STEP；不得量图。
  7
CJK
 11
15.0
 21
22.0
 31
0.0
100
AcDbText
  0
TEXT
  5
3E
330
17
100
AcDbEntity
  8
TEXT
100
AcDbText
 10
15.0
 20
15.0
 30
0.0
 40
2.5
  1
源模型 SHA-256：11d3f112668962898e65…；晶圆厚0.50–0.90；外缘2接触；先假片验收。
  7
CJK
 11
15.0
 21
15.0
 31
0.0
100
AcDbText
  0
LINE
  5
3F
330
17
100
AcDbEntity
  8
OUTLINE
100
AcDbLine
 10
282.0
 20
10.0
 30
0.0
 11
282.0
 21
38.0
 31
0.0
  0
TEXT
  5
40
330
17
100
AcDbEntity
  8
TEXT
100
AcDbText
 10
287.0
 20
30.0
 30
0.0
 40
2.7
  1
图号 WF300-P1-FRAME-R  |  比例 1:2 主视 / 局部示意
  7
CJK
 11
287.0
 21
30.0
 31
0.0
100
AcDbText
  0
TEXT
  5
41
330
17
100
AcDbEntity
  8
TEXT
100
AcDbText
 10
287.0
 20
22.0
 30
0.0
 40
2.6
  1
材料/来源：6061-T651 / 见11页
  7
CJK
 11
287.0
 21
22.0
 31
0.0
100
AcDbText
  0
TEXT
  5
42
330
17
100
AcDbEntity
  8
TEXT
100
AcDbText
 10
287.0
 20
15.0
 30
0.0
 40
2.6
  1
工艺/质量首件评审签署：待完成
  7
CJK
 11
287.0
 21
15.0
 31
0.0
100
AcDbText
  0
LWPOLYLINE
  5
43
330
17
100
AcDbEntity
  8
HIDDEN
100
AcDbPolyline
 90
15
 70
0
 10
95.5
 20
91.5
 10
95.5031439
 20
91.5
 10
95.51253605
 20
91.5
 10
95.52805835
 20
91.5
 10
95.54951555
 20
91.5
 10
95.5766379
 20
91.5
 10
95.60908425
 20
91.5
 10
95.6464466
 20
91.5
 10
95.6882551
 20
91.5
 10
95.73398395
 20
91.5
 10
95.78305815
 20
91.5
 10
95.83486045
 20
91.5
 10
95.88873955
 20
91.5
 10
95.94401775
 20
91.5
 10
96.0
 20
91.5
  0
LWPOLYLINE
  5
44
330
17
100
AcDbEntity
  8
HIDDEN
100
AcDbPolyline
 90
15
 70
0
 10
95.5
 20
244.5
 10
95.5031439
 20
244.5
 10
95.51253605
 20
244.5
 10
95.52805835
 20
244.5
 10
95.54951555
 20
244.5
 10
95.5766379
 20
244.5
 10
95.60908425
 20
244.5
 10
95.6464466
 20
244.5
 10
95.6882551
 20
244.5
 10
95.73398395
 20
244.5
 10
95.78305815
 20
244.5
 10
95.83486045
 20
244.5
 10
95.88873955
 20
244.5
 10
95.94401775
 20
244.5
 10
96.0
 20
244.5
  0
LWPOLYLINE
  5
45
330
17
100
AcDbEntity
  8
HIDDEN
100
AcDbPolyline
 90
15
 70
0
 10
95.5
 20
77.0
 10
95.5
 20
77.07938675
 10
95.5
 20
77.3150261
 10
95.5
 20
77.6994354
 10
95.5
 20
78.22040785
 10
95.5
 20
78.8614001
 10
95.5
 20
79.60205765
 10
95.5
 20
80.41886115
 10
95.5
 20
81.28587325
 10
95.5
 20
82.17556225
 10
95.5
 20
83.0596763
 10
95.5
 20
83.91014065
 10
95.5
 20
84.69994905
 10
95.5
 20
85.40402135
 10
95.5
 20
86.0
  0
LWPOLYLINE
  5
46
330
17
100
AcDbEntity
  8
HIDDEN
100
AcDbPolyline
 90
2
 70
0
 10
95.5
 20
86.0
 10
95.5
 20
91.5
  0
LWPOLYLINE
  5
47
330
17
100
AcDbEntity
  8
HIDDEN
100
AcDbPolyline
 90
2
 70
0
 10
95.5
 20
91.5
 10
95.5
 20
120.5
  0
LWPOLYLINE
  5
48
330
17
100
AcDbEntity
  8
HIDDEN
100
AcDbPolyline
 90
15
 70
0
 10
95.5
 20
250.0
 10
95.5
 20
250.59597865
 10
95.5
 20
251.30005095
 10
95.5
 20
252.08985934999998
 10
95.5
 20
252.9403237
 10
95.5
 20
253.82443775000002
 10
95.5
 20
254.71412675
 10
95.5
 20
255.58113885
 10
95.5
 20
256.39794235
 10
95.5
 20
257.13859990000003
 10
95.5
 20
257.77959215
 10
95.5
 20
258.30056460000003
 10
95.5
 20
258.6849739
 10
95.5
 20
258.92061325
 10
95.5
 20
259.0
  0
LWPOLYLINE
  5
49
330
17
100
AcDbEntity
  8
HIDDEN
100
AcDbPolyline
 90
2
 70
0
 10
95.5
 20
129.5
 10
95.5
 20
120.5
  0
LWPOLYLINE
  5
4A
330
17
100
AcDbEntity
  8
HIDDEN
100
AcDbPolyline
 90
2
 70
0
 10
95.5
 20
244.5
 10
95.5
 20
250.0
  0
LWPOLYLINE
  5
4B
330
17
100
AcDbEntity
  8
HIDDEN
100
AcDbPolyline
 90
2
 70
0
 10
95.5
 20
129.5
 10
95.5
 20
206.5
  0
LWPOLYLINE
  5
4C
330
17
100
AcDbEntity
  8
HIDDEN
100
AcDbPolyline
 90
2
 70
0
 10
95.5
 20
215.5
 10
95.5
 20
244.5
  0
LWPOLYLINE
  5
4D
330
17
100
AcDbEntity
  8
HIDDEN
100
AcDbPolyline
 90
2
 70
0
 10
95.5
 20
215.5
 10
95.5
 20
206.5
  0
LWPOLYLINE
  5
4E
330
17
100
AcDbEntity
  8
HIDDEN
100
AcDbPolyline
 90
15
 70
0
 10
95.5
 20
254.0
 10
95.5
 20
253.66410654999999
 10
95.5
 20
253.33243720000002
 10
95.5
 20
253.0091628
 10
95.5
 20
252.69834880000002
 10
95.5
 20
252.40390374999998
 10
95.5
 20
252.1295306
 10
95.5
 20
251.87867964999998
 10
95.5
 20
251.65450555
 10
95.5
 20
251.4598274
 10
95.5
 20
251.2970934
 10
95.5
 20
251.16835
 10
95.5
 20
251.07521624999998
 10
95.5
 20
251.01886335
 10
95.5
 20
251.0
  0
LWPOLYLINE
  5
4F
330
17
100
AcDbEntity
  8
HIDDEN
100
AcDbPolyline
 90
15
 70
0
 10
95.5
 20
251.0
 10
95.5
 20
251.07521624999998
 10
95.5
 20
251.2970934
 10
95.5
 20
251.65450555
 10
95.5
 20
252.1295306
 10
95.5
 20
252.69834880000002
 10
95.5
 20
253.33243720000002
 10
95.5
 20
254.0
 10
95.5
 20
254.66756279999998
 10
95.5
 20
255.30165119999998
 10
95.5
 20
255.8704694
 10
95.5
 20
256.34549445
 10
95.5
 20
256.7029066
 10
95.5
 20
256.92478375
 10
95.5
 20
257.0
  0
LWPOLYLINE
  5
50
330
17
100
AcDbEntity
  8
HIDDEN
100
AcDbPolyline
 90
15
 70
0
 10
95.5
 20
257.0
 10
95.5
 20
256.98113665
 10
95.5
 20
256.92478375
 10
95.5
 20
256.83164999999997
 10
95.5
 20
256.7029066
 10
95.5
 20
256.5401726
 10
95.5
 20
256.34549445
 10
95.5
 20
256.12132035
 10
95.5
 20
255.8704694
 10
95.5
 20
255.59609625000002
 10
95.5
 20
255.30165119999998
 10
95.5
 20
254.9908372
 10
95.5
 20
254.66756279999998
 10
95.5
 20
254.33589345000001
 10
95.5
 20
254.0
  0
LWPOLYLINE
  5
51
330
17
100
AcDbEntity
  8
HIDDEN
100
AcDbPolyline
 90
15
 70
0
 10
95.5
 20
82.0
 10
95.5
 20
81.66410655
 10
95.5
 20
81.3324372
 10
95.5
 20
81.0091628
 10
95.5
 20
80.6983488
 10
95.5
 20
80.40390375
 10
95.5
 20
80.1295306
 10
95.5
 20
79.87867965
 10
95.5
 20
79.65450555
 10
95.5
 20
79.4598274
 10
95.5
 20
79.2970934
 10
95.5
 20
79.16835
 10
95.5
 20
79.07521625
 10
95.5
 20
79.01886335
 10
95.5
 20
79.0
  0
LWPOLYLINE
  5
52
330
17
100
AcDbEntity
  8
HIDDEN
100
AcDbPolyline
 90
15
 70
0
 10
95.5
 20
79.0
 10
95.5
 20
79.07521625
 10
95.5
 20
79.2970934
 10
95.5
 20
79.65450555
 10
95.5
 20
80.1295306
 10
95.5
 20
80.6983488
 10
95.5
 20
81.3324372
 10
95.5
 20
82.0
 10
95.5
 20
82.6675628
 10
95.5
 20
83.3016512
 10
95.5
 20
83.8704694
 10
95.5
 20
84.34549445
 10
95.5
 20
84.7029066
 10
95.5
 20
84.92478375
 10
95.5
 20
85.0
  0
LWPOLYLINE
  5
53
330
17
100
AcDbEntity
  8
HIDDEN
100
AcDbPolyline
 90
15
 70
0
 10
95.5
 20
85.0
 10
95.5
 20
84.98113665
 10
95.5
 20
84.92478375
 10
95.5
 20
84.83165
 10
95.5
 20
84.7029066
 10
95.5
 20
84.5401726
 10
95.5
 20
84.34549445
 10
95.5
 20
84.12132035
 10
95.5
 20
83.8704694
 10
95.5
 20
83.59609625
 10
95.5
 20
83.3016512
 10
95.5
 20
82.9908372
 10
95.5
 20
82.6675628
 10
95.5
 20
82.33589345
 10
95.5
 20
82.0
  0
LWPOLYLINE
  5
54
330
17
100
AcDbEntity
  8
HIDDEN
100
AcDbPolyline
 90
15
 70
0
 10
104.5
 20
86.0
 10
104.5
 20
86.13361985
 10
104.5
 20
86.25850805
 10
104.5
 20
86.37440075
 10
104.5
 20
86.4810532
 10
104.5
 20
86.5782401
 10
104.5
 20
86.66575615
 10
104.5
 20
86.7434165
 10
104.5
 20
86.81105705
 10
104.5
 20
86.868535
 10
104.5
 20
86.9157289
 10
104.5
 20
86.952539
 10
104.5
 20
86.97888765
 10
104.5
 20
86.9947191
 10
104.5
 20
87.0
  0
LWPOLYLINE
  5
55
330
17
100
AcDbEntity
  8
HIDDEN
100
AcDbPolyline
 90
15
 70
0
 10
104.5
 20
87.0
 10
104.5
 20
86.9947191
 10
104.5
 20
86.97888765
 10
104.5
 20
86.952539
 10
104.5
 20
86.9157289
 10
104.5
 20
86.868535
 10
104.5
 20
86.81105705
 10
104.5
 20
86.7434165
 10
104.5
 20
86.66575615
 10
104.5
 20
86.5782401
 10
104.5
 20
86.4810532
 10
104.5
 20
86.37440075
 10
104.5
 20
86.25850805
 10
104.5
 20
86.13361985
 10
104.5
 20
86.0
  0
LWPOLYLINE
  5
56
330
17
100
AcDbEntity
  8
HIDDEN
100
AcDbPolyline
 90
2
 70
0
 10
95.5
 20
86.0
 10
104.5
 20
86.0
  0
LWPOLYLINE
  5
57
330
17
100
AcDbEntity
  8
HIDDEN
100
AcDbPolyline
 90
15
 70
0
 10
105.5
 20
77.0
 10
105.5
 20
77.12536045
 10
105.5
 20
77.49515565
 10
105.5
 20
78.0908426
 10
105.5
 20
78.882551
 10
105.5
 20
79.8305813
 10
105.5
 20
80.88739535
 10
105.5
 20
82.0
 10
105.5
 20
83.11260465
 10
105.5
 20
84.1694187
 10
105.5
 20
85.117449
 10
105.5
 20
85.9091574
 10
105.5
 20
86.50484435
 10
105.5
 20
86.87463955
 10
105.5
 20
87.0
  0
LWPOLYLINE
  5
58
330
17
100
AcDbEntity
  8
HIDDEN
100
AcDbPolyline
 90
2
 70
0
 10
104.5
 20
86.0
 10
104.5
 20
91.5
  0
LWPOLYLINE
  5
59
330
17
100
AcDbEntity
  8
HIDDEN
100
AcDbPolyline
 90
2
 70
0
 10
104.5
 20
91.5
 10
104.5
 20
132.0
  0
LWPOLYLINE
  5
5A
330
17
100
AcDbEntity
  8
HIDDEN
100
AcDbPolyline
 90
15
 70
0
 10
104.0
 20
91.5
 10
104.05598225
 20
91.5
 10
104.11126045
 20
91.5
 10
104.16513955
 20
91.5
 10
104.21694185
 20
91.5
 10
104.26601605
 20
91.5
 10
104.3117449
 20
91.5
 10
104.3535534
 20
91.5
 10
104.39091575
 20
91.5
 10
104.4233621
 20
91.5
 10
104.45048445
 20
91.5
 10
104.47194165
 20
91.5
 10
104.48746395
 20
91.5
 10
104.4968561
 20
91.5
 10
104.5
 20
91.5
  0
LWPOLYLINE
  5
5B
330
17
100
AcDbEntity
  8
HIDDEN
100
AcDbPolyline
 90
2
 70
0
 10
95.5
 20
250.0
 10
104.5
 20
250.0
  0
LWPOLYLINE
  5
5C
330
17
100
AcDbEntity
  8
HIDDEN
100
AcDbPolyline
 90
15
 70
0
 10
104.5
 20
250.0
 10
104.5
 20
249.86638015
 10
104.5
 20
249.74149195
 10
104.5
 20
249.62559925
 10
104.5
 20
249.51894679999998
 10
104.5
 20
249.42175989999998
 10
104.5
 20
249.33424385
 10
104.5
 20
249.2565835
 10
104.5
 20
249.18894295
 10
104.5
 20
249.131465
 10
104.5
 20
249.0842711
 10
104.5
 20
249.047461
 10
104.5
 20
249.02111235
 10
104.5
 20
249.0052809
 10
104.5
 20
249.0
  0
LWPOLYLINE
  5
5D
330
17
100
AcDbEntity
  8
HIDDEN
100
AcDbPolyline
 90
15
 70
0
 10
104.5
 20
249.0
 10
104.5
 20
249.0052809
 10
104.5
 20
249.02111235
 10
104.5
 20
249.047461
 10
104.5
 20
249.0842711
 10
104.5
 20
249.131465
 10
104.5
 20
249.18894295
 10
104.5
 20
249.2565835
 10
104.5
 20
249.33424385
 10
104.5
 20
249.42175989999998
 10
104.5
 20
249.51894679999998
 10
104.5
 20
249.62559925
 10
104.5
 20
249.74149195
 10
104.5
 20
249.86638015
 10
104.5
 20
250.0
  0
LWPOLYLINE
  5
5E
330
17
100
AcDbEntity
  8
HIDDEN
100
AcDbPolyline
 90
15
 70
0
 10
105.5
 20
249.0
 10
105.5
 20
249.12536045000002
 10
105.5
 20
249.49515565000002
 10
105.5
 20
250.0908426
 10
105.5
 20
250.882551
 10
105.5
 20
251.8305813
 10
105.5
 20
252.88739535000002
 10
105.5
 20
254.0
 10
105.5
 20
255.11260464999998
 10
105.5
 20
256.1694187
 10
105.5
 20
257.11744899999997
 10
105.5
 20
257.9091574
 10
105.5
 20
258.50484435
 10
105.5
 20
258.87463955
 10
105.5
 20
259.0
  0
LWPOLYLINE
  5
5F
330
17
100
AcDbEntity
  8
HIDDEN
100
AcDbPolyline
 90
2
 70
0
 10
104.5
 20
244.5
 10
104.5
 20
250.0
  0
LWPOLYLINE
  5
60
330
17
100
AcDbEntity
  8
HIDDEN
100
AcDbPolyline
 90
2
 70
0
 10
104.5
 20
204.0
 10
104.5
 20
244.5
  0
LWPOLYLINE
  5
61
330
17
100
AcDbEntity
  8
HIDDEN
100
AcDbPolyline
 90
15
 70
0
 10
104.0
 20
244.5
 10
104.05598225
 20
244.5
 10
104.11126045
 20
244.5
 10
104.16513955
 20
244.5
 10
104.21694185
 20
244.5
 10
104.26601605
 20
244.5
 10
104.3117449
 20
244.5
 10
104.3535534
 20
244.5
 10
104.39091575
 20
244.5
 10
104.4233621
 20
244.5
 10
104.45048445
 20
244.5
 10
104.47194165
 20
244.5
 10
104.48746395
 20
244.5
 10
104.4968561
 20
244.5
 10
104.5
 20
244.5
  0
LWPOLYLINE
  5
62
330
17
100
AcDbEntity
  8
HIDDEN
100
AcDbPolyline
 90
29
 70
0
 10
100.625
 20
168.0
 10
100.60932995
 20
168.1390756
 10
100.56310555
 20
168.27117735
 10
100.4886447
 20
168.38968115
 10
100.38968115
 20
168.4886447
 10
100.27117735
 20
168.56310555
 10
100.1390756
 20
168.60932995
 10
100.0
 20
168.625
 10
99.8609244
 20
168.60932995
 10
99.72882265
 20
168.56310555
 10
99.61031885
 20
168.4886447
 10
99.5113553
 20
168.38968115
 10
99.43689445
 20
168.27117735
 10
99.39067005
 20
168.1390756
 10
99.375
 20
168.0
 10
99.39067005
 20
167.8609244
 10
99.43689445
 20
167.72882265
 10
99.5113553
 20
167.61031885
 10
99.61031885
 20
167.5113553
 10
99.72882265
 20
167.43689445
 10
99.8609244
 20
167.39067005
 10
100.0
 20
167.375
 10
100.1390756
 20
167.39067005
 10
100.27117735
 20
167.43689445
 10
100.38968115
 20
167.5113553
 10
100.4886447
 20
167.61031885
 10
100.56310555
 20
167.72882265
 10
100.60932995
 20
167.8609244
 10
100.625
 20
168.0
  0
LWPOLYLINE
  5
63
330
17
100
AcDbEntity
  8
HIDDEN
100
AcDbPolyline
 90
2
 70
0
 10
95.5
 20
91.5
 10
96.0
 20
91.5
  0
LWPOLYLINE
  5
64
330
17
100
AcDbEntity
  8
HIDDEN
100
AcDbPolyline
 90
2
 70
0
 10
96.0
 20
91.5
 10
96.0
 20
120.5
  0
LWPOLYLINE
  5
65
330
17
100
AcDbEntity
  8
HIDDEN
100
AcDbPolyline
 90
2
 70
0
 10
100.5
 20
120.5
 10
96.0
 20
120.5
  0
LWPOLYLINE
  5
66
330
17
100
AcDbEntity
  8
HIDDEN
100
AcDbPolyline
 90
2
 70
0
 10
100.5
 20
120.5
 10
100.5
 20
129.5
  0
LWPOLYLINE
  5
67
330
17
100
AcDbEntity
  8
HIDDEN
100
AcDbPolyline
 90
2
 70
0
 10
100.5
 20
129.5
 10
96.0
 20
129.5
  0
LWPOLYLINE
  5
68
330
17
100
AcDbEntity
  8
HIDDEN
100
AcDbPolyline
 90
2
 70
0
 10
96.0
 20
129.5
 10
96.0
 20
206.5
  0
LWPOLYLINE
  5
69
330
17
100
AcDbEntity
  8
HIDDEN
100
AcDbPolyline
 90
2
 70
0
 10
100.5
 20
206.5
 10
96.0
 20
206.5
  0
LWPOLYLINE
  5
6A
330
17
100
AcDbEntity
  8
HIDDEN
100
AcDbPolyline
 90
2
 70
0
 10
100.5
 20
206.5
 10
100.5
 20
215.5
  0
LWPOLYLINE
  5
6B
330
17
100
AcDbEntity
  8
HIDDEN
100
AcDbPolyline
 90
2
 70
0
 10
100.5
 20
215.5
 10
96.0
 20
215.5
  0
LWPOLYLINE
  5
6C
330
17
100
AcDbEntity
  8
HIDDEN
100
AcDbPolyline
 90
2
 70
0
 10
96.0
 20
215.5
 10
96.0
 20
244.5
  0
LWPOLYLINE
  5
6D
330
17
100
AcDbEntity
  8
HIDDEN
100
AcDbPolyline
 90
2
 70
0
 10
95.5
 20
244.5
 10
96.0
 20
244.5
  0
LWPOLYLINE
  5
6E
330
17
100
AcDbEntity
  8
HIDDEN
100
AcDbPolyline
 90
2
 70
0
 10
104.0
 20
244.5
 10
104.5
 20
244.5
  0
LWPOLYLINE
  5
6F
330
17
100
AcDbEntity
  8
HIDDEN
100
AcDbPolyline
 90
2
 70
0
 10
104.0
 20
203.8660254
 10
104.0
 20
244.5
  0
LWPOLYLINE
  5
70
330
17
100
AcDbEntity
  8
HIDDEN
100
AcDbPolyline
 90
2
 70
0
 10
100.5
 20
203.8660254
 10
104.0
 20
203.8660254
  0
LWPOLYLINE
  5
71
330
17
100
AcDbEntity
  8
HIDDEN
100
AcDbPolyline
 90
10
 70
0
 10
100.5
 20
203.8660254
 10
100.34961625
 20
203.85286854999998
 10
100.20380185
 20
203.8137977
 10
100.0669873
 20
203.75
 10
99.9433296
 20
203.66341395
 10
99.83658605
 20
203.5566704
 10
99.75
 20
203.4330127
 10
99.6862023
 20
203.29619815
 10
99.64713145
 20
203.15038375
 10
99.6339746
 20
203.0
  0
LWPOLYLINE
  5
72
330
17
100
AcDbEntity
  8
HIDDEN
100
AcDbPolyline
 90
2
 70
0
 10
99.6339746
 20
196.0
 10
99.6339746
 20
203.0
  0
LWPOLYLINE
  5
73
330
17
100
AcDbEntity
  8
HIDDEN
100
AcDbPolyline
 90
10
 70
0
 10
99.6339746
 20
196.0
 10
99.64713145
 20
195.84961625
 10
99.6862023
 20
195.70380185
 10
99.75
 20
195.5669873
 10
99.83658605
 20
195.4433296
 10
99.9433296
 20
195.33658605
 10
100.0669873
 20
195.25
 10
100.20380185
 20
195.1862023
 10
100.34961625
 20
195.14713145
 10
100.5
 20
195.1339746
  0
LWPOLYLINE
  5
74
330
17
100
AcDbEntity
  8
HIDDEN
100
AcDbPolyline
 90
2
 70
0
 10
100.5
 20
195.1339746
 10
104.0
 20
195.1339746
  0
LWPOLYLINE
  5
75
330
17
100
AcDbEntity
  8
HIDDEN
100
AcDbPolyline
 90
2
 70
0
 10
104.0
 20
140.8660254
 10
104.0
 20
195.1339746
  0
LWPOLYLINE
  5
76
330
17
100
AcDbEntity
  8
HIDDEN
100
AcDbPolyline
 90
2
 70
0
 10
100.5
 20
140.8660254
 10
104.0
 20
140.8660254
  0
LWPOLYLINE
  5
77
330
17
100
AcDbEntity
  8
HIDDEN
100
AcDbPolyline
 90
10
 70
0
 10
100.5
 20
140.8660254
 10
100.34961625
 20
140.85286855
 10
100.20380185
 20
140.8137977
 10
100.0669873
 20
140.75
 10
99.9433296
 20
140.66341395
 10
99.83658605
 20
140.5566704
 10
99.75
 20
140.4330127
 10
99.6862023
 20
140.29619815
 10
99.64713145
 20
140.15038375
 10
99.6339746
 20
140.0
  0
LWPOLYLINE
  5
78
330
17
100
AcDbEntity
  8
HIDDEN
100
AcDbPolyline
 90
2
 70
0
 10
99.6339746
 20
133.0
 10
99.6339746
 20
140.0
  0
LWPOLYLINE
  5
79
330
17
100
AcDbEntity
  8
HIDDEN
100
AcDbPolyline
 90
10
 70
0
 10
99.6339746
 20
133.0
 10
99.64713145
 20
132.84961625
 10
99.6862023
 20
132.70380185
 10
99.75
 20
132.5669873
 10
99.83658605
 20
132.4433296
 10
99.9433296
 20
132.33658605
 10
100.0669873
 20
132.25
 10
100.20380185
 20
132.1862023
 10
100.34961625
 20
132.14713145000002
 10
100.5
 20
132.1339746
  0
LWPOLYLINE
  5
7A
330
17
100
AcDbEntity
  8
HIDDEN
100
AcDbPolyline
 90
2
 70
0
 10
100.5
 20
132.1339746
 10
104.0
 20
132.1339746
  0
LWPOLYLINE
  5
7B
330
17
100
AcDbEntity
  8
HIDDEN
100
AcDbPolyline
 90
2
 70
0
 10
104.0
 20
91.5
 10
104.0
 20
132.1339746
  0
LWPOLYLINE
  5
7C
330
17
100
AcDbEntity
  8
HIDDEN
100
AcDbPolyline
 90
2
 70
0
 10
104.0
 20
91.5
 10
104.5
 20
91.5
  0
LWPOLYLINE
  5
7D
330
17
100
AcDbEntity
  8
HIDDEN
100
AcDbPolyline
 90
15
 70
0
 10
96.0
 20
91.5
 10
95.94401775
 20
91.5
 10
95.88873955
 20
91.5
 10
95.83486045
 20
91.5
 10
95.78305815
 20
91.5
 10
95.73398395
 20
91.5
 10
95.6882551
 20
91.5
 10
95.6464466
 20
91.5
 10
95.60908425
 20
91.5
 10
95.5766379
 20
91.5
 10
95.54951555
 20
91.5
 10
95.52805835
 20
91.5
 10
95.51253605
 20
91.5
 10
95.5031439
 20
91.5
 10
95.5
 20
91.5
  0
LWPOLYLINE
  5
7E
330
17
100
AcDbEntity
  8
HIDDEN
100
AcDbPolyline
 90
15
 70
0
 10
96.0
 20
120.5
 10
95.94401775
 20
120.5
 10
95.88873955
 20
120.5
 10
95.83486045
 20
120.5
 10
95.78305815
 20
120.5
 10
95.73398395
 20
120.5
 10
95.6882551
 20
120.5
 10
95.6464466
 20
120.5
 10
95.60908425
 20
120.5
 10
95.5766379
 20
120.5
 10
95.54951555
 20
120.5
 10
95.52805835
 20
120.5
 10
95.51253605
 20
120.5
 10
95.5031439
 20
120.5
 10
95.5
 20
120.5
  0
LWPOLYLINE
  5
7F
330
17
100
AcDbEntity
  8
HIDDEN
100
AcDbPolyline
 90
2
 70
0
 10
70.56443279999999
 20
120.5
 10
100.5
 20
120.5
  0
LWPOLYLINE
  5
80
330
17
100
AcDbEntity
  8
HIDDEN
100
AcDbPolyline
 90
6
 70
0
 10
64.7636279
 20
123.5479962
 10
64.72248205
 20
123.46363475
 10
64.7094192
 20
123.37068755
 10
64.7257179
 20
123.27825279999999
 10
64.76978285
 20
123.19537875
 10
64.83730055000001
 20
123.13017765000001
  0
LWPOLYLINE
  5
81
330
17
100
AcDbEntity
  8
HIDDEN
100
AcDbPolyline
 90
2
 70
0
 10
64.83730055000001
 20
123.13017765000001
 10
67.2128415
 20
121.46680599999999
  0
LWPOLYLINE
  5
82
330
17
100
AcDbEntity
  8
HIDDEN
100
AcDbPolyline
 90
6
 70
0
 10
67.63066005
 20
121.54047865
 10
67.56545895
 20
121.47296095
 10
67.48258485
 20
121.42889600000001
 10
67.39015015
 20
121.4125973
 10
67.2972029
 20
121.42566015
 10
67.2128415
 20
121.46680599999999
  0
LWPOLYLINE
  5
83
330
17
100
AcDbEntity
  8
HIDDEN
100
AcDbPolyline
 90
2
 70
0
 10
67.63066005
 20
121.54047865
 10
68.43366705
 20
122.6872915
  0
LWPOLYLINE
  5
84
330
17
100
AcDbEntity
  8
HIDDEN
100
AcDbPolyline
 90
6
 70
0
 10
68.43366705
 20
122.6872915
 10
68.47481285
 20
122.77165295
 10
68.48787575
 20
122.8646002
 10
68.471577
 20
122.9570349
 10
68.4275121
 20
123.03990895
 10
68.35999435
 20
123.10511005000001
  0
LWPOLYLINE
  5
85
330
17
100
AcDbEntity
  8
HIDDEN
100
AcDbPolyline
 90
2
 70
0
 10
65.98445344999999
 20
124.76848175
 10
68.35999435
 20
123.10511005000001
  0
LWPOLYLINE
  5
86
330
17
100
AcDbEntity
  8
HIDDEN
100
AcDbPolyline
 90
6
 70
0
 10
65.5666349
 20
124.69480905
 10
65.63183599999999
 20
124.76232675
 10
65.71471005000001
 20
124.8063917
 10
65.8071448
 20
124.82269045000001
 10
65.900092
 20
124.80962755
 10
65.98445344999999
 20
124.76848175
  0
LWPOLYLINE
  5
87
330
17
100
AcDbEntity
  8
HIDDEN
100
AcDbPolyline
 90
15
 70
0
 10
96.0
 20
129.5
 10
95.94401775
 20
129.5
 10
95.88873955
 20
129.5
 10
95.83486045
 20
129.5
 10
95.78305815
 20
129.5
 10
95.73398395
 20
129.5
 10
95.6882551
 20
129.5
 10
95.6464466
 20
129.5
 10
95.60908425
 20
129.5
 10
95.5766379
 20
129.5
 10
95.54951555
 20
129.5
 10
95.52805835
 20
129.5
 10
95.51253605
 20
129.5
 10
95.5031439
 20
129.5
 10
95.5
 20
129.5
  0
LWPOLYLINE
  5
88
330
17
100
AcDbEntity
  8
HIDDEN
100
AcDbPolyline
 90
2
 70
0
 10
68.5
 20
129.5
 10
100.5
 20
129.5
  0
LWPOLYLINE
  5
89
330
17
100
AcDbEntity
  8
HIDDEN
100
AcDbPolyline
 90
15
 70
0
 10
96.0
 20
244.5
 10
95.94401775
 20
244.5
 10
95.88873955
 20
244.5
 10
95.83486045
 20
244.5
 10
95.78305815
 20
244.5
 10
95.73398395
 20
244.5
 10
95.6882551
 20
244.5
 10
95.6464466
 20
244.5
 10
95.60908425
 20
244.5
 10
95.5766379
 20
244.5
 10
95.54951555
 20
244.5
 10
95.52805835
 20
244.5
 10
95.51253605
 20
244.5
 10
95.5031439
 20
244.5
 10
95.5
 20
244.5
  0
LWPOLYLINE
  5
8A
330
17
100
AcDbEntity
  8
HIDDEN
100
AcDbPolyline
 90
15
 70
0
 10
96.0
 20
206.5
 10
95.94401775
 20
206.5
 10
95.88873955
 20
206.5
 10
95.83486045
 20
206.5
 10
95.78305815
 20
206.5
 10
95.73398395
 20
206.5
 10
95.6882551
 20
206.5
 10
95.6464466
 20
206.5
 10
95.60908425
 20
206.5
 10
95.5766379
 20
206.5
 10
95.54951555
 20
206.5
 10
95.52805835
 20
206.5
 10
95.51253605
 20
206.5
 10
95.5031439
 20
206.5
 10
95.5
 20
206.5
  0
LWPOLYLINE
  5
8B
330
17
100
AcDbEntity
  8
HIDDEN
100
AcDbPolyline
 90
15
 70
0
 10
96.0
 20
215.5
 10
95.94401775
 20
215.5
 10
95.88873955
 20
215.5
 10
95.83486045
 20
215.5
 10
95.78305815
 20
215.5
 10
95.73398395
 20
215.5
 10
95.6882551
 20
215.5
 10
95.6464466
 20
215.5
 10
95.60908425
 20
215.5
 10
95.5766379
 20
215.5
 10
95.54951555
 20
215.5
 10
95.52805835
 20
215.5
 10
95.51253605
 20
215.5
 10
95.5031439
 20
215.5
 10
95.5
 20
215.5
  0
LWPOLYLINE
  5
8C
330
17
100
AcDbEntity
  8
HIDDEN
100
AcDbPolyline
 90
2
 70
0
 10
68.5
 20
206.5
 10
100.5
 20
206.5
  0
LWPOLYLINE
  5
8D
330
17
100
AcDbEntity
  8
HIDDEN
100
AcDbPolyline
 90
2
 70
0
 10
70.56443279999999
 20
215.5
 10
100.5
 20
215.5
  0
LWPOLYLINE
  5
8E
330
17
100
AcDbEntity
  8
HIDDEN
100
AcDbPolyline
 90
6
 70
0
 10
65.5666349
 20
211.30519095
 10
65.63183599999999
 20
211.23767325
 10
65.71471005000001
 20
211.1936083
 10
65.8071448
 20
211.17730955
 10
65.900092
 20
211.19037244999998
 10
65.98445344999999
 20
211.23151825
  0
LWPOLYLINE
  5
8F
330
17
100
AcDbEntity
  8
HIDDEN
100
AcDbPolyline
 90
2
 70
0
 10
65.98445344999999
 20
211.23151825
 10
68.35999435
 20
212.89488995
  0
LWPOLYLINE
  5
90
330
17
100
AcDbEntity
  8
HIDDEN
100
AcDbPolyline
 90
6
 70
0
 10
68.43366705
 20
213.31270849999999
 10
68.47481285
 20
213.22834705
 10
68.48787575
 20
213.13539980000002
 10
68.471577
 20
213.0429651
 10
68.4275121
 20
212.96009105000002
 10
68.35999435
 20
212.89488995
  0
LWPOLYLINE
  5
91
330
17
100
AcDbEntity
  8
HIDDEN
100
AcDbPolyline
 90
2
 70
0
 10
68.43366705
 20
213.31270849999999
 10
67.63066005
 20
214.45952135
  0
LWPOLYLINE
  5
92
330
17
100
AcDbEntity
  8
HIDDEN
100
AcDbPolyline
 90
6
 70
0
 10
67.63066005
 20
214.45952135
 10
67.56545895
 20
214.52703904999998
 10
67.48258485
 20
214.571104
 10
67.39015015
 20
214.58740269999998
 10
67.2972029
 20
214.57433985
 10
67.2128415
 20
214.533194
  0
LWPOLYLINE
  5
93
330
17
100
AcDbEntity
  8
HIDDEN
100
AcDbPolyline
 90
2
 70
0
 10
64.83730055000001
 20
212.86982235
 10
67.2128415
 20
214.533194
  0
LWPOLYLINE
  5
94
330
17
100
AcDbEntity
  8
HIDDEN
100
AcDbPolyline
 90
6
 70
0
 10
64.7636279
 20
212.4520038
 10
64.72248205
 20
212.53636525000002
 10
64.7094192
 20
212.62931245
 10
64.7257179
 20
212.7217472
 10
64.76978285
 20
212.80462125
 10
64.83730055000001
 20
212.86982235
  0
LWPOLYLINE
  5
95
330
17
100
AcDbEntity
  8
HIDDEN
100
AcDbPolyline
 90
15
 70
0
 10
105.5
 20
254.0
 10
105.5
 20
253.66410654999999
 10
105.5
 20
253.33243720000002
 10
105.5
 20
253.0091628
 10
105.5
 20
252.69834880000002
 10
105.5
 20
252.40390374999998
 10
105.5
 20
252.1295306
 10
105.5
 20
251.87867964999998
 10
105.5
 20
251.65450555
 10
105.5
 20
251.4598274
 10
105.5
 20
251.2970934
 10
105.5
 20
251.16835
 10
105.5
 20
251.07521624999998
 10
105.5
 20
251.01886335
 10
105.5
 20
251.0
  0
LWPOLYLINE
  5
96
330
17
100
AcDbEntity
  8
HIDDEN
100
AcDbPolyline
 90
15
 70
0
 10
105.5
 20
251.0
 10
105.5
 20
251.07521624999998
 10
105.5
 20
251.2970934
 10
105.5
 20
251.65450555
 10
105.5
 20
252.1295306
 10
105.5
 20
252.69834880000002
 10
105.5
 20
253.33243720000002
 10
105.5
 20
254.0
 10
105.5
 20
254.66756279999998
 10
105.5
 20
255.30165119999998
 10
105.5
 20
255.8704694
 10
105.5
 20
256.34549445
 10
105.5
 20
256.7029066
 10
105.5
 20
256.92478375
 10
105.5
 20
257.0
  0
LWPOLYLINE
  5
97
330
17
100
AcDbEntity
  8
HIDDEN
100
AcDbPolyline
 90
15
 70
0
 10
105.5
 20
257.0
 10
105.5
 20
256.98113665
 10
105.5
 20
256.92478375
 10
105.5
 20
256.83164999999997
 10
105.5
 20
256.7029066
 10
105.5
 20
256.5401726
 10
105.5
 20
256.34549445
 10
105.5
 20
256.12132035
 10
105.5
 20
255.8704694
 10
105.5
 20
255.59609625000002
 10
105.5
 20
255.30165119999998
 10
105.5
 20
254.9908372
 10
105.5
 20
254.66756279999998
 10
105.5
 20
254.33589345000001
 10
105.5
 20
254.0
  0
LWPOLYLINE
  5
98
330
17
100
AcDbEntity
  8
HIDDEN
100
AcDbPolyline
 90
15
 70
0
 10
105.5
 20
82.0
 10
105.5
 20
81.66410655
 10
105.5
 20
81.3324372
 10
105.5
 20
81.0091628
 10
105.5
 20
80.6983488
 10
105.5
 20
80.40390375
 10
105.5
 20
80.1295306
 10
105.5
 20
79.87867965
 10
105.5
 20
79.65450555
 10
105.5
 20
79.4598274
 10
105.5
 20
79.2970934
 10
105.5
 20
79.16835
 10
105.5
 20
79.07521625
 10
105.5
 20
79.01886335
 10
105.5
 20
79.0
  0
LWPOLYLINE
  5
99
330
17
100
AcDbEntity
  8
HIDDEN
100
AcDbPolyline
 90
15
 70
0
 10
105.5
 20
79.0
 10
105.5
 20
79.07521625
 10
105.5
 20
79.2970934
 10
105.5
 20
79.65450555
 10
105.5
 20
80.1295306
 10
105.5
 20
80.6983488
 10
105.5
 20
81.3324372
 10
105.5
 20
82.0
 10
105.5
 20
82.6675628
 10
105.5
 20
83.3016512
 10
105.5
 20
83.8704694
 10
105.5
 20
84.34549445
 10
105.5
 20
84.7029066
 10
105.5
 20
84.92478375
 10
105.5
 20
85.0
  0
LWPOLYLINE
  5
9A
330
17
100
AcDbEntity
  8
HIDDEN
100
AcDbPolyline
 90
15
 70
0
 10
105.5
 20
85.0
 10
105.5
 20
84.98113665
 10
105.5
 20
84.92478375
 10
105.5
 20
84.83165
 10
105.5
 20
84.7029066
 10
105.5
 20
84.5401726
 10
105.5
 20
84.34549445
 10
105.5
 20
84.12132035
 10
105.5
 20
83.8704694
 10
105.5
 20
83.59609625
 10
105.5
 20
83.3016512
 10
105.5
 20
82.9908372
 10
105.5
 20
82.6675628
 10
105.5
 20
82.33589345
 10
105.5
 20
82.0
  0
LWPOLYLINE
  5
9B
330
17
100
AcDbEntity
  8
HIDDEN
100
AcDbPolyline
 90
15
 70
0
 10
104.5
 20
91.5
 10
104.4968561
 20
91.5
 10
104.48746395
 20
91.5
 10
104.47194165
 20
91.5
 10
104.45048445
 20
91.5
 10
104.4233621
 20
91.5
 10
104.39091575
 20
91.5
 10
104.3535534
 20
91.5
 10
104.3117449
 20
91.5
 10
104.26601605
 20
91.5
 10
104.21694185
 20
91.5
 10
104.16513955
 20
91.5
 10
104.11126045
 20
91.5
 10
104.05598225
 20
91.5
 10
104.0
 20
91.5
  0
LWPOLYLINE
  5
9C
330
17
100
AcDbEntity
  8
HIDDEN
100
AcDbPolyline
 90
7
 70
0
 10
104.4712556
 20
132.0140579
 10
104.4472723
 20
132.0252936
 10
104.40335125
 20
132.0446507
 10
104.36849125
 20
132.05883805
 10
104.2679134
 20
132.0934805
 10
104.0962565
 20
132.12864165
 10
104.0
 20
132.1339746
  0
LWPOLYLINE
  5
9D
330
17
100
AcDbEntity
  8
HIDDEN
100
AcDbPolyline
 90
2
 70
0
 10
121.06350835
 20
132.0
 10
121.1291713
 20
132.0
  0
LWPOLYLINE
  5
9E
330
17
100
AcDbEntity
  8
HIDDEN
100
AcDbPolyline
 90
15
 70
0
 10
121.06350835
 20
132.0
 10
121.06384525
 20
132.0
 10
121.06485585
 20
132.0
 10
121.06653985
 20
132.0
 10
121.06889665
 20
132.0
 10
121.07192535
 20
132.0
 10
121.075625
 20
132.0
 10
121.07999425
 20
132.0
 10
121.08503160000001
 20
132.0
 10
121.0907353
 20
132.0
 10
121.0971033
 20
132.0
 10
121.1041335
 20
132.0
 10
121.11182339999999
 20
132.0
 10
121.1201703
 20
132.0
 10
121.1291713
 20
132.0
  0
LWPOLYLINE
  5
9F
330
17
100
AcDbEntity
  8
HIDDEN
100
AcDbPolyline
 90
15
 70
0
 10
104.5
 20
244.5
 10
104.4968561
 20
244.5
 10
104.48746395
 20
244.5
 10
104.47194165
 20
244.5
 10
104.45048445
 20
244.5
 10
104.4233621
 20
244.5
 10
104.39091575
 20
244.5
 10
104.3535534
 20
244.5
 10
104.3117449
 20
244.5
 10
104.26601605
 20
244.5
 10
104.21694185
 20
244.5
 10
104.16513955
 20
244.5
 10
104.11126045
 20
244.5
 10
104.05598225
 20
244.5
 10
104.0
 20
244.5
  0
LWPOLYLINE
  5
A0
330
17
100
AcDbEntity
  8
HIDDEN
100
AcDbPolyline
 90
2
 70
0
 10
121.06350835
 20
204.0
 10
121.1291713
 20
204.0
  0
LWPOLYLINE
  5
A1
330
17
100
AcDbEntity
  8
HIDDEN
100
AcDbPolyline
 90
15
 70
0
 10
121.1291713
 20
204.0
 10
121.1201703
 20
204.0
 10
121.11182339999999
 20
204.0
 10
121.1041335
 20
204.0
 10
121.0971033
 20
204.0
 10
121.0907353
 20
204.0
 10
121.08503160000001
 20
204.0
 10
121.07999425
 20
204.0
 10
121.075625
 20
204.0
 10
121.07192535
 20
204.0
 10
121.06889665
 20
204.0
 10
121.06653985
 20
204.0
 10
121.06485585
 20
204.0
 10
121.06384525
 20
204.0
 10
121.06350835
 20
204.0
  0
LWPOLYLINE
  5
A2
330
17
100
AcDbEntity
  8
HIDDEN
100
AcDbPolyline
 90
15
 70
0
 10
121.1291713
 20
204.0
 10
121.1201703
 20
204.0
 10
121.11182339999999
 20
204.0
 10
121.1041335
 20
204.0
 10
121.0971033
 20
204.0
 10
121.0907353
 20
204.0
 10
121.08503160000001
 20
204.0
 10
121.07999425
 20
204.0
 10
121.075625
 20
204.0
 10
121.07192535
 20
204.0
 10
121.06889665
 20
204.0
 10
121.06653985
 20
204.0
 10
121.06485585
 20
204.0
 10
121.06384525
 20
204.0
 10
121.06350835
 20
204.0
  0
LWPOLYLINE
  5
A3
330
17
100
AcDbEntity
  8
HIDDEN
100
AcDbPolyline
 90
7
 70
0
 10
104.5
 20
204.0
 10
104.4472723
 20
203.9747064
 10
104.40335125
 20
203.9553493
 10
104.36849125
 20
203.94116195
 10
104.2679134
 20
203.9065195
 10
104.0962565
 20
203.87135835
 10
104.0
 20
203.8660254
  0
LWPOLYLINE
  5
A4
330
17
100
AcDbEntity
  8
HIDDEN
100
AcDbPolyline
 90
15
 70
0
 10
121.0
 20
141.0
 10
121.00032575
 20
141.0
 10
121.00130285
 20
141.0
 10
121.00293105
 20
141.0
 10
121.00520975
 20
141.0
 10
121.00813825
 20
141.0
 10
121.0117156
 20
141.0
 10
121.0159406
 20
141.0
 10
121.0208119
 20
141.0
 10
121.0263279
 20
141.0
 10
121.03248685
 20
141.0
 10
121.03928665000001
 20
141.0
 10
121.04672515
 20
141.0
 10
121.0547999
 20
141.0
 10
121.06350835
 20
141.0
  0
LWPOLYLINE
  5
A5
330
17
100
AcDbEntity
  8
HIDDEN
100
AcDbPolyline
 90
15
 70
0
 10
121.0
 20
195.0
 10
121.00032575
 20
195.0
 10
121.00130285
 20
195.0
 10
121.00293105
 20
195.0
 10
121.00520975
 20
195.0
 10
121.00813825
 20
195.0
 10
121.0117156
 20
195.0
 10
121.0159406
 20
195.0
 10
121.0208119
 20
195.0
 10
121.0263279
 20
195.0
 10
121.03248685
 20
195.0
 10
121.03928665000001
 20
195.0
 10
121.04672515
 20
195.0
 10
121.0547999
 20
195.0
 10
121.06350835
 20
195.0
  0
LWPOLYLINE
  5
A6
330
17
100
AcDbEntity
  8
HIDDEN
100
AcDbPolyline
 90
2
 70
0
 10
121.0
 20
141.0
 10
121.06350835
 20
141.0
  0
LWPOLYLINE
  5
A7
330
17
100
AcDbEntity
  8
HIDDEN
100
AcDbPolyline
 90
15
 70
0
 10
121.06350835
 20
141.0
 10
121.0547999
 20
141.0
 10
121.04672515
 20
141.0
 10
121.03928665000001
 20
141.0
 10
121.03248685
 20
141.0
 10
121.0263279
 20
141.0
 10
121.0208119
 20
141.0
 10
121.0159406
 20
141.0
 10
121.0117156
 20
141.0
 10
121.00813825
 20
141.0
 10
121.00520975
 20
141.0
 10
121.00293105
 20
141.0
 10
121.00130285
 20
141.0
 10
121.00032575
 20
141.0
 10
121.0
 20
141.0
  0
LWPOLYLINE
  5
A8
330
17
100
AcDbEntity
  8
HIDDEN
100
AcDbPolyline
 90
2
 70
0
 10
104.5
 20
141.0
 10
104.5
 20
195.0
  0
LWPOLYLINE
  5
A9
330
17
100
AcDbEntity
  8
HIDDEN
100
AcDbPolyline
 90
2
 70
0
 10
121.0
 20
195.0
 10
121.06350835
 20
195.0
  0
LWPOLYLINE
  5
AA
330
17
100
AcDbEntity
  8
HIDDEN
100
AcDbPolyline
 90
15
 70
0
 10
121.06350835
 20
195.0
 10
121.0547999
 20
195.0
 10
121.04672515
 20
195.0
 10
121.03928665000001
 20
195.0
 10
121.03248685
 20
195.0
 10
121.0263279
 20
195.0
 10
121.0208119
 20
195.0
 10
121.0159406
 20
195.0
 10
121.0117156
 20
195.0
 10
121.00813825
 20
195.0
 10
121.00520975
 20
195.0
 10
121.00293105
 20
195.0
 10
121.00130285
 20
195.0
 10
121.00032575
 20
195.0
 10
121.0
 20
195.0
  0
LWPOLYLINE
  5
AB
330
17
100
AcDbEntity
  8
HIDDEN
100
AcDbPolyline
 90
2
 70
0
 10
100.5
 20
120.5
 10
100.5
 20
129.5
  0
LWPOLYLINE
  5
AC
330
17
100
AcDbEntity
  8
HIDDEN
100
AcDbPolyline
 90
2
 70
0
 10
100.5
 20
206.5
 10
100.5
 20
215.5
  0
LWPOLYLINE
  5
AD
330
17
100
AcDbEntity
  8
HIDDEN
100
AcDbPolyline
 90
5
 70
0
 10
121.12920315
 20
204.0
 10
121.17858175
 20
203.9857546
 10
121.24860525
 20
203.93139465000002
 10
121.34332585
 20
203.8187374
 10
121.4662887
 20
203.62937335
  0
LWPOLYLINE
  5
AE
330
17
100
AcDbEntity
  8
HIDDEN
100
AcDbPolyline
 90
5
 70
0
 10
121.539187
 20
203.5
 10
121.62077805
 20
203.3171959
 10
121.66545095000001
 20
203.14368315000002
 10
121.67415825
 20
203.0723551
 10
121.67712435
 20
203.0
  0
LWPOLYLINE
  5
AF
330
17
100
AcDbEntity
  8
HIDDEN
100
AcDbPolyline
 90
7
 70
0
 10
104.5
 20
195.0
 10
104.4472723
 20
195.0252936
 10
104.40335125
 20
195.0446507
 10
104.36849125
 20
195.05883805
 10
104.2679134
 20
195.0934805
 10
104.0962565
 20
195.12864165
 10
104.0
 20
195.1339746
  0
LWPOLYLINE
  5
B0
330
17
100
AcDbEntity
  8
HIDDEN
100
AcDbPolyline
 90
10
 70
0
 10
121.06350835
 20
195.0
 10
121.1141275
 20
195.01386525
 10
121.1759187
 20
195.0526499
 10
121.25367385
 20
195.1199367
 10
121.3863624
 20
195.2682731
 10
121.44713915
 20
195.35055195
 10
121.5601293
 20
195.5403154
 10
121.6223293
 20
195.6872506
 10
121.6661209
 20
195.86051115
 10
121.67712435
 20
196.0
  0
LWPOLYLINE
  5
B1
330
17
100
AcDbEntity
  8
HIDDEN
100
AcDbPolyline
 90
7
 70
0
 10
104.5
 20
141.0
 10
104.4472723
 20
140.9747064
 10
104.40335125
 20
140.9553493
 10
104.36849125
 20
140.94116195
 10
104.2679134
 20
140.9065195
 10
104.0962565
 20
140.87135835
 10
104.0
 20
140.8660254
  0
LWPOLYLINE
  5
B2
330
17
100
AcDbEntity
  8
HIDDEN
100
AcDbPolyline
 90
10
 70
0
 10
121.06350835
 20
141.0
 10
121.1141275
 20
140.98613475
 10
121.1759187
 20
140.9473501
 10
121.25367385
 20
140.8800633
 10
121.3863624
 20
140.7317269
 10
121.44713915
 20
140.64944805
 10
121.5601293
 20
140.4596846
 10
121.6223293
 20
140.3127494
 10
121.6661209
 20
140.13948885
 10
121.67712435
 20
140.0
  0
LWPOLYLINE
  5
B3
330
17
100
AcDbEntity
  8
HIDDEN
100
AcDbPolyline
 90
5
 70
0
 10
121.1291713
 20
132.0
 10
121.1785404
 20
132.01422345
 10
121.24860525
 20
132.06860534999998
 10
121.34332585
 20
132.1812626
 10
121.539187
 20
132.5
  0
LWPOLYLINE
  5
B4
330
17
100
AcDbEntity
  8
HIDDEN
100
AcDbPolyline
 90
5
 70
0
 10
121.539187
 20
132.5
 10
121.62077805
 20
132.6828041
 10
121.66545095000001
 20
132.85631684999998
 10
121.67415825
 20
132.9276449
 10
121.67712435
 20
133.0
  0
LWPOLYLINE
  5
B5
330
17
100
AcDbEntity
  8
HIDDEN
100
AcDbPolyline
 90
2
 70
0
 10
67.3349493
 20
115.88781955
 10
70.56443279999999
 20
120.5
  0
LWPOLYLINE
  5
B6
330
17
100
AcDbEntity
  8
HIDDEN
100
AcDbPolyline
 90
2
 70
0
 10
68.5
 20
128.5005627
 10
68.5
 20
129.5
  0
LWPOLYLINE
  5
B7
330
17
100
AcDbEntity
  8
HIDDEN
100
AcDbPolyline
 90
2
 70
0
 10
68.3198018
 20
128.62673885
 10
68.5
 20
128.5005627
  0
LWPOLYLINE
  5
B8
330
17
100
AcDbEntity
  8
HIDDEN
100
AcDbPolyline
 90
2
 70
0
 10
62.010461
 20
119.6160664
 10
68.3198018
 20
128.62673885
  0
LWPOLYLINE
  5
B9
330
17
100
AcDbEntity
  8
HIDDEN
100
AcDbPolyline
 90
2
 70
0
 10
62.010461
 20
119.6160664
 10
67.3349493
 20
115.88781955
  0
LWPOLYLINE
  5
BA
330
17
100
AcDbEntity
  8
HIDDEN
100
AcDbPolyline
 90
29
 70
0
 10
65.64631225
 20
120.86497575
 10
65.6306422
 20
121.0040513
 10
65.5844178
 20
121.13615304999999
 10
65.50995695
 20
121.25465685
 10
65.4109934
 20
121.3536204
 10
65.29248960000001
 20
121.4280813
 10
65.16038785
 20
121.4743057
 10
65.02131225
 20
121.48997575
 10
64.88223669999999
 20
121.4743057
 10
64.75013495
 20
121.4280813
 10
64.63163115
 20
121.3536204
 10
64.5326676
 20
121.25465685
 10
64.4582067
 20
121.13615304999999
 10
64.4119823
 20
121.0040513
 10
64.39631225
 20
120.86497575
 10
64.4119823
 20
120.72590015
 10
64.4582067
 20
120.5937984
 10
64.5326676
 20
120.4752946
 10
64.63163115
 20
120.37633105
 10
64.75013495
 20
120.3018702
 10
64.88223669999999
 20
120.2556458
 10
65.02131225
 20
120.23997575
 10
65.16038785
 20
120.2556458
 10
65.29248960000001
 20
120.3018702
 10
65.4109934
 20
120.37633105
 10
65.50995695
 20
120.4752946
 10
65.5844178
 20
120.5937984
 10
65.6306422
 20
120.72590015
 10
65.64631225
 20
120.86497575
  0
LWPOLYLINE
  5
BB
330
17
100
AcDbEntity
  8
HIDDEN
100
AcDbPolyline
 90
29
 70
0
 10
68.80098265000001
 20
125.370312
 10
68.7853126
 20
125.50938755
 10
68.7390882
 20
125.6414893
 10
68.66462735
 20
125.7599931
 10
68.5656638
 20
125.85895665000001
 10
68.44716
 20
125.93341749999999
 10
68.31505824999999
 20
125.97964189999999
 10
68.17598265000001
 20
125.995312
 10
68.03690710000001
 20
125.97964189999999
 10
67.90480535
 20
125.93341749999999
 10
67.78630154999999
 20
125.85895665000001
 10
67.687338
 20
125.7599931
 10
67.61287709999999
 20
125.6414893
 10
67.56665269999999
 20
125.50938755
 10
67.55098265000001
 20
125.370312
 10
67.56665269999999
 20
125.2312364
 10
67.61287709999999
 20
125.09913465
 10
67.687338
 20
124.98063085
 10
67.78630154999999
 20
124.8816673
 10
67.90480535
 20
124.80720645
 10
68.03690710000001
 20
124.76098205
 10
68.17598265000001
 20
124.745312
 10
68.31505824999999
 20
124.76098205
 10
68.44716
 20
124.80720645
 10
68.5656638
 20
124.8816673
 10
68.66462735
 20
124.98063085
 10
68.7390882
 20
125.09913465
 10
68.7853126
 20
125.2312364
 10
68.80098265000001
 20
125.370312
  0
LWPOLYLINE
  5
BC
330
17
100
AcDbEntity
  8
HIDDEN
100
AcDbPolyline
 90
2
 70
0
 10
68.5
 20
206.5
 10
68.5
 20
207.4994373
  0
LWPOLYLINE
  5
BD
330
17
100
AcDbEntity
  8
HIDDEN
100
AcDbPolyline
 90
2
 70
0
 10
68.3198018
 20
207.37326115
 10
68.5
 20
207.4994373
  0
LWPOLYLINE
  5
BE
330
17
100
AcDbEntity
  8
HIDDEN
100
AcDbPolyline
 90
2
 70
0
 10
68.3198018
 20
207.37326115
 10
62.010461
 20
216.3839336
  0
LWPOLYLINE
  5
BF
330
17
100
AcDbEntity
  8
HIDDEN
100
AcDbPolyline
 90
2
 70
0
 10
62.010461
 20
216.3839336
 10
67.3349493
 20
220.11218044999998
  0
LWPOLYLINE
  5
C0
330
17
100
AcDbEntity
  8
HIDDEN
100
AcDbPolyline
 90
2
 70
0
 10
70.56443279999999
 20
215.5
 10
67.3349493
 20
220.11218044999998
  0
LWPOLYLINE
  5
C1
330
17
100
AcDbEntity
  8
HIDDEN
100
AcDbPolyline
 90
29
 70
0
 10
68.80098265000001
 20
210.629688
 10
68.7853126
 20
210.7687636
 10
68.7390882
 20
210.90086535
 10
68.66462735
 20
211.01936915
 10
68.5656638
 20
211.1183327
 10
68.44716
 20
211.19279355
 10
68.31505824999999
 20
211.23901795
 10
68.17598265000001
 20
211.254688
 10
68.03690710000001
 20
211.23901795
 10
67.90480535
 20
211.19279355
 10
67.78630154999999
 20
211.1183327
 10
67.687338
 20
211.01936915
 10
67.61287709999999
 20
210.90086535
 10
67.56665269999999
 20
210.7687636
 10
67.55098265000001
 20
210.629688
 10
67.56665269999999
 20
210.49061245000001
 10
67.61287709999999
 20
210.3585107
 10
67.687338
 20
210.2400069
 10
67.78630154999999
 20
210.14104335
 10
67.90480535
 20
210.0665825
 10
68.03690710000001
 20
210.0203581
 10
68.17598265000001
 20
210.004688
 10
68.31505824999999
 20
210.0203581
 10
68.44716
 20
210.0665825
 10
68.5656638
 20
210.14104335
 10
68.66462735
 20
210.2400069
 10
68.7390882
 20
210.3585107
 10
68.7853126
 20
210.49061245000001
 10
68.80098265000001
 20
210.629688
  0
LWPOLYLINE
  5
C2
330
17
100
AcDbEntity
  8
HIDDEN
100
AcDbPolyline
 90
29
 70
0
 10
65.64631225
 20
215.13502425000001
 10
65.6306422
 20
215.27409985
 10
65.5844178
 20
215.4062016
 10
65.50995695
 20
215.52470540000002
 10
65.4109934
 20
215.62366895
 10
65.29248960000001
 20
215.6981298
 10
65.16038785
 20
215.7443542
 10
65.02131225
 20
215.76002425000001
 10
64.88223669999999
 20
215.7443542
 10
64.75013495
 20
215.6981298
 10
64.63163115
 20
215.62366895
 10
64.5326676
 20
215.52470540000002
 10
64.4582067
 20
215.4062016
 10
64.4119823
 20
215.27409985
 10
64.39631225
 20
215.13502425000001
 10
64.4119823
 20
214.99594869999999
 10
64.4582067
 20
214.86384695
 10
64.5326676
 20
214.74534315
 10
64.63163115
 20
214.6463796
 10
64.75013495
 20
214.5719187
 10
64.88223669999999
 20
214.5256943
 10
65.02131225
 20
214.51002425000001
 10
65.16038785
 20
214.5256943
 10
65.29248960000001
 20
214.5719187
 10
65.4109934
 20
214.6463796
 10
65.50995695
 20
214.74534315
 10
65.5844178
 20
214.86384695
 10
65.6306422
 20
214.99594869999999
 10
65.64631225
 20
215.13502425000001
  0
LWPOLYLINE
  5
C3
330
17
100
AcDbEntity
  8
HIDDEN
100
AcDbPolyline
 90
12
 70
0
 10
121.06350835
 20
132.0
 10
121.13716575000001
 20
131.77209299999998
 10
121.2375395
 20
131.5546255
 10
121.36319
 20
131.3507163
 10
121.5123152
 20
131.16328985
 10
121.68277645
 20
130.99503415
 10
121.872129
 20
130.84836235
 10
122.07765715
 20
130.72537785
 10
122.29641335
 20
130.6278446
 10
122.5252602
 20
130.5571613
 10
122.76091565
 20
130.51434175
 10
123.0
 20
130.5
  0
LWPOLYLINE
  5
C4
330
17
100
AcDbEntity
  8
HIDDEN
100
AcDbPolyline
 90
12
 70
0
 10
121.06350835
 20
204.0
 10
121.13716575000001
 20
204.22790700000002
 10
121.2375395
 20
204.4453745
 10
121.36319
 20
204.6492837
 10
121.5123152
 20
204.83671015
 10
121.68277645
 20
205.00496585
 10
121.872129
 20
205.15163765
 10
122.07765715
 20
205.27462215
 10
122.29641335
 20
205.3721554
 10
122.5252602
 20
205.4428387
 10
122.76091565
 20
205.48565825
 10
123.0
 20
205.5
  0
LWPOLYLINE
  5
C5
330
17
100
AcDbEntity
  8
HIDDEN
100
AcDbPolyline
 90
2
 70
0
 10
121.0
 20
141.0
 10
121.0
 20
195.0
  0
LWPOLYLINE
  5
C6
330
17
100
AcDbEntity
  8
HIDDEN
100
AcDbPolyline
 90
2
 70
0
 10
121.67712435
 20
133.0
 10
121.67712435
 20
140.0
  0
LWPOLYLINE
  5
C7
330
17
100
AcDbEntity
  8
HIDDEN
100
AcDbPolyline
 90
2
 70
0
 10
121.67712435
 20
196.0
 10
121.67712435
 20
203.0
  0
LWPOLYLINE
  5
C8
330
17
100
AcDbEntity
  8
HIDDEN
100
AcDbPolyline
 90
2
 70
0
 10
123.0
 20
130.5
 10
128.0
 20
130.5
  0
LWPOLYLINE
  5
C9
330
17
100
AcDbEntity
  8
HIDDEN
100
AcDbPolyline
 90
2
 70
0
 10
123.0
 20
205.5
 10
128.0
 20
205.5
  0
LWPOLYLINE
  5
CA
330
17
100
AcDbEntity
  8
HIDDEN
100
AcDbPolyline
 90
3
 70
0
 10
129.9974334
 20
132.9283998
 10
129.9813
 20
132.80751544999998
 10
129.95006645
 20
132.6879523
  0
LWPOLYLINE
  5
CB
330
17
100
AcDbEntity
  8
HIDDEN
100
AcDbPolyline
 90
3
 70
0
 10
129.9974334
 20
140.0716002
 10
129.9813
 20
140.19248455
 10
129.95006645
 20
140.3120477
  0
LWPOLYLINE
  5
CC
330
17
100
AcDbEntity
  8
HIDDEN
100
AcDbPolyline
 90
14
 70
0
 10
130.0
 20
132.5
 10
129.98541775
 20
132.25892665
 10
129.94188365
 20
132.02136865
 10
129.8700325
 20
131.79079025
 10
129.77091205
 20
131.57055365
 10
129.64596775
 20
131.3638705
 10
129.4970215
 20
131.17375470000002
 10
129.3262453
 20
131.00297849999998
 10
129.1361295
 20
130.85403225
 10
128.92944635
 20
130.72908795
 10
128.70920975
 20
130.6299675
 10
128.47863135
 20
130.55811635
 10
128.24107335
 20
130.51458225
 10
128.0
 20
130.5
  0
LWPOLYLINE
  5
CD
330
17
100
AcDbEntity
  8
HIDDEN
100
AcDbPolyline
 90
14
 70
0
 10
130.0
 20
203.5
 10
129.98541775
 20
203.74107335
 10
129.94188365
 20
203.97863135
 10
129.8700325
 20
204.20920975
 10
129.77091205
 20
204.42944635
 10
129.64596775
 20
204.6361295
 10
129.4970215
 20
204.82624529999998
 10
129.3262453
 20
204.99702150000002
 10
129.1361295
 20
205.14596775
 10
128.92944635
 20
205.27091205
 10
128.70920975
 20
205.3700325
 10
128.47863135
 20
205.44188365
 10
128.24107335
 20
205.48541775
 10
128.0
 20
205.5
  0
LWPOLYLINE
  5
CE
330
17
100
AcDbEntity
  8
HIDDEN
100
AcDbPolyline
 90
2
 70
0
 10
130.0
 20
132.5
 10
130.0
 20
133.0
  0
LWPOLYLINE
  5
CF
330
17
100
AcDbEntity
  8
HIDDEN
100
AcDbPolyline
 90
2
 70
0
 10
130.0
 20
133.0
 10
130.0
 20
140.0
  0
LWPOLYLINE
  5
D0
330
17
100
AcDbEntity
  8
HIDDEN
100
AcDbPolyline
 90
2
 70
0
 10
130.0
 20
140.0
 10
130.0
 20
196.0
  0
LWPOLYLINE
  5
D1
330
17
100
AcDbEntity
  8
HIDDEN
100
AcDbPolyline
 90
2
 70
0
 10
130.0
 20
196.0
 10
130.0
 20
203.0
  0
LWPOLYLINE
  5
D2
330
17
100
AcDbEntity
  8
HIDDEN
100
AcDbPolyline
 90
2
 70
0
 10
130.0
 20
203.0
 10
130.0
 20
203.5
  0
LWPOLYLINE
  5
D3
330
17
100
AcDbEntity
  8
HIDDEN
100
AcDbPolyline
 90
12
 70
0
 10
130.0
 20
133.0
 10
129.99999954999998
 20
132.99903325
 10
129.99999815
 20
132.9980665
 10
129.9999958
 20
132.99709975
 10
129.9999924
 20
132.99609850000002
 10
129.999988
 20
132.99509725000001
 10
129.99998255
 20
132.99409595
 10
129.99997615
 20
132.9930947
 10
129.9999693
 20
132.9921625
 10
129.99996155
 20
132.99123029999998
 10
129.9838724
 20
132.82112825000002
 10
129.93649165
 20
132.6493102
  0
LWPOLYLINE
  5
D4
330
17
100
AcDbEntity
  8
HIDDEN
100
AcDbPolyline
 90
14
 70
0
 10
129.93649165
 20
132.6493102
 10
129.9239846
 20
132.6203655
 10
129.91379745
 20
132.60195665
 10
129.8794978
 20
132.56099365
 10
129.81159245
 20
132.5303064
 10
129.75801155
 20
132.53133665000001
 10
129.71041815
 20
132.5445852
 10
129.6711902
 20
132.56288215
 10
129.63308025
 20
132.58679560000002
 10
129.5923968
 20
132.61938885
 10
129.54687555
 20
132.6660905
 10
129.47193865
 20
132.78112314999998
 10
129.44157445
 20
132.8604949
 10
129.4216118
 20
133.0
  0
LWPOLYLINE
  5
D5
330
17
100
AcDbEntity
  8
HIDDEN
100
AcDbPolyline
 90
2
 70
0
 10
129.4216118
 20
133.0
 10
129.4216118
 20
140.0
  0
LWPOLYLINE
  5
D6
330
17
100
AcDbEntity
  8
HIDDEN
100
AcDbPolyline
 90
5
 70
0
 10
129.4216118
 20
140.0
 10
129.43408495
 20
140.1105841
 10
129.44292475
 20
140.14407215
 10
129.47211055
 20
140.219235
 10
129.49637265
 20
140.26405045
  0
LWPOLYLINE
  5
D7
330
17
100
AcDbEntity
  8
HIDDEN
100
AcDbPolyline
 90
5
 70
0
 10
129.5064598
 20
140.2800612
 10
129.54676990000002
 20
140.3337861
 10
129.59248985
 20
140.38069475
 10
129.61358085
 20
140.3985438
 10
129.63502845
 20
140.41457655
  0
LWPOLYLINE
  5
D8
330
17
100
AcDbEntity
  8
HIDDEN
100
AcDbPolyline
 90
3
 70
0
 10
129.6393151
 20
140.41753785
 10
129.6714517
 20
140.437261
 10
129.69599975
 20
140.44943560000002
  0
LWPOLYLINE
  5
D9
330
17
100
AcDbEntity
  8
HIDDEN
100
AcDbPolyline
 90
5
 70
0
 10
129.709532
 20
140.45507265
 10
129.71050125
 20
140.4554467
 10
129.75829155
 20
140.4687099
 10
129.81184285
 20
140.46965665
 10
129.84461785
 20
140.46058935
  0
LWPOLYLINE
  5
DA
330
17
100
AcDbEntity
  8
HIDDEN
100
AcDbPolyline
 90
3
 70
0
 10
129.8603791
 20
140.45267795
 10
129.8795568
 20
140.438956
 10
129.90584515
 20
140.41002165
  0
LWPOLYLINE
  5
DB
330
17
100
AcDbEntity
  8
HIDDEN
100
AcDbPolyline
 90
4
 70
0
 10
129.90613765
 20
140.40961295
 10
129.9141254
 20
140.3975082
 10
129.92432215
 20
140.37895505
 10
129.93649165
 20
140.3506898
  0
LWPOLYLINE
  5
DC
330
17
100
AcDbEntity
  8
HIDDEN
100
AcDbPolyline
 90
12
 70
0
 10
130.0
 20
140.0
 10
129.99999954999998
 20
140.00096675
 10
129.99999815
 20
140.0019335
 10
129.9999958
 20
140.00290025
 10
129.9999924
 20
140.0039015
 10
129.999988
 20
140.00490274999999
 10
129.99998255
 20
140.00590405
 10
129.99997615
 20
140.0069053
 10
129.9999693
 20
140.0078375
 10
129.99996155
 20
140.0087697
 10
129.9838724
 20
140.17887174999998
 10
129.93649165
 20
140.3506898
  0
LWPOLYLINE
  5
DD
330
17
100
AcDbEntity
  8
HIDDEN
100
AcDbPolyline
 90
12
 70
0
 10
130.0
 20
196.0
 10
129.99999954999998
 20
195.99903325
 10
129.99999815
 20
195.9980665
 10
129.9999958
 20
195.99709975
 10
129.9999924
 20
195.9960985
 10
129.999988
 20
195.99509725000001
 10
129.99998255
 20
195.99409595
 10
129.99997615
 20
195.9930947
 10
129.9999693
 20
195.9921625
 10
129.99996155
 20
195.9912303
 10
129.9838724
 20
195.82112825000002
 10
129.93649165
 20
195.6493102
  0
LWPOLYLINE
  5
DE
330
17
100
AcDbEntity
  8
HIDDEN
100
AcDbPolyline
 90
14
 70
0
 10
129.93649165
 20
195.6493102
 10
129.8942609
 20
195.5754776
 10
129.8798962
 20
195.56133475000001
 10
129.82406105
 20
195.53270270000002
 10
129.75693445
 20
195.53151935
 10
129.71263414999999
 20
195.5437444
 10
129.71041815
 20
195.5445852
 10
129.6711902
 20
195.56288215
 10
129.63308025
 20
195.5867956
 10
129.5923968
 20
195.61938885
 10
129.54687555
 20
195.6660905
 10
129.47193865
 20
195.78112314999998
 10
129.44157445
 20
195.8604949
 10
129.4216118
 20
196.0
  0
LWPOLYLINE
  5
DF
330
17
100
AcDbEntity
  8
HIDDEN
100
AcDbPolyline
 90
2
 70
0
 10
129.4216118
 20
196.0
 10
129.4216118
 20
203.0
  0
LWPOLYLINE
  5
E0
330
17
100
AcDbEntity
  8
HIDDEN
100
AcDbPolyline
 90
6
 70
0
 10
129.42254775
 20
203.0304205
 10
129.43408495
 20
203.11058409999998
 10
129.44292475
 20
203.14407215
 10
129.47211055
 20
203.219235
 10
129.51305250000001
 20
203.28988214999998
 10
129.56354035
 20
203.35244015
  0
LWPOLYLINE
  5
E1
330
17
100
AcDbEntity
  8
HIDDEN
100
AcDbPolyline
 90
5
 70
0
 10
129.58307355
 20
203.3720083
 10
129.59248985
 20
203.38069475
 10
129.633109
 20
203.41322474999998
 10
129.6552453
 20
203.4278556
 10
129.67741125
 20
203.4404459
  0
LWPOLYLINE
  5
E2
330
17
100
AcDbEntity
  8
HIDDEN
100
AcDbPolyline
 90
2
 70
0
 10
129.6984084
 20
203.4504953
 10
129.70397545
 20
203.45285145
  0
LWPOLYLINE
  5
E3
330
17
100
AcDbEntity
  8
HIDDEN
100
AcDbPolyline
 90
3
 70
0
 10
129.7041073
 20
203.45290565
 10
129.7095114
 20
203.4550647
 10
129.7524766
 20
203.46766365
  0
LWPOLYLINE
  5
E4
330
17
100
AcDbEntity
  8
HIDDEN
100
AcDbPolyline
 90
3
 70
0
 10
129.7534557
 20
203.4678514
 10
129.79422745
 20
203.47122635
 10
129.83029565
 20
203.4656481
  0
LWPOLYLINE
  5
E5
330
17
100
AcDbEntity
  8
HIDDEN
100
AcDbPolyline
 90
4
 70
0
 10
129.8311778
 20
203.4653889
 10
129.86479255
 20
203.449956
 10
129.87205405
 20
203.44493185
 10
129.87695435
 20
203.441125
  0
LWPOLYLINE
  5
E6
330
17
100
AcDbEntity
  8
HIDDEN
100
AcDbPolyline
 90
4
 70
0
 10
129.8780375
 20
203.440235
 10
129.8784672
 20
203.43987694999998
 10
129.88472055
 20
203.4343282
 10
129.9051578
 20
203.41097324999998
  0
LWPOLYLINE
  5
E7
330
17
100
AcDbEntity
  8
HIDDEN
100
AcDbPolyline
 90
2
 70
0
 10
129.92210115
 20
203.38333725
 10
129.93360404999999
 20
203.35813585
  0
LWPOLYLINE
  5
E8
330
17
100
AcDbEntity
  8
HIDDEN
100
AcDbPolyline
 90
12
 70
0
 10
130.0
 20
203.0
 10
129.99999954999998
 20
203.00096675
 10
129.99999815
 20
203.0019335
 10
129.9999958
 20
203.00290025
 10
129.9999924
 20
203.00390149999998
 10
129.999988
 20
203.00490274999999
 10
129.99998255
 20
203.00590405
 10
129.99997615
 20
203.0069053
 10
129.9999693
 20
203.0078375
 10
129.99996155
 20
203.00876970000002
 10
129.9838724
 20
203.17887174999998
 10
129.93649165
 20
203.3506898
  0
LWPOLYLINE
  5
E9
330
17
100
AcDbEntity
  8
HIDDEN
100
AcDbPolyline
 90
4
 70
0
 10
130.0
 20
133.0
 10
129.992876
 20
132.8808479
 10
129.97160555
 20
132.76339345
 10
129.93649165
 20
132.6493102
  0
LWPOLYLINE
  5
EA
330
17
100
AcDbEntity
  8
HIDDEN
100
AcDbPolyline
 90
4
 70
0
 10
130.0
 20
140.0
 10
129.992876
 20
140.1191521
 10
129.97160555
 20
140.23660655
 10
129.93649165
 20
140.3506898
  0
LWPOLYLINE
  5
EB
330
17
100
AcDbEntity
  8
HIDDEN
100
AcDbPolyline
 90
4
 70
0
 10
130.0
 20
196.0
 10
129.992876
 20
195.8808479
 10
129.97160555
 20
195.76339345
 10
129.93649165
 20
195.6493102
  0
LWPOLYLINE
  5
EC
330
17
100
AcDbEntity
  8
HIDDEN
100
AcDbPolyline
 90
4
 70
0
 10
130.0
 20
203.0
 10
129.992876
 20
203.1191521
 10
129.97160555
 20
203.23660655
 10
129.93649165
 20
203.3506898
  0
LWPOLYLINE
  5
ED
330
17
100
AcDbEntity
  8
HIDDEN
100
AcDbPolyline
 90
2
 70
0
 10
95.5
 20
251.0
 10
105.5
 20
251.0
  0
LWPOLYLINE
  5
EE
330
17
100
AcDbEntity
  8
HIDDEN
100
AcDbPolyline
 90
2
 70
0
 10
95.5
 20
257.0
 10
105.5
 20
257.0
  0
LWPOLYLINE
  5
EF
330
17
100
AcDbEntity
  8
HIDDEN
100
AcDbPolyline
 90
2
 70
0
 10
95.5
 20
79.0
 10
105.5
 20
79.0
  0
LWPOLYLINE
  5
F0
330
17
100
AcDbEntity
  8
HIDDEN
100
AcDbPolyline
 90
2
 70
0
 10
95.5
 20
85.0
 10
105.5
 20
85.0
  0
LWPOLYLINE
  5
F1
330
17
100
AcDbEntity
  8
TANGENT
100
AcDbPolyline
 90
15
 70
0
 10
100.5
 20
133.0
 10
100.5
 20
132.9252699
 10
100.5
 20
132.85095775
 10
100.5
 20
132.77747905
 10
100.5
 20
132.70524484999999
 10
100.5
 20
132.634659
 10
100.5
 20
132.56611625
 10
100.5
 20
132.5
 10
100.5
 20
132.43667994999998
 10
100.5
 20
132.37651019999998
 10
100.5
 20
132.31982725
 10
100.5
 20
132.26694815
 10
100.5
 20
132.2181685
 10
100.5
 20
132.17376124999998
 10
100.5
 20
132.1339746
  0
LWPOLYLINE
  5
F2
330
17
100
AcDbEntity
  8
TANGENT
100
AcDbPolyline
 90
2
 70
0
 10
100.5
 20
133.0
 10
121.67712435
 20
133.0
  0
LWPOLYLINE
  5
F3
330
17
100
AcDbEntity
  8
TANGENT
100
AcDbPolyline
 90
15
 70
0
 10
100.5
 20
133.0
 10
100.4252699
 20
133.0
 10
100.35095775
 20
133.0
 10
100.27747905
 20
133.0
 10
100.20524485
 20
133.0
 10
100.134659
 20
133.0
 10
100.06611625
 20
133.0
 10
100.0
 20
133.0
 10
99.93667995
 20
133.0
 10
99.8765102
 20
133.0
 10
99.81982725
 20
133.0
 10
99.76694815
 20
133.0
 10
99.7181685
 20
133.0
 10
99.67376125
 20
133.0
 10
99.6339746
 20
133.0
  0
LWPOLYLINE
  5
F4
330
17
100
AcDbEntity
  8
TANGENT
100
AcDbPolyline
 90
15
 70
0
 10
99.6339746
 20
140.0
 10
99.67376125
 20
140.0
 10
99.7181685
 20
140.0
 10
99.76694815
 20
140.0
 10
99.81982725
 20
140.0
 10
99.8765102
 20
140.0
 10
99.93667995
 20
140.0
 10
100.0
 20
140.0
 10
100.06611625
 20
140.0
 10
100.134659
 20
140.0
 10
100.20524485
 20
140.0
 10
100.27747905
 20
140.0
 10
100.35095775
 20
140.0
 10
100.4252699
 20
140.0
 10
100.5
 20
140.0
  0
LWPOLYLINE
  5
F5
330
17
100
AcDbEntity
  8
TANGENT
100
AcDbPolyline
 90
2
 70
0
 10
100.5
 20
133.0
 10
100.5
 20
140.0
  0
LWPOLYLINE
  5
F6
330
17
100
AcDbEntity
  8
TANGENT
100
AcDbPolyline
 90
2
 70
0
 10
100.5
 20
203.0
 10
121.67712435
 20
203.0
  0
LWPOLYLINE
  5
F7
330
17
100
AcDbEntity
  8
TANGENT
100
AcDbPolyline
 90
15
 70
0
 10
100.5
 20
203.8660254
 10
100.5
 20
203.82623875000002
 10
100.5
 20
203.7818315
 10
100.5
 20
203.73305185
 10
100.5
 20
203.68017275
 10
100.5
 20
203.62348980000002
 10
100.5
 20
203.56332005000002
 10
100.5
 20
203.5
 10
100.5
 20
203.43388375
 10
100.5
 20
203.365341
 10
100.5
 20
203.29475515000001
 10
100.5
 20
203.22252095
 10
100.5
 20
203.14904225
 10
100.5
 20
203.0747301
 10
100.5
 20
203.0
  0
LWPOLYLINE
  5
F8
330
17
100
AcDbEntity
  8
TANGENT
100
AcDbPolyline
 90
15
 70
0
 10
100.5
 20
140.8660254
 10
100.5
 20
140.82623875000002
 10
100.5
 20
140.7818315
 10
100.5
 20
140.73305185
 10
100.5
 20
140.68017275
 10
100.5
 20
140.62348980000002
 10
100.5
 20
140.56332005000002
 10
100.5
 20
140.5
 10
100.5
 20
140.43388375
 10
100.5
 20
140.365341
 10
100.5
 20
140.29475515000001
 10
100.5
 20
140.22252095
 10
100.5
 20
140.14904225
 10
100.5
 20
140.0747301
 10
100.5
 20
140.0
  0
LWPOLYLINE
  5
F9
330
17
100
AcDbEntity
  8
TANGENT
100
AcDbPolyline
 90
15
 70
0
 10
99.6339746
 20
203.0
 10
99.67376125
 20
203.0
 10
99.7181685
 20
203.0
 10
99.76694815
 20
203.0
 10
99.81982725
 20
203.0
 10
99.8765102
 20
203.0
 10
99.93667995
 20
203.0
 10
100.0
 20
203.0
 10
100.06611625
 20
203.0
 10
100.134659
 20
203.0
 10
100.20524485
 20
203.0
 10
100.27747905
 20
203.0
 10
100.35095775
 20
203.0
 10
100.4252699
 20
203.0
 10
100.5
 20
203.0
  0
LWPOLYLINE
  5
FA
330
17
100
AcDbEntity
  8
TANGENT
100
AcDbPolyline
 90
2
 70
0
 10
100.5
 20
140.0
 10
121.67712435
 20
140.0
  0
LWPOLYLINE
  5
FB
330
17
100
AcDbEntity
  8
TANGENT
100
AcDbPolyline
 90
15
 70
0
 10
100.5
 20
196.0
 10
100.4252699
 20
196.0
 10
100.35095775
 20
196.0
 10
100.27747905
 20
196.0
 10
100.20524485
 20
196.0
 10
100.134659
 20
196.0
 10
100.06611625
 20
196.0
 10
100.0
 20
196.0
 10
99.93667995
 20
196.0
 10
99.8765102
 20
196.0
 10
99.81982725
 20
196.0
 10
99.76694815
 20
196.0
 10
99.7181685
 20
196.0
 10
99.67376125
 20
196.0
 10
99.6339746
 20
196.0
  0
LWPOLYLINE
  5
FC
330
17
100
AcDbEntity
  8
TANGENT
100
AcDbPolyline
 90
2
 70
0
 10
100.5
 20
196.0
 10
100.5
 20
203.0
  0
LWPOLYLINE
  5
FD
330
17
100
AcDbEntity
  8
TANGENT
100
AcDbPolyline
 90
15
 70
0
 10
100.5
 20
196.0
 10
100.5
 20
195.9252699
 10
100.5
 20
195.85095775
 10
100.5
 20
195.77747905
 10
100.5
 20
195.70524484999999
 10
100.5
 20
195.634659
 10
100.5
 20
195.56611625
 10
100.5
 20
195.5
 10
100.5
 20
195.43667994999998
 10
100.5
 20
195.37651019999998
 10
100.5
 20
195.31982725
 10
100.5
 20
195.26694815
 10
100.5
 20
195.2181685
 10
100.5
 20
195.17376124999998
 10
100.5
 20
195.1339746
  0
LWPOLYLINE
  5
FE
330
17
100
AcDbEntity
  8
TANGENT
100
AcDbPolyline
 90
2
 70
0
 10
100.5
 20
196.0
 10
121.67712435
 20
196.0
  0
LWPOLYLINE
  5
FF
330
17
100
AcDbEntity
  8
TANGENT
100
AcDbPolyline
 90
15
 70
0
 10
123.0
 20
132.5
 10
122.88307855
 20
132.5
 10
122.7665571
 20
132.5
 10
122.6508341
 20
132.5
 10
122.53630545
 20
132.5
 10
122.42336295
 20
132.5
 10
122.31239285
 20
132.5
 10
122.2037748
 20
132.5
 10
122.09788025
 20
132.5
 10
121.9950715
 20
132.5
 10
121.8957002
 20
132.5
 10
121.80010625
 20
132.5
 10
121.7086166
 20
132.5
 10
121.62154425
 20
132.5
 10
121.539187
 20
132.5
  0
LWPOLYLINE
  5
100
330
17
100
AcDbEntity
  8
TANGENT
100
AcDbPolyline
 90
15
 70
0
 10
123.0
 20
132.5
 10
123.0
 20
132.27607104999998
 10
123.0
 20
132.05495815
 10
123.0
 20
131.8394419
 10
123.0
 20
131.6322325
 10
123.0
 20
131.43593585
 10
123.0
 20
131.2530204
 10
123.0
 20
131.08578645
 10
123.0
 20
130.93633705
 10
123.0
 20
130.8065516
 10
123.0
 20
130.69806225
 10
123.0
 20
130.61223335
 10
123.0
 20
130.5501442
 10
123.0
 20
130.5125756
 10
123.0
 20
130.5
  0
LWPOLYLINE
  5
101
330
17
100
AcDbEntity
  8
TANGENT
100
AcDbPolyline
 90
15
 70
0
 10
121.539187
 20
203.5
 10
121.62154425
 20
203.5
 10
121.7086166
 20
203.5
 10
121.80010625
 20
203.5
 10
121.8957002
 20
203.5
 10
121.9950715
 20
203.5
 10
122.09788025
 20
203.5
 10
122.2037748
 20
203.5
 10
122.31239285
 20
203.5
 10
122.42336295
 20
203.5
 10
122.53630545
 20
203.5
 10
122.6508341
 20
203.5
 10
122.7665571
 20
203.5
 10
122.88307855
 20
203.5
 10
123.0
 20
203.5
  0
LWPOLYLINE
  5
102
330
17
100
AcDbEntity
  8
TANGENT
100
AcDbPolyline
 90
2
 70
0
 10
123.0
 20
132.5
 10
123.0
 20
203.5
  0
LWPOLYLINE
  5
103
330
17
100
AcDbEntity
  8
TANGENT
100
AcDbPolyline
 90
15
 70
0
 10
123.0
 20
205.5
 10
123.0
 20
205.4874244
 10
123.0
 20
205.4498558
 10
123.0
 20
205.38776665
 10
123.0
 20
205.30193775
 10
123.0
 20
205.1934484
 10
123.0
 20
205.06366295
 10
123.0
 20
204.91421355
 10
123.0
 20
204.7469796
 10
123.0
 20
204.56406415
 10
123.0
 20
204.3677675
 10
123.0
 20
204.1605581
 10
123.0
 20
203.94504185
 10
123.0
 20
203.72392895000002
 10
123.0
 20
203.5
  0
LWPOLYLINE
  5
104
330
17
100
AcDbEntity
  8
TANGENT
100
AcDbPolyline
 90
2
 70
0
 10
123.0
 20
132.5
 10
128.0
 20
132.5
  0
LWPOLYLINE
  5
105
330
17
100
AcDbEntity
  8
TANGENT
100
AcDbPolyline
 90
15
 70
0
 10
128.0
 20
132.5
 10
128.0
 20
132.27607104999998
 10
128.0
 20
132.05495815
 10
128.0
 20
131.8394419
 10
128.0
 20
131.6322325
 10
128.0
 20
131.43593585
 10
128.0
 20
131.2530204
 10
128.0
 20
131.08578645
 10
128.0
 20
130.93633705
 10
128.0
 20
130.8065516
 10
128.0
 20
130.69806225
 10
128.0
 20
130.61223335
 10
128.0
 20
130.5501442
 10
128.0
 20
130.5125756
 10
128.0
 20
130.5
  0
LWPOLYLINE
  5
106
330
17
100
AcDbEntity
  8
TANGENT
100
AcDbPolyline
 90
2
 70
0
 10
123.0
 20
203.5
 10
128.0
 20
203.5
  0
LWPOLYLINE
  5
107
330
17
100
AcDbEntity
  8
TANGENT
100
AcDbPolyline
 90
2
 70
0
 10
128.0
 20
132.5
 10
128.0
 20
203.5
  0
LWPOLYLINE
  5
108
330
17
100
AcDbEntity
  8
TANGENT
100
AcDbPolyline
 90
15
 70
0
 10
128.0
 20
205.5
 10
128.0
 20
205.4874244
 10
128.0
 20
205.4498558
 10
128.0
 20
205.38776665
 10
128.0
 20
205.30193775
 10
128.0
 20
205.1934484
 10
128.0
 20
205.06366295
 10
128.0
 20
204.91421355
 10
128.0
 20
204.7469796
 10
128.0
 20
204.56406415
 10
128.0
 20
204.3677675
 10
128.0
 20
204.1605581
 10
128.0
 20
203.94504185
 10
128.0
 20
203.72392895000002
 10
128.0
 20
203.5
  0
LWPOLYLINE
  5
109
330
17
100
AcDbEntity
  8
TANGENT
100
AcDbPolyline
 90
15
 70
0
 10
128.0
 20
132.5
 10
128.22392895000002
 20
132.5
 10
128.44504185
 20
132.5
 10
128.6605581
 20
132.5
 10
128.8677675
 20
132.5
 10
129.06406415
 20
132.5
 10
129.2469796
 20
132.5
 10
129.41421355
 20
132.5
 10
129.56366295
 20
132.5
 10
129.6934484
 20
132.5
 10
129.80193775
 20
132.5
 10
129.88776665
 20
132.5
 10
129.9498558
 20
132.5
 10
129.9874244
 20
132.5
 10
130.0
 20
132.5
  0
LWPOLYLINE
  5
10A
330
17
100
AcDbEntity
  8
TANGENT
100
AcDbPolyline
 90
15
 70
0
 10
130.0
 20
203.5
 10
129.9874244
 20
203.5
 10
129.9498558
 20
203.5
 10
129.88776665
 20
203.5
 10
129.80193775
 20
203.5
 10
129.6934484
 20
203.5
 10
129.56366295
 20
203.5
 10
129.41421355
 20
203.5
 10
129.2469796
 20
203.5
 10
129.06406415
 20
203.5
 10
128.8677675
 20
203.5
 10
128.6605581
 20
203.5
 10
128.44504185
 20
203.5
 10
128.22392895000002
 20
203.5
 10
128.0
 20
203.5
  0
LWPOLYLINE
  5
10B
330
17
100
AcDbEntity
  8
TANGENT
100
AcDbPolyline
 90
4
 70
0
 10
130.0
 20
133.0
 10
129.992876
 20
132.8808479
 10
129.97160555
 20
132.76339345
 10
129.93649165
 20
132.6493102
  0
LWPOLYLINE
  5
10C
330
17
100
AcDbEntity
  8
TANGENT
100
AcDbPolyline
 90
15
 70
0
 10
129.4216118
 20
133.0
 10
129.49369585
 20
133.0
 10
129.56253355
 20
133.0
 10
129.6276722
 20
133.0
 10
129.68868355
 20
133.0
 10
129.7451664
 20
133.0
 10
129.7967493
 20
133.0
 10
129.84309305
 20
133.0
 10
129.88389295
 20
133.0
 10
129.9188807
 20
133.0
 10
129.94782625
 20
133.0
 10
129.97053925
 20
133.0
 10
129.98687035
 20
133.0
 10
129.9967122
 20
133.0
 10
130.0
 20
133.0
  0
LWPOLYLINE
  5
10D
330
17
100
AcDbEntity
  8
TANGENT
100
AcDbPolyline
 90
15
 70
0
 10
130.0
 20
140.0
 10
129.9967122
 20
140.0
 10
129.98687035
 20
140.0
 10
129.97053925
 20
140.0
 10
129.94782625
 20
140.0
 10
129.9188807
 20
140.0
 10
129.88389295
 20
140.0
 10
129.84309305
 20
140.0
 10
129.7967493
 20
140.0
 10
129.7451664
 20
140.0
 10
129.68868355
 20
140.0
 10
129.6276722
 20
140.0
 10
129.56253355
 20
140.0
 10
129.49369585
 20
140.0
 10
129.4216118
 20
140.0
  0
LWPOLYLINE
  5
10E
330
17
100
AcDbEntity
  8
TANGENT
100
AcDbPolyline
 90
4
 70
0
 10
130.0
 20
196.0
 10
129.992876
 20
195.8808479
 10
129.97160555
 20
195.76339345
 10
129.93649165
 20
195.6493102
  0
LWPOLYLINE
  5
10F
330
17
100
AcDbEntity
  8
TANGENT
100
AcDbPolyline
 90
15
 70
0
 10
129.4216118
 20
196.0
 10
129.49369585
 20
196.0
 10
129.56253355
 20
196.0
 10
129.6276722
 20
196.0
 10
129.68868355
 20
196.0
 10
129.7451664
 20
196.0
 10
129.7967493
 20
196.0
 10
129.84309305
 20
196.0
 10
129.88389295
 20
196.0
 10
129.9188807
 20
196.0
 10
129.94782625
 20
196.0
 10
129.97053925
 20
196.0
 10
129.98687035
 20
196.0
 10
129.9967122
 20
196.0
 10
130.0
 20
196.0
  0
LWPOLYLINE
  5
110
330
17
100
AcDbEntity
  8
TANGENT
100
AcDbPolyline
 90
15
 70
0
 10
130.0
 20
203.0
 10
129.9967122
 20
203.0
 10
129.98687035
 20
203.0
 10
129.97053925
 20
203.0
 10
129.94782625
 20
203.0
 10
129.9188807
 20
203.0
 10
129.88389295
 20
203.0
 10
129.84309305
 20
203.0
 10
129.7967493
 20
203.0
 10
129.7451664
 20
203.0
 10
129.68868355
 20
203.0
 10
129.6276722
 20
203.0
 10
129.56253355
 20
203.0
 10
129.49369585
 20
203.0
 10
129.4216118
 20
203.0
  0
LWPOLYLINE
  5
111
330
17
100
AcDbEntity
  8
OUTLINE
100
AcDbPolyline
 90
2
 70
0
 10
95.5
 20
91.5
 10
96.0
 20
91.5
  0
LWPOLYLINE
  5
112
330
17
100
AcDbEntity
  8
OUTLINE
100
AcDbPolyline
 90
2
 70
0
 10
95.5
 20
91.5
 10
95.5
 20
244.5
  0
LWPOLYLINE
  5
113
330
17
100
AcDbEntity
  8
OUTLINE
100
AcDbPolyline
 90
2
 70
0
 10
96.0
 20
91.5
 10
96.0
 20
244.5
  0
LWPOLYLINE
  5
114
330
17
100
AcDbEntity
  8
OUTLINE
100
AcDbPolyline
 90
2
 70
0
 10
95.5
 20
86.0
 10
95.5
 20
91.5
  0
LWPOLYLINE
  5
115
330
17
100
AcDbEntity
  8
OUTLINE
100
AcDbPolyline
 90
2
 70
0
 10
95.5
 20
86.0
 10
104.5
 20
86.0
  0
LWPOLYLINE
  5
116
330
17
100
AcDbEntity
  8
OUTLINE
100
AcDbPolyline
 90
2
 70
0
 10
95.5
 20
244.5
 10
96.0
 20
244.5
  0
LWPOLYLINE
  5
117
330
17
100
AcDbEntity
  8
OUTLINE
100
AcDbPolyline
 90
2
 70
0
 10
104.5
 20
86.0
 10
104.5
 20
91.5
  0
LWPOLYLINE
  5
118
330
17
100
AcDbEntity
  8
OUTLINE
100
AcDbPolyline
 90
2
 70
0
 10
95.5
 20
244.5
 10
95.5
 20
250.0
  0
LWPOLYLINE
  5
119
330
17
100
AcDbEntity
  8
OUTLINE
100
AcDbPolyline
 90
2
 70
0
 10
104.0
 20
91.5
 10
104.5
 20
91.5
  0
LWPOLYLINE
  5
11A
330
17
100
AcDbEntity
  8
OUTLINE
100
AcDbPolyline
 90
2
 70
0
 10
95.5
 20
250.0
 10
104.5
 20
250.0
  0
LWPOLYLINE
  5
11B
330
17
100
AcDbEntity
  8
OUTLINE
100
AcDbPolyline
 90
2
 70
0
 10
104.0
 20
91.5
 10
104.0
 20
132.1339746
  0
LWPOLYLINE
  5
11C
330
17
100
AcDbEntity
  8
OUTLINE
100
AcDbPolyline
 90
2
 70
0
 10
104.5
 20
244.5
 10
104.5
 20
250.0
  0
LWPOLYLINE
  5
11D
330
17
100
AcDbEntity
  8
OUTLINE
100
AcDbPolyline
 90
2
 70
0
 10
100.5
 20
132.1339746
 10
104.0
 20
132.1339746
  0
LWPOLYLINE
  5
11E
330
17
100
AcDbEntity
  8
OUTLINE
100
AcDbPolyline
 90
2
 70
0
 10
104.0
 20
244.5
 10
104.5
 20
244.5
  0
LWPOLYLINE
  5
11F
330
17
100
AcDbEntity
  8
OUTLINE
100
AcDbPolyline
 90
10
 70
0
 10
100.5
 20
132.1339746
 10
100.34961625
 20
132.14713145000002
 10
100.20380185
 20
132.1862023
 10
100.0669873
 20
132.25
 10
99.9433296
 20
132.33658605
 10
99.83658605
 20
132.4433296
 10
99.75
 20
132.5669873
 10
99.6862023
 20
132.70380185
 10
99.64713145
 20
132.84961625
 10
99.6339746
 20
133.0
  0
LWPOLYLINE
  5
120
330
17
100
AcDbEntity
  8
OUTLINE
100
AcDbPolyline
 90
2
 70
0
 10
104.0
 20
203.8660254
 10
104.0
 20
244.5
  0
LWPOLYLINE
  5
121
330
17
100
AcDbEntity
  8
OUTLINE
100
AcDbPolyline
 90
2
 70
0
 10
99.6339746
 20
133.0
 10
99.6339746
 20
140.0
  0
LWPOLYLINE
  5
122
330
17
100
AcDbEntity
  8
OUTLINE
100
AcDbPolyline
 90
2
 70
0
 10
100.5
 20
203.8660254
 10
104.0
 20
203.8660254
  0
LWPOLYLINE
  5
123
330
17
100
AcDbEntity
  8
OUTLINE
100
AcDbPolyline
 90
10
 70
0
 10
100.5
 20
140.8660254
 10
100.34961625
 20
140.85286855
 10
100.20380185
 20
140.8137977
 10
100.0669873
 20
140.75
 10
99.9433296
 20
140.66341395
 10
99.83658605
 20
140.5566704
 10
99.75
 20
140.4330127
 10
99.6862023
 20
140.29619815
 10
99.64713145
 20
140.15038375
 10
99.6339746
 20
140.0
  0
LWPOLYLINE
  5
124
330
17
100
AcDbEntity
  8
OUTLINE
100
AcDbPolyline
 90
10
 70
0
 10
100.5
 20
203.8660254
 10
100.34961625
 20
203.85286854999998
 10
100.20380185
 20
203.8137977
 10
100.0669873
 20
203.75
 10
99.9433296
 20
203.66341395
 10
99.83658605
 20
203.5566704
 10
99.75
 20
203.4330127
 10
99.6862023
 20
203.29619815
 10
99.64713145
 20
203.15038375
 10
99.6339746
 20
203.0
  0
LWPOLYLINE
  5
125
330
17
100
AcDbEntity
  8
OUTLINE
100
AcDbPolyline
 90
2
 70
0
 10
100.5
 20
140.8660254
 10
104.0
 20
140.8660254
  0
LWPOLYLINE
  5
126
330
17
100
AcDbEntity
  8
OUTLINE
100
AcDbPolyline
 90
2
 70
0
 10
99.6339746
 20
196.0
 10
99.6339746
 20
203.0
  0
LWPOLYLINE
  5
127
330
17
100
AcDbEntity
  8
OUTLINE
100
AcDbPolyline
 90
2
 70
0
 10
104.0
 20
140.8660254
 10
104.0
 20
195.1339746
  0
LWPOLYLINE
  5
128
330
17
100
AcDbEntity
  8
OUTLINE
100
AcDbPolyline
 90
10
 70
0
 10
100.5
 20
195.1339746
 10
100.34961625
 20
195.14713145
 10
100.20380185
 20
195.1862023
 10
100.0669873
 20
195.25
 10
99.9433296
 20
195.33658605
 10
99.83658605
 20
195.4433296
 10
99.75
 20
195.5669873
 10
99.6862023
 20
195.70380185
 10
99.64713145
 20
195.84961625
 10
99.6339746
 20
196.0
  0
LWPOLYLINE
  5
129
330
17
100
AcDbEntity
  8
OUTLINE
100
AcDbPolyline
 90
2
 70
0
 10
100.5
 20
195.1339746
 10
104.0
 20
195.1339746
  0
LWPOLYLINE
  5
12A
330
17
100
AcDbEntity
  8
OUTLINE
100
AcDbPolyline
 90
29
 70
0
 10
100.625
 20
168.0
 10
100.60932995
 20
168.1390756
 10
100.56310555
 20
168.27117735
 10
100.4886447
 20
168.38968115
 10
100.38968115
 20
168.4886447
 10
100.27117735
 20
168.56310555
 10
100.1390756
 20
168.60932995
 10
100.0
 20
168.625
 10
99.8609244
 20
168.60932995
 10
99.72882265
 20
168.56310555
 10
99.61031885
 20
168.4886447
 10
99.5113553
 20
168.38968115
 10
99.43689445
 20
168.27117735
 10
99.39067005
 20
168.1390756
 10
99.375
 20
168.0
 10
99.39067005
 20
167.8609244
 10
99.43689445
 20
167.72882265
 10
99.5113553
 20
167.61031885
 10
99.61031885
 20
167.5113553
 10
99.72882265
 20
167.43689445
 10
99.8609244
 20
167.39067005
 10
100.0
 20
167.375
 10
100.1390756
 20
167.39067005
 10
100.27117735
 20
167.43689445
 10
100.38968115
 20
167.5113553
 10
100.4886447
 20
167.61031885
 10
100.56310555
 20
167.72882265
 10
100.60932995
 20
167.8609244
 10
100.625
 20
168.0
  0
LWPOLYLINE
  5
12B
330
17
100
AcDbEntity
  8
OUTLINE
100
AcDbPolyline
 90
15
 70
0
 10
95.5
 20
86.0
 10
95.5
 20
85.7926681
 10
95.5
 20
85.56870335
 10
95.5
 20
85.329088
 10
95.5
 20
85.0748729
 10
95.5
 20
84.80717285
 10
95.5
 20
84.52716185
 10
95.5
 20
84.236068
 10
95.5
 20
83.93516775
 10
95.5
 20
83.62578085
 10
95.5
 20
83.309264
 10
95.5
 20
82.98700535
 10
95.5
 20
82.6604182
 10
95.5
 20
82.33093475
 10
95.5
 20
82.0
  0
LWPOLYLINE
  5
12C
330
17
100
AcDbEntity
  8
OUTLINE
100
AcDbPolyline
 90
15
 70
0
 10
95.5
 20
82.0
 10
95.5
 20
81.4401776
 10
95.5
 20
80.88739535
 10
95.5
 20
80.3486047
 10
95.5
 20
79.8305813
 10
95.5
 20
79.3398396
 10
95.5
 20
78.882551
 10
95.5
 20
78.4644661
 10
95.5
 20
78.0908426
 10
95.5
 20
77.766379
 10
95.5
 20
77.49515565
 10
95.5
 20
77.28058335
 10
95.5
 20
77.12536045
 10
95.5
 20
77.03143895
 10
95.5
 20
77.0
  0
LWPOLYLINE
  5
12D
330
17
100
AcDbEntity
  8
OUTLINE
100
AcDbPolyline
 90
15
 70
0
 10
95.5
 20
254.0
 10
95.5
 20
253.66906525000002
 10
95.5
 20
253.33958180000002
 10
95.5
 20
253.01299465
 10
95.5
 20
252.69073600000002
 10
95.5
 20
252.37421915
 10
95.5
 20
252.06483225
 10
95.5
 20
251.763932
 10
95.5
 20
251.47283815
 10
95.5
 20
251.19282715
 10
95.5
 20
250.9251271
 10
95.5
 20
250.670912
 10
95.5
 20
250.43129664999998
 10
95.5
 20
250.20733189999999
 10
95.5
 20
250.0
  0
LWPOLYLINE
  5
12E
330
17
100
AcDbEntity
  8
OUTLINE
100
AcDbPolyline
 90
15
 70
0
 10
95.5
 20
259.0
 10
95.5
 20
258.96856105
 10
95.5
 20
258.87463955
 10
95.5
 20
258.71941664999997
 10
95.5
 20
258.50484435
 10
95.5
 20
258.23362099999997
 10
95.5
 20
257.9091574
 10
95.5
 20
257.5355339
 10
95.5
 20
257.11744899999997
 10
95.5
 20
256.6601604
 10
95.5
 20
256.1694187
 10
95.5
 20
255.6513953
 10
95.5
 20
255.11260464999998
 10
95.5
 20
254.5598224
 10
95.5
 20
254.0
  0
LWPOLYLINE
  5
12F
330
17
100
AcDbEntity
  8
OUTLINE
100
AcDbPolyline
 90
15
 70
0
 10
105.5
 20
82.0
 10
105.5
 20
81.4401776
 10
105.5
 20
80.88739535
 10
105.5
 20
80.3486047
 10
105.5
 20
79.8305813
 10
105.5
 20
79.3398396
 10
105.5
 20
78.882551
 10
105.5
 20
78.4644661
 10
105.5
 20
78.0908426
 10
105.5
 20
77.766379
 10
105.5
 20
77.49515565
 10
105.5
 20
77.28058335
 10
105.5
 20
77.12536045
 10
105.5
 20
77.03143895
 10
105.5
 20
77.0
  0
LWPOLYLINE
  5
130
330
17
100
AcDbEntity
  8
OUTLINE
100
AcDbPolyline
 90
15
 70
0
 10
105.5
 20
87.0
 10
105.5
 20
86.96856105
 10
105.5
 20
86.87463955
 10
105.5
 20
86.71941665
 10
105.5
 20
86.50484435
 10
105.5
 20
86.233621
 10
105.5
 20
85.9091574
 10
105.5
 20
85.5355339
 10
105.5
 20
85.117449
 10
105.5
 20
84.6601604
 10
105.5
 20
84.1694187
 10
105.5
 20
83.6513953
 10
105.5
 20
83.11260465
 10
105.5
 20
82.5598224
 10
105.5
 20
82.0
  0
LWPOLYLINE
  5
131
330
17
100
AcDbEntity
  8
OUTLINE
100
AcDbPolyline
 90
2
 70
0
 10
104.5
 20
91.5
 10
104.5
 20
132.0
  0
LWPOLYLINE
  5
132
330
17
100
AcDbEntity
  8
OUTLINE
100
AcDbPolyline
 90
15
 70
0
 10
105.5
 20
254.0
 10
105.5
 20
253.4401776
 10
105.5
 20
252.88739535000002
 10
105.5
 20
252.3486047
 10
105.5
 20
251.8305813
 10
105.5
 20
251.3398396
 10
105.5
 20
250.882551
 10
105.5
 20
250.46446609999998
 10
105.5
 20
250.0908426
 10
105.5
 20
249.766379
 10
105.5
 20
249.49515565000002
 10
105.5
 20
249.28058335
 10
105.5
 20
249.12536045000002
 10
105.5
 20
249.03143895
 10
105.5
 20
249.0
  0
LWPOLYLINE
  5
133
330
17
100
AcDbEntity
  8
OUTLINE
100
AcDbPolyline
 90
15
 70
0
 10
105.5
 20
259.0
 10
105.5
 20
258.96856105
 10
105.5
 20
258.87463955
 10
105.5
 20
258.71941664999997
 10
105.5
 20
258.50484435
 10
105.5
 20
258.23362099999997
 10
105.5
 20
257.9091574
 10
105.5
 20
257.5355339
 10
105.5
 20
257.11744899999997
 10
105.5
 20
256.6601604
 10
105.5
 20
256.1694187
 10
105.5
 20
255.6513953
 10
105.5
 20
255.11260464999998
 10
105.5
 20
254.5598224
 10
105.5
 20
254.0
  0
LWPOLYLINE
  5
134
330
17
100
AcDbEntity
  8
OUTLINE
100
AcDbPolyline
 90
7
 70
0
 10
104.5
 20
132.0
 10
104.4472723
 20
132.0252936
 10
104.40335125
 20
132.0446507
 10
104.36849125
 20
132.05883805
 10
104.2679134
 20
132.0934805
 10
104.0962565
 20
132.12864165
 10
104.0
 20
132.1339746
  0
LWPOLYLINE
  5
135
330
17
100
AcDbEntity
  8
OUTLINE
100
AcDbPolyline
 90
2
 70
0
 10
104.5
 20
204.0
 10
104.5
 20
244.5
  0
LWPOLYLINE
  5
136
330
17
100
AcDbEntity
  8
OUTLINE
100
AcDbPolyline
 90
2
 70
0
 10
104.5
 20
132.0
 10
121.1291713
 20
132.0
  0
LWPOLYLINE
  5
137
330
17
100
AcDbEntity
  8
OUTLINE
100
AcDbPolyline
 90
5
 70
0
 10
121.1291713
 20
132.0
 10
121.1785404
 20
132.01422345
 10
121.24860525
 20
132.06860534999998
 10
121.34332585
 20
132.1812626
 10
121.539187
 20
132.5
  0
LWPOLYLINE
  5
138
330
17
100
AcDbEntity
  8
OUTLINE
100
AcDbPolyline
 90
5
 70
0
 10
121.539187
 20
132.5
 10
121.62077805
 20
132.6828041
 10
121.66545095000001
 20
132.85631684999998
 10
121.67415825
 20
132.9276449
 10
121.67712435
 20
133.0
  0
LWPOLYLINE
  5
139
330
17
100
AcDbEntity
  8
OUTLINE
100
AcDbPolyline
 90
7
 70
0
 10
104.5
 20
204.0
 10
104.4472723
 20
203.9747064
 10
104.40335125
 20
203.9553493
 10
104.36849125
 20
203.94116195
 10
104.2679134
 20
203.9065195
 10
104.0962565
 20
203.87135835
 10
104.0
 20
203.8660254
  0
LWPOLYLINE
  5
13A
330
17
100
AcDbEntity
  8
OUTLINE
100
AcDbPolyline
 90
2
 70
0
 10
104.5
 20
204.0
 10
121.1291713
 20
204.0
  0
LWPOLYLINE
  5
13B
330
17
100
AcDbEntity
  8
OUTLINE
100
AcDbPolyline
 90
5
 70
0
 10
121.1291713
 20
204.0
 10
121.17854375
 20
203.98577475
 10
121.26159285
 20
203.91819295
 10
121.36130800000001
 20
203.79366565
 10
121.539187
 20
203.5
  0
LWPOLYLINE
  5
13C
330
17
100
AcDbEntity
  8
OUTLINE
100
AcDbPolyline
 90
5
 70
0
 10
121.539187
 20
203.5
 10
121.62077805
 20
203.3171959
 10
121.66545095000001
 20
203.14368315000002
 10
121.67415825
 20
203.0723551
 10
121.67712435
 20
203.0
  0
LWPOLYLINE
  5
13D
330
17
100
AcDbEntity
  8
OUTLINE
100
AcDbPolyline
 90
7
 70
0
 10
104.5
 20
141.0
 10
104.4472723
 20
140.9747064
 10
104.40335125
 20
140.9553493
 10
104.36849125
 20
140.94116195
 10
104.2679134
 20
140.9065195
 10
104.0962565
 20
140.87135835
 10
104.0
 20
140.8660254
  0
LWPOLYLINE
  5
13E
330
17
100
AcDbEntity
  8
OUTLINE
100
AcDbPolyline
 90
2
 70
0
 10
104.5
 20
141.0
 10
121.06350835
 20
141.0
  0
LWPOLYLINE
  5
13F
330
17
100
AcDbEntity
  8
OUTLINE
100
AcDbPolyline
 90
10
 70
0
 10
121.06350835
 20
141.0
 10
121.1141275
 20
140.98613475
 10
121.1759187
 20
140.9473501
 10
121.25367385
 20
140.8800633
 10
121.3863624
 20
140.7317269
 10
121.44713915
 20
140.64944805
 10
121.5601293
 20
140.4596846
 10
121.6223293
 20
140.3127494
 10
121.6661209
 20
140.13948885
 10
121.67712435
 20
140.0
  0
LWPOLYLINE
  5
140
330
17
100
AcDbEntity
  8
OUTLINE
100
AcDbPolyline
 90
2
 70
0
 10
104.5
 20
141.0
 10
104.5
 20
195.0
  0
LWPOLYLINE
  5
141
330
17
100
AcDbEntity
  8
OUTLINE
100
AcDbPolyline
 90
7
 70
0
 10
104.5
 20
195.0
 10
104.4472723
 20
195.0252936
 10
104.40335125
 20
195.0446507
 10
104.36849125
 20
195.05883805
 10
104.2679134
 20
195.0934805
 10
104.0962565
 20
195.12864165
 10
104.0
 20
195.1339746
  0
LWPOLYLINE
  5
142
330
17
100
AcDbEntity
  8
OUTLINE
100
AcDbPolyline
 90
2
 70
0
 10
104.5
 20
195.0
 10
121.06350835
 20
195.0
  0
LWPOLYLINE
  5
143
330
17
100
AcDbEntity
  8
OUTLINE
100
AcDbPolyline
 90
10
 70
0
 10
121.06350835
 20
195.0
 10
121.1141275
 20
195.01386525
 10
121.1759187
 20
195.0526499
 10
121.25367385
 20
195.1199367
 10
121.3863624
 20
195.2682731
 10
121.44713915
 20
195.35055195
 10
121.5601293
 20
195.5403154
 10
121.6223293
 20
195.6872506
 10
121.6661209
 20
195.86051115
 10
121.67712435
 20
196.0
  0
LWPOLYLINE
  5
144
330
17
100
AcDbEntity
  8
OUTLINE
100
AcDbPolyline
 90
2
 70
0
 10
70.56443279999999
 20
120.5
 10
95.5
 20
120.5
  0
LWPOLYLINE
  5
145
330
17
100
AcDbEntity
  8
OUTLINE
100
AcDbPolyline
 90
2
 70
0
 10
68.5
 20
129.5
 10
95.5
 20
129.5
  0
LWPOLYLINE
  5
146
330
17
100
AcDbEntity
  8
OUTLINE
100
AcDbPolyline
 90
2
 70
0
 10
67.3349493
 20
115.88781955
 10
70.56443279999999
 20
120.5
  0
LWPOLYLINE
  5
147
330
17
100
AcDbEntity
  8
OUTLINE
100
AcDbPolyline
 90
2
 70
0
 10
62.010461
 20
119.6160664
 10
67.3349493
 20
115.88781955
  0
LWPOLYLINE
  5
148
330
17
100
AcDbEntity
  8
OUTLINE
100
AcDbPolyline
 90
2
 70
0
 10
62.010461
 20
119.6160664
 10
64.7636279
 20
123.5479962
  0
LWPOLYLINE
  5
149
330
17
100
AcDbEntity
  8
OUTLINE
100
AcDbPolyline
 90
2
 70
0
 10
65.5666349
 20
124.69480905
 10
68.3198018
 20
128.62673885
  0
LWPOLYLINE
  5
14A
330
17
100
AcDbEntity
  8
OUTLINE
100
AcDbPolyline
 90
2
 70
0
 10
68.3198018
 20
128.62673885
 10
68.5
 20
128.5005627
  0
LWPOLYLINE
  5
14B
330
17
100
AcDbEntity
  8
OUTLINE
100
AcDbPolyline
 90
2
 70
0
 10
68.5
 20
128.5005627
 10
68.5
 20
129.5
  0
LWPOLYLINE
  5
14C
330
17
100
AcDbEntity
  8
OUTLINE
100
AcDbPolyline
 90
29
 70
0
 10
65.64631225
 20
120.86497575
 10
65.6306422
 20
121.0040513
 10
65.5844178
 20
121.13615304999999
 10
65.50995695
 20
121.25465685
 10
65.4109934
 20
121.3536204
 10
65.29248960000001
 20
121.4280813
 10
65.16038785
 20
121.4743057
 10
65.02131225
 20
121.48997575
 10
64.88223669999999
 20
121.4743057
 10
64.75013495
 20
121.4280813
 10
64.63163115
 20
121.3536204
 10
64.5326676
 20
121.25465685
 10
64.4582067
 20
121.13615304999999
 10
64.4119823
 20
121.0040513
 10
64.39631225
 20
120.86497575
 10
64.4119823
 20
120.72590015
 10
64.4582067
 20
120.5937984
 10
64.5326676
 20
120.4752946
 10
64.63163115
 20
120.37633105
 10
64.75013495
 20
120.3018702
 10
64.88223669999999
 20
120.2556458
 10
65.02131225
 20
120.23997575
 10
65.16038785
 20
120.2556458
 10
65.29248960000001
 20
120.3018702
 10
65.4109934
 20
120.37633105
 10
65.50995695
 20
120.4752946
 10
65.5844178
 20
120.5937984
 10
65.6306422
 20
120.72590015
 10
65.64631225
 20
120.86497575
  0
LWPOLYLINE
  5
14D
330
17
100
AcDbEntity
  8
OUTLINE
100
AcDbPolyline
 90
29
 70
0
 10
68.80098265000001
 20
125.370312
 10
68.7853126
 20
125.50938755
 10
68.7390882
 20
125.6414893
 10
68.66462735
 20
125.7599931
 10
68.5656638
 20
125.85895665000001
 10
68.44716
 20
125.93341749999999
 10
68.31505824999999
 20
125.97964189999999
 10
68.17598265000001
 20
125.995312
 10
68.03690710000001
 20
125.97964189999999
 10
67.90480535
 20
125.93341749999999
 10
67.78630154999999
 20
125.85895665000001
 10
67.687338
 20
125.7599931
 10
67.61287709999999
 20
125.6414893
 10
67.56665269999999
 20
125.50938755
 10
67.55098265000001
 20
125.370312
 10
67.56665269999999
 20
125.2312364
 10
67.61287709999999
 20
125.09913465
 10
67.687338
 20
124.98063085
 10
67.78630154999999
 20
124.8816673
 10
67.90480535
 20
124.80720645
 10
68.03690710000001
 20
124.76098205
 10
68.17598265000001
 20
124.745312
 10
68.31505824999999
 20
124.76098205
 10
68.44716
 20
124.80720645
 10
68.5656638
 20
124.8816673
 10
68.66462735
 20
124.98063085
 10
68.7390882
 20
125.09913465
 10
68.7853126
 20
125.2312364
 10
68.80098265000001
 20
125.370312
  0
LWPOLYLINE
  5
14E
330
17
100
AcDbEntity
  8
OUTLINE
100
AcDbPolyline
 90
2
 70
0
 10
68.5
 20
206.5
 10
95.5
 20
206.5
  0
LWPOLYLINE
  5
14F
330
17
100
AcDbEntity
  8
OUTLINE
100
AcDbPolyline
 90
2
 70
0
 10
70.56443279999999
 20
215.5
 10
95.5
 20
215.5
  0
LWPOLYLINE
  5
150
330
17
100
AcDbEntity
  8
OUTLINE
100
AcDbPolyline
 90
2
 70
0
 10
68.5
 20
206.5
 10
68.5
 20
207.4994373
  0
LWPOLYLINE
  5
151
330
17
100
AcDbEntity
  8
OUTLINE
100
AcDbPolyline
 90
2
 70
0
 10
68.3198018
 20
207.37326115
 10
68.5
 20
207.4994373
  0
LWPOLYLINE
  5
152
330
17
100
AcDbEntity
  8
OUTLINE
100
AcDbPolyline
 90
2
 70
0
 10
68.3198018
 20
207.37326115
 10
65.5666349
 20
211.30519095
  0
LWPOLYLINE
  5
153
330
17
100
AcDbEntity
  8
OUTLINE
100
AcDbPolyline
 90
2
 70
0
 10
64.7636279
 20
212.4520038
 10
62.010461
 20
216.3839336
  0
LWPOLYLINE
  5
154
330
17
100
AcDbEntity
  8
OUTLINE
100
AcDbPolyline
 90
2
 70
0
 10
62.010461
 20
216.3839336
 10
67.3349493
 20
220.11218044999998
  0
LWPOLYLINE
  5
155
330
17
100
AcDbEntity
  8
OUTLINE
100
AcDbPolyline
 90
2
 70
0
 10
70.56443279999999
 20
215.5
 10
67.3349493
 20
220.11218044999998
  0
LWPOLYLINE
  5
156
330
17
100
AcDbEntity
  8
OUTLINE
100
AcDbPolyline
 90
29
 70
0
 10
68.80098265000001
 20
210.629688
 10
68.7853126
 20
210.7687636
 10
68.7390882
 20
210.90086535
 10
68.66462735
 20
211.01936915
 10
68.5656638
 20
211.1183327
 10
68.44716
 20
211.19279355
 10
68.31505824999999
 20
211.23901795
 10
68.17598265000001
 20
211.254688
 10
68.03690710000001
 20
211.23901795
 10
67.90480535
 20
211.19279355
 10
67.78630154999999
 20
211.1183327
 10
67.687338
 20
211.01936915
 10
67.61287709999999
 20
210.90086535
 10
67.56665269999999
 20
210.7687636
 10
67.55098265000001
 20
210.629688
 10
67.56665269999999
 20
210.49061245000001
 10
67.61287709999999
 20
210.3585107
 10
67.687338
 20
210.2400069
 10
67.78630154999999
 20
210.14104335
 10
67.90480535
 20
210.0665825
 10
68.03690710000001
 20
210.0203581
 10
68.17598265000001
 20
210.004688
 10
68.31505824999999
 20
210.0203581
 10
68.44716
 20
210.0665825
 10
68.5656638
 20
210.14104335
 10
68.66462735
 20
210.2400069
 10
68.7390882
 20
210.3585107
 10
68.7853126
 20
210.49061245000001
 10
68.80098265000001
 20
210.629688
  0
LWPOLYLINE
  5
157
330
17
100
AcDbEntity
  8
OUTLINE
100
AcDbPolyline
 90
29
 70
0
 10
65.64631225
 20
215.13502425000001
 10
65.6306422
 20
215.27409985
 10
65.5844178
 20
215.4062016
 10
65.50995695
 20
215.52470540000002
 10
65.4109934
 20
215.62366895
 10
65.29248960000001
 20
215.6981298
 10
65.16038785
 20
215.7443542
 10
65.02131225
 20
215.76002425000001
 10
64.88223669999999
 20
215.7443542
 10
64.75013495
 20
215.6981298
 10
64.63163115
 20
215.62366895
 10
64.5326676
 20
215.52470540000002
 10
64.4582067
 20
215.4062016
 10
64.4119823
 20
215.27409985
 10
64.39631225
 20
215.13502425000001
 10
64.4119823
 20
214.99594869999999
 10
64.4582067
 20
214.86384695
 10
64.5326676
 20
214.74534315
 10
64.63163115
 20
214.6463796
 10
64.75013495
 20
214.5719187
 10
64.88223669999999
 20
214.5256943
 10
65.02131225
 20
214.51002425000001
 10
65.16038785
 20
214.5256943
 10
65.29248960000001
 20
214.5719187
 10
65.4109934
 20
214.6463796
 10
65.50995695
 20
214.74534315
 10
65.5844178
 20
214.86384695
 10
65.6306422
 20
214.99594869999999
 10
65.64631225
 20
215.13502425000001
  0
LWPOLYLINE
  5
158
330
17
100
AcDbEntity
  8
OUTLINE
100
AcDbPolyline
 90
2
 70
0
 10
104.5
 20
132.0
 10
104.4712556
 20
132.0140579
  0
LWPOLYLINE
  5
159
330
17
100
AcDbEntity
  8
OUTLINE
100
AcDbPolyline
 90
2
 70
0
 10
104.5
 20
132.0
 10
121.06350835
 20
132.0
  0
LWPOLYLINE
  5
15A
330
17
100
AcDbEntity
  8
OUTLINE
100
AcDbPolyline
 90
15
 70
0
 10
121.1291713
 20
132.0
 10
121.1201703
 20
132.0
 10
121.11182339999999
 20
132.0
 10
121.1041335
 20
132.0
 10
121.0971033
 20
132.0
 10
121.0907353
 20
132.0
 10
121.08503160000001
 20
132.0
 10
121.07999425
 20
132.0
 10
121.075625
 20
132.0
 10
121.07192535
 20
132.0
 10
121.06889665
 20
132.0
 10
121.06653985
 20
132.0
 10
121.06485585
 20
132.0
 10
121.06384525
 20
132.0
 10
121.06350835
 20
132.0
  0
LWPOLYLINE
  5
15B
330
17
100
AcDbEntity
  8
OUTLINE
100
AcDbPolyline
 90
2
 70
0
 10
104.5
 20
204.0
 10
121.06350835
 20
204.0
  0
LWPOLYLINE
  5
15C
330
17
100
AcDbEntity
  8
OUTLINE
100
AcDbPolyline
 90
12
 70
0
 10
121.06350835
 20
132.0
 10
121.13716575000001
 20
131.77209299999998
 10
121.2375395
 20
131.5546255
 10
121.36319
 20
131.3507163
 10
121.5123152
 20
131.16328985
 10
121.68277645
 20
130.99503415
 10
121.872129
 20
130.84836235
 10
122.07765715
 20
130.72537785
 10
122.29641335
 20
130.6278446
 10
122.5252602
 20
130.5571613
 10
122.76091565
 20
130.51434175
 10
123.0
 20
130.5
  0
LWPOLYLINE
  5
15D
330
17
100
AcDbEntity
  8
OUTLINE
100
AcDbPolyline
 90
2
 70
0
 10
121.67712435
 20
133.0
 10
121.67712435
 20
140.0
  0
LWPOLYLINE
  5
15E
330
17
100
AcDbEntity
  8
OUTLINE
100
AcDbPolyline
 90
2
 70
0
 10
121.0
 20
141.0
 10
121.0
 20
195.0
  0
LWPOLYLINE
  5
15F
330
17
100
AcDbEntity
  8
OUTLINE
100
AcDbPolyline
 90
2
 70
0
 10
121.67712435
 20
196.0
 10
121.67712435
 20
203.0
  0
LWPOLYLINE
  5
160
330
17
100
AcDbEntity
  8
OUTLINE
100
AcDbPolyline
 90
12
 70
0
 10
123.0
 20
205.5
 10
122.76091565
 20
205.48565825
 10
122.5252602
 20
205.4428387
 10
122.29641335
 20
205.3721554
 10
122.07765715
 20
205.27462215
 10
121.872129
 20
205.15163765
 10
121.68277645
 20
205.00496585
 10
121.5123152
 20
204.83671015
 10
121.36319
 20
204.6492837
 10
121.2375395
 20
204.4453745
 10
121.13716575000001
 20
204.22790700000002
 10
121.06350835
 20
204.0
  0
LWPOLYLINE
  5
161
330
17
100
AcDbEntity
  8
OUTLINE
100
AcDbPolyline
 90
2
 70
0
 10
104.5
 20
141.0
 10
121.0
 20
141.0
  0
LWPOLYLINE
  5
162
330
17
100
AcDbEntity
  8
OUTLINE
100
AcDbPolyline
 90
2
 70
0
 10
104.5
 20
195.0
 10
121.0
 20
195.0
  0
LWPOLYLINE
  5
163
330
17
100
AcDbEntity
  8
OUTLINE
100
AcDbPolyline
 90
2
 70
0
 10
121.1291713
 20
204.0
 10
121.12920315
 20
204.0
  0
LWPOLYLINE
  5
164
330
17
100
AcDbEntity
  8
OUTLINE
100
AcDbPolyline
 90
2
 70
0
 10
121.4662887
 20
203.62937335
 10
121.539187
 20
203.5
  0
LWPOLYLINE
  5
165
330
17
100
AcDbEntity
  8
OUTLINE
100
AcDbPolyline
 90
2
 70
0
 10
64.7636279
 20
123.5479962
 10
65.5666349
 20
124.69480905
  0
LWPOLYLINE
  5
166
330
17
100
AcDbEntity
  8
OUTLINE
100
AcDbPolyline
 90
6
 70
0
 10
64.7636279
 20
123.5479962
 10
64.72248205
 20
123.46363475
 10
64.7094192
 20
123.37068755
 10
64.7257179
 20
123.27825279999999
 10
64.76978285
 20
123.19537875
 10
64.83730055000001
 20
123.13017765000001
  0
LWPOLYLINE
  5
167
330
17
100
AcDbEntity
  8
OUTLINE
100
AcDbPolyline
 90
2
 70
0
 10
64.83730055000001
 20
123.13017765000001
 10
67.2128415
 20
121.46680599999999
  0
LWPOLYLINE
  5
168
330
17
100
AcDbEntity
  8
OUTLINE
100
AcDbPolyline
 90
6
 70
0
 10
67.63066005
 20
121.54047865
 10
67.56545895
 20
121.47296095
 10
67.48258485
 20
121.42889600000001
 10
67.39015015
 20
121.4125973
 10
67.2972029
 20
121.42566015
 10
67.2128415
 20
121.46680599999999
  0
LWPOLYLINE
  5
169
330
17
100
AcDbEntity
  8
OUTLINE
100
AcDbPolyline
 90
2
 70
0
 10
67.63066005
 20
121.54047865
 10
68.43366705
 20
122.6872915
  0
LWPOLYLINE
  5
16A
330
17
100
AcDbEntity
  8
OUTLINE
100
AcDbPolyline
 90
6
 70
0
 10
68.43366705
 20
122.6872915
 10
68.47481285
 20
122.77165295
 10
68.48787575
 20
122.8646002
 10
68.471577
 20
122.9570349
 10
68.4275121
 20
123.03990895
 10
68.35999435
 20
123.10511005000001
  0
LWPOLYLINE
  5
16B
330
17
100
AcDbEntity
  8
OUTLINE
100
AcDbPolyline
 90
2
 70
0
 10
65.98445344999999
 20
124.76848175
 10
68.35999435
 20
123.10511005000001
  0
LWPOLYLINE
  5
16C
330
17
100
AcDbEntity
  8
OUTLINE
100
AcDbPolyline
 90
6
 70
0
 10
65.5666349
 20
124.69480905
 10
65.63183599999999
 20
124.76232675
 10
65.71471005000001
 20
124.8063917
 10
65.8071448
 20
124.82269045000001
 10
65.900092
 20
124.80962755
 10
65.98445344999999
 20
124.76848175
  0
LWPOLYLINE
  5
16D
330
17
100
AcDbEntity
  8
OUTLINE
100
AcDbPolyline
 90
2
 70
0
 10
65.5666349
 20
211.30519095
 10
64.7636279
 20
212.4520038
  0
LWPOLYLINE
  5
16E
330
17
100
AcDbEntity
  8
OUTLINE
100
AcDbPolyline
 90
6
 70
0
 10
65.5666349
 20
211.30519095
 10
65.63183599999999
 20
211.23767325
 10
65.71471005000001
 20
211.1936083
 10
65.8071448
 20
211.17730955
 10
65.900092
 20
211.19037244999998
 10
65.98445344999999
 20
211.23151825
  0
LWPOLYLINE
  5
16F
330
17
100
AcDbEntity
  8
OUTLINE
100
AcDbPolyline
 90
2
 70
0
 10
65.98445344999999
 20
211.23151825
 10
68.35999435
 20
212.89488995
  0
LWPOLYLINE
  5
170
330
17
100
AcDbEntity
  8
OUTLINE
100
AcDbPolyline
 90
6
 70
0
 10
68.43366705
 20
213.31270849999999
 10
68.47481285
 20
213.22834705
 10
68.48787575
 20
213.13539980000002
 10
68.471577
 20
213.0429651
 10
68.4275121
 20
212.96009105000002
 10
68.35999435
 20
212.89488995
  0
LWPOLYLINE
  5
171
330
17
100
AcDbEntity
  8
OUTLINE
100
AcDbPolyline
 90
2
 70
0
 10
68.43366705
 20
213.31270849999999
 10
67.63066005
 20
214.45952135
  0
LWPOLYLINE
  5
172
330
17
100
AcDbEntity
  8
OUTLINE
100
AcDbPolyline
 90
6
 70
0
 10
67.63066005
 20
214.45952135
 10
67.56545895
 20
214.52703904999998
 10
67.48258485
 20
214.571104
 10
67.39015015
 20
214.58740269999998
 10
67.2972029
 20
214.57433985
 10
67.2128415
 20
214.533194
  0
LWPOLYLINE
  5
173
330
17
100
AcDbEntity
  8
OUTLINE
100
AcDbPolyline
 90
2
 70
0
 10
64.83730055000001
 20
212.86982235
 10
67.2128415
 20
214.533194
  0
LWPOLYLINE
  5
174
330
17
100
AcDbEntity
  8
OUTLINE
100
AcDbPolyline
 90
6
 70
0
 10
64.7636279
 20
212.4520038
 10
64.72248205
 20
212.53636525000002
 10
64.7094192
 20
212.62931245
 10
64.7257179
 20
212.7217472
 10
64.76978285
 20
212.80462125
 10
64.83730055000001
 20
212.86982235
  0
LWPOLYLINE
  5
175
330
17
100
AcDbEntity
  8
OUTLINE
100
AcDbPolyline
 90
2
 70
0
 10
123.0
 20
130.5
 10
128.0
 20
130.5
  0
LWPOLYLINE
  5
176
330
17
100
AcDbEntity
  8
OUTLINE
100
AcDbPolyline
 90
2
 70
0
 10
123.0
 20
205.5
 10
128.0
 20
205.5
  0
LWPOLYLINE
  5
177
330
17
100
AcDbEntity
  8
OUTLINE
100
AcDbPolyline
 90
14
 70
0
 10
130.0
 20
132.5
 10
129.98541775
 20
132.25892665
 10
129.94188365
 20
132.02136865
 10
129.8700325
 20
131.79079025
 10
129.77091205
 20
131.57055365
 10
129.64596775
 20
131.3638705
 10
129.4970215
 20
131.17375470000002
 10
129.3262453
 20
131.00297849999998
 10
129.1361295
 20
130.85403225
 10
128.92944635
 20
130.72908795
 10
128.70920975
 20
130.6299675
 10
128.47863135
 20
130.55811635
 10
128.24107335
 20
130.51458225
 10
128.0
 20
130.5
  0
LWPOLYLINE
  5
178
330
17
100
AcDbEntity
  8
OUTLINE
100
AcDbPolyline
 90
2
 70
0
 10
130.0
 20
132.5
 10
130.0
 20
133.0
  0
LWPOLYLINE
  5
179
330
17
100
AcDbEntity
  8
OUTLINE
100
AcDbPolyline
 90
11
 70
0
 10
130.0
 20
133.0
 10
129.99999954999998
 20
132.99903325
 10
129.99999815
 20
132.9980665
 10
129.9999958
 20
132.99709975
 10
129.9999924
 20
132.99609850000002
 10
129.999988
 20
132.99509725000001
 10
129.99998255
 20
132.99409595
 10
129.99997615
 20
132.9930947
 10
129.9999693
 20
132.9921625
 10
129.99996155
 20
132.99123029999998
 10
129.9974334
 20
132.9283998
  0
LWPOLYLINE
  5
17A
330
17
100
AcDbEntity
  8
OUTLINE
100
AcDbPolyline
 90
2
 70
0
 10
129.95006645
 20
132.6879523
 10
129.93649165
 20
132.6493102
  0
LWPOLYLINE
  5
17B
330
17
100
AcDbEntity
  8
OUTLINE
100
AcDbPolyline
 90
14
 70
0
 10
129.93649165
 20
132.6493102
 10
129.9239846
 20
132.6203655
 10
129.91379745
 20
132.60195665
 10
129.8794978
 20
132.56099365
 10
129.81159245
 20
132.5303064
 10
129.75801155
 20
132.53133665000001
 10
129.71041815
 20
132.5445852
 10
129.6711902
 20
132.56288215
 10
129.63308025
 20
132.58679560000002
 10
129.5923968
 20
132.61938885
 10
129.54687555
 20
132.6660905
 10
129.47193865
 20
132.78112314999998
 10
129.44157445
 20
132.8604949
 10
129.4216118
 20
133.0
  0
LWPOLYLINE
  5
17C
330
17
100
AcDbEntity
  8
OUTLINE
100
AcDbPolyline
 90
2
 70
0
 10
129.4216118
 20
133.0
 10
129.4216118
 20
140.0
  0
LWPOLYLINE
  5
17D
330
17
100
AcDbEntity
  8
OUTLINE
100
AcDbPolyline
 90
10
 70
0
 10
129.4216118
 20
140.0
 10
129.43595335
 20
140.1184949
 10
129.489217
 20
140.25186685
 10
129.5832064
 20
140.3721341
 10
129.66759845
 20
140.43512355000001
 10
129.7098415
 20
140.45519255
 10
129.7888544
 20
140.471313
 10
129.859454
 20
140.4532185
 10
129.8891487
 20
140.4299913
 10
129.93649165
 20
140.3506898
  0
LWPOLYLINE
  5
17E
330
17
100
AcDbEntity
  8
OUTLINE
100
AcDbPolyline
 90
11
 70
0
 10
130.0
 20
140.0
 10
129.99999954999998
 20
140.00096675
 10
129.99999815
 20
140.0019335
 10
129.9999958
 20
140.00290025
 10
129.9999924
 20
140.0039015
 10
129.999988
 20
140.00490274999999
 10
129.99998255
 20
140.00590405
 10
129.99997615
 20
140.0069053
 10
129.9999693
 20
140.0078375
 10
129.99996155
 20
140.0087697
 10
129.9974334
 20
140.0716002
  0
LWPOLYLINE
  5
17F
330
17
100
AcDbEntity
  8
OUTLINE
100
AcDbPolyline
 90
2
 70
0
 10
129.95006645
 20
140.3120477
 10
129.93649165
 20
140.3506898
  0
LWPOLYLINE
  5
180
330
17
100
AcDbEntity
  8
OUTLINE
100
AcDbPolyline
 90
2
 70
0
 10
130.0
 20
140.0
 10
130.0
 20
196.0
  0
LWPOLYLINE
  5
181
330
17
100
AcDbEntity
  8
OUTLINE
100
AcDbPolyline
 90
12
 70
0
 10
130.0
 20
196.0
 10
129.99999954999998
 20
195.99903325
 10
129.99999815
 20
195.9980665
 10
129.9999958
 20
195.99709975
 10
129.9999924
 20
195.9960985
 10
129.999988
 20
195.99509725000001
 10
129.99998255
 20
195.99409595
 10
129.99997615
 20
195.9930947
 10
129.9999693
 20
195.9921625
 10
129.99996155
 20
195.9912303
 10
129.9838724
 20
195.82112825000002
 10
129.93649165
 20
195.6493102
  0
LWPOLYLINE
  5
182
330
17
100
AcDbEntity
  8
OUTLINE
100
AcDbPolyline
 90
14
 70
0
 10
129.93649165
 20
195.6493102
 10
129.8942609
 20
195.5754776
 10
129.8798962
 20
195.56133475000001
 10
129.82406105
 20
195.53270270000002
 10
129.75693445
 20
195.53151935
 10
129.71263414999999
 20
195.5437444
 10
129.71041815
 20
195.5445852
 10
129.6711902
 20
195.56288215
 10
129.63308025
 20
195.5867956
 10
129.5923968
 20
195.61938885
 10
129.54687555
 20
195.6660905
 10
129.47193865
 20
195.78112314999998
 10
129.44157445
 20
195.8604949
 10
129.4216118
 20
196.0
  0
LWPOLYLINE
  5
183
330
17
100
AcDbEntity
  8
OUTLINE
100
AcDbPolyline
 90
2
 70
0
 10
129.4216118
 20
196.0
 10
129.4216118
 20
203.0
  0
LWPOLYLINE
  5
184
330
17
100
AcDbEntity
  8
OUTLINE
100
AcDbPolyline
 90
11
 70
0
 10
129.4216118
 20
203.0
 10
129.43595335
 20
203.1184949
 10
129.489217
 20
203.25186685
 10
129.5832064
 20
203.37213409999998
 10
129.66759845
 20
203.43512355000001
 10
129.7547605
 20
203.46809439999998
 10
129.78685835
 20
203.47130125
 10
129.79169045
 20
203.471289
 10
129.854974
 20
203.455696
 10
129.8891487
 20
203.42999129999998
 10
129.93649165
 20
203.3506898
  0
LWPOLYLINE
  5
185
330
17
100
AcDbEntity
  8
OUTLINE
100
AcDbPolyline
 90
12
 70
0
 10
130.0
 20
203.0
 10
129.99999954999998
 20
203.00096675
 10
129.99999815
 20
203.0019335
 10
129.9999958
 20
203.00290025
 10
129.9999924
 20
203.00390149999998
 10
129.999988
 20
203.00490274999999
 10
129.99998255
 20
203.00590405
 10
129.99997615
 20
203.0069053
 10
129.9999693
 20
203.0078375
 10
129.99996155
 20
203.00876970000002
 10
129.9838724
 20
203.17887174999998
 10
129.93649165
 20
203.3506898
  0
LWPOLYLINE
  5
186
330
17
100
AcDbEntity
  8
OUTLINE
100
AcDbPolyline
 90
2
 70
0
 10
130.0
 20
203.0
 10
130.0
 20
203.5
  0
LWPOLYLINE
  5
187
330
17
100
AcDbEntity
  8
OUTLINE
100
AcDbPolyline
 90
14
 70
0
 10
128.0
 20
205.5
 10
128.24107335
 20
205.48541775
 10
128.47863135
 20
205.44188365
 10
128.70920975
 20
205.3700325
 10
128.92944635
 20
205.27091205
 10
129.1361295
 20
205.14596775
 10
129.3262453
 20
204.99702150000002
 10
129.4970215
 20
204.82624529999998
 10
129.64596775
 20
204.6361295
 10
129.77091205
 20
204.42944635
 10
129.8700325
 20
204.20920975
 10
129.94188365
 20
203.97863135
 10
129.98541775
 20
203.74107335
 10
130.0
 20
203.5
  0
LWPOLYLINE
  5
188
330
17
100
AcDbEntity
  8
OUTLINE
100
AcDbPolyline
 90
2
 70
0
 10
130.0
 20
196.0
 10
130.0
 20
203.0
  0
LWPOLYLINE
  5
189
330
17
100
AcDbEntity
  8
OUTLINE
100
AcDbPolyline
 90
2
 70
0
 10
130.0
 20
133.0
 10
130.0
 20
140.0
  0
LWPOLYLINE
  5
18A
330
17
100
AcDbEntity
  8
OUTLINE
100
AcDbPolyline
 90
4
 70
0
 10
130.0
 20
133.0
 10
129.992876
 20
132.8808479
 10
129.97160555
 20
132.76339345
 10
129.93649165
 20
132.6493102
  0
LWPOLYLINE
  5
18B
330
17
100
AcDbEntity
  8
OUTLINE
100
AcDbPolyline
 90
4
 70
0
 10
129.93649165
 20
140.3506898
 10
129.97160555
 20
140.23660655
 10
129.992876
 20
140.1191521
 10
130.0
 20
140.0
  0
LWPOLYLINE
  5
18C
330
17
100
AcDbEntity
  8
OUTLINE
100
AcDbPolyline
 90
4
 70
0
 10
130.0
 20
196.0
 10
129.992876
 20
195.8808479
 10
129.97160555
 20
195.76339345
 10
129.93649165
 20
195.6493102
  0
LWPOLYLINE
  5
18D
330
17
100
AcDbEntity
  8
OUTLINE
100
AcDbPolyline
 90
4
 70
0
 10
129.93649165
 20
203.3506898
 10
129.97160555
 20
203.23660655
 10
129.992876
 20
203.1191521
 10
130.0
 20
203.0
  0
LWPOLYLINE
  5
18E
330
17
100
AcDbEntity
  8
OUTLINE
100
AcDbPolyline
 90
2
 70
0
 10
129.49637265
 20
140.26405045
 10
129.5064598
 20
140.2800612
  0
LWPOLYLINE
  5
18F
330
17
100
AcDbEntity
  8
OUTLINE
100
AcDbPolyline
 90
2
 70
0
 10
129.63502845
 20
140.41457655
 10
129.6393151
 20
140.41753785
  0
LWPOLYLINE
  5
190
330
17
100
AcDbEntity
  8
OUTLINE
100
AcDbPolyline
 90
2
 70
0
 10
129.69599975
 20
140.44943560000002
 10
129.709532
 20
140.45507265
  0
LWPOLYLINE
  5
191
330
17
100
AcDbEntity
  8
OUTLINE
100
AcDbPolyline
 90
2
 70
0
 10
129.84461785
 20
140.46058935
 10
129.8603791
 20
140.45267795
  0
LWPOLYLINE
  5
192
330
17
100
AcDbEntity
  8
OUTLINE
100
AcDbPolyline
 90
2
 70
0
 10
129.90584515
 20
140.41002165
 10
129.90613765
 20
140.40961295
  0
LWPOLYLINE
  5
193
330
17
100
AcDbEntity
  8
OUTLINE
100
AcDbPolyline
 90
2
 70
0
 10
129.4216118
 20
203.0
 10
129.42254775
 20
203.0304205
  0
LWPOLYLINE
  5
194
330
17
100
AcDbEntity
  8
OUTLINE
100
AcDbPolyline
 90
2
 70
0
 10
129.56354035
 20
203.35244015
 10
129.58307355
 20
203.3720083
  0
LWPOLYLINE
  5
195
330
17
100
AcDbEntity
  8
OUTLINE
100
AcDbPolyline
 90
2
 70
0
 10
129.67741125
 20
203.4404459
 10
129.6984084
 20
203.4504953
  0
LWPOLYLINE
  5
196
330
17
100
AcDbEntity
  8
OUTLINE
100
AcDbPolyline
 90
2
 70
0
 10
129.70397545
 20
203.45285145
 10
129.7041073
 20
203.45290565
  0
LWPOLYLINE
  5
197
330
17
100
AcDbEntity
  8
OUTLINE
100
AcDbPolyline
 90
2
 70
0
 10
129.7524766
 20
203.46766365
 10
129.7534557
 20
203.4678514
  0
LWPOLYLINE
  5
198
330
17
100
AcDbEntity
  8
OUTLINE
100
AcDbPolyline
 90
2
 70
0
 10
129.83029565
 20
203.4656481
 10
129.8311778
 20
203.4653889
  0
LWPOLYLINE
  5
199
330
17
100
AcDbEntity
  8
OUTLINE
100
AcDbPolyline
 90
2
 70
0
 10
129.87695435
 20
203.441125
 10
129.8780375
 20
203.440235
  0
LWPOLYLINE
  5
19A
330
17
100
AcDbEntity
  8
OUTLINE
100
AcDbPolyline
 90
2
 70
0
 10
129.9051578
 20
203.41097324999998
 10
129.92210115
 20
203.38333725
  0
LWPOLYLINE
  5
19B
330
17
100
AcDbEntity
  8
OUTLINE
100
AcDbPolyline
 90
2
 70
0
 10
129.93360404999999
 20
203.35813585
 10
129.93649165
 20
203.3506898
  0
LWPOLYLINE
  5
19C
330
17
100
AcDbEntity
  8
OUTLINE
100
AcDbPolyline
 90
2
 70
0
 10
95.5
 20
77.0
 10
105.5
 20
77.0
  0
LWPOLYLINE
  5
19D
330
17
100
AcDbEntity
  8
OUTLINE
100
AcDbPolyline
 90
2
 70
0
 10
104.5
 20
87.0
 10
105.5
 20
87.0
  0
LWPOLYLINE
  5
19E
330
17
100
AcDbEntity
  8
OUTLINE
100
AcDbPolyline
 90
2
 70
0
 10
104.5
 20
249.0
 10
105.5
 20
249.0
  0
LWPOLYLINE
  5
19F
330
17
100
AcDbEntity
  8
OUTLINE
100
AcDbPolyline
 90
2
 70
0
 10
95.5
 20
259.0
 10
105.5
 20
259.0
  0
TEXT
  5
1A0
330
17
100
AcDbEntity
  8
TEXT
100
AcDbText
 10
100.0
 20
263.0
 30
0.0
 40
2.9
  1
俯视 +Z | 局部坐标系
  7
CJK
 72
1
 11
100.0
 21
263.0
 31
0.0
100
AcDbText
  0
LINE
  5
1A1
330
17
100
AcDbEntity
  8
DIM
100
AcDbLine
 10
130.0
 20
77.0
 30
0.0
 11
18.5
 21
77.0
 31
0.0
  0
LINE
  5
1A2
330
17
100
AcDbEntity
  8
DIM
100
AcDbLine
 10
130.0
 20
259.0
 30
0.0
 11
18.5
 21
259.0
 31
0.0
  0
LINE
  5
1A3
330
17
100
AcDbEntity
  8
DIM
100
AcDbLine
 10
17.0
 20
77.0
 30
0.0
 11
17.0
 21
259.0
 31
0.0
  0
LINE
  5
1A4
330
17
100
AcDbEntity
  8
DIM
100
AcDbLine
 10
17.0
 20
77.0
 30
0.0
 11
17.6857956149109
 21
78.87874542569476
 31
0.0
  0
LINE
  5
1A5
330
17
100
AcDbEntity
  8
DIM
100
AcDbLine
 10
17.0
 20
77.0
 30
0.0
 11
16.3142043850891
 21
78.87874542569476
 31
0.0
  0
LINE
  5
1A6
330
17
100
AcDbEntity
  8
DIM
100
AcDbLine
 10
17.0
 20
259.0
 30
0.0
 11
16.3142043850891
 21
257.1212545743052
 31
0.0
  0
LINE
  5
1A7
330
17
100
AcDbEntity
  8
DIM
100
AcDbLine
 10
17.0
 20
259.0
 30
0.0
 11
17.6857956149109
 21
257.1212545743052
 31
0.0
  0
TEXT
  5
1A8
330
17
100
AcDbEntity
  8
TEXT
100
AcDbText
 10
15.2
 20
168.0
 30
0.0
 40
2.8
  1
364
 50
90.0
  7
CJK
 72
1
 11
15.2
 21
168.0
 31
0.0
100
AcDbText
  0
LINE
  5
1A9
330
17
100
AcDbEntity
  8
DIM
100
AcDbLine
 10
100.0
 20
82.0
 30
0.0
 11
179.5
 21
82.0
 31
0.0
  0
LINE
  5
1AA
330
17
100
AcDbEntity
  8
DIM
100
AcDbLine
 10
100.0
 20
254.0
 30
0.0
 11
179.5
 21
254.0
 31
0.0
  0
LINE
  5
1AB
330
17
100
AcDbEntity
  8
DIM
100
AcDbLine
 10
178.0
 20
82.0
 30
0.0
 11
178.0
 21
254.0
 31
0.0
  0
LINE
  5
1AC
330
17
100
AcDbEntity
  8
DIM
100
AcDbLine
 10
178.0
 20
82.0
 30
0.0
 11
178.68579561491092
 21
83.87874542569476
 31
0.0
  0
LINE
  5
1AD
330
17
100
AcDbEntity
  8
DIM
100
AcDbLine
 10
178.0
 20
82.0
 30
0.0
 11
177.31420438508908
 21
83.87874542569476
 31
0.0
  0
LINE
  5
1AE
330
17
100
AcDbEntity
  8
DIM
100
AcDbLine
 10
178.0
 20
254.0
 30
0.0
 11
177.31420438508908
 21
252.12125457430525
 31
0.0
  0
LINE
  5
1AF
330
17
100
AcDbEntity
  8
DIM
100
AcDbLine
 10
178.0
 20
254.0
 30
0.0
 11
178.68579561491092
 21
252.12125457430525
 31
0.0
  0
TEXT
  5
1B0
330
17
100
AcDbEntity
  8
TEXT
100
AcDbText
 10
176.2
 20
168.0
 30
0.0
 40
2.8
  1
344±0.01 孔中心距
 50
90.0
  7
CJK
 72
1
 11
176.2
 21
168.0
 31
0.0
100
AcDbText
  0
LINE
  5
1B1
330
17
100
AcDbEntity
  8
DIM
100
AcDbLine
 10
62.01046098817714
 20
259.0
 30
0.0
 11
62.01046098817714
 21
268.5
 31
0.0
  0
LINE
  5
1B2
330
17
100
AcDbEntity
  8
DIM
100
AcDbLine
 10
130.0
 20
259.0
 30
0.0
 11
130.0
 21
268.5
 31
0.0
  0
LINE
  5
1B3
330
17
100
AcDbEntity
  8
DIM
100
AcDbLine
 10
62.01046098817714
 20
267.0
 30
0.0
 11
130.0
 21
267.0
 31
0.0
  0
LINE
  5
1B4
330
17
100
AcDbEntity
  8
DIM
100
AcDbLine
 10
62.01046098817714
 20
267.0
 30
0.0
 11
63.8892064138719
 21
266.3142043850891
 31
0.0
  0
LINE
  5
1B5
330
17
100
AcDbEntity
  8
DIM
100
AcDbLine
 10
62.01046098817714
 20
267.0
 30
0.0
 11
63.8892064138719
 21
267.6857956149109
 31
0.0
  0
LINE
  5
1B6
330
17
100
AcDbEntity
  8
DIM
100
AcDbLine
 10
130.0
 20
267.0
 30
0.0
 11
128.12125457430525
 21
267.6857956149109
 31
0.0
  0
LINE
  5
1B7
330
17
100
AcDbEntity
  8
DIM
100
AcDbLine
 10
130.0
 20
267.0
 30
0.0
 11
128.12125457430525
 21
266.3142043850891
 31
0.0
  0
TEXT
  5
1B8
330
17
100
AcDbEntity
  8
TEXT
100
AcDbText
 10
96.00523049408856
 20
268.8
 30
0.0
 40
2.8
  1
135.979 REF 包络
  7
CJK
 72
1
 11
96.00523049408856
 21
268.8
 31
0.0
100
AcDbText
  0
LINE
  5
1B9
330
17
100
AcDbEntity
  8
CENTER
100
AcDbLine
 10
100.0
 20
75.5
 30
0.0
 11
100.0
 21
260.5
 31
0.0
  0
LINE
  5
1BA
330
17
100
AcDbEntity
  8
CENTER
100
AcDbLine
 10
60.0
 20
168.0
 30
0.0
 11
140.0
 21
168.0
 31
0.0
  0
TEXT
  5
1BB
330
17
100
AcDbEntity
  8
TEXT
100
AcDbText
 10
101.5
 20
170.0
 30
0.0
 40
2.8
  1
O
  7
CJK
 11
101.5
 21
170.0
 31
0.0
100
AcDbText
  0
LWPOLYLINE
  5
1BC
330
17
100
AcDbEntity
  8
DIM
100
AcDbPolyline
 90
3
 70
0
 10
100.0
 20
254.0
 10
190.0
 20
250.0
 10
193.0
 20
250.0
  0
LINE
  5
1BD
330
17
100
AcDbEntity
  8
DIM
100
AcDbLine
 10
100.0
 20
254.0
 30
0.0
 11
101.84644287298386
 21
253.23146326255207
 31
0.0
  0
LINE
  5
1BE
330
17
100
AcDbEntity
  8
DIM
100
AcDbLine
 10
100.0
 20
254.0
 30
0.0
 11
101.90734236522474
 21
254.601701837972
 31
0.0
  0
TEXT
  5
1BF
330
17
100
AcDbEntity
  8
TEXT
100
AcDbText
 10
194.0
 20
251.0
 30
0.0
 40
2.8
  1
2× Ø12 H7 通孔，轴向 X
  7
CJK
 11
194.0
 21
251.0
 31
0.0
100
AcDbText
  0
LWPOLYLINE
  5
1C0
330
17
100
AcDbEntity
  8
DIM
100
AcDbPolyline
 90
3
 70
0
 10
125.5
 20
168.0
 10
190.0
 20
238.0
 10
193.0
 20
238.0
  0
LINE
  5
1C1
330
17
100
AcDbEntity
  8
DIM
100
AcDbLine
 10
125.5
 20
168.0
 30
0.0
 11
127.27742458246344
 21
168.9169306700371
 31
0.0
  0
LINE
  5
1C2
330
17
100
AcDbEntity
  8
DIM
100
AcDbLine
 10
125.5
 20
168.0
 30
0.0
 11
126.26874634977595
 21
169.84635561301343
 31
0.0
  0
TEXT
  5
1C3
330
17
100
AcDbEntity
  8
TEXT
100
AcDbText
 10
194.0
 20
239.0
 30
0.0
 40
2.8
  1
握柄 18×150×16（名义包络）
  7
CJK
 11
194.0
 21
239.0
 31
0.0
100
AcDbText
  0
LWPOLYLINE
  5
1C4
330
17
100
AcDbEntity
  8
DIM
100
AcDbPolyline
 90
3
 70
0
 10
104.5
 20
168.0
 10
190.0
 20
226.0
 10
193.0
 20
226.0
  0
LINE
  5
1C5
330
17
100
AcDbEntity
  8
DIM
100
AcDbLine
 10
104.5
 20
168.0
 30
0.0
 11
106.43976123044548
 21
168.48716154287936
 31
0.0
  0
LINE
  5
1C6
330
17
100
AcDbEntity
  8
DIM
100
AcDbLine
 10
104.5
 20
168.0
 30
0.0
 11
105.66977313983868
 21
169.62223019368767
 31
0.0
  0
TEXT
  5
1C7
330
17
100
AcDbEntity
  8
TEXT
100
AcDbText
 10
194.0
 20
227.0
 30
0.0
 40
2.8
  1
主梁宽 18，厚 12，长 310
  7
CJK
 11
194.0
 21
227.0
 31
0.0
100
AcDbText
  0
LWPOLYLINE
  5
1C8
330
17
100
AcDbEntity
  8
HIDDEN
100
AcDbPolyline
 90
8
 70
0
 10
96.0
 20
66.0
 10
96.0250721
 20
66.2225209
 10
96.0990311
 20
66.4338837
 10
96.2181685
 20
66.6234898
 10
96.3765102
 20
66.7818315
 10
96.5661163
 20
66.9009689
 10
96.7774791
 20
66.9749279
 10
97.0
 20
67.0
  0
LWPOLYLINE
  5
1C9
330
17
100
AcDbEntity
  8
HIDDEN
100
AcDbPolyline
 90
2
 70
0
 10
96.0
 20
67.0
 10
97.0
 20
67.0
  0
LWPOLYLINE
  5
1CA
330
17
100
AcDbEntity
  8
HIDDEN
100
AcDbPolyline
 90
2
 70
0
 10
96.0
 20
66.0
 10
96.0
 20
67.0
  0
LWPOLYLINE
  5
1CB
330
17
100
AcDbEntity
  8
HIDDEN
100
AcDbPolyline
 90
8
 70
0
 10
96.0
 20
66.0
 10
96.0250721
 20
66.2225209
 10
96.0990311
 20
66.4338837
 10
96.2181685
 20
66.6234898
 10
96.3765102
 20
66.7818315
 10
96.5661163
 20
66.9009689
 10
96.7774791
 20
66.9749279
 10
97.0
 20
67.0
  0
LWPOLYLINE
  5
1CC
330
17
100
AcDbEntity
  8
HIDDEN
100
AcDbPolyline
 90
2
 70
0
 10
96.0
 20
67.0
 10
114.0
 20
67.0
  0
LWPOLYLINE
  5
1CD
330
17
100
AcDbEntity
  8
HIDDEN
100
AcDbPolyline
 90
2
 70
0
 10
96.0
 20
67.0
 10
97.0
 20
67.0
  0
LWPOLYLINE
  5
1CE
330
17
100
AcDbEntity
  8
HIDDEN
100
AcDbPolyline
 90
2
 70
0
 10
113.0
 20
67.0
 10
114.0
 20
67.0
  0
LWPOLYLINE
  5
1CF
330
17
100
AcDbEntity
  8
HIDDEN
100
AcDbPolyline
 90
2
 70
0
 10
96.0
 20
67.0
 10
114.0
 20
67.0
  0
LWPOLYLINE
  5
1D0
330
17
100
AcDbEntity
  8
HIDDEN
100
AcDbPolyline
 90
2
 70
0
 10
106.0
 20
67.0
 10
113.0
 20
67.0
  0
LWPOLYLINE
  5
1D1
330
17
100
AcDbEntity
  8
HIDDEN
100
AcDbPolyline
 90
2
 70
0
 10
113.0
 20
67.0
 10
114.0
 20
67.0
  0
LWPOLYLINE
  5
1D2
330
17
100
AcDbEntity
  8
HIDDEN
100
AcDbPolyline
 90
15
 70
0
 10
106.0
 20
67.0
 10
105.8060718
 20
67.0
 10
105.6145824
 20
67.0
 10
105.4279399
 20
67.0
 10
105.2484913
 20
67.0
 10
105.0784934
 20
67.0
 10
104.920084
 20
67.0
 10
104.7752551
 20
67.0
 10
104.6458281
 20
67.0
 10
104.5334307
 20
67.0
 10
104.4394761
 20
67.0
 10
104.3651461
 20
67.0
 10
104.3113753
 20
67.0
 10
104.27884
 20
67.0
 10
104.2679492
 20
67.0
  0
LWPOLYLINE
  5
1D3
330
17
100
AcDbEntity
  8
HIDDEN
100
AcDbPolyline
 90
2
 70
0
 10
106.0
 20
67.0
 10
113.0
 20
67.0
  0
LWPOLYLINE
  5
1D4
330
17
100
AcDbEntity
  8
HIDDEN
100
AcDbPolyline
 90
15
 70
0
 10
106.0
 20
67.0
 10
105.8060718
 20
67.0
 10
105.6145824
 20
67.0
 10
105.4279399
 20
67.0
 10
105.2484913
 20
67.0
 10
105.0784934
 20
67.0
 10
104.920084
 20
67.0
 10
104.7752551
 20
67.0
 10
104.6458281
 20
67.0
 10
104.5334307
 20
67.0
 10
104.4394761
 20
67.0
 10
104.3651461
 20
67.0
 10
104.3113753
 20
67.0
 10
104.27884
 20
67.0
 10
104.2679492
 20
67.0
  0
LWPOLYLINE
  5
1D5
330
17
100
AcDbEntity
  8
HIDDEN
100
AcDbPolyline
 90
15
 70
0
 10
106.0
 20
67.0
 10
105.8060718
 20
67.0
 10
105.6145824
 20
67.0
 10
105.4279399
 20
67.0
 10
105.2484913
 20
67.0
 10
105.0784934
 20
67.0
 10
104.920084
 20
67.0
 10
104.7752551
 20
67.0
 10
104.6458281
 20
67.0
 10
104.5334307
 20
67.0
 10
104.4394761
 20
67.0
 10
104.3651461
 20
67.0
 10
104.3113753
 20
67.0
 10
104.27884
 20
67.0
 10
104.2679492
 20
67.0
  0
LWPOLYLINE
  5
1D6
330
17
100
AcDbEntity
  8
HIDDEN
100
AcDbPolyline
 90
2
 70
0
 10
106.0
 20
67.0
 10
113.0
 20
67.0
  0
LWPOLYLINE
  5
1D7
330
17
100
AcDbEntity
  8
HIDDEN
100
AcDbPolyline
 90
15
 70
0
 10
106.0
 20
67.0
 10
105.8060718
 20
67.0
 10
105.6145824
 20
67.0
 10
105.4279399
 20
67.0
 10
105.2484913
 20
67.0
 10
105.0784934
 20
67.0
 10
104.920084
 20
67.0
 10
104.7752551
 20
67.0
 10
104.6458281
 20
67.0
 10
104.5334307
 20
67.0
 10
104.4394761
 20
67.0
 10
104.3651461
 20
67.0
 10
104.3113753
 20
67.0
 10
104.27884
 20
67.0
 10
104.2679492
 20
67.0
  0
LWPOLYLINE
  5
1D8
330
17
100
AcDbEntity
  8
HIDDEN
100
AcDbPolyline
 90
2
 70
0
 10
106.0
 20
67.0
 10
113.0
 20
67.0
  0
LWPOLYLINE
  5
1D9
330
17
100
AcDbEntity
  8
HIDDEN
100
AcDbPolyline
 90
15
 70
0
 10
106.25
 20
67.0
 10
106.2186599
 20
67.0
 10
106.1262111
 20
67.0
 10
105.9772894
 20
67.0
 10
105.7793623
 20
67.0
 10
105.5423547
 20
67.0
 10
105.2781512
 20
67.0
 10
105.0
 20
67.0
 10
104.7218488
 20
67.0
 10
104.4576453
 20
67.0
 10
104.2206377
 20
67.0
 10
104.0227106
 20
67.0
 10
103.8737889
 20
67.0
 10
103.7813401
 20
67.0
 10
103.75
 20
67.0
  0
LWPOLYLINE
  5
1DA
330
17
100
AcDbEntity
  8
HIDDEN
100
AcDbPolyline
 90
15
 70
0
 10
103.75
 20
67.0
 10
103.7813401
 20
67.0
 10
103.8737889
 20
67.0
 10
104.0227106
 20
67.0
 10
104.2206377
 20
67.0
 10
104.4576453
 20
67.0
 10
104.7218488
 20
67.0
 10
105.0
 20
67.0
 10
105.2781512
 20
67.0
 10
105.5423547
 20
67.0
 10
105.7793623
 20
67.0
 10
105.9772894
 20
67.0
 10
106.1262111
 20
67.0
 10
106.2186599
 20
67.0
 10
106.25
 20
67.0
  0
LWPOLYLINE
  5
1DB
330
17
100
AcDbEntity
  8
HIDDEN
100
AcDbPolyline
 90
15
 70
0
 10
96.0
 20
67.0
 10
96.0
 20
67.5163391
 10
96.0
 20
68.0041006
 10
96.0
 20
68.4611455
 10
96.0
 20
68.8854693
 10
96.0
 20
69.2752113
 10
96.0
 20
69.62866220000001
 10
96.0
 20
69.9442719
 10
96.0
 20
70.2206563
 10
96.0
 20
70.4566033
 10
96.0
 20
70.6510782
 10
96.0
 20
70.8032281
 10
96.0
 20
70.9123857
 10
96.0
 20
70.9780724
 10
96.0
 20
71.0
  0
LWPOLYLINE
  5
1DC
330
17
100
AcDbEntity
  8
HIDDEN
100
AcDbPolyline
 90
15
 70
0
 10
96.0
 20
51.0
 10
96.0
 20
51.0219276
 10
96.0
 20
51.0876143
 10
96.0
 20
51.1967719
 10
96.0
 20
51.3489218
 10
96.0
 20
51.5433967
 10
96.0
 20
51.7793437
 10
96.0
 20
52.055728099999996
 10
96.0
 20
52.3713378
 10
96.0
 20
52.7247887
 10
96.0
 20
53.1145307
 10
96.0
 20
53.5388545
 10
96.0
 20
53.9958994
 10
96.0
 20
54.483660900000004
 10
96.0
 20
55.0
  0
LWPOLYLINE
  5
1DD
330
17
100
AcDbEntity
  8
HIDDEN
100
AcDbPolyline
 90
2
 70
0
 10
96.0
 20
66.0
 10
96.0
 20
67.0
  0
LWPOLYLINE
  5
1DE
330
17
100
AcDbEntity
  8
HIDDEN
100
AcDbPolyline
 90
2
 70
0
 10
96.0
 20
55.0
 10
96.0
 20
56.0
  0
LWPOLYLINE
  5
1DF
330
17
100
AcDbEntity
  8
HIDDEN
100
AcDbPolyline
 90
15
 70
0
 10
96.0
 20
71.0
 10
96.0
 20
70.9780724
 10
96.0
 20
70.9123857
 10
96.0
 20
70.8032281
 10
96.0
 20
70.6510782
 10
96.0
 20
70.4566033
 10
96.0
 20
70.2206563
 10
96.0
 20
69.9442719
 10
96.0
 20
69.62866220000001
 10
96.0
 20
69.2752113
 10
96.0
 20
68.8854693
 10
96.0
 20
68.4611455
 10
96.0
 20
68.0041006
 10
96.0
 20
67.5163391
 10
96.0
 20
67.0
  0
LWPOLYLINE
  5
1E0
330
17
100
AcDbEntity
  8
HIDDEN
100
AcDbPolyline
 90
2
 70
0
 10
96.0
 20
56.0
 10
96.0
 20
57.0
  0
LWPOLYLINE
  5
1E1
330
17
100
AcDbEntity
  8
HIDDEN
100
AcDbPolyline
 90
15
 70
0
 10
96.0
 20
55.0
 10
96.0
 20
54.483660900000004
 10
96.0
 20
53.9958994
 10
96.0
 20
53.5388545
 10
96.0
 20
53.1145307
 10
96.0
 20
52.7247887
 10
96.0
 20
52.3713378
 10
96.0
 20
52.055728099999996
 10
96.0
 20
51.7793437
 10
96.0
 20
51.5433967
 10
96.0
 20
51.3489218
 10
96.0
 20
51.1967719
 10
96.0
 20
51.0876143
 10
96.0
 20
51.0219276
 10
96.0
 20
51.0
  0
LWPOLYLINE
  5
1E2
330
17
100
AcDbEntity
  8
HIDDEN
100
AcDbPolyline
 90
15
 70
0
 10
96.0
 20
51.0
 10
96.0
 20
51.2507209
 10
96.0
 20
51.9903113
 10
96.0
 20
53.181685200000004
 10
96.0
 20
54.765102
 10
96.0
 20
56.6611626
 10
96.0
 20
58.7747907
 10
96.0
 20
61.0
 10
96.0
 20
63.2252093
 10
96.0
 20
65.3388374
 10
96.0
 20
67.234898
 10
96.0
 20
68.8183148
 10
96.0
 20
70.0096887
 10
96.0
 20
70.7492791
 10
96.0
 20
71.0
  0
LWPOLYLINE
  5
1E3
330
17
100
AcDbEntity
  8
HIDDEN
100
AcDbPolyline
 90
2
 70
0
 10
96.0
 20
56.0
 10
96.0
 20
57.0
  0
LWPOLYLINE
  5
1E4
330
17
100
AcDbEntity
  8
HIDDEN
100
AcDbPolyline
 90
2
 70
0
 10
96.0
 20
55.0
 10
96.0
 20
56.0
  0
LWPOLYLINE
  5
1E5
330
17
100
AcDbEntity
  8
HIDDEN
100
AcDbPolyline
 90
2
 70
0
 10
96.0
 20
56.0
 10
96.0
 20
57.0
  0
LWPOLYLINE
  5
1E6
330
17
100
AcDbEntity
  8
HIDDEN
100
AcDbPolyline
 90
2
 70
0
 10
96.0
 20
56.0
 10
96.0
 20
57.0
  0
LWPOLYLINE
  5
1E7
330
17
100
AcDbEntity
  8
HIDDEN
100
AcDbPolyline
 90
15
 70
0
 10
96.0
 20
67.0
 10
96.0
 20
66.8495675
 10
96.0
 20
66.4058132
 10
96.0
 20
65.6909889
 10
96.0
 20
64.7409388
 10
96.0
 20
63.6033024
 10
96.0
 20
62.3351256
 10
96.0
 20
61.0
 10
96.0
 20
59.6648744
 10
96.0
 20
58.3966976
 10
96.0
 20
57.2590612
 10
96.0
 20
56.3090111
 10
96.0
 20
55.5941868
 10
96.0
 20
55.1504325
 10
96.0
 20
55.0
  0
LWPOLYLINE
  5
1E8
330
17
100
AcDbEntity
  8
HIDDEN
100
AcDbPolyline
 90
15
 70
0
 10
96.0
 20
55.0
 10
96.0
 20
55.1504325
 10
96.0
 20
55.5941868
 10
96.0
 20
56.3090111
 10
96.0
 20
57.2590612
 10
96.0
 20
58.3966976
 10
96.0
 20
59.6648744
 10
96.0
 20
61.0
 10
96.0
 20
62.3351256
 10
96.0
 20
63.6033024
 10
96.0
 20
64.7409388
 10
96.0
 20
65.6909889
 10
96.0
 20
66.4058132
 10
96.0
 20
66.8495675
 10
96.0
 20
67.0
  0
LWPOLYLINE
  5
1E9
330
17
100
AcDbEntity
  8
HIDDEN
100
AcDbPolyline
 90
15
 70
0
 10
96.0
 20
67.0
 10
96.0
 20
66.8495675
 10
96.0
 20
66.4058132
 10
96.0
 20
65.6909889
 10
96.0
 20
64.7409388
 10
96.0
 20
63.6033024
 10
96.0
 20
62.3351256
 10
96.0
 20
61.0
 10
96.0
 20
59.6648744
 10
96.0
 20
58.3966976
 10
96.0
 20
57.2590612
 10
96.0
 20
56.3090111
 10
96.0
 20
55.5941868
 10
96.0
 20
55.1504325
 10
96.0
 20
55.0
  0
LWPOLYLINE
  5
1EA
330
17
100
AcDbEntity
  8
HIDDEN
100
AcDbPolyline
 90
15
 70
0
 10
96.0
 20
55.0
 10
96.0
 20
55.1504325
 10
96.0
 20
55.5941868
 10
96.0
 20
56.3090111
 10
96.0
 20
57.2590612
 10
96.0
 20
58.3966976
 10
96.0
 20
59.6648744
 10
96.0
 20
61.0
 10
96.0
 20
62.3351256
 10
96.0
 20
63.6033024
 10
96.0
 20
64.7409388
 10
96.0
 20
65.6909889
 10
96.0
 20
66.4058132
 10
96.0
 20
66.8495675
 10
96.0
 20
67.0
  0
LWPOLYLINE
  5
1EB
330
17
100
AcDbEntity
  8
HIDDEN
100
AcDbPolyline
 90
15
 70
0
 10
114.0
 20
55.0
 10
114.0
 20
55.759729300000004
 10
114.0
 20
56.5637123
 10
114.0
 20
57.405159499999996
 10
114.0
 20
58.276965
 10
114.0
 20
59.1717663
 10
114.0
 20
60.082007
 10
114.0
 20
61.0
 10
114.0
 20
61.917993
 10
114.0
 20
62.8282337
 10
114.0
 20
63.723035
 10
114.0
 20
64.5948405
 10
114.0
 20
65.4362877
 10
114.0
 20
66.2402707
 10
114.0
 20
67.0
  0
LWPOLYLINE
  5
1EC
330
17
100
AcDbEntity
  8
HIDDEN
100
AcDbPolyline
 90
2
 70
0
 10
96.0
 20
55.0
 10
114.0
 20
55.0
  0
LWPOLYLINE
  5
1ED
330
17
100
AcDbEntity
  8
HIDDEN
100
AcDbPolyline
 90
15
 70
0
 10
116.0
 20
51.0
 10
116.0
 20
51.2507209
 10
116.0
 20
51.9903113
 10
116.0
 20
53.181685200000004
 10
116.0
 20
54.765102
 10
116.0
 20
56.6611626
 10
116.0
 20
58.7747907
 10
116.0
 20
61.0
 10
116.0
 20
63.2252093
 10
116.0
 20
65.3388374
 10
116.0
 20
67.234898
 10
116.0
 20
68.8183148
 10
116.0
 20
70.0096887
 10
116.0
 20
70.7492791
 10
116.0
 20
71.0
  0
LWPOLYLINE
  5
1EE
330
17
100
AcDbEntity
  8
HIDDEN
100
AcDbPolyline
 90
2
 70
0
 10
114.0
 20
55.0
 10
114.0
 20
56.0
  0
LWPOLYLINE
  5
1EF
330
17
100
AcDbEntity
  8
HIDDEN
100
AcDbPolyline
 90
2
 70
0
 10
114.0
 20
56.0
 10
114.0
 20
66.0
  0
LWPOLYLINE
  5
1F0
330
17
100
AcDbEntity
  8
HIDDEN
100
AcDbPolyline
 90
2
 70
0
 10
114.0
 20
66.0
 10
114.0
 20
67.0
  0
LWPOLYLINE
  5
1F1
330
17
100
AcDbEntity
  8
HIDDEN
100
AcDbPolyline
 90
8
 70
0
 10
113.0
 20
67.0
 10
113.2225209
 20
66.9749279
 10
113.4338837
 20
66.9009689
 10
113.6234898
 20
66.7818315
 10
113.7818315
 20
66.6234898
 10
113.9009689
 20
66.4338837
 10
113.9749279
 20
66.2225209
 10
114.0
 20
66.0
  0
LWPOLYLINE
  5
1F2
330
17
100
AcDbEntity
  8
HIDDEN
100
AcDbPolyline
 90
2
 70
0
 10
96.0
 20
71.0
 10
116.0
 20
71.0
  0
LWPOLYLINE
  5
1F3
330
17
100
AcDbEntity
  8
HIDDEN
100
AcDbPolyline
 90
2
 70
0
 10
96.0
 20
55.0
 10
114.0
 20
55.0
  0
LWPOLYLINE
  5
1F4
330
17
100
AcDbEntity
  8
HIDDEN
100
AcDbPolyline
 90
15
 70
0
 10
114.0
 20
67.0
 10
114.0
 20
66.2402707
 10
114.0
 20
65.4362877
 10
114.0
 20
64.5948405
 10
114.0
 20
63.723035
 10
114.0
 20
62.8282337
 10
114.0
 20
61.917993
 10
114.0
 20
61.0
 10
114.0
 20
60.082007
 10
114.0
 20
59.1717663
 10
114.0
 20
58.276965
 10
114.0
 20
57.405159499999996
 10
114.0
 20
56.5637123
 10
114.0
 20
55.759729300000004
 10
114.0
 20
55.0
  0
LWPOLYLINE
  5
1F5
330
17
100
AcDbEntity
  8
HIDDEN
100
AcDbPolyline
 90
15
 70
0
 10
116.0
 20
71.0
 10
116.0
 20
70.7492791
 10
116.0
 20
70.0096887
 10
116.0
 20
68.8183148
 10
116.0
 20
67.234898
 10
116.0
 20
65.3388374
 10
116.0
 20
63.2252093
 10
116.0
 20
61.0
 10
116.0
 20
58.7747907
 10
116.0
 20
56.6611626
 10
116.0
 20
54.765102
 10
116.0
 20
53.181685200000004
 10
116.0
 20
51.9903113
 10
116.0
 20
51.2507209
 10
116.0
 20
51.0
  0
LWPOLYLINE
  5
1F6
330
17
100
AcDbEntity
  8
HIDDEN
100
AcDbPolyline
 90
15
 70
0
 10
116.0
 20
51.0
 10
116.0
 20
51.2507209
 10
116.0
 20
51.9903113
 10
116.0
 20
53.181685200000004
 10
116.0
 20
54.765102
 10
116.0
 20
56.6611626
 10
116.0
 20
58.7747907
 10
116.0
 20
61.0
 10
116.0
 20
63.2252093
 10
116.0
 20
65.3388374
 10
116.0
 20
67.234898
 10
116.0
 20
68.8183148
 10
116.0
 20
70.0096887
 10
116.0
 20
70.7492791
 10
116.0
 20
71.0
  0
LWPOLYLINE
  5
1F7
330
17
100
AcDbEntity
  8
HIDDEN
100
AcDbPolyline
 90
8
 70
0
 10
114.0
 20
66.0
 10
113.9714645
 20
66.2371851
 10
113.8945446
 20
66.4469786
 10
113.8067025
 20
66.5909577
 10
113.7369825
 20
66.6759118
 10
113.5358268
 20
66.8443279
 10
113.319695
 20
66.9475205
 10
113.0
 20
67.0
  0
LWPOLYLINE
  5
1F8
330
17
100
AcDbEntity
  8
HIDDEN
100
AcDbPolyline
 90
2
 70
0
 10
114.0
 20
55.0
 10
114.0
 20
56.0
  0
LWPOLYLINE
  5
1F9
330
17
100
AcDbEntity
  8
HIDDEN
100
AcDbPolyline
 90
2
 70
0
 10
114.0
 20
66.0
 10
114.0
 20
67.0
  0
LWPOLYLINE
  5
1FA
330
17
100
AcDbEntity
  8
HIDDEN
100
AcDbPolyline
 90
2
 70
0
 10
114.0
 20
56.0
 10
114.0
 20
66.0
  0
LWPOLYLINE
  5
1FB
330
17
100
AcDbEntity
  8
HIDDEN
100
AcDbPolyline
 90
3
 70
0
 10
148.078374
 20
67.7320508
 10
148.1918945
 20
67.8486038
 10
148.2812936
 20
67.9340476
  0
LWPOLYLINE
  5
1FC
330
17
100
AcDbEntity
  8
HIDDEN
100
AcDbPolyline
 90
2
 70
0
 10
106.0
 20
68.0
 10
116.0
 20
68.0
  0
LWPOLYLINE
  5
1FD
330
17
100
AcDbEntity
  8
HIDDEN
100
AcDbPolyline
 90
8
 70
0
 10
113.0
 20
67.0
 10
113.2225209
 20
66.9749279
 10
113.4338837
 20
66.9009689
 10
113.6234898
 20
66.7818315
 10
113.7818315
 20
66.6234898
 10
113.9009689
 20
66.4338837
 10
113.9749279
 20
66.2225209
 10
114.0
 20
66.0
  0
LWPOLYLINE
  5
1FE
330
17
100
AcDbEntity
  8
HIDDEN
100
AcDbPolyline
 90
7
 70
0
 10
106.0
 20
68.0
 10
105.6527036
 20
67.9696155
 10
105.3159597
 20
67.8793852
 10
105.0
 20
67.7320508
 10
104.7144248
 20
67.5320889
 10
104.4679111
 20
67.2855752
 10
104.2679492
 20
67.0
  0
LWPOLYLINE
  5
1FF
330
17
100
AcDbEntity
  8
HIDDEN
100
AcDbPolyline
 90
8
 70
0
 10
114.0
 20
66.0
 10
113.9714645
 20
66.2371851
 10
113.8945446
 20
66.4469786
 10
113.8067025
 20
66.5909577
 10
113.7369825
 20
66.6759118
 10
113.5358268
 20
66.8443279
 10
113.319695
 20
66.9475205
 10
113.0
 20
67.0
  0
LWPOLYLINE
  5
200
330
17
100
AcDbEntity
  8
HIDDEN
100
AcDbPolyline
 90
2
 70
0
 10
147.2583426
 20
66.0
 10
147.3463699
 20
66.3024868
  0
LWPOLYLINE
  5
201
330
17
100
AcDbEntity
  8
HIDDEN
100
AcDbPolyline
 90
2
 70
0
 10
148.078374
 20
67.7320508
 10
148.3542487
 20
68.0
  0
LWPOLYLINE
  5
202
330
17
100
AcDbEntity
  8
HIDDEN
100
AcDbPolyline
 90
2
 70
0
 10
106.0
 20
68.0
 10
148.3542487
 20
68.0
  0
LWPOLYLINE
  5
203
330
17
100
AcDbEntity
  8
HIDDEN
100
AcDbPolyline
 90
7
 70
0
 10
104.2679492
 20
67.0
 10
104.4679111
 20
67.2855752
 10
104.7144248
 20
67.5320889
 10
105.0
 20
67.7320508
 10
105.3159597
 20
67.8793852
 10
105.6527036
 20
67.9696155
 10
106.0
 20
68.0
  0
LWPOLYLINE
  5
204
330
17
100
AcDbEntity
  8
HIDDEN
100
AcDbPolyline
 90
7
 70
0
 10
104.2679492
 20
67.0
 10
104.4679111
 20
67.2855752
 10
104.7144248
 20
67.5320889
 10
105.0
 20
67.7320508
 10
105.3159597
 20
67.8793852
 10
105.6527036
 20
67.9696155
 10
106.0
 20
68.0
  0
LWPOLYLINE
  5
205
330
17
100
AcDbEntity
  8
HIDDEN
100
AcDbPolyline
 90
8
 70
0
 10
114.0
 20
66.0
 10
113.9714645
 20
66.2371851
 10
113.8945446
 20
66.4469786
 10
113.8067025
 20
66.5909577
 10
113.7369825
 20
66.6759118
 10
113.5358268
 20
66.8443279
 10
113.319695
 20
66.9475205
 10
113.0
 20
67.0
  0
LWPOLYLINE
  5
206
330
17
100
AcDbEntity
  8
HIDDEN
100
AcDbPolyline
 90
7
 70
0
 10
147.1270167
 20
66.0
 10
147.2715199
 20
66.4485979
 10
147.3518374
 20
66.6403993
 10
147.5073477
 20
66.9497128
 10
147.74659450000001
 20
67.327091
 10
147.8942783
 20
67.5208119
 10
148.12802779999998
 20
67.7842011
  0
LWPOLYLINE
  5
207
330
17
100
AcDbEntity
  8
HIDDEN
100
AcDbPolyline
 90
3
 70
0
 10
148.1345372
 20
67.7909
 10
148.2446586
 20
67.8996714
 10
148.3542487
 20
68.0
  0
LWPOLYLINE
  5
208
330
17
100
AcDbEntity
  8
HIDDEN
100
AcDbPolyline
 90
2
 70
0
 10
106.0
 20
68.0
 10
148.3542487
 20
68.0
  0
LWPOLYLINE
  5
209
330
17
100
AcDbEntity
  8
HIDDEN
100
AcDbPolyline
 90
8
 70
0
 10
114.0
 20
66.0
 10
113.9714645
 20
66.2371851
 10
113.8945446
 20
66.4469786
 10
113.8067025
 20
66.5909577
 10
113.7369825
 20
66.6759118
 10
113.5358268
 20
66.8443279
 10
113.319695
 20
66.9475205
 10
113.0
 20
67.0
  0
LWPOLYLINE
  5
20A
330
17
100
AcDbEntity
  8
HIDDEN
100
AcDbPolyline
 90
7
 70
0
 10
106.0
 20
68.0
 10
105.6527036
 20
67.9696155
 10
105.3159597
 20
67.8793852
 10
105.0
 20
67.7320508
 10
104.7144248
 20
67.5320889
 10
104.4679111
 20
67.2855752
 10
104.2679492
 20
67.0
  0
LWPOLYLINE
  5
20B
330
17
100
AcDbEntity
  8
HIDDEN
100
AcDbPolyline
 90
7
 70
0
 10
147.1270167
 20
66.0
 10
147.2715199
 20
66.4485979
 10
147.3518374
 20
66.6403993
 10
147.5073477
 20
66.9497128
 10
147.74659450000001
 20
67.327091
 10
147.8942783
 20
67.5208119
 10
148.1023725
 20
67.7574907
  0
LWPOLYLINE
  5
20C
330
17
100
AcDbEntity
  8
HIDDEN
100
AcDbPolyline
 90
3
 70
0
 10
148.1359093
 20
67.7923081
 10
148.2064117
 20
67.862842
 10
148.2659266
 20
67.9197333
  0
LWPOLYLINE
  5
20D
330
17
100
AcDbEntity
  8
HIDDEN
100
AcDbPolyline
 90
2
 70
0
 10
148.2662812
 20
67.9200653
 10
148.2779971
 20
67.9309896
  0
LWPOLYLINE
  5
20E
330
17
100
AcDbEntity
  8
HIDDEN
100
AcDbPolyline
 90
2
 70
0
 10
106.0
 20
68.0
 10
148.3542487
 20
68.0
  0
LWPOLYLINE
  5
20F
330
17
100
AcDbEntity
  8
HIDDEN
100
AcDbPolyline
 90
2
 70
0
 10
106.25
 20
60.0
 10
106.25
 20
67.0
  0
LWPOLYLINE
  5
210
330
17
100
AcDbEntity
  8
HIDDEN
100
AcDbPolyline
 90
15
 70
0
 10
106.25
 20
60.0
 10
106.2186599
 20
60.0
 10
106.1262111
 20
60.0
 10
105.9772894
 20
60.0
 10
105.7793623
 20
60.0
 10
105.5423547
 20
60.0
 10
105.2781512
 20
60.0
 10
105.0
 20
60.0
 10
104.7218488
 20
60.0
 10
104.4576453
 20
60.0
 10
104.2206377
 20
60.0
 10
104.0227106
 20
60.0
 10
103.8737889
 20
60.0
 10
103.7813401
 20
60.0
 10
103.75
 20
60.0
  0
LWPOLYLINE
  5
211
330
17
100
AcDbEntity
  8
HIDDEN
100
AcDbPolyline
 90
15
 70
0
 10
103.75
 20
60.0
 10
103.7813401
 20
60.0
 10
103.8737889
 20
60.0
 10
104.0227106
 20
60.0
 10
104.2206377
 20
60.0
 10
104.4576453
 20
60.0
 10
104.7218488
 20
60.0
 10
105.0
 20
60.0
 10
105.2781512
 20
60.0
 10
105.5423547
 20
60.0
 10
105.7793623
 20
60.0
 10
105.9772894
 20
60.0
 10
106.1262111
 20
60.0
 10
106.2186599
 20
60.0
 10
106.25
 20
60.0
  0
LWPOLYLINE
  5
212
330
17
100
AcDbEntity
  8
HIDDEN
100
AcDbPolyline
 90
2
 70
0
 10
96.0
 20
55.0
 10
97.0
 20
55.0
  0
LWPOLYLINE
  5
213
330
17
100
AcDbEntity
  8
HIDDEN
100
AcDbPolyline
 90
2
 70
0
 10
106.0
 20
55.0
 10
97.0
 20
55.0
  0
LWPOLYLINE
  5
214
330
17
100
AcDbEntity
  8
HIDDEN
100
AcDbPolyline
 90
2
 70
0
 10
106.0
 20
55.0
 10
97.0
 20
55.0
  0
LWPOLYLINE
  5
215
330
17
100
AcDbEntity
  8
HIDDEN
100
AcDbPolyline
 90
2
 70
0
 10
106.0
 20
55.0
 10
97.0
 20
55.0
  0
LWPOLYLINE
  5
216
330
17
100
AcDbEntity
  8
HIDDEN
100
AcDbPolyline
 90
2
 70
0
 10
106.0
 20
55.0
 10
97.0
 20
55.0
  0
LWPOLYLINE
  5
217
330
17
100
AcDbEntity
  8
HIDDEN
100
AcDbPolyline
 90
2
 70
0
 10
96.0
 20
55.0
 10
97.0
 20
55.0
  0
LWPOLYLINE
  5
218
330
17
100
AcDbEntity
  8
HIDDEN
100
AcDbPolyline
 90
2
 70
0
 10
113.0
 20
55.0
 10
114.0
 20
55.0
  0
LWPOLYLINE
  5
219
330
17
100
AcDbEntity
  8
HIDDEN
100
AcDbPolyline
 90
2
 70
0
 10
106.0
 20
55.0
 10
113.0
 20
55.0
  0
LWPOLYLINE
  5
21A
330
17
100
AcDbEntity
  8
HIDDEN
100
AcDbPolyline
 90
15
 70
0
 10
106.0
 20
55.0
 10
105.8060718
 20
55.0
 10
105.6145824
 20
55.0
 10
105.4279399
 20
55.0
 10
105.2484913
 20
55.0
 10
105.0784934
 20
55.0
 10
104.920084
 20
55.0
 10
104.7752551
 20
55.0
 10
104.6458281
 20
55.0
 10
104.5334307
 20
55.0
 10
104.4394761
 20
55.0
 10
104.3651461
 20
55.0
 10
104.3113753
 20
55.0
 10
104.27884
 20
55.0
 10
104.2679492
 20
55.0
  0
LWPOLYLINE
  5
21B
330
17
100
AcDbEntity
  8
HIDDEN
100
AcDbPolyline
 90
15
 70
0
 10
104.2679492
 20
55.0
 10
104.27884
 20
55.0
 10
104.3113753
 20
55.0
 10
104.3651461
 20
55.0
 10
104.4394761
 20
55.0
 10
104.5334307
 20
55.0
 10
104.6458281
 20
55.0
 10
104.7752551
 20
55.0
 10
104.920084
 20
55.0
 10
105.0784934
 20
55.0
 10
105.2484913
 20
55.0
 10
105.4279399
 20
55.0
 10
105.6145824
 20
55.0
 10
105.8060718
 20
55.0
 10
106.0
 20
55.0
  0
LWPOLYLINE
  5
21C
330
17
100
AcDbEntity
  8
HIDDEN
100
AcDbPolyline
 90
2
 70
0
 10
106.0
 20
55.0
 10
113.0
 20
55.0
  0
LWPOLYLINE
  5
21D
330
17
100
AcDbEntity
  8
HIDDEN
100
AcDbPolyline
 90
2
 70
0
 10
106.0
 20
55.0
 10
113.0
 20
55.0
  0
LWPOLYLINE
  5
21E
330
17
100
AcDbEntity
  8
HIDDEN
100
AcDbPolyline
 90
15
 70
0
 10
106.0
 20
55.0
 10
105.8060718
 20
55.0
 10
105.6145824
 20
55.0
 10
105.4279399
 20
55.0
 10
105.2484913
 20
55.0
 10
105.0784934
 20
55.0
 10
104.920084
 20
55.0
 10
104.7752551
 20
55.0
 10
104.6458281
 20
55.0
 10
104.5334307
 20
55.0
 10
104.4394761
 20
55.0
 10
104.3651461
 20
55.0
 10
104.3113753
 20
55.0
 10
104.27884
 20
55.0
 10
104.2679492
 20
55.0
  0
LWPOLYLINE
  5
21F
330
17
100
AcDbEntity
  8
HIDDEN
100
AcDbPolyline
 90
15
 70
0
 10
104.2679492
 20
55.0
 10
104.27884
 20
55.0
 10
104.3113753
 20
55.0
 10
104.3651461
 20
55.0
 10
104.4394761
 20
55.0
 10
104.5334307
 20
55.0
 10
104.6458281
 20
55.0
 10
104.7752551
 20
55.0
 10
104.920084
 20
55.0
 10
105.0784934
 20
55.0
 10
105.2484913
 20
55.0
 10
105.4279399
 20
55.0
 10
105.6145824
 20
55.0
 10
105.8060718
 20
55.0
 10
106.0
 20
55.0
  0
LWPOLYLINE
  5
220
330
17
100
AcDbEntity
  8
HIDDEN
100
AcDbPolyline
 90
2
 70
0
 10
106.0
 20
55.0
 10
113.0
 20
55.0
  0
LWPOLYLINE
  5
221
330
17
100
AcDbEntity
  8
HIDDEN
100
AcDbPolyline
 90
2
 70
0
 10
113.0
 20
55.0
 10
114.0
 20
55.0
  0
LWPOLYLINE
  5
222
330
17
100
AcDbEntity
  8
HIDDEN
100
AcDbPolyline
 90
8
 70
0
 10
97.0
 20
55.0
 10
96.7774791
 20
55.0250721
 10
96.5661163
 20
55.0990311
 10
96.3765102
 20
55.2181685
 10
96.2181685
 20
55.3765102
 10
96.0990311
 20
55.5661163
 10
96.0250721
 20
55.7774791
 10
96.0
 20
56.0
  0
LWPOLYLINE
  5
223
330
17
100
AcDbEntity
  8
HIDDEN
100
AcDbPolyline
 90
8
 70
0
 10
97.0
 20
55.0
 10
96.7774791
 20
55.0250721
 10
96.5661163
 20
55.0990311
 10
96.3765102
 20
55.2181685
 10
96.2181685
 20
55.3765102
 10
96.0990311
 20
55.5661163
 10
96.0250721
 20
55.7774791
 10
96.0
 20
56.0
  0
LWPOLYLINE
  5
224
330
17
100
AcDbEntity
  8
HIDDEN
100
AcDbPolyline
 90
2
 70
0
 10
106.0
 20
51.0
 10
106.0
 20
55.0
  0
LWPOLYLINE
  5
225
330
17
100
AcDbEntity
  8
HIDDEN
100
AcDbPolyline
 90
2
 70
0
 10
96.0
 20
51.0
 10
106.0
 20
51.0
  0
LWPOLYLINE
  5
226
330
17
100
AcDbEntity
  8
HIDDEN
100
AcDbPolyline
 90
2
 70
0
 10
42.0
 20
57.0
 10
96.0
 20
57.0
  0
LWPOLYLINE
  5
227
330
17
100
AcDbEntity
  8
HIDDEN
100
AcDbPolyline
 90
2
 70
0
 10
29.020922
 20
57.0
 10
34.527255800000006
 20
57.0
  0
LWPOLYLINE
  5
228
330
17
100
AcDbEntity
  8
HIDDEN
100
AcDbPolyline
 90
15
 70
0
 10
34.527255800000006
 20
57.0
 10
34.5127121
 20
57.0
 10
34.49913170000001
 20
57.0
 10
34.486540500000004
 20
57.0
 10
34.4749623
 20
57.0
 10
34.4644193
 20
57.0
 10
34.45493140000001
 20
57.0
 10
34.4465168
 20
57.0
 10
34.43919150000001
 20
57.0
 10
34.432969400000005
 20
57.0
 10
34.4278623
 20
57.0
 10
34.423880100000005
 20
57.0
 10
34.421030200000004
 20
57.0
 10
34.4193181
 20
57.0
 10
34.418746999999996
 20
57.0
  0
LWPOLYLINE
  5
229
330
17
100
AcDbEntity
  8
HIDDEN
100
AcDbPolyline
 90
15
 70
0
 10
34.418746999999996
 20
57.0
 10
34.4201568
 20
57.0
 10
34.4243798
 20
57.0
 10
34.43139600000001
 20
57.0
 10
34.4411724
 20
57.0
 10
34.453663199999994
 20
57.0
 10
34.4688096
 20
57.0
 10
34.486540500000004
 20
57.0
 10
34.5067725
 20
57.0
 10
34.5294105
 20
57.0
 10
34.5543481
 20
57.0
 10
34.5814682
 20
57.0
 10
34.61064330000001
 20
57.0
 10
34.6417364
 20
57.0
 10
34.674601100000004
 20
57.0
  0
LWPOLYLINE
  5
22A
330
17
100
AcDbEntity
  8
HIDDEN
100
AcDbPolyline
 90
2
 70
0
 10
34.674601100000004
 20
57.0
 10
39.42568300000001
 20
57.0
  0
LWPOLYLINE
  5
22B
330
17
100
AcDbEntity
  8
HIDDEN
100
AcDbPolyline
 90
15
 70
0
 10
40.261320100000006
 20
57.0
 10
40.2196976
 20
57.0
 10
40.1724177
 20
57.0
 10
40.120075099999994
 20
57.0
 10
40.063327799999996
 20
57.0
 10
40.0028897
 20
57.0
 10
39.9395207
 20
57.0
 10
39.874017800000004
 20
57.0
 10
39.8072045
 20
57.0
 10
39.739921300000006
 20
57.0
 10
39.6730142
 20
57.0
 10
39.6073246
 20
57.0
 10
39.5436785
 20
57.0
 10
39.4828765
 20
57.0
 10
39.42568300000001
 20
57.0
  0
LWPOLYLINE
  5
22C
330
17
100
AcDbEntity
  8
HIDDEN
100
AcDbPolyline
 90
2
 70
0
 10
40.261320100000006
 20
57.0
 10
41.8673341
 20
57.0
  0
LWPOLYLINE
  5
22D
330
17
100
AcDbEntity
  8
HIDDEN
100
AcDbPolyline
 90
15
 70
0
 10
41.8673341
 20
57.0
 10
41.8818777
 20
57.0
 10
41.8954581
 20
57.0
 10
41.9080494
 20
57.0
 10
41.9196275
 20
57.0
 10
41.9301706
 20
57.0
 10
41.9396584
 20
57.0
 10
41.948073
 20
57.0
 10
41.9553984
 20
57.0
 10
41.9616205
 20
57.0
 10
41.9667275
 20
57.0
 10
41.9707098
 20
57.0
 10
41.9735597
 20
57.0
 10
41.9752718
 20
57.0
 10
41.9758429
 20
57.0
  0
LWPOLYLINE
  5
22E
330
17
100
AcDbEntity
  8
HIDDEN
100
AcDbPolyline
 90
15
 70
0
 10
41.9758429
 20
57.0
 10
41.974433
 20
57.0
 10
41.9702101
 20
57.0
 10
41.9631939
 20
57.0
 10
41.9534174
 20
57.0
 10
41.9409266
 20
57.0
 10
41.9257802
 20
57.0
 10
41.9080494
 20
57.0
 10
41.8878174
 20
57.0
 10
41.8651794
 20
57.0
 10
41.8402417
 20
57.0
 10
41.8131216
 20
57.0
 10
41.7839465
 20
57.0
 10
41.7528535
 20
57.0
 10
41.7199887
 20
57.0
  0
LWPOLYLINE
  5
22F
330
17
100
AcDbEntity
  8
HIDDEN
100
AcDbPolyline
 90
2
 70
0
 10
36.96890689999999
 20
57.0
 10
41.7199887
 20
57.0
  0
LWPOLYLINE
  5
230
330
17
100
AcDbEntity
  8
HIDDEN
100
AcDbPolyline
 90
15
 70
0
 10
36.133269799999994
 20
57.0
 10
36.174892299999996
 20
57.0
 10
36.2221722
 20
57.0
 10
36.274514800000006
 20
57.0
 10
36.331261999999995
 20
57.0
 10
36.391700099999994
 20
57.0
 10
36.4550691
 20
57.0
 10
36.520572099999995
 20
57.0
 10
36.587385299999994
 20
57.0
 10
36.6546685
 20
57.0
 10
36.7215757
 20
57.0
 10
36.7872653
 20
57.0
 10
36.85091130000001
 20
57.0
 10
36.9117134
 20
57.0
 10
36.96890689999999
 20
57.0
  0
LWPOLYLINE
  5
231
330
17
100
AcDbEntity
  8
HIDDEN
100
AcDbPolyline
 90
2
 70
0
 10
36.133269799999994
 20
57.0
 10
41.6396036
 20
57.0
  0
LWPOLYLINE
  5
232
330
17
100
AcDbEntity
  8
HIDDEN
100
AcDbPolyline
 90
2
 70
0
 10
41.6396036
 20
57.0
 10
42.0
 20
57.0
  0
LWPOLYLINE
  5
233
330
17
100
AcDbEntity
  8
HIDDEN
100
AcDbPolyline
 90
15
 70
0
 10
36.2926245
 20
57.0
 10
36.261284399999994
 20
57.0
 10
36.168835599999994
 20
57.0
 10
36.019913900000006
 20
57.0
 10
35.821986800000005
 20
57.0
 10
35.58497920000001
 20
57.0
 10
35.3207757
 20
57.0
 10
35.0426245
 20
57.0
 10
34.7644734
 20
57.0
 10
34.500269900000006
 20
57.0
 10
34.263262299999994
 20
57.0
 10
34.06533520000001
 20
57.0
 10
33.916413399999996
 20
57.0
 10
33.8239646
 20
57.0
 10
33.7926245
 20
57.0
  0
LWPOLYLINE
  5
234
330
17
100
AcDbEntity
  8
HIDDEN
100
AcDbPolyline
 90
15
 70
0
 10
33.7926245
 20
57.0
 10
33.8239646
 20
57.0
 10
33.916413399999996
 20
57.0
 10
34.06533520000001
 20
57.0
 10
34.263262299999994
 20
57.0
 10
34.500269900000006
 20
57.0
 10
34.7644734
 20
57.0
 10
35.0426245
 20
57.0
 10
35.3207757
 20
57.0
 10
35.58497920000001
 20
57.0
 10
35.821986800000005
 20
57.0
 10
36.019913900000006
 20
57.0
 10
36.168835599999994
 20
57.0
 10
36.261284399999994
 20
57.0
 10
36.2926245
 20
57.0
  0
LWPOLYLINE
  5
235
330
17
100
AcDbEntity
  8
HIDDEN
100
AcDbPolyline
 90
15
 70
0
 10
42.6019653
 20
57.0
 10
42.5706252
 20
57.0
 10
42.4781764
 20
57.0
 10
42.3292547
 20
57.0
 10
42.1313276
 20
57.0
 10
41.89432
 20
57.0
 10
41.6301165
 20
57.0
 10
41.3519653
 20
57.0
 10
41.0738142
 20
57.0
 10
40.80961069999999
 20
57.0
 10
40.572603099999995
 20
57.0
 10
40.374675999999994
 20
57.0
 10
40.2257542
 20
57.0
 10
40.1333054
 20
57.0
 10
40.1019653
 20
57.0
  0
LWPOLYLINE
  5
236
330
17
100
AcDbEntity
  8
HIDDEN
100
AcDbPolyline
 90
15
 70
0
 10
40.1019653
 20
57.0
 10
40.1333054
 20
57.0
 10
40.2257542
 20
57.0
 10
40.374675999999994
 20
57.0
 10
40.572603099999995
 20
57.0
 10
40.80961069999999
 20
57.0
 10
41.0738142
 20
57.0
 10
41.3519653
 20
57.0
 10
41.6301165
 20
57.0
 10
41.89432
 20
57.0
 10
42.1313276
 20
57.0
 10
42.3292547
 20
57.0
 10
42.4781764
 20
57.0
 10
42.5706252
 20
57.0
 10
42.6019653
 20
57.0
  0
LWPOLYLINE
  5
237
330
17
100
AcDbEntity
  8
HIDDEN
100
AcDbPolyline
 90
2
 70
0
 10
106.0
 20
51.0
 10
106.0
 20
55.0
  0
LWPOLYLINE
  5
238
330
17
100
AcDbEntity
  8
HIDDEN
100
AcDbPolyline
 90
8
 70
0
 10
97.0
 20
55.0
 10
96.7774791
 20
55.0250721
 10
96.5661163
 20
55.0990311
 10
96.3765102
 20
55.2181685
 10
96.2181685
 20
55.3765102
 10
96.0990311
 20
55.5661163
 10
96.0250721
 20
55.7774791
 10
96.0
 20
56.0
  0
LWPOLYLINE
  5
239
330
17
100
AcDbEntity
  8
HIDDEN
100
AcDbPolyline
 90
2
 70
0
 10
42.0
 20
51.0
 10
42.0
 20
57.0
  0
LWPOLYLINE
  5
23A
330
17
100
AcDbEntity
  8
HIDDEN
100
AcDbPolyline
 90
2
 70
0
 10
42.0
 20
51.0
 10
106.0
 20
51.0
  0
LWPOLYLINE
  5
23B
330
17
100
AcDbEntity
  8
HIDDEN
100
AcDbPolyline
 90
8
 70
0
 10
97.0
 20
55.0
 10
96.7774791
 20
55.0250721
 10
96.5661163
 20
55.0990311
 10
96.3765102
 20
55.2181685
 10
96.2181685
 20
55.3765102
 10
96.0990311
 20
55.5661163
 10
96.0250721
 20
55.7774791
 10
96.0
 20
56.0
  0
LWPOLYLINE
  5
23C
330
17
100
AcDbEntity
  8
HIDDEN
100
AcDbPolyline
 90
8
 70
0
 10
97.0
 20
55.0
 10
96.7774791
 20
55.0250721
 10
96.5661163
 20
55.0990311
 10
96.3765102
 20
55.2181685
 10
96.2181685
 20
55.3765102
 10
96.0990311
 20
55.5661163
 10
96.0250721
 20
55.7774791
 10
96.0
 20
56.0
  0
LWPOLYLINE
  5
23D
330
17
100
AcDbEntity
  8
HIDDEN
100
AcDbPolyline
 90
8
 70
0
 10
97.0
 20
55.0
 10
96.7774791
 20
55.0250721
 10
96.5661163
 20
55.0990311
 10
96.3765102
 20
55.2181685
 10
96.2181685
 20
55.3765102
 10
96.0990311
 20
55.5661163
 10
96.0250721
 20
55.7774791
 10
96.0
 20
56.0
  0
LWPOLYLINE
  5
23E
330
17
100
AcDbEntity
  8
HIDDEN
100
AcDbPolyline
 90
2
 70
0
 10
106.0
 20
51.0
 10
106.0
 20
55.0
  0
LWPOLYLINE
  5
23F
330
17
100
AcDbEntity
  8
HIDDEN
100
AcDbPolyline
 90
2
 70
0
 10
42.0
 20
57.0
 10
96.0
 20
57.0
  0
LWPOLYLINE
  5
240
330
17
100
AcDbEntity
  8
HIDDEN
100
AcDbPolyline
 90
2
 70
0
 10
42.0
 20
51.0
 10
42.0
 20
57.0
  0
LWPOLYLINE
  5
241
330
17
100
AcDbEntity
  8
HIDDEN
100
AcDbPolyline
 90
2
 70
0
 10
42.0
 20
51.0
 10
106.0
 20
51.0
  0
LWPOLYLINE
  5
242
330
17
100
AcDbEntity
  8
HIDDEN
100
AcDbPolyline
 90
2
 70
0
 10
106.0
 20
51.0
 10
106.0
 20
55.0
  0
LWPOLYLINE
  5
243
330
17
100
AcDbEntity
  8
HIDDEN
100
AcDbPolyline
 90
2
 70
0
 10
46.1288656
 20
57.0
 10
96.0
 20
57.0
  0
LWPOLYLINE
  5
244
330
17
100
AcDbEntity
  8
HIDDEN
100
AcDbPolyline
 90
2
 70
0
 10
46.1288656
 20
57.0
 10
46.1288656
 20
51.0
  0
LWPOLYLINE
  5
245
330
17
100
AcDbEntity
  8
HIDDEN
100
AcDbPolyline
 90
2
 70
0
 10
46.1288656
 20
51.0
 10
106.0
 20
51.0
  0
LWPOLYLINE
  5
246
330
17
100
AcDbEntity
  8
HIDDEN
100
AcDbPolyline
 90
2
 70
0
 10
41.6396036
 20
57.0
 10
42.0
 20
57.0
  0
LWPOLYLINE
  5
247
330
17
100
AcDbEntity
  8
HIDDEN
100
AcDbPolyline
 90
2
 70
0
 10
41.6396036
 20
57.0
 10
36.133269799999994
 20
57.0
  0
LWPOLYLINE
  5
248
330
17
100
AcDbEntity
  8
HIDDEN
100
AcDbPolyline
 90
15
 70
0
 10
36.133269799999994
 20
57.0
 10
36.174892299999996
 20
57.0
 10
36.2221722
 20
57.0
 10
36.274514800000006
 20
57.0
 10
36.331261999999995
 20
57.0
 10
36.391700099999994
 20
57.0
 10
36.4550691
 20
57.0
 10
36.520572099999995
 20
57.0
 10
36.587385299999994
 20
57.0
 10
36.6546685
 20
57.0
 10
36.7215757
 20
57.0
 10
36.7872653
 20
57.0
 10
36.85091130000001
 20
57.0
 10
36.9117134
 20
57.0
 10
36.96890689999999
 20
57.0
  0
LWPOLYLINE
  5
249
330
17
100
AcDbEntity
  8
HIDDEN
100
AcDbPolyline
 90
2
 70
0
 10
36.96890689999999
 20
57.0
 10
41.7199887
 20
57.0
  0
LWPOLYLINE
  5
24A
330
17
100
AcDbEntity
  8
HIDDEN
100
AcDbPolyline
 90
15
 70
0
 10
41.8673341
 20
57.0
 10
41.8818777
 20
57.0
 10
41.8954581
 20
57.0
 10
41.9080494
 20
57.0
 10
41.9196275
 20
57.0
 10
41.9301706
 20
57.0
 10
41.9396584
 20
57.0
 10
41.948073
 20
57.0
 10
41.9553984
 20
57.0
 10
41.9616205
 20
57.0
 10
41.9667275
 20
57.0
 10
41.9707098
 20
57.0
 10
41.9735597
 20
57.0
 10
41.9752718
 20
57.0
 10
41.9758429
 20
57.0
  0
LWPOLYLINE
  5
24B
330
17
100
AcDbEntity
  8
HIDDEN
100
AcDbPolyline
 90
15
 70
0
 10
41.9758429
 20
57.0
 10
41.974433
 20
57.0
 10
41.9702101
 20
57.0
 10
41.9631939
 20
57.0
 10
41.9534174
 20
57.0
 10
41.9409266
 20
57.0
 10
41.9257802
 20
57.0
 10
41.9080494
 20
57.0
 10
41.8878174
 20
57.0
 10
41.8651794
 20
57.0
 10
41.8402417
 20
57.0
 10
41.8131216
 20
57.0
 10
41.7839465
 20
57.0
 10
41.7528535
 20
57.0
 10
41.7199887
 20
57.0
  0
LWPOLYLINE
  5
24C
330
17
100
AcDbEntity
  8
HIDDEN
100
AcDbPolyline
 90
2
 70
0
 10
41.8673341
 20
57.0
 10
40.261320100000006
 20
57.0
  0
LWPOLYLINE
  5
24D
330
17
100
AcDbEntity
  8
HIDDEN
100
AcDbPolyline
 90
15
 70
0
 10
40.261320100000006
 20
57.0
 10
40.2196976
 20
57.0
 10
40.1724177
 20
57.0
 10
40.120075099999994
 20
57.0
 10
40.063327799999996
 20
57.0
 10
40.0028897
 20
57.0
 10
39.9395207
 20
57.0
 10
39.874017800000004
 20
57.0
 10
39.8072045
 20
57.0
 10
39.739921300000006
 20
57.0
 10
39.6730142
 20
57.0
 10
39.6073246
 20
57.0
 10
39.5436785
 20
57.0
 10
39.4828765
 20
57.0
 10
39.42568300000001
 20
57.0
  0
LWPOLYLINE
  5
24E
330
17
100
AcDbEntity
  8
HIDDEN
100
AcDbPolyline
 90
2
 70
0
 10
34.674601100000004
 20
57.0
 10
39.42568300000001
 20
57.0
  0
LWPOLYLINE
  5
24F
330
17
100
AcDbEntity
  8
HIDDEN
100
AcDbPolyline
 90
15
 70
0
 10
34.527255800000006
 20
57.0
 10
34.5127121
 20
57.0
 10
34.49913170000001
 20
57.0
 10
34.486540500000004
 20
57.0
 10
34.4749623
 20
57.0
 10
34.4644193
 20
57.0
 10
34.45493140000001
 20
57.0
 10
34.4465168
 20
57.0
 10
34.43919150000001
 20
57.0
 10
34.432969400000005
 20
57.0
 10
34.4278623
 20
57.0
 10
34.423880100000005
 20
57.0
 10
34.421030200000004
 20
57.0
 10
34.4193181
 20
57.0
 10
34.418746999999996
 20
57.0
  0
LWPOLYLINE
  5
250
330
17
100
AcDbEntity
  8
HIDDEN
100
AcDbPolyline
 90
15
 70
0
 10
34.418746999999996
 20
57.0
 10
34.4201568
 20
57.0
 10
34.4243798
 20
57.0
 10
34.43139600000001
 20
57.0
 10
34.4411724
 20
57.0
 10
34.453663199999994
 20
57.0
 10
34.4688096
 20
57.0
 10
34.486540500000004
 20
57.0
 10
34.5067725
 20
57.0
 10
34.5294105
 20
57.0
 10
34.5543481
 20
57.0
 10
34.5814682
 20
57.0
 10
34.61064330000001
 20
57.0
 10
34.6417364
 20
57.0
 10
34.674601100000004
 20
57.0
  0
LWPOLYLINE
  5
251
330
17
100
AcDbEntity
  8
HIDDEN
100
AcDbPolyline
 90
2
 70
0
 10
34.527255800000006
 20
57.0
 10
29.020922
 20
57.0
  0
LWPOLYLINE
  5
252
330
17
100
AcDbEntity
  8
HIDDEN
100
AcDbPolyline
 90
2
 70
0
 10
29.020922
 20
57.0
 10
39.669898599999996
 20
57.0
  0
LWPOLYLINE
  5
253
330
17
100
AcDbEntity
  8
HIDDEN
100
AcDbPolyline
 90
2
 70
0
 10
46.1288656
 20
57.0
 10
39.669898599999996
 20
57.0
  0
LWPOLYLINE
  5
254
330
17
100
AcDbEntity
  8
HIDDEN
100
AcDbPolyline
 90
15
 70
0
 10
42.6019653
 20
57.0
 10
42.5706252
 20
57.0
 10
42.4781764
 20
57.0
 10
42.3292547
 20
57.0
 10
42.1313276
 20
57.0
 10
41.89432
 20
57.0
 10
41.6301165
 20
57.0
 10
41.3519653
 20
57.0
 10
41.0738142
 20
57.0
 10
40.80961069999999
 20
57.0
 10
40.572603099999995
 20
57.0
 10
40.374675999999994
 20
57.0
 10
40.2257542
 20
57.0
 10
40.1333054
 20
57.0
 10
40.1019653
 20
57.0
  0
LWPOLYLINE
  5
255
330
17
100
AcDbEntity
  8
HIDDEN
100
AcDbPolyline
 90
15
 70
0
 10
40.1019653
 20
57.0
 10
40.1333054
 20
57.0
 10
40.2257542
 20
57.0
 10
40.374675999999994
 20
57.0
 10
40.572603099999995
 20
57.0
 10
40.80961069999999
 20
57.0
 10
41.0738142
 20
57.0
 10
41.3519653
 20
57.0
 10
41.6301165
 20
57.0
 10
41.89432
 20
57.0
 10
42.1313276
 20
57.0
 10
42.3292547
 20
57.0
 10
42.4781764
 20
57.0
 10
42.5706252
 20
57.0
 10
42.6019653
 20
57.0
  0
LWPOLYLINE
  5
256
330
17
100
AcDbEntity
  8
HIDDEN
100
AcDbPolyline
 90
15
 70
0
 10
36.2926245
 20
57.0
 10
36.261284399999994
 20
57.0
 10
36.168835599999994
 20
57.0
 10
36.019913900000006
 20
57.0
 10
35.821986800000005
 20
57.0
 10
35.58497920000001
 20
57.0
 10
35.3207757
 20
57.0
 10
35.0426245
 20
57.0
 10
34.7644734
 20
57.0
 10
34.500269900000006
 20
57.0
 10
34.263262299999994
 20
57.0
 10
34.06533520000001
 20
57.0
 10
33.916413399999996
 20
57.0
 10
33.8239646
 20
57.0
 10
33.7926245
 20
57.0
  0
LWPOLYLINE
  5
257
330
17
100
AcDbEntity
  8
HIDDEN
100
AcDbPolyline
 90
15
 70
0
 10
33.7926245
 20
57.0
 10
33.8239646
 20
57.0
 10
33.916413399999996
 20
57.0
 10
34.06533520000001
 20
57.0
 10
34.263262299999994
 20
57.0
 10
34.500269900000006
 20
57.0
 10
34.7644734
 20
57.0
 10
35.0426245
 20
57.0
 10
35.3207757
 20
57.0
 10
35.58497920000001
 20
57.0
 10
35.821986800000005
 20
57.0
 10
36.019913900000006
 20
57.0
 10
36.168835599999994
 20
57.0
 10
36.261284399999994
 20
57.0
 10
36.2926245
 20
57.0
  0
LWPOLYLINE
  5
258
330
17
100
AcDbEntity
  8
HIDDEN
100
AcDbPolyline
 90
15
 70
0
 10
116.0
 20
67.0
 10
116.0
 20
66.8495675
 10
116.0
 20
66.4058132
 10
116.0
 20
65.6909889
 10
116.0
 20
64.7409388
 10
116.0
 20
63.6033024
 10
116.0
 20
62.3351256
 10
116.0
 20
61.0
 10
116.0
 20
59.6648744
 10
116.0
 20
58.3966976
 10
116.0
 20
57.2590612
 10
116.0
 20
56.3090111
 10
116.0
 20
55.5941868
 10
116.0
 20
55.1504325
 10
116.0
 20
55.0
  0
LWPOLYLINE
  5
259
330
17
100
AcDbEntity
  8
HIDDEN
100
AcDbPolyline
 90
15
 70
0
 10
116.0
 20
55.0
 10
116.0
 20
55.1504325
 10
116.0
 20
55.5941868
 10
116.0
 20
56.3090111
 10
116.0
 20
57.2590612
 10
116.0
 20
58.3966976
 10
116.0
 20
59.6648744
 10
116.0
 20
61.0
 10
116.0
 20
62.3351256
 10
116.0
 20
63.6033024
 10
116.0
 20
64.7409388
 10
116.0
 20
65.6909889
 10
116.0
 20
66.4058132
 10
116.0
 20
66.8495675
 10
116.0
 20
67.0
  0
LWPOLYLINE
  5
25A
330
17
100
AcDbEntity
  8
HIDDEN
100
AcDbPolyline
 90
2
 70
0
 10
96.0
 20
67.0
 10
116.0
 20
67.0
  0
LWPOLYLINE
  5
25B
330
17
100
AcDbEntity
  8
HIDDEN
100
AcDbPolyline
 90
15
 70
0
 10
116.0
 20
67.0
 10
116.0
 20
66.8495675
 10
116.0
 20
66.4058132
 10
116.0
 20
65.6909889
 10
116.0
 20
64.7409388
 10
116.0
 20
63.6033024
 10
116.0
 20
62.3351256
 10
116.0
 20
61.0
 10
116.0
 20
59.6648744
 10
116.0
 20
58.3966976
 10
116.0
 20
57.2590612
 10
116.0
 20
56.3090111
 10
116.0
 20
55.5941868
 10
116.0
 20
55.1504325
 10
116.0
 20
55.0
  0
LWPOLYLINE
  5
25C
330
17
100
AcDbEntity
  8
HIDDEN
100
AcDbPolyline
 90
15
 70
0
 10
116.0
 20
55.0
 10
116.0
 20
55.1504325
 10
116.0
 20
55.5941868
 10
116.0
 20
56.3090111
 10
116.0
 20
57.2590612
 10
116.0
 20
58.3966976
 10
116.0
 20
59.6648744
 10
116.0
 20
61.0
 10
116.0
 20
62.3351256
 10
116.0
 20
63.6033024
 10
116.0
 20
64.7409388
 10
116.0
 20
65.6909889
 10
116.0
 20
66.4058132
 10
116.0
 20
66.8495675
 10
116.0
 20
67.0
  0
LWPOLYLINE
  5
25D
330
17
100
AcDbEntity
  8
HIDDEN
100
AcDbPolyline
 90
2
 70
0
 10
96.0
 20
67.0
 10
116.0
 20
67.0
  0
LWPOLYLINE
  5
25E
330
17
100
AcDbEntity
  8
HIDDEN
100
AcDbPolyline
 90
8
 70
0
 10
114.0
 20
56.0
 10
113.9749279
 20
55.7774791
 10
113.9009689
 20
55.5661163
 10
113.7818315
 20
55.3765102
 10
113.6234898
 20
55.2181685
 10
113.4338837
 20
55.0990311
 10
113.2225209
 20
55.0250721
 10
113.0
 20
55.0
  0
LWPOLYLINE
  5
25F
330
17
100
AcDbEntity
  8
HIDDEN
100
AcDbPolyline
 90
8
 70
0
 10
114.0
 20
56.0
 10
113.9714645
 20
55.7628149
 10
113.8945446
 20
55.5530214
 10
113.8067025
 20
55.4090423
 10
113.7369825
 20
55.3240882
 10
113.5358268
 20
55.155672100000004
 10
113.319695
 20
55.0524795
 10
113.0
 20
55.0
  0
LWPOLYLINE
  5
260
330
17
100
AcDbEntity
  8
HIDDEN
100
AcDbPolyline
 90
8
 70
0
 10
114.0
 20
56.0
 10
113.9749279
 20
55.7774791
 10
113.9009689
 20
55.5661163
 10
113.7818315
 20
55.3765102
 10
113.6234898
 20
55.2181685
 10
113.4338837
 20
55.0990311
 10
113.2225209
 20
55.0250721
 10
113.0
 20
55.0
  0
LWPOLYLINE
  5
261
330
17
100
AcDbEntity
  8
HIDDEN
100
AcDbPolyline
 90
2
 70
0
 10
147.1270167
 20
57.0
 10
147.1270167
 20
65.0
  0
LWPOLYLINE
  5
262
330
17
100
AcDbEntity
  8
HIDDEN
100
AcDbPolyline
 90
8
 70
0
 10
114.0
 20
56.0
 10
113.9714645
 20
55.7628149
 10
113.8945446
 20
55.5530214
 10
113.8067025
 20
55.4090423
 10
113.7369825
 20
55.3240882
 10
113.5358268
 20
55.155672100000004
 10
113.319695
 20
55.0524795
 10
113.0
 20
55.0
  0
LWPOLYLINE
  5
263
330
17
100
AcDbEntity
  8
HIDDEN
100
AcDbPolyline
 90
3
 70
0
 10
147.0
 20
65.0
 10
147.0318812
 20
65.50401719999999
 10
147.1270167
 20
66.0
  0
LWPOLYLINE
  5
264
330
17
100
AcDbEntity
  8
HIDDEN
100
AcDbPolyline
 90
3
 70
0
 10
147.0
 20
65.0
 10
147.0318812
 20
65.50401719999999
 10
147.1270167
 20
66.0
  0
LWPOLYLINE
  5
265
330
17
100
AcDbEntity
  8
HIDDEN
100
AcDbPolyline
 90
8
 70
0
 10
148.078374
 20
67.7320508
 10
148.4172332
 20
68.0543928
 10
148.7914004
 20
68.3349794
 10
149.1957605
 20
68.5699748
 10
149.6247857
 20
68.7561664
 10
150.0726109
 20
68.8910088
 10
150.5331142
 20
68.9726588
 10
151.0
 20
69.0
  0
LWPOLYLINE
  5
266
330
17
100
AcDbEntity
  8
HIDDEN
100
AcDbPolyline
 90
3
 70
0
 10
147.1270167
 20
56.0
 10
147.0318812
 20
56.4959828
 10
147.0
 20
57.0
  0
LWPOLYLINE
  5
267
330
17
100
AcDbEntity
  8
HIDDEN
100
AcDbPolyline
 90
2
 70
0
 10
147.0
 20
57.0
 10
147.0
 20
65.0
  0
LWPOLYLINE
  5
268
330
17
100
AcDbEntity
  8
HIDDEN
100
AcDbPolyline
 90
2
 70
0
 10
114.0
 20
56.0
 10
114.0
 20
66.0
  0
LWPOLYLINE
  5
269
330
17
100
AcDbEntity
  8
HIDDEN
100
AcDbPolyline
 90
2
 70
0
 10
114.0
 20
56.0
 10
114.0
 20
66.0
  0
LWPOLYLINE
  5
26A
330
17
100
AcDbEntity
  8
HIDDEN
100
AcDbPolyline
 90
3
 70
0
 10
147.1270167
 20
56.0
 10
147.0318812
 20
56.4959828
 10
147.0
 20
57.0
  0
LWPOLYLINE
  5
26B
330
17
100
AcDbEntity
  8
HIDDEN
100
AcDbPolyline
 90
2
 70
0
 10
147.0
 20
57.0
 10
147.0
 20
65.0
  0
LWPOLYLINE
  5
26C
330
17
100
AcDbEntity
  8
HIDDEN
100
AcDbPolyline
 90
3
 70
0
 10
148.078374
 20
54.267949200000004
 10
148.27695119999998
 20
54.069982
 10
148.3542487
 20
54.0
  0
LWPOLYLINE
  5
26D
330
17
100
AcDbEntity
  8
HIDDEN
100
AcDbPolyline
 90
2
 70
0
 10
106.0
 20
54.0
 10
148.3542487
 20
54.0
  0
LWPOLYLINE
  5
26E
330
17
100
AcDbEntity
  8
HIDDEN
100
AcDbPolyline
 90
7
 70
0
 10
106.0
 20
54.0
 10
105.6527036
 20
54.0303845
 10
105.3159597
 20
54.1206148
 10
105.0
 20
54.267949200000004
 10
104.7144248
 20
54.4679111
 10
104.4679111
 20
54.7144248
 10
104.2679492
 20
55.0
  0
LWPOLYLINE
  5
26F
330
17
100
AcDbEntity
  8
HIDDEN
100
AcDbPolyline
 90
7
 70
0
 10
106.0
 20
54.0
 10
105.6527036
 20
54.0303845
 10
105.3159597
 20
54.1206148
 10
105.0
 20
54.267949200000004
 10
104.7144248
 20
54.4679111
 10
104.4679111
 20
54.7144248
 10
104.2679492
 20
55.0
  0
LWPOLYLINE
  5
270
330
17
100
AcDbEntity
  8
HIDDEN
100
AcDbPolyline
 90
8
 70
0
 10
114.0
 20
56.0
 10
113.9714645
 20
55.7628149
 10
113.8945446
 20
55.5530214
 10
113.8067025
 20
55.4090423
 10
113.7369825
 20
55.3240882
 10
113.5358268
 20
55.155672100000004
 10
113.319695
 20
55.0524795
 10
113.0
 20
55.0
  0
LWPOLYLINE
  5
271
330
17
100
AcDbEntity
  8
HIDDEN
100
AcDbPolyline
 90
7
 70
0
 10
147.1270167
 20
56.0
 10
147.2715199
 20
55.5514021
 10
147.3518374
 20
55.3596007
 10
147.5073477
 20
55.0502872
 10
147.74659450000001
 20
54.672909
 10
147.8942783
 20
54.4791881
 10
148.1023725
 20
54.2425093
  0
LWPOLYLINE
  5
272
330
17
100
AcDbEntity
  8
HIDDEN
100
AcDbPolyline
 90
3
 70
0
 10
148.1359093
 20
54.2076919
 10
148.2064117
 20
54.137158
 10
148.2659266
 20
54.0802667
  0
LWPOLYLINE
  5
273
330
17
100
AcDbEntity
  8
HIDDEN
100
AcDbPolyline
 90
2
 70
0
 10
148.2662812
 20
54.0799347
 10
148.2779971
 20
54.069010399999996
  0
LWPOLYLINE
  5
274
330
17
100
AcDbEntity
  8
HIDDEN
100
AcDbPolyline
 90
2
 70
0
 10
148.2999534
 20
54.0487717
 10
148.3542487
 20
54.0
  0
LWPOLYLINE
  5
275
330
17
100
AcDbEntity
  8
HIDDEN
100
AcDbPolyline
 90
2
 70
0
 10
106.0
 20
54.0
 10
148.3542487
 20
54.0
  0
LWPOLYLINE
  5
276
330
17
100
AcDbEntity
  8
HIDDEN
100
AcDbPolyline
 90
8
 70
0
 10
114.0
 20
56.0
 10
113.9714645
 20
55.7628149
 10
113.8945446
 20
55.5530214
 10
113.8067025
 20
55.4090423
 10
113.7369825
 20
55.3240882
 10
113.5358268
 20
55.155672100000004
 10
113.319695
 20
55.0524795
 10
113.0
 20
55.0
  0
LWPOLYLINE
  5
277
330
17
100
AcDbEntity
  8
HIDDEN
100
AcDbPolyline
 90
7
 70
0
 10
147.1270167
 20
56.0
 10
147.2715199
 20
55.5514021
 10
147.3518374
 20
55.3596007
 10
147.5073477
 20
55.0502872
 10
147.74659450000001
 20
54.672909
 10
147.8942783
 20
54.4791881
 10
148.12802779999998
 20
54.2157989
  0
LWPOLYLINE
  5
278
330
17
100
AcDbEntity
  8
HIDDEN
100
AcDbPolyline
 90
3
 70
0
 10
148.1345372
 20
54.2091
 10
148.2446586
 20
54.1003286
 10
148.3542487
 20
54.0
  0
LWPOLYLINE
  5
279
330
17
100
AcDbEntity
  8
HIDDEN
100
AcDbPolyline
 90
2
 70
0
 10
106.0
 20
54.0
 10
148.3542487
 20
54.0
  0
LWPOLYLINE
  5
27A
330
17
100
AcDbEntity
  8
HIDDEN
100
AcDbPolyline
 90
7
 70
0
 10
106.0
 20
54.0
 10
105.6527036
 20
54.0303845
 10
105.3159597
 20
54.1206148
 10
105.0
 20
54.267949200000004
 10
104.7144248
 20
54.4679111
 10
104.4679111
 20
54.7144248
 10
104.2679492
 20
55.0
  0
LWPOLYLINE
  5
27B
330
17
100
AcDbEntity
  8
HIDDEN
100
AcDbPolyline
 90
7
 70
0
 10
106.0
 20
54.0
 10
105.6527036
 20
54.0303845
 10
105.3159597
 20
54.1206148
 10
105.0
 20
54.267949200000004
 10
104.7144248
 20
54.4679111
 10
104.4679111
 20
54.7144248
 10
104.2679492
 20
55.0
  0
LWPOLYLINE
  5
27C
330
17
100
AcDbEntity
  8
HIDDEN
100
AcDbPolyline
 90
3
 70
0
 10
148.078374
 20
54.267949200000004
 10
148.1918945
 20
54.1513962
 10
148.2812936
 20
54.0659524
  0
LWPOLYLINE
  5
27D
330
17
100
AcDbEntity
  8
HIDDEN
100
AcDbPolyline
 90
2
 70
0
 10
106.0
 20
54.0
 10
116.0
 20
54.0
  0
LWPOLYLINE
  5
27E
330
17
100
AcDbEntity
  8
HIDDEN
100
AcDbPolyline
 90
2
 70
0
 10
41.6396036
 20
51.0
 10
42.0
 20
51.0
  0
LWPOLYLINE
  5
27F
330
17
100
AcDbEntity
  8
HIDDEN
100
AcDbPolyline
 90
2
 70
0
 10
29.020922
 20
51.0
 10
41.6396036
 20
51.0
  0
LWPOLYLINE
  5
280
330
17
100
AcDbEntity
  8
HIDDEN
100
AcDbPolyline
 90
15
 70
0
 10
36.2926245
 20
51.0
 10
36.261284399999994
 20
51.0
 10
36.168835599999994
 20
51.0
 10
36.019913900000006
 20
51.0
 10
35.821986800000005
 20
51.0
 10
35.58497920000001
 20
51.0
 10
35.3207757
 20
51.0
 10
35.0426245
 20
51.0
 10
34.7644734
 20
51.0
 10
34.500269900000006
 20
51.0
 10
34.263262299999994
 20
51.0
 10
34.06533520000001
 20
51.0
 10
33.916413399999996
 20
51.0
 10
33.8239646
 20
51.0
 10
33.7926245
 20
51.0
  0
LWPOLYLINE
  5
281
330
17
100
AcDbEntity
  8
HIDDEN
100
AcDbPolyline
 90
15
 70
0
 10
33.7926245
 20
51.0
 10
33.8239646
 20
51.0
 10
33.916413399999996
 20
51.0
 10
34.06533520000001
 20
51.0
 10
34.263262299999994
 20
51.0
 10
34.500269900000006
 20
51.0
 10
34.7644734
 20
51.0
 10
35.0426245
 20
51.0
 10
35.3207757
 20
51.0
 10
35.58497920000001
 20
51.0
 10
35.821986800000005
 20
51.0
 10
36.019913900000006
 20
51.0
 10
36.168835599999994
 20
51.0
 10
36.261284399999994
 20
51.0
 10
36.2926245
 20
51.0
  0
LWPOLYLINE
  5
282
330
17
100
AcDbEntity
  8
HIDDEN
100
AcDbPolyline
 90
15
 70
0
 10
42.6019653
 20
51.0
 10
42.5706252
 20
51.0
 10
42.4781764
 20
51.0
 10
42.3292547
 20
51.0
 10
42.1313276
 20
51.0
 10
41.89432
 20
51.0
 10
41.6301165
 20
51.0
 10
41.3519653
 20
51.0
 10
41.0738142
 20
51.0
 10
40.80961069999999
 20
51.0
 10
40.572603099999995
 20
51.0
 10
40.374675999999994
 20
51.0
 10
40.2257542
 20
51.0
 10
40.1333054
 20
51.0
 10
40.1019653
 20
51.0
  0
LWPOLYLINE
  5
283
330
17
100
AcDbEntity
  8
HIDDEN
100
AcDbPolyline
 90
15
 70
0
 10
40.1019653
 20
51.0
 10
40.1333054
 20
51.0
 10
40.2257542
 20
51.0
 10
40.374675999999994
 20
51.0
 10
40.572603099999995
 20
51.0
 10
40.80961069999999
 20
51.0
 10
41.0738142
 20
51.0
 10
41.3519653
 20
51.0
 10
41.6301165
 20
51.0
 10
41.89432
 20
51.0
 10
42.1313276
 20
51.0
 10
42.3292547
 20
51.0
 10
42.4781764
 20
51.0
 10
42.5706252
 20
51.0
 10
42.6019653
 20
51.0
  0
LWPOLYLINE
  5
284
330
17
100
AcDbEntity
  8
HIDDEN
100
AcDbPolyline
 90
2
 70
0
 10
34.527255800000006
 20
57.0
 10
34.527255800000006
 20
59.0
  0
LWPOLYLINE
  5
285
330
17
100
AcDbEntity
  8
HIDDEN
100
AcDbPolyline
 90
2
 70
0
 10
34.527255800000006
 20
59.0
 10
36.133269799999994
 20
59.0
  0
LWPOLYLINE
  5
286
330
17
100
AcDbEntity
  8
HIDDEN
100
AcDbPolyline
 90
2
 70
0
 10
36.133269799999994
 20
57.0
 10
36.133269799999994
 20
59.0
  0
LWPOLYLINE
  5
287
330
17
100
AcDbEntity
  8
HIDDEN
100
AcDbPolyline
 90
2
 70
0
 10
41.6396036
 20
51.0
 10
41.6396036
 20
57.0
  0
LWPOLYLINE
  5
288
330
17
100
AcDbEntity
  8
HIDDEN
100
AcDbPolyline
 90
15
 70
0
 10
41.8673341
 20
59.0
 10
41.8586015
 20
59.0
 10
41.8495689
 20
59.0
 10
41.8402417
 20
59.0
 10
41.8306259
 20
59.0
 10
41.8207274
 20
59.0
 10
41.8105523
 20
59.0
 10
41.8001069
 20
59.0
 10
41.7893979
 20
59.0
 10
41.7784317
 20
59.0
 10
41.7672153
 20
59.0
 10
41.7557556
 20
59.0
 10
41.7440597
 20
59.0
 10
41.732135
 20
59.0
 10
41.7199887
 20
59.0
  0
LWPOLYLINE
  5
289
330
17
100
AcDbEntity
  8
HIDDEN
100
AcDbPolyline
 90
2
 70
0
 10
36.96890689999999
 20
59.0
 10
41.7199887
 20
59.0
  0
LWPOLYLINE
  5
28A
330
17
100
AcDbEntity
  8
HIDDEN
100
AcDbPolyline
 90
15
 70
0
 10
36.133269799999994
 20
59.0
 10
36.174892299999996
 20
59.0
 10
36.2221722
 20
59.0
 10
36.274514800000006
 20
59.0
 10
36.331261999999995
 20
59.0
 10
36.391700099999994
 20
59.0
 10
36.4550691
 20
59.0
 10
36.520572099999995
 20
59.0
 10
36.587385299999994
 20
59.0
 10
36.6546685
 20
59.0
 10
36.7215757
 20
59.0
 10
36.7872653
 20
59.0
 10
36.85091130000001
 20
59.0
 10
36.9117134
 20
59.0
 10
36.96890689999999
 20
59.0
  0
LWPOLYLINE
  5
28B
330
17
100
AcDbEntity
  8
HIDDEN
100
AcDbPolyline
 90
2
 70
0
 10
42.0
 20
51.0
 10
42.0
 20
57.0
  0
LWPOLYLINE
  5
28C
330
17
100
AcDbEntity
  8
HIDDEN
100
AcDbPolyline
 90
2
 70
0
 10
36.2926245
 20
51.0
 10
36.2926245
 20
57.0
  0
LWPOLYLINE
  5
28D
330
17
100
AcDbEntity
  8
HIDDEN
100
AcDbPolyline
 90
2
 70
0
 10
42.6019653
 20
51.0
 10
42.6019653
 20
57.0
  0
LWPOLYLINE
  5
28E
330
17
100
AcDbEntity
  8
HIDDEN
100
AcDbPolyline
 90
2
 70
0
 10
42.0
 20
51.0
 10
42.0
 20
57.0
  0
LWPOLYLINE
  5
28F
330
17
100
AcDbEntity
  8
HIDDEN
100
AcDbPolyline
 90
2
 70
0
 10
41.6396036
 20
51.0
 10
42.0
 20
51.0
  0
LWPOLYLINE
  5
290
330
17
100
AcDbEntity
  8
HIDDEN
100
AcDbPolyline
 90
2
 70
0
 10
41.6396036
 20
51.0
 10
29.020922
 20
51.0
  0
LWPOLYLINE
  5
291
330
17
100
AcDbEntity
  8
HIDDEN
100
AcDbPolyline
 90
2
 70
0
 10
29.020922
 20
51.0
 10
39.669898599999996
 20
51.0
  0
LWPOLYLINE
  5
292
330
17
100
AcDbEntity
  8
HIDDEN
100
AcDbPolyline
 90
2
 70
0
 10
46.1288656
 20
51.0
 10
39.669898599999996
 20
51.0
  0
LWPOLYLINE
  5
293
330
17
100
AcDbEntity
  8
HIDDEN
100
AcDbPolyline
 90
15
 70
0
 10
42.6019653
 20
51.0
 10
42.5706252
 20
51.0
 10
42.4781764
 20
51.0
 10
42.3292547
 20
51.0
 10
42.1313276
 20
51.0
 10
41.89432
 20
51.0
 10
41.6301165
 20
51.0
 10
41.3519653
 20
51.0
 10
41.0738142
 20
51.0
 10
40.80961069999999
 20
51.0
 10
40.572603099999995
 20
51.0
 10
40.374675999999994
 20
51.0
 10
40.2257542
 20
51.0
 10
40.1333054
 20
51.0
 10
40.1019653
 20
51.0
  0
LWPOLYLINE
  5
294
330
17
100
AcDbEntity
  8
HIDDEN
100
AcDbPolyline
 90
15
 70
0
 10
40.1019653
 20
51.0
 10
40.1333054
 20
51.0
 10
40.2257542
 20
51.0
 10
40.374675999999994
 20
51.0
 10
40.572603099999995
 20
51.0
 10
40.80961069999999
 20
51.0
 10
41.0738142
 20
51.0
 10
41.3519653
 20
51.0
 10
41.6301165
 20
51.0
 10
41.89432
 20
51.0
 10
42.1313276
 20
51.0
 10
42.3292547
 20
51.0
 10
42.4781764
 20
51.0
 10
42.5706252
 20
51.0
 10
42.6019653
 20
51.0
  0
LWPOLYLINE
  5
295
330
17
100
AcDbEntity
  8
HIDDEN
100
AcDbPolyline
 90
15
 70
0
 10
36.2926245
 20
51.0
 10
36.261284399999994
 20
51.0
 10
36.168835599999994
 20
51.0
 10
36.019913900000006
 20
51.0
 10
35.821986800000005
 20
51.0
 10
35.58497920000001
 20
51.0
 10
35.3207757
 20
51.0
 10
35.0426245
 20
51.0
 10
34.7644734
 20
51.0
 10
34.500269900000006
 20
51.0
 10
34.263262299999994
 20
51.0
 10
34.06533520000001
 20
51.0
 10
33.916413399999996
 20
51.0
 10
33.8239646
 20
51.0
 10
33.7926245
 20
51.0
  0
LWPOLYLINE
  5
296
330
17
100
AcDbEntity
  8
HIDDEN
100
AcDbPolyline
 90
15
 70
0
 10
33.7926245
 20
51.0
 10
33.8239646
 20
51.0
 10
33.916413399999996
 20
51.0
 10
34.06533520000001
 20
51.0
 10
34.263262299999994
 20
51.0
 10
34.500269900000006
 20
51.0
 10
34.7644734
 20
51.0
 10
35.0426245
 20
51.0
 10
35.3207757
 20
51.0
 10
35.58497920000001
 20
51.0
 10
35.821986800000005
 20
51.0
 10
36.019913900000006
 20
51.0
 10
36.168835599999994
 20
51.0
 10
36.261284399999994
 20
51.0
 10
36.2926245
 20
51.0
  0
LWPOLYLINE
  5
297
330
17
100
AcDbEntity
  8
HIDDEN
100
AcDbPolyline
 90
2
 70
0
 10
39.669898599999996
 20
51.0
 10
39.669898599999996
 20
57.0
  0
LWPOLYLINE
  5
298
330
17
100
AcDbEntity
  8
HIDDEN
100
AcDbPolyline
 90
2
 70
0
 10
41.6396036
 20
51.0
 10
41.6396036
 20
57.0
  0
LWPOLYLINE
  5
299
330
17
100
AcDbEntity
  8
HIDDEN
100
AcDbPolyline
 90
2
 70
0
 10
36.133269799999994
 20
57.0
 10
36.133269799999994
 20
59.0
  0
LWPOLYLINE
  5
29A
330
17
100
AcDbEntity
  8
HIDDEN
100
AcDbPolyline
 90
2
 70
0
 10
36.133269799999994
 20
59.0
 10
34.527255800000006
 20
59.0
  0
LWPOLYLINE
  5
29B
330
17
100
AcDbEntity
  8
HIDDEN
100
AcDbPolyline
 90
2
 70
0
 10
34.527255800000006
 20
57.0
 10
34.527255800000006
 20
59.0
  0
LWPOLYLINE
  5
29C
330
17
100
AcDbEntity
  8
HIDDEN
100
AcDbPolyline
 90
2
 70
0
 10
29.020922
 20
51.0
 10
29.020922
 20
57.0
  0
LWPOLYLINE
  5
29D
330
17
100
AcDbEntity
  8
HIDDEN
100
AcDbPolyline
 90
15
 70
0
 10
36.133269799999994
 20
59.0
 10
36.174892299999996
 20
59.0
 10
36.2221722
 20
59.0
 10
36.274514800000006
 20
59.0
 10
36.331261999999995
 20
59.0
 10
36.391700099999994
 20
59.0
 10
36.4550691
 20
59.0
 10
36.520572099999995
 20
59.0
 10
36.587385299999994
 20
59.0
 10
36.6546685
 20
59.0
 10
36.7215757
 20
59.0
 10
36.7872653
 20
59.0
 10
36.85091130000001
 20
59.0
 10
36.9117134
 20
59.0
 10
36.96890689999999
 20
59.0
  0
LWPOLYLINE
  5
29E
330
17
100
AcDbEntity
  8
HIDDEN
100
AcDbPolyline
 90
2
 70
0
 10
36.96890689999999
 20
59.0
 10
41.7199887
 20
59.0
  0
LWPOLYLINE
  5
29F
330
17
100
AcDbEntity
  8
HIDDEN
100
AcDbPolyline
 90
15
 70
0
 10
41.8673341
 20
59.0
 10
41.8818777
 20
59.0
 10
41.8954581
 20
59.0
 10
41.9080494
 20
59.0
 10
41.9196275
 20
59.0
 10
41.9301706
 20
59.0
 10
41.9396584
 20
59.0
 10
41.948073
 20
59.0
 10
41.9553984
 20
59.0
 10
41.9616205
 20
59.0
 10
41.9667275
 20
59.0
 10
41.9707098
 20
59.0
 10
41.9735597
 20
59.0
 10
41.9752718
 20
59.0
 10
41.9758429
 20
59.0
  0
LWPOLYLINE
  5
2A0
330
17
100
AcDbEntity
  8
HIDDEN
100
AcDbPolyline
 90
15
 70
0
 10
41.9758429
 20
59.0
 10
41.974433
 20
59.0
 10
41.9702101
 20
59.0
 10
41.9631939
 20
59.0
 10
41.9534174
 20
59.0
 10
41.9409266
 20
59.0
 10
41.9257802
 20
59.0
 10
41.9080494
 20
59.0
 10
41.8878174
 20
59.0
 10
41.8651794
 20
59.0
 10
41.8402417
 20
59.0
 10
41.8131216
 20
59.0
 10
41.7839465
 20
59.0
 10
41.7528535
 20
59.0
 10
41.7199887
 20
59.0
  0
LWPOLYLINE
  5
2A1
330
17
100
AcDbEntity
  8
HIDDEN
100
AcDbPolyline
 90
2
 70
0
 10
41.8673341
 20
59.0
 10
40.261320100000006
 20
59.0
  0
LWPOLYLINE
  5
2A2
330
17
100
AcDbEntity
  8
HIDDEN
100
AcDbPolyline
 90
15
 70
0
 10
40.261320100000006
 20
59.0
 10
40.2196976
 20
59.0
 10
40.1724177
 20
59.0
 10
40.120075099999994
 20
59.0
 10
40.063327799999996
 20
59.0
 10
40.0028897
 20
59.0
 10
39.9395207
 20
59.0
 10
39.874017800000004
 20
59.0
 10
39.8072045
 20
59.0
 10
39.739921300000006
 20
59.0
 10
39.6730142
 20
59.0
 10
39.6073246
 20
59.0
 10
39.5436785
 20
59.0
 10
39.4828765
 20
59.0
 10
39.42568300000001
 20
59.0
  0
LWPOLYLINE
  5
2A3
330
17
100
AcDbEntity
  8
HIDDEN
100
AcDbPolyline
 90
2
 70
0
 10
34.674601100000004
 20
59.0
 10
39.42568300000001
 20
59.0
  0
LWPOLYLINE
  5
2A4
330
17
100
AcDbEntity
  8
HIDDEN
100
AcDbPolyline
 90
15
 70
0
 10
34.527255800000006
 20
59.0
 10
34.5127121
 20
59.0
 10
34.49913170000001
 20
59.0
 10
34.486540500000004
 20
59.0
 10
34.4749623
 20
59.0
 10
34.4644193
 20
59.0
 10
34.45493140000001
 20
59.0
 10
34.4465168
 20
59.0
 10
34.43919150000001
 20
59.0
 10
34.432969400000005
 20
59.0
 10
34.4278623
 20
59.0
 10
34.423880100000005
 20
59.0
 10
34.421030200000004
 20
59.0
 10
34.4193181
 20
59.0
 10
34.418746999999996
 20
59.0
  0
LWPOLYLINE
  5
2A5
330
17
100
AcDbEntity
  8
HIDDEN
100
AcDbPolyline
 90
15
 70
0
 10
34.418746999999996
 20
59.0
 10
34.4201568
 20
59.0
 10
34.4243798
 20
59.0
 10
34.43139600000001
 20
59.0
 10
34.4411724
 20
59.0
 10
34.453663199999994
 20
59.0
 10
34.4688096
 20
59.0
 10
34.486540500000004
 20
59.0
 10
34.5067725
 20
59.0
 10
34.5294105
 20
59.0
 10
34.5543481
 20
59.0
 10
34.5814682
 20
59.0
 10
34.61064330000001
 20
59.0
 10
34.6417364
 20
59.0
 10
34.674601100000004
 20
59.0
  0
LWPOLYLINE
  5
2A6
330
17
100
AcDbEntity
  8
HIDDEN
100
AcDbPolyline
 90
2
 70
0
 10
42.6019653
 20
51.0
 10
42.6019653
 20
57.0
  0
LWPOLYLINE
  5
2A7
330
17
100
AcDbEntity
  8
HIDDEN
100
AcDbPolyline
 90
2
 70
0
 10
36.2926245
 20
51.0
 10
36.2926245
 20
57.0
  0
LWPOLYLINE
  5
2A8
330
17
100
AcDbEntity
  8
HIDDEN
100
AcDbPolyline
 90
8
 70
0
 10
151.0
 20
53.0
 10
150.5331142
 20
53.0273412
 10
150.0726109
 20
53.1089912
 10
149.6247857
 20
53.2438336
 10
149.1957605
 20
53.4300252
 10
148.7914004
 20
53.6650206
 10
148.4172332
 20
53.9456072
 10
148.078374
 20
54.267949200000004
  0
LWPOLYLINE
  5
2A9
330
17
100
AcDbEntity
  8
HIDDEN
100
AcDbPolyline
 90
2
 70
0
 10
151.0
 20
69.0
 10
161.0
 20
69.0
  0
LWPOLYLINE
  5
2AA
330
17
100
AcDbEntity
  8
HIDDEN
100
AcDbPolyline
 90
2
 70
0
 10
151.0
 20
53.0
 10
161.0
 20
53.0
  0
LWPOLYLINE
  5
2AB
330
17
100
AcDbEntity
  8
HIDDEN
100
AcDbPolyline
 90
12
 70
0
 10
165.0
 20
65.0
 10
164.9999991
 20
65.0027344
 10
164.9999963
 20
65.0054687
 10
164.9999916
 20
65.0082031
 10
164.9999848
 20
65.0110351
 10
164.999976
 20
65.01386719999999
 10
164.9999651
 20
65.0166992
 10
164.9999523
 20
65.0195312
 10
164.9999386
 20
65.0221679
 10
164.9999231
 20
65.0248045
 10
164.9677445
 20
65.5069552
 10
164.8729833
 20
66.0
  0
LWPOLYLINE
  5
2AC
330
17
100
AcDbEntity
  8
HIDDEN
100
AcDbPolyline
 90
3
 70
0
 10
163.8432236
 20
67.8135529
 10
163.90354539999998
 20
67.7512587
 10
164.0663053
 20
67.5686128
  0
LWPOLYLINE
  5
2AD
330
17
100
AcDbEntity
  8
HIDDEN
100
AcDbPolyline
 90
3
 70
0
 10
164.08608
 20
67.5448203
 10
164.1664128
 20
67.444142
 10
164.2113812
 20
67.3847497
  0
LWPOLYLINE
  5
2AE
330
17
100
AcDbEntity
  8
HIDDEN
100
AcDbPolyline
 90
3
 70
0
 10
164.253267
 20
67.3272846
 10
164.3097127
 20
67.2462863
 10
164.3660956
 20
67.1608795
  0
LWPOLYLINE
  5
2AF
330
17
100
AcDbEntity
  8
HIDDEN
100
AcDbPolyline
 90
2
 70
0
 10
164.4484168
 20
67.0269242
 10
164.539382
 20
66.8635384
  0
LWPOLYLINE
  5
2B0
330
17
100
AcDbEntity
  8
HIDDEN
100
AcDbPolyline
 90
2
 70
0
 10
164.5410865
 20
66.86029740000001
 10
164.5479013
 20
66.8472672
  0
LWPOLYLINE
  5
2B1
330
17
100
AcDbEntity
  8
HIDDEN
100
AcDbPolyline
 90
3
 70
0
 10
164.6525821
 20
66.6305349
 10
164.6960186
 20
66.529525
 10
164.73597949999998
 20
66.4291457
  0
LWPOLYLINE
  5
2B2
330
17
100
AcDbEntity
  8
HIDDEN
100
AcDbPolyline
 90
3
 70
0
 10
164.73696710000002
 20
66.4265612
 10
164.77829739999999
 20
66.3131902
 10
164.8111367
 20
66.2145933
  0
LWPOLYLINE
  5
2B3
330
17
100
AcDbEntity
  8
HIDDEN
100
AcDbPolyline
 90
2
 70
0
 10
164.83091050000002
 20
66.1507063
 10
164.8729833
 20
66.0
  0
LWPOLYLINE
  5
2B4
330
17
100
AcDbEntity
  8
HIDDEN
100
AcDbPolyline
 90
12
 70
0
 10
165.0
 20
65.0
 10
164.9999991
 20
65.0027344
 10
164.9999963
 20
65.0054687
 10
164.9999916
 20
65.0082031
 10
164.9999848
 20
65.0110351
 10
164.999976
 20
65.01386719999999
 10
164.9999651
 20
65.0166992
 10
164.9999523
 20
65.0195312
 10
164.9999386
 20
65.0221679
 10
164.9999231
 20
65.0248045
 10
164.9677445
 20
65.5069552
 10
164.8729833
 20
66.0
  0
LWPOLYLINE
  5
2B5
330
17
100
AcDbEntity
  8
HIDDEN
100
AcDbPolyline
 90
12
 70
0
 10
165.0
 20
65.0
 10
164.9999991
 20
65.0027344
 10
164.9999963
 20
65.0054687
 10
164.9999916
 20
65.0082031
 10
164.9999848
 20
65.0110351
 10
164.999976
 20
65.01386719999999
 10
164.9999651
 20
65.0166992
 10
164.9999523
 20
65.0195312
 10
164.9999386
 20
65.0221679
 10
164.9999231
 20
65.0248045
 10
164.9677445
 20
65.5069552
 10
164.8729833
 20
66.0
  0
LWPOLYLINE
  5
2B6
330
17
100
AcDbEntity
  8
HIDDEN
100
AcDbPolyline
 90
2
 70
0
 10
164.8729833
 20
66.0
 10
164.812616
 20
66.209942
  0
LWPOLYLINE
  5
2B7
330
17
100
AcDbEntity
  8
HIDDEN
100
AcDbPolyline
 90
3
 70
0
 10
164.81149340000002
 20
66.2134734
 10
164.7864836
 20
66.289396
 10
164.7590639
 20
66.367274
  0
LWPOLYLINE
  5
2B8
330
17
100
AcDbEntity
  8
HIDDEN
100
AcDbPolyline
 90
2
 70
0
 10
164.6916718
 20
66.5399868
 10
164.6536939
 20
66.6280421
  0
LWPOLYLINE
  5
2B9
330
17
100
AcDbEntity
  8
HIDDEN
100
AcDbPolyline
 90
2
 70
0
 10
164.6536846
 20
66.6280629
 10
164.6195434
 20
66.7026173
  0
LWPOLYLINE
  5
2BA
330
17
100
AcDbEntity
  8
HIDDEN
100
AcDbPolyline
 90
6
 70
0
 10
164.1996041
 20
67.4005278
 10
164.1847936
 20
67.4201425
 10
164.0937511
 20
67.535489
 10
163.9438773
 20
67.7080595
 10
163.8831489
 20
67.7726256
 10
163.8432236
 20
67.8135529
  0
LWPOLYLINE
  5
2BB
330
17
100
AcDbEntity
  8
HIDDEN
100
AcDbPolyline
 90
4
 70
0
 10
163.8432236
 20
67.8135529
 10
163.978434
 20
67.6700058
 10
164.1101079
 20
67.5153983
 10
164.2635268
 20
67.3128754
  0
LWPOLYLINE
  5
2BC
330
17
100
AcDbEntity
  8
HIDDEN
100
AcDbPolyline
 90
3
 70
0
 10
164.2641201
 20
67.3120381
 10
164.3128752
 20
67.2416195
 10
164.3615535
 20
67.1679386
  0
LWPOLYLINE
  5
2BD
330
17
100
AcDbEntity
  8
HIDDEN
100
AcDbPolyline
 90
2
 70
0
 10
164.4091879
 20
67.0922327
 10
164.4607671
 20
67.0057645
  0
LWPOLYLINE
  5
2BE
330
17
100
AcDbEntity
  8
HIDDEN
100
AcDbPolyline
 90
2
 70
0
 10
164.6221654
 20
66.69703200000001
 10
164.7309108
 20
66.4423261
  0
LWPOLYLINE
  5
2BF
330
17
100
AcDbEntity
  8
HIDDEN
100
AcDbPolyline
 90
3
 70
0
 10
164.732766
 20
66.437518
 10
164.77829739999999
 20
66.3131902
 10
164.8120131
 20
66.2118399
  0
LWPOLYLINE
  5
2C0
330
17
100
AcDbEntity
  8
HIDDEN
100
AcDbPolyline
 90
2
 70
0
 10
164.8124896
 20
66.2103399
 10
164.8729833
 20
66.0
  0
LWPOLYLINE
  5
2C1
330
17
100
AcDbEntity
  8
HIDDEN
100
AcDbPolyline
 90
12
 70
0
 10
165.0
 20
65.0
 10
164.9999991
 20
65.0027344
 10
164.9999963
 20
65.0054687
 10
164.9999916
 20
65.0082031
 10
164.9999848
 20
65.0110351
 10
164.999976
 20
65.01386719999999
 10
164.9999651
 20
65.0166992
 10
164.9999523
 20
65.0195312
 10
164.9999386
 20
65.0221679
 10
164.9999231
 20
65.0248045
 10
164.9677445
 20
65.5069552
 10
164.8729833
 20
66.0
  0
LWPOLYLINE
  5
2C2
330
17
100
AcDbEntity
  8
HIDDEN
100
AcDbPolyline
 90
14
 70
0
 10
165.0
 20
65.0
 10
164.9708355
 20
65.4821467
 10
164.8837673
 20
65.9572627
 10
164.74006500000002
 20
66.4184195
 10
164.54182409999999
 20
66.8588927
 10
164.2919355
 20
67.272259
 10
163.994043
 20
67.6524906
 10
163.6524906
 20
67.994043
 10
163.272259
 20
68.2919355
 10
162.8588927
 20
68.5418241
 10
162.4184195
 20
68.740065
 10
161.9572627
 20
68.8837673
 10
161.4821467
 20
68.97083549999999
 10
161.0
 20
69.0
  0
LWPOLYLINE
  5
2C3
330
17
100
AcDbEntity
  8
HIDDEN
100
AcDbPolyline
 90
14
 70
0
 10
161.0
 20
53.0
 10
161.4821467
 20
53.0291645
 10
161.9572627
 20
53.1162327
 10
162.4184195
 20
53.259935
 10
162.8588927
 20
53.4581759
 10
163.272259
 20
53.7080645
 10
163.6524906
 20
54.005957
 10
163.994043
 20
54.3475094
 10
164.2919355
 20
54.727741
 10
164.54182409999999
 20
55.1411073
 10
164.74006500000002
 20
55.5815805
 10
164.8837673
 20
56.0427373
 10
164.9708355
 20
56.5178533
 10
165.0
 20
57.0
  0
LWPOLYLINE
  5
2C4
330
17
100
AcDbEntity
  8
HIDDEN
100
AcDbPolyline
 90
2
 70
0
 10
165.0
 20
57.0
 10
165.0
 20
65.0
  0
LWPOLYLINE
  5
2C5
330
17
100
AcDbEntity
  8
HIDDEN
100
AcDbPolyline
 90
2
 70
0
 10
165.0
 20
56.0
 10
165.0
 20
57.0
  0
LWPOLYLINE
  5
2C6
330
17
100
AcDbEntity
  8
HIDDEN
100
AcDbPolyline
 90
2
 70
0
 10
165.0
 20
56.0
 10
165.0
 20
57.0
  0
LWPOLYLINE
  5
2C7
330
17
100
AcDbEntity
  8
HIDDEN
100
AcDbPolyline
 90
2
 70
0
 10
165.0
 20
56.0
 10
165.0
 20
57.0
  0
LWPOLYLINE
  5
2C8
330
17
100
AcDbEntity
  8
HIDDEN
100
AcDbPolyline
 90
2
 70
0
 10
165.0
 20
65.0
 10
165.0
 20
66.0
  0
LWPOLYLINE
  5
2C9
330
17
100
AcDbEntity
  8
HIDDEN
100
AcDbPolyline
 90
2
 70
0
 10
165.0
 20
65.0
 10
165.0
 20
66.0
  0
LWPOLYLINE
  5
2CA
330
17
100
AcDbEntity
  8
HIDDEN
100
AcDbPolyline
 90
2
 70
0
 10
165.0
 20
65.0
 10
165.0
 20
66.0
  0
LWPOLYLINE
  5
2CB
330
17
100
AcDbEntity
  8
HIDDEN
100
AcDbPolyline
 90
8
 70
0
 10
165.0
 20
66.0
 10
164.9737407
 20
66.3230286
 10
164.89565249999998
 20
66.6375747
 10
164.7677859
 20
66.9353785
 10
164.5934986
 20
67.20862
 10
164.37736710000001
 20
67.4501241
 10
164.1250671
 20
67.653549
 10
163.8432236
 20
67.8135529
  0
LWPOLYLINE
  5
2CC
330
17
100
AcDbEntity
  8
HIDDEN
100
AcDbPolyline
 90
8
 70
0
 10
163.8432236
 20
67.8135529
 10
164.1250671
 20
67.653549
 10
164.37736710000001
 20
67.4501241
 10
164.5934986
 20
67.20862
 10
164.7677859
 20
66.9353785
 10
164.89565249999998
 20
66.6375747
 10
164.9737407
 20
66.3230286
 10
165.0
 20
66.0
  0
LWPOLYLINE
  5
2CD
330
17
100
AcDbEntity
  8
HIDDEN
100
AcDbPolyline
 90
8
 70
0
 10
165.0
 20
66.0
 10
164.9737407
 20
66.3230286
 10
164.89565249999998
 20
66.6375747
 10
164.7677859
 20
66.9353785
 10
164.5934986
 20
67.20862
 10
164.37736710000001
 20
67.4501241
 10
164.1250671
 20
67.653549
 10
163.8432236
 20
67.8135529
  0
LWPOLYLINE
  5
2CE
330
17
100
AcDbEntity
  8
HIDDEN
100
AcDbPolyline
 90
12
 70
0
 10
165.0
 20
57.0
 10
164.9999991
 20
56.9972656
 10
164.9999963
 20
56.9945313
 10
164.9999916
 20
56.9917969
 10
164.9999848
 20
56.9889649
 10
164.999976
 20
56.9861328
 10
164.9999651
 20
56.9833008
 10
164.9999523
 20
56.9804688
 10
164.9999386
 20
56.9778321
 10
164.9999231
 20
56.9751955
 10
164.9677445
 20
56.4930448
 10
164.8729833
 20
56.0
  0
LWPOLYLINE
  5
2CF
330
17
100
AcDbEntity
  8
HIDDEN
100
AcDbPolyline
 90
2
 70
0
 10
163.9178079
 20
54.263871800000004
 10
163.9423753
 20
54.2903086
  0
LWPOLYLINE
  5
2D0
330
17
100
AcDbEntity
  8
HIDDEN
100
AcDbPolyline
 90
12
 70
0
 10
165.0
 20
57.0
 10
164.9999991
 20
56.9972656
 10
164.9999963
 20
56.9945313
 10
164.9999916
 20
56.9917969
 10
164.9999848
 20
56.9889649
 10
164.999976
 20
56.9861328
 10
164.9999651
 20
56.9833008
 10
164.9999523
 20
56.9804688
 10
164.9999386
 20
56.9778321
 10
164.9999231
 20
56.9751955
 10
164.9677445
 20
56.4930448
 10
164.8729833
 20
56.0
  0
LWPOLYLINE
  5
2D1
330
17
100
AcDbEntity
  8
HIDDEN
100
AcDbPolyline
 90
12
 70
0
 10
165.0
 20
57.0
 10
164.9999991
 20
56.9972656
 10
164.9999963
 20
56.9945313
 10
164.9999916
 20
56.9917969
 10
164.9999848
 20
56.9889649
 10
164.999976
 20
56.9861328
 10
164.9999651
 20
56.9833008
 10
164.9999523
 20
56.9804688
 10
164.9999386
 20
56.9778321
 10
164.9999231
 20
56.9751955
 10
164.9677445
 20
56.4930448
 10
164.8729833
 20
56.0
  0
LWPOLYLINE
  5
2D2
330
17
100
AcDbEntity
  8
HIDDEN
100
AcDbPolyline
 90
2
 70
0
 10
164.8725642
 20
55.998378
 10
164.812616
 20
55.790058
  0
LWPOLYLINE
  5
2D3
330
17
100
AcDbEntity
  8
HIDDEN
100
AcDbPolyline
 90
3
 70
0
 10
164.81149340000002
 20
55.7865266
 10
164.7864834
 20
55.7106034
 10
164.7590635
 20
55.6327249
  0
LWPOLYLINE
  5
2D4
330
17
100
AcDbEntity
  8
HIDDEN
100
AcDbPolyline
 90
2
 70
0
 10
164.6916718
 20
55.4600132
 10
164.6536939
 20
55.3719579
  0
LWPOLYLINE
  5
2D5
330
17
100
AcDbEntity
  8
HIDDEN
100
AcDbPolyline
 90
2
 70
0
 10
164.6536846
 20
55.3719371
 10
164.6195434
 20
55.2973827
  0
LWPOLYLINE
  5
2D6
330
17
100
AcDbEntity
  8
HIDDEN
100
AcDbPolyline
 90
6
 70
0
 10
164.1996041
 20
54.5994722
 10
164.1847936
 20
54.5798575
 10
164.0937511
 20
54.464511
 10
163.9438773
 20
54.2919405
 10
163.8831489
 20
54.2273744
 10
163.8432236
 20
54.1864471
  0
LWPOLYLINE
  5
2D7
330
17
100
AcDbEntity
  8
HIDDEN
100
AcDbPolyline
 90
2
 70
0
 10
163.84328010000002
 20
54.1865042
 10
163.8578805
 20
54.2013362
  0
LWPOLYLINE
  5
2D8
330
17
100
AcDbEntity
  8
HIDDEN
100
AcDbPolyline
 90
2
 70
0
 10
163.9178077
 20
54.2638717
 10
163.9414311
 20
54.2892836
  0
LWPOLYLINE
  5
2D9
330
17
100
AcDbEntity
  8
HIDDEN
100
AcDbPolyline
 90
12
 70
0
 10
165.0
 20
57.0
 10
164.9999991
 20
56.9972656
 10
164.9999963
 20
56.9945313
 10
164.9999916
 20
56.9917969
 10
164.9999848
 20
56.9889649
 10
164.999976
 20
56.9861328
 10
164.9999651
 20
56.9833008
 10
164.9999523
 20
56.9804688
 10
164.9999386
 20
56.9778321
 10
164.9999231
 20
56.9751955
 10
164.9677445
 20
56.4930448
 10
164.8729833
 20
56.0
  0
LWPOLYLINE
  5
2DA
330
17
100
AcDbEntity
  8
HIDDEN
100
AcDbPolyline
 90
8
 70
0
 10
163.8432236
 20
54.1864471
 10
164.1250671
 20
54.346451
 10
164.37736710000001
 20
54.5498759
 10
164.5934986
 20
54.791380000000004
 10
164.7677859
 20
55.0646215
 10
164.89565249999998
 20
55.3624253
 10
164.9737407
 20
55.6769714
 10
165.0
 20
56.0
  0
LWPOLYLINE
  5
2DB
330
17
100
AcDbEntity
  8
HIDDEN
100
AcDbPolyline
 90
8
 70
0
 10
163.8432236
 20
54.1864471
 10
164.1250671
 20
54.346451
 10
164.37736710000001
 20
54.5498759
 10
164.5934986
 20
54.791380000000004
 10
164.7677859
 20
55.0646215
 10
164.89565249999998
 20
55.3624253
 10
164.9737407
 20
55.6769714
 10
165.0
 20
56.0
  0
LWPOLYLINE
  5
2DC
330
17
100
AcDbEntity
  8
HIDDEN
100
AcDbPolyline
 90
8
 70
0
 10
163.8432236
 20
54.1864471
 10
164.1250671
 20
54.346451
 10
164.37736710000001
 20
54.5498759
 10
164.5934986
 20
54.791380000000004
 10
164.7677859
 20
55.0646215
 10
164.89565249999998
 20
55.3624253
 10
164.9737407
 20
55.6769714
 10
165.0
 20
56.0
  0
LWPOLYLINE
  5
2DD
330
17
100
AcDbEntity
  8
HIDDEN
100
AcDbPolyline
 90
2
 70
0
 10
96.0
 20
51.0
 10
116.0
 20
51.0
  0
LWPOLYLINE
  5
2DE
330
17
100
AcDbEntity
  8
HIDDEN
100
AcDbPolyline
 90
2
 70
0
 10
103.75
 20
60.0
 10
103.75
 20
67.0
  0
LWPOLYLINE
  5
2DF
330
17
100
AcDbEntity
  8
HIDDEN
100
AcDbPolyline
 90
2
 70
0
 10
96.0
 20
55.0
 10
116.0
 20
55.0
  0
LWPOLYLINE
  5
2E0
330
17
100
AcDbEntity
  8
HIDDEN
100
AcDbPolyline
 90
2
 70
0
 10
96.0
 20
55.0
 10
116.0
 20
55.0
  0
LWPOLYLINE
  5
2E1
330
17
100
AcDbEntity
  8
HIDDEN
100
AcDbPolyline
 90
2
 70
0
 10
33.7926245
 20
51.0
 10
33.7926245
 20
57.0
  0
LWPOLYLINE
  5
2E2
330
17
100
AcDbEntity
  8
HIDDEN
100
AcDbPolyline
 90
2
 70
0
 10
40.1019653
 20
51.0
 10
40.1019653
 20
57.0
  0
LWPOLYLINE
  5
2E3
330
17
100
AcDbEntity
  8
HIDDEN
100
AcDbPolyline
 90
2
 70
0
 10
41.9758429
 20
57.0
 10
41.9758429
 20
59.0
  0
LWPOLYLINE
  5
2E4
330
17
100
AcDbEntity
  8
HIDDEN
100
AcDbPolyline
 90
2
 70
0
 10
34.418746999999996
 20
57.0
 10
34.418746999999996
 20
59.0
  0
LWPOLYLINE
  5
2E5
330
17
100
AcDbEntity
  8
HIDDEN
100
AcDbPolyline
 90
2
 70
0
 10
40.1019653
 20
51.0
 10
40.1019653
 20
57.0
  0
LWPOLYLINE
  5
2E6
330
17
100
AcDbEntity
  8
HIDDEN
100
AcDbPolyline
 90
2
 70
0
 10
33.7926245
 20
51.0
 10
33.7926245
 20
57.0
  0
LWPOLYLINE
  5
2E7
330
17
100
AcDbEntity
  8
OUTLINE
100
AcDbPolyline
 90
15
 70
0
 10
96.0
 20
71.0
 10
96.0
 20
70.7492791
 10
96.0
 20
70.0096887
 10
96.0
 20
68.8183148
 10
96.0
 20
67.234898
 10
96.0
 20
65.3388374
 10
96.0
 20
63.2252093
 10
96.0
 20
61.0
 10
96.0
 20
58.7747907
 10
96.0
 20
56.6611626
 10
96.0
 20
54.765102
 10
96.0
 20
53.181685200000004
 10
96.0
 20
51.9903113
 10
96.0
 20
51.2507209
 10
96.0
 20
51.0
  0
LWPOLYLINE
  5
2E8
330
17
100
AcDbEntity
  8
OUTLINE
100
AcDbPolyline
 90
2
 70
0
 10
96.0
 20
71.0
 10
116.0
 20
71.0
  0
LWPOLYLINE
  5
2E9
330
17
100
AcDbEntity
  8
OUTLINE
100
AcDbPolyline
 90
15
 70
0
 10
116.0
 20
71.0
 10
116.0
 20
70.7492791
 10
116.0
 20
70.0096887
 10
116.0
 20
68.8183148
 10
116.0
 20
67.234898
 10
116.0
 20
65.3388374
 10
116.0
 20
63.2252093
 10
116.0
 20
61.0
 10
116.0
 20
58.7747907
 10
116.0
 20
56.6611626
 10
116.0
 20
54.765102
 10
116.0
 20
53.181685200000004
 10
116.0
 20
51.9903113
 10
116.0
 20
51.2507209
 10
116.0
 20
51.0
  0
LWPOLYLINE
  5
2EA
330
17
100
AcDbEntity
  8
OUTLINE
100
AcDbPolyline
 90
6
 70
0
 10
147.2583426
 20
66.0
 10
147.4972105
 20
66.7280221
 10
147.7220378
 20
67.2156352
 10
147.9494992
 20
67.577128
 10
148.013813
 20
67.6587412
 10
148.078374
 20
67.7320508
  0
LWPOLYLINE
  5
2EB
330
17
100
AcDbEntity
  8
OUTLINE
100
AcDbPolyline
 90
2
 70
0
 10
148.2812936
 20
67.9340476
 10
148.3542487
 20
68.0
  0
LWPOLYLINE
  5
2EC
330
17
100
AcDbEntity
  8
OUTLINE
100
AcDbPolyline
 90
2
 70
0
 10
116.0
 20
68.0
 10
148.3542487
 20
68.0
  0
LWPOLYLINE
  5
2ED
330
17
100
AcDbEntity
  8
OUTLINE
100
AcDbPolyline
 90
6
 70
0
 10
147.3463699
 20
66.3024868
 10
147.5231857
 20
66.7922669
 10
147.7495753
 20
67.2658203
 10
147.9768141
 20
67.6128485
 10
148.0274876
 20
67.6749841
 10
148.078374
 20
67.7320508
  0
LWPOLYLINE
  5
2EE
330
17
100
AcDbEntity
  8
OUTLINE
100
AcDbPolyline
 90
2
 70
0
 10
148.12802779999998
 20
67.7842011
 10
148.1345372
 20
67.7909
  0
LWPOLYLINE
  5
2EF
330
17
100
AcDbEntity
  8
OUTLINE
100
AcDbPolyline
 90
2
 70
0
 10
148.1023725
 20
67.7574907
 10
148.1359093
 20
67.7923081
  0
LWPOLYLINE
  5
2F0
330
17
100
AcDbEntity
  8
OUTLINE
100
AcDbPolyline
 90
2
 70
0
 10
148.2659266
 20
67.9197333
 10
148.2662812
 20
67.9200653
  0
LWPOLYLINE
  5
2F1
330
17
100
AcDbEntity
  8
OUTLINE
100
AcDbPolyline
 90
2
 70
0
 10
148.2779971
 20
67.9309896
 10
148.3542487
 20
68.0
  0
LWPOLYLINE
  5
2F2
330
17
100
AcDbEntity
  8
OUTLINE
100
AcDbPolyline
 90
2
 70
0
 10
46.1288656
 20
57.0
 10
96.0
 20
57.0
  0
LWPOLYLINE
  5
2F3
330
17
100
AcDbEntity
  8
OUTLINE
100
AcDbPolyline
 90
2
 70
0
 10
46.1288656
 20
57.0
 10
46.1288656
 20
51.0
  0
LWPOLYLINE
  5
2F4
330
17
100
AcDbEntity
  8
OUTLINE
100
AcDbPolyline
 90
2
 70
0
 10
46.1288656
 20
51.0
 10
96.0
 20
51.0
  0
LWPOLYLINE
  5
2F5
330
17
100
AcDbEntity
  8
OUTLINE
100
AcDbPolyline
 90
2
 70
0
 10
39.669898599999996
 20
57.0
 10
46.1288656
 20
57.0
  0
LWPOLYLINE
  5
2F6
330
17
100
AcDbEntity
  8
OUTLINE
100
AcDbPolyline
 90
2
 70
0
 10
29.020922
 20
57.0
 10
39.669898599999996
 20
57.0
  0
LWPOLYLINE
  5
2F7
330
17
100
AcDbEntity
  8
OUTLINE
100
AcDbPolyline
 90
4
 70
0
 10
147.2583426
 20
56.0
 10
147.1855685
 20
56.329096
 10
147.1416824
 20
56.6632729
 10
147.1270167
 20
57.0
  0
LWPOLYLINE
  5
2F8
330
17
100
AcDbEntity
  8
OUTLINE
100
AcDbPolyline
 90
2
 70
0
 10
147.1270167
 20
57.0
 10
147.1270167
 20
65.0
  0
LWPOLYLINE
  5
2F9
330
17
100
AcDbEntity
  8
OUTLINE
100
AcDbPolyline
 90
4
 70
0
 10
147.1270167
 20
65.0
 10
147.1416824
 20
65.3367271
 10
147.1855685
 20
65.67090400000001
 10
147.2583426
 20
66.0
  0
LWPOLYLINE
  5
2FA
330
17
100
AcDbEntity
  8
OUTLINE
100
AcDbPolyline
 90
4
 70
0
 10
147.2583426
 20
56.0
 10
147.1855685
 20
56.329096
 10
147.1416824
 20
56.6632729
 10
147.1270167
 20
57.0
  0
LWPOLYLINE
  5
2FB
330
17
100
AcDbEntity
  8
OUTLINE
100
AcDbPolyline
 90
4
 70
0
 10
147.2583426
 20
66.0
 10
147.1855685
 20
65.67090400000001
 10
147.1416824
 20
65.3367271
 10
147.1270167
 20
65.0
  0
LWPOLYLINE
  5
2FC
330
17
100
AcDbEntity
  8
OUTLINE
100
AcDbPolyline
 90
8
 70
0
 10
151.0
 20
69.0
 10
150.5331142
 20
68.9726588
 10
150.0726109
 20
68.8910088
 10
149.6247857
 20
68.7561664
 10
149.1957605
 20
68.5699748
 10
148.7914004
 20
68.3349794
 10
148.4172332
 20
68.0543928
 10
148.078374
 20
67.7320508
  0
LWPOLYLINE
  5
2FD
330
17
100
AcDbEntity
  8
OUTLINE
100
AcDbPolyline
 90
6
 70
0
 10
147.2583426
 20
56.0
 10
147.4972105
 20
55.2719779
 10
147.7220378
 20
54.7843648
 10
147.9494992
 20
54.422872
 10
148.013813
 20
54.3412588
 10
148.078374
 20
54.267949200000004
  0
LWPOLYLINE
  5
2FE
330
17
100
AcDbEntity
  8
OUTLINE
100
AcDbPolyline
 90
2
 70
0
 10
148.1023725
 20
54.2425093
 10
148.1359093
 20
54.2076919
  0
LWPOLYLINE
  5
2FF
330
17
100
AcDbEntity
  8
OUTLINE
100
AcDbPolyline
 90
2
 70
0
 10
148.2659266
 20
54.0802667
 10
148.2662812
 20
54.0799347
  0
LWPOLYLINE
  5
300
330
17
100
AcDbEntity
  8
OUTLINE
100
AcDbPolyline
 90
2
 70
0
 10
148.2779971
 20
54.069010399999996
 10
148.2999534
 20
54.0487717
  0
LWPOLYLINE
  5
301
330
17
100
AcDbEntity
  8
OUTLINE
100
AcDbPolyline
 90
2
 70
0
 10
148.12802779999998
 20
54.2157989
 10
148.1345372
 20
54.2091
  0
LWPOLYLINE
  5
302
330
17
100
AcDbEntity
  8
OUTLINE
100
AcDbPolyline
 90
6
 70
0
 10
147.2583426
 20
56.0
 10
147.4972105
 20
55.2719779
 10
147.7220378
 20
54.7843648
 10
147.9494992
 20
54.422872
 10
148.013813
 20
54.3412588
 10
148.078374
 20
54.267949200000004
  0
LWPOLYLINE
  5
303
330
17
100
AcDbEntity
  8
OUTLINE
100
AcDbPolyline
 90
2
 70
0
 10
148.2812936
 20
54.0659524
 10
148.3542487
 20
54.0
  0
LWPOLYLINE
  5
304
330
17
100
AcDbEntity
  8
OUTLINE
100
AcDbPolyline
 90
2
 70
0
 10
116.0
 20
54.0
 10
148.3542487
 20
54.0
  0
LWPOLYLINE
  5
305
330
17
100
AcDbEntity
  8
OUTLINE
100
AcDbPolyline
 90
2
 70
0
 10
39.669898599999996
 20
51.0
 10
46.1288656
 20
51.0
  0
LWPOLYLINE
  5
306
330
17
100
AcDbEntity
  8
OUTLINE
100
AcDbPolyline
 90
2
 70
0
 10
39.669898599999996
 20
51.0
 10
39.669898599999996
 20
57.0
  0
LWPOLYLINE
  5
307
330
17
100
AcDbEntity
  8
OUTLINE
100
AcDbPolyline
 90
2
 70
0
 10
29.020922
 20
51.0
 10
39.669898599999996
 20
51.0
  0
LWPOLYLINE
  5
308
330
17
100
AcDbEntity
  8
OUTLINE
100
AcDbPolyline
 90
2
 70
0
 10
29.020922
 20
51.0
 10
29.020922
 20
57.0
  0
LWPOLYLINE
  5
309
330
17
100
AcDbEntity
  8
OUTLINE
100
AcDbPolyline
 90
15
 70
0
 10
34.527255800000006
 20
59.0
 10
34.5127121
 20
59.0
 10
34.49913170000001
 20
59.0
 10
34.486540500000004
 20
59.0
 10
34.4749623
 20
59.0
 10
34.4644193
 20
59.0
 10
34.45493140000001
 20
59.0
 10
34.4465168
 20
59.0
 10
34.43919150000001
 20
59.0
 10
34.432969400000005
 20
59.0
 10
34.4278623
 20
59.0
 10
34.423880100000005
 20
59.0
 10
34.421030200000004
 20
59.0
 10
34.4193181
 20
59.0
 10
34.418746999999996
 20
59.0
  0
LWPOLYLINE
  5
30A
330
17
100
AcDbEntity
  8
OUTLINE
100
AcDbPolyline
 90
15
 70
0
 10
34.418746999999996
 20
59.0
 10
34.4201568
 20
59.0
 10
34.4243798
 20
59.0
 10
34.43139600000001
 20
59.0
 10
34.4411724
 20
59.0
 10
34.453663199999994
 20
59.0
 10
34.4688096
 20
59.0
 10
34.486540500000004
 20
59.0
 10
34.5067725
 20
59.0
 10
34.5294105
 20
59.0
 10
34.5543481
 20
59.0
 10
34.5814682
 20
59.0
 10
34.61064330000001
 20
59.0
 10
34.6417364
 20
59.0
 10
34.674601100000004
 20
59.0
  0
LWPOLYLINE
  5
30B
330
17
100
AcDbEntity
  8
OUTLINE
100
AcDbPolyline
 90
2
 70
0
 10
34.674601100000004
 20
59.0
 10
39.42568300000001
 20
59.0
  0
LWPOLYLINE
  5
30C
330
17
100
AcDbEntity
  8
OUTLINE
100
AcDbPolyline
 90
15
 70
0
 10
40.261320100000006
 20
59.0
 10
40.2196976
 20
59.0
 10
40.1724177
 20
59.0
 10
40.120075099999994
 20
59.0
 10
40.063327799999996
 20
59.0
 10
40.0028897
 20
59.0
 10
39.9395207
 20
59.0
 10
39.874017800000004
 20
59.0
 10
39.8072045
 20
59.0
 10
39.739921300000006
 20
59.0
 10
39.6730142
 20
59.0
 10
39.6073246
 20
59.0
 10
39.5436785
 20
59.0
 10
39.4828765
 20
59.0
 10
39.42568300000001
 20
59.0
  0
LWPOLYLINE
  5
30D
330
17
100
AcDbEntity
  8
OUTLINE
100
AcDbPolyline
 90
2
 70
0
 10
40.261320100000006
 20
59.0
 10
41.8673341
 20
59.0
  0
LWPOLYLINE
  5
30E
330
17
100
AcDbEntity
  8
OUTLINE
100
AcDbPolyline
 90
15
 70
0
 10
41.8673341
 20
59.0
 10
41.8818777
 20
59.0
 10
41.8954581
 20
59.0
 10
41.9080494
 20
59.0
 10
41.9196275
 20
59.0
 10
41.9301706
 20
59.0
 10
41.9396584
 20
59.0
 10
41.948073
 20
59.0
 10
41.9553984
 20
59.0
 10
41.9616205
 20
59.0
 10
41.9667275
 20
59.0
 10
41.9707098
 20
59.0
 10
41.9735597
 20
59.0
 10
41.9752718
 20
59.0
 10
41.9758429
 20
59.0
  0
LWPOLYLINE
  5
30F
330
17
100
AcDbEntity
  8
OUTLINE
100
AcDbPolyline
 90
15
 70
0
 10
41.9758429
 20
59.0
 10
41.9752718
 20
59.0
 10
41.9735597
 20
59.0
 10
41.9707098
 20
59.0
 10
41.9667275
 20
59.0
 10
41.9616205
 20
59.0
 10
41.9553984
 20
59.0
 10
41.948073
 20
59.0
 10
41.9396584
 20
59.0
 10
41.9301706
 20
59.0
 10
41.9196275
 20
59.0
 10
41.9080494
 20
59.0
 10
41.8954581
 20
59.0
 10
41.8818777
 20
59.0
 10
41.8673341
 20
59.0
  0
LWPOLYLINE
  5
310
330
17
100
AcDbEntity
  8
OUTLINE
100
AcDbPolyline
 90
8
 70
0
 10
151.0
 20
53.0
 10
150.5331142
 20
53.0273412
 10
150.0726109
 20
53.1089912
 10
149.6247857
 20
53.2438336
 10
149.1957605
 20
53.4300252
 10
148.7914004
 20
53.6650206
 10
148.4172332
 20
53.9456072
 10
148.078374
 20
54.267949200000004
  0
LWPOLYLINE
  5
311
330
17
100
AcDbEntity
  8
OUTLINE
100
AcDbPolyline
 90
2
 70
0
 10
151.0
 20
69.0
 10
161.0
 20
69.0
  0
LWPOLYLINE
  5
312
330
17
100
AcDbEntity
  8
OUTLINE
100
AcDbPolyline
 90
2
 70
0
 10
151.0
 20
53.0
 10
161.0
 20
53.0
  0
LWPOLYLINE
  5
313
330
17
100
AcDbEntity
  8
OUTLINE
100
AcDbPolyline
 90
14
 70
0
 10
161.0
 20
69.0
 10
161.4821467
 20
68.97083549999999
 10
161.9572627
 20
68.8837673
 10
162.4184195
 20
68.740065
 10
162.8588927
 20
68.5418241
 10
163.272259
 20
68.2919355
 10
163.6524906
 20
67.994043
 10
163.994043
 20
67.6524906
 10
164.2919355
 20
67.272259
 10
164.54182409999999
 20
66.8588927
 10
164.74006500000002
 20
66.4184195
 10
164.8837673
 20
65.9572627
 10
164.9708355
 20
65.4821467
 10
165.0
 20
65.0
  0
LWPOLYLINE
  5
314
330
17
100
AcDbEntity
  8
OUTLINE
100
AcDbPolyline
 90
14
 70
0
 10
164.8729833
 20
66.0
 10
164.8479692
 20
66.0923063
 10
164.8275949
 20
66.1616872
 10
164.7589956
 20
66.3674619
 10
164.6231849
 20
66.6948544
 10
164.51602309999998
 20
66.9072445
 10
164.4208363
 20
67.0731327
 10
164.3423804
 20
67.1973833
 10
164.2661605
 20
67.3091548
 10
164.1847936
 20
67.4201425
 10
164.0937511
 20
67.535489
 10
163.9438773
 20
67.7080595
 10
163.8831489
 20
67.7726256
 10
163.8432236
 20
67.8135529
  0
LWPOLYLINE
  5
315
330
17
100
AcDbEntity
  8
OUTLINE
100
AcDbPolyline
 90
2
 70
0
 10
164.0663053
 20
67.5686128
 10
164.08608
 20
67.5448203
  0
LWPOLYLINE
  5
316
330
17
100
AcDbEntity
  8
OUTLINE
100
AcDbPolyline
 90
2
 70
0
 10
164.2113812
 20
67.3847497
 10
164.253267
 20
67.3272846
  0
LWPOLYLINE
  5
317
330
17
100
AcDbEntity
  8
OUTLINE
100
AcDbPolyline
 90
3
 70
0
 10
164.3660956
 20
67.1608795
 10
164.419683
 20
67.0750345
 10
164.4484168
 20
67.0269242
  0
LWPOLYLINE
  5
318
330
17
100
AcDbEntity
  8
OUTLINE
100
AcDbPolyline
 90
2
 70
0
 10
164.539382
 20
66.8635384
 10
164.5410865
 20
66.86029740000001
  0
LWPOLYLINE
  5
319
330
17
100
AcDbEntity
  8
OUTLINE
100
AcDbPolyline
 90
3
 70
0
 10
164.5479013
 20
66.8472672
 10
164.5777088
 20
66.7888544
 10
164.6525821
 20
66.6305349
  0
LWPOLYLINE
  5
31A
330
17
100
AcDbEntity
  8
OUTLINE
100
AcDbPolyline
 90
2
 70
0
 10
164.73597949999998
 20
66.4291457
 10
164.73696710000002
 20
66.4265612
  0
LWPOLYLINE
  5
31B
330
17
100
AcDbEntity
  8
OUTLINE
100
AcDbPolyline
 90
2
 70
0
 10
164.8111367
 20
66.2145933
 10
164.83091050000002
 20
66.1507063
  0
LWPOLYLINE
  5
31C
330
17
100
AcDbEntity
  8
OUTLINE
100
AcDbPolyline
 90
2
 70
0
 10
164.812616
 20
66.209942
 10
164.81149340000002
 20
66.2134734
  0
LWPOLYLINE
  5
31D
330
17
100
AcDbEntity
  8
OUTLINE
100
AcDbPolyline
 90
2
 70
0
 10
164.7590639
 20
66.367274
 10
164.6916718
 20
66.5399868
  0
LWPOLYLINE
  5
31E
330
17
100
AcDbEntity
  8
OUTLINE
100
AcDbPolyline
 90
2
 70
0
 10
164.6536939
 20
66.6280421
 10
164.6536846
 20
66.6280629
  0
LWPOLYLINE
  5
31F
330
17
100
AcDbEntity
  8
OUTLINE
100
AcDbPolyline
 90
5
 70
0
 10
164.6195434
 20
66.7026173
 10
164.4208363
 20
67.0731327
 10
164.3423804
 20
67.1973833
 10
164.2661605
 20
67.3091548
 10
164.1996041
 20
67.4005278
  0
LWPOLYLINE
  5
320
330
17
100
AcDbEntity
  8
OUTLINE
100
AcDbPolyline
 90
2
 70
0
 10
164.2635268
 20
67.3128754
 10
164.2641201
 20
67.3120381
  0
LWPOLYLINE
  5
321
330
17
100
AcDbEntity
  8
OUTLINE
100
AcDbPolyline
 90
2
 70
0
 10
164.3615535
 20
67.1679386
 10
164.4091879
 20
67.0922327
  0
LWPOLYLINE
  5
322
330
17
100
AcDbEntity
  8
OUTLINE
100
AcDbPolyline
 90
4
 70
0
 10
164.4607671
 20
67.0057645
 10
164.5737167
 20
66.7968163
 10
164.5833809
 20
66.7774648
 10
164.6221654
 20
66.69703200000001
  0
LWPOLYLINE
  5
323
330
17
100
AcDbEntity
  8
OUTLINE
100
AcDbPolyline
 90
2
 70
0
 10
164.7309108
 20
66.4423261
 10
164.732766
 20
66.437518
  0
LWPOLYLINE
  5
324
330
17
100
AcDbEntity
  8
OUTLINE
100
AcDbPolyline
 90
2
 70
0
 10
164.8120131
 20
66.2118399
 10
164.8124896
 20
66.2103399
  0
LWPOLYLINE
  5
325
330
17
100
AcDbEntity
  8
OUTLINE
100
AcDbPolyline
 90
14
 70
0
 10
161.0
 20
53.0
 10
161.4821467
 20
53.0291645
 10
161.9572627
 20
53.1162327
 10
162.4184195
 20
53.259935
 10
162.8588927
 20
53.4581759
 10
163.272259
 20
53.7080645
 10
163.6524906
 20
54.005957
 10
163.994043
 20
54.3475094
 10
164.2919355
 20
54.727741
 10
164.54182409999999
 20
55.1411073
 10
164.74006500000002
 20
55.5815805
 10
164.8837673
 20
56.0427373
 10
164.9708355
 20
56.5178533
 10
165.0
 20
57.0
  0
LWPOLYLINE
  5
326
330
17
100
AcDbEntity
  8
OUTLINE
100
AcDbPolyline
 90
2
 70
0
 10
165.0
 20
57.0
 10
165.0
 20
65.0
  0
LWPOLYLINE
  5
327
330
17
100
AcDbEntity
  8
OUTLINE
100
AcDbPolyline
 90
2
 70
0
 10
165.0
 20
56.0
 10
165.0
 20
57.0
  0
LWPOLYLINE
  5
328
330
17
100
AcDbEntity
  8
OUTLINE
100
AcDbPolyline
 90
2
 70
0
 10
165.0
 20
65.0
 10
165.0
 20
66.0
  0
LWPOLYLINE
  5
329
330
17
100
AcDbEntity
  8
OUTLINE
100
AcDbPolyline
 90
8
 70
0
 10
163.8432236
 20
67.8135529
 10
164.1250671
 20
67.653549
 10
164.37736710000001
 20
67.4501241
 10
164.5934986
 20
67.20862
 10
164.7677859
 20
66.9353785
 10
164.89565249999998
 20
66.6375747
 10
164.9737407
 20
66.3230286
 10
165.0
 20
66.0
  0
LWPOLYLINE
  5
32A
330
17
100
AcDbEntity
  8
OUTLINE
100
AcDbPolyline
 90
14
 70
0
 10
164.8729833
 20
56.0
 10
164.8479692
 20
55.9076937
 10
164.8275949
 20
55.8383128
 10
164.7589956
 20
55.6325381
 10
164.6231849
 20
55.3051456
 10
164.51602309999998
 20
55.0927555
 10
164.4208363
 20
54.9268673
 10
164.3423804
 20
54.8026167
 10
164.2661605
 20
54.6908452
 10
164.1847936
 20
54.5798575
 10
164.0937511
 20
54.464511
 10
163.9438773
 20
54.2919405
 10
163.8831489
 20
54.2273744
 10
163.8432236
 20
54.1864471
  0
LWPOLYLINE
  5
32B
330
17
100
AcDbEntity
  8
OUTLINE
100
AcDbPolyline
 90
4
 70
0
 10
163.8432236
 20
54.1864471
 10
163.8681699
 20
54.2118821
 10
163.8858495
 20
54.2301855
 10
163.9178079
 20
54.263871800000004
  0
LWPOLYLINE
  5
32C
330
17
100
AcDbEntity
  8
OUTLINE
100
AcDbPolyline
 90
13
 70
0
 10
163.9423753
 20
54.2903086
 10
163.9442211
 20
54.2923143
 10
164.0935398
 20
54.4642533
 10
164.18497969999999
 20
54.5801024
 10
164.266218
 20
54.6909267
 10
164.3429034
 20
54.8034124
 10
164.4210025
 20
54.9271415
 10
164.5165831
 20
55.0937883
 10
164.6236857
 20
55.3062166
 10
164.7591136
 20
55.6328624
 10
164.8282508
 20
55.840476100000004
 10
164.8486443
 20
55.9100747
 10
164.8729833
 20
56.0
  0
LWPOLYLINE
  5
32D
330
17
100
AcDbEntity
  8
OUTLINE
100
AcDbPolyline
 90
2
 70
0
 10
164.8729833
 20
56.0
 10
164.8725642
 20
55.998378
  0
LWPOLYLINE
  5
32E
330
17
100
AcDbEntity
  8
OUTLINE
100
AcDbPolyline
 90
2
 70
0
 10
164.812616
 20
55.790058
 10
164.81149340000002
 20
55.7865266
  0
LWPOLYLINE
  5
32F
330
17
100
AcDbEntity
  8
OUTLINE
100
AcDbPolyline
 90
2
 70
0
 10
164.7590635
 20
55.6327249
 10
164.6916718
 20
55.4600132
  0
LWPOLYLINE
  5
330
330
17
100
AcDbEntity
  8
OUTLINE
100
AcDbPolyline
 90
2
 70
0
 10
164.6536939
 20
55.3719579
 10
164.6536846
 20
55.3719371
  0
LWPOLYLINE
  5
331
330
17
100
AcDbEntity
  8
OUTLINE
100
AcDbPolyline
 90
5
 70
0
 10
164.6195434
 20
55.2973827
 10
164.4208363
 20
54.9268673
 10
164.3423804
 20
54.8026167
 10
164.2661605
 20
54.6908452
 10
164.1996041
 20
54.5994722
  0
LWPOLYLINE
  5
332
330
17
100
AcDbEntity
  8
OUTLINE
100
AcDbPolyline
 90
2
 70
0
 10
163.8432236
 20
54.1864471
 10
163.84328010000002
 20
54.1865042
  0
LWPOLYLINE
  5
333
330
17
100
AcDbEntity
  8
OUTLINE
100
AcDbPolyline
 90
4
 70
0
 10
163.8578805
 20
54.2013362
 10
163.8681699
 20
54.2118821
 10
163.8858495
 20
54.2301855
 10
163.9178077
 20
54.2638717
  0
LWPOLYLINE
  5
334
330
17
100
AcDbEntity
  8
OUTLINE
100
AcDbPolyline
 90
13
 70
0
 10
163.9414311
 20
54.2892836
 10
163.9442211
 20
54.2923143
 10
164.0935398
 20
54.4642533
 10
164.18497969999999
 20
54.5801024
 10
164.266218
 20
54.6909267
 10
164.3422045
 20
54.8023492
 10
164.4190228
 20
54.9238779
 10
164.5884549
 20
55.2328012
 10
164.7295851
 20
55.5542494
 10
164.7441081
 20
55.592287400000004
 10
164.7569344
 20
55.6268854
 10
164.7694411
 20
55.6616002
 10
164.8729833
 20
56.0
  0
LWPOLYLINE
  5
335
330
17
100
AcDbEntity
  8
OUTLINE
100
AcDbPolyline
 90
8
 70
0
 10
163.8432236
 20
54.1864471
 10
164.1250671
 20
54.346451
 10
164.37736710000001
 20
54.5498759
 10
164.5934986
 20
54.791380000000004
 10
164.7677859
 20
55.0646215
 10
164.89565249999998
 20
55.3624253
 10
164.9737407
 20
55.6769714
 10
165.0
 20
56.0
  0
LWPOLYLINE
  5
336
330
17
100
AcDbEntity
  8
OUTLINE
100
AcDbPolyline
 90
2
 70
0
 10
96.0
 20
51.0
 10
116.0
 20
51.0
  0
LWPOLYLINE
  5
337
330
17
100
AcDbEntity
  8
OUTLINE
100
AcDbPolyline
 90
2
 70
0
 10
34.418746999999996
 20
57.0
 10
34.418746999999996
 20
59.0
  0
LWPOLYLINE
  5
338
330
17
100
AcDbEntity
  8
OUTLINE
100
AcDbPolyline
 90
2
 70
0
 10
41.9758429
 20
57.0
 10
41.9758429
 20
59.0
  0
LINE
  5
339
330
17
100
AcDbEntity
  8
DIM
100
AcDbLine
 10
165.0
 20
51.0
 30
0.0
 11
188.5
 21
51.0
 31
0.0
  0
LINE
  5
33A
330
17
100
AcDbEntity
  8
DIM
100
AcDbLine
 10
165.0
 20
71.0
 30
0.0
 11
188.5
 21
71.0
 31
0.0
  0
LINE
  5
33B
330
17
100
AcDbEntity
  8
DIM
100
AcDbLine
 10
187.0
 20
51.0
 30
0.0
 11
187.0
 21
71.0
 31
0.0
  0
LINE
  5
33C
330
17
100
AcDbEntity
  8
DIM
100
AcDbLine
 10
187.0
 20
51.0
 30
0.0
 11
187.68579561491092
 21
52.87874542569476
 31
0.0
  0
LINE
  5
33D
330
17
100
AcDbEntity
  8
DIM
100
AcDbLine
 10
187.0
 20
51.0
 30
0.0
 11
186.31420438508908
 21
52.87874542569476
 31
0.0
  0
LINE
  5
33E
330
17
100
AcDbEntity
  8
DIM
100
AcDbLine
 10
187.0
 20
71.0
 30
0.0
 11
186.31420438508908
 21
69.12125457430524
 31
0.0
  0
LINE
  5
33F
330
17
100
AcDbEntity
  8
DIM
100
AcDbLine
 10
187.0
 20
71.0
 30
0.0
 11
187.68579561491092
 21
69.12125457430524
 31
0.0
  0
TEXT
  5
340
330
17
100
AcDbEntity
  8
TEXT
100
AcDbText
 10
185.2
 20
61.0
 30
0.0
 40
2.8
  1
20 总高
 50
90.0
  7
CJK
 72
1
 11
185.2
 21
61.0
 31
0.0
100
AcDbText
  0
TEXT
  5
341
330
17
100
AcDbEntity
  8
TEXT
100
AcDbText
 10
103.0
 20
46.0
 30
0.0
 40
2.7
  1
前视 -Y | 1:1
  7
CJK
 72
1
 11
103.0
 21
46.0
 31
0.0
100
AcDbText
  0
LWPOLYLINE
  5
342
330
17
100
AcDbEntity
  8
TANGENT
100
AcDbPolyline
 90
5
 70
0
 10
338.8346843818457
 20
203.79764685529273
 10
338.74498846051745
 20
203.7379482629766
 10
338.66592604560816
 20
203.70971600188915
 10
338.5986950797971
 20
203.70742440697282
 10
338.560581225784
 20
203.7176237621372
  0
LWPOLYLINE
  5
343
330
17
100
AcDbEntity
  8
TANGENT
100
AcDbPolyline
 90
2
 70
0
 10
338.8346843818457
 20
203.79764685529273
 10
351.59318923797053
 20
198.67354368668467
  0
LWPOLYLINE
  5
344
330
17
100
AcDbEntity
  8
TANGENT
100
AcDbPolyline
 90
6
 70
0
 10
338.8346843818457
 20
203.79764685529273
 10
338.7175750044304
 20
203.85617229045786
 10
338.6016405125338
 20
203.93814049596824
 10
338.4930030419358
 20
204.04113499314835
 10
338.3978922549512
 20
204.16059498739796
 10
338.312933201085
 20
204.30842705664918
  0
LWPOLYLINE
  5
345
330
17
100
AcDbEntity
  8
TANGENT
100
AcDbPolyline
 90
6
 70
0
 10
341.26589356743773
 20
206.72735060017794
 10
341.33796024863335
 20
206.59870433164764
 10
341.43021400705
 20
206.4776055138624
 10
341.53814623008225
 20
206.37086501874037
 10
341.65577077139096
 20
206.28414405949468
 10
341.7876447481984
 20
206.2165703988215
  0
LWPOLYLINE
  5
346
330
17
100
AcDbEntity
  8
TANGENT
100
AcDbPolyline
 90
2
 70
0
 10
338.8346843818457
 20
203.79764685529273
 10
341.7876447481984
 20
206.2165703988215
  0
LWPOLYLINE
  5
347
330
17
100
AcDbEntity
  8
TANGENT
100
AcDbPolyline
 90
2
 70
0
 10
371.2841685573221
 20
227.9316442107647
 10
381.2145211625883
 20
223.94339071459268
  0
LWPOLYLINE
  5
348
330
17
100
AcDbEntity
  8
TANGENT
100
AcDbPolyline
 90
2
 70
0
 10
368.36428808214635
 20
227.98688210671156
 10
381.12279293827123
 20
222.86277890132973
  0
LWPOLYLINE
  5
349
330
17
100
AcDbEntity
  8
TANGENT
100
AcDbPolyline
 90
6
 70
0
 10
368.72962217068914
 20
228.5873794478677
 10
368.6669063264427
 20
228.41749719457152
 10
368.58527640294074
 20
228.2571855383378
 10
368.49186952908354
 20
228.11960368238968
 10
368.42883901159587
 20
228.04685414886075
 10
368.36428808214635
 20
227.98688210671156
  0
LWPOLYLINE
  5
34A
330
17
100
AcDbEntity
  8
TANGENT
100
AcDbPolyline
 90
6
 70
0
 10
342.15297883674117
 20
206.81706773997766
 10
342.09026299249473
 20
206.64718548668145
 10
342.0086330689927
 20
206.48687383044776
 10
341.9152261951356
 20
206.3492919744996
 10
341.8521956776479
 20
206.2765424409707
 10
341.7876447481984
 20
206.2165703988215
  0
LWPOLYLINE
  5
34B
330
17
100
AcDbEntity
  8
TANGENT
100
AcDbPolyline
 90
6
 70
0
 10
367.8425369013857
 20
228.49766230806802
 10
367.9146035825813
 20
228.3690160395377
 10
368.006857340998
 20
228.24791722175246
 10
368.1147895640302
 20
228.14117672663045
 10
368.232414105339
 20
228.05445576738472
 10
368.36428808214635
 20
227.98688210671156
  0
LWPOLYLINE
  5
34C
330
17
100
AcDbEntity
  8
TANGENT
100
AcDbPolyline
 90
2
 70
0
 10
344.7075252233741
 20
206.16133250287464
 10
354.598318066345
 20
202.18896708186801
  0
LWPOLYLINE
  5
34D
330
17
100
AcDbEntity
  8
TANGENT
100
AcDbPolyline
 90
2
 70
0
 10
341.7876447481984
 20
206.2165703988215
 10
354.5461496043232
 20
201.09246719343966
  0
LWPOLYLINE
  5
34E
330
17
100
AcDbEntity
  8
TANGENT
100
AcDbPolyline
 90
6
 70
0
 10
365.4113277157937
 20
225.5679585631828
 10
365.29421833837836
 20
225.62648399834794
 10
365.17828384648175
 20
225.7084522038583
 10
365.06964633911
 20
225.8114467010384
 10
364.9745355888992
 20
225.93090669528803
 10
364.88957653503303
 20
226.07873880131302
  0
LWPOLYLINE
  5
34F
330
17
100
AcDbEntity
  8
TANGENT
100
AcDbPolyline
 90
2
 70
0
 10
365.4113277157937
 20
225.5679585631828
 10
368.36428808214635
 20
227.98688210671156
  0
LWPOLYLINE
  5
350
330
17
100
AcDbEntity
  8
TANGENT
100
AcDbPolyline
 90
5
 70
0
 10
365.4113277157937
 20
225.5679585631828
 10
365.3216317944654
 20
225.50825997086667
 10
365.24256937955613
 20
225.4800277097792
 10
365.17533841374507
 20
225.47773611486286
 10
365.137224559732
 20
225.48793547002728
  0
LWPOLYLINE
  5
351
330
17
100
AcDbEntity
  8
TANGENT
100
AcDbPolyline
 90
2
 70
0
 10
365.4113277157937
 20
225.5679585631828
 10
378.1698325719185
 20
220.44385539457474
  0
LWPOLYLINE
  5
352
330
17
100
AcDbEntity
  8
TANGENT
100
AcDbPolyline
 90
2
 70
0
 10
373.7517262715861
 20
229.9529491546759
 10
381.2145211625883
 20
226.95572249693487
  0
LWPOLYLINE
  5
353
330
17
100
AcDbEntity
  8
TANGENT
100
AcDbPolyline
 90
8
 70
0
 10
352.17925158313074
 20
197.87944187792777
 10
352.01310385435687
 20
197.95768056014998
 10
351.84657150861096
 20
198.05989019452923
 10
351.6838698875976
 20
198.1849413847135
 10
351.52949896208384
 20
198.33059626228004
 10
351.38791777361877
 20
198.493537207058
 10
351.34244228677437
 20
198.5534998718931
 10
351.2991609075537
 20
198.6148544978742
  0
LWPOLYLINE
  5
354
330
17
100
AcDbEntity
  8
TANGENT
100
AcDbPolyline
 90
6
 70
0
 10
352.17925158313074
 20
197.87944187792777
 10
352.0519150495728
 20
197.78893627149668
 10
351.93426432533226
 20
197.73067579142128
 10
351.827867922476
 20
197.7010784140477
 10
351.7328910656006
 20
197.69624233092537
 10
351.63104527100734
 20
197.71939569161674
  0
LWPOLYLINE
  5
355
330
17
100
AcDbEntity
  8
TANGENT
100
AcDbPolyline
 90
2
 70
0
 10
354.56005645528114
 20
202.50556701176595
 10
376.86589237510196
 20
220.7774380815411
  0
LWPOLYLINE
  5
356
330
17
100
AcDbEntity
  8
TANGENT
100
AcDbPolyline
 90
8
 70
0
 10
381.25061606249494
 20
223.14965024500466
 10
381.38053437287243
 20
222.97753321228328
 10
381.52697260551486
 20
222.81887420652671
 10
381.68588913805746
 20
222.67799764047308
 10
381.85275270524585
 20
222.5583676778092
 10
382.0228962730275
 20
222.46236957627076
 10
382.0767473561577
 20
222.4371177197854
 10
382.130706738072
 20
222.4142376250582
  0
LWPOLYLINE
  5
357
330
17
100
AcDbEntity
  8
TANGENT
100
AcDbPolyline
 90
2
 70
0
 10
352.17925158313074
 20
197.87944187792777
 10
382.130706738072
 20
222.4142376250582
  0
LWPOLYLINE
  5
358
330
17
100
AcDbEntity
  8
TANGENT
100
AcDbPolyline
 90
11
 70
0
 10
382.9744097209006
 20
224.31029132941828
 10
382.78537498392876
 20
224.37470505589212
 10
382.5760395019799
 20
224.42327788796115
 10
382.35174418863727
 20
224.45329323612583
 10
382.1192343113945
 20
224.46284761595103
 10
381.8861348769
 20
224.45112946687112
 10
381.66025847485736
 20
224.41855892933023
 10
381.4488626682988
 20
224.36675544708163
 10
381.25799137517265
 20
224.29833554816767
 10
381.21588201311584
 20
224.2798530092283
 10
381.17496140029294
 20
224.26051198637919
  0
LWPOLYLINE
  5
359
330
17
100
AcDbEntity
  8
TANGENT
100
AcDbPolyline
 90
11
 70
0
 10
382.9744097209006
 20
224.31029132941828
 10
382.9637344762405
 20
224.11047617477368
 10
382.9302302524084
 20
223.88930431603998
 10
382.87273047476
 20
223.65354010630287
 10
382.7917888461109
 20
223.412035325534
 10
382.68985141125614
 20
223.1748674973624
 10
382.57110104065214
 20
222.95216198810581
 10
382.44098176156325
 20
222.75283787375452
 10
382.3054981072189
 20
222.58355981367478
 10
382.218580334699
 20
222.49277263040509
 10
382.130706738072
 20
222.4142376250582
  0
LWPOLYLINE
  5
35A
330
17
100
AcDbEntity
  8
TANGENT
100
AcDbPolyline
 90
2
 70
0
 10
347.1750829376381
 20
208.18263744678583
 10
354.598318066345
 20
205.2012988642102
  0
LWPOLYLINE
  5
35B
330
17
100
AcDbEntity
  8
TANGENT
100
AcDbPolyline
 90
2
 70
0
 10
315.2972384673162
 20
211.46865522342176
 10
315.2972384673162
 20
210.86618886695334
  0
LWPOLYLINE
  5
35C
330
17
100
AcDbEntity
  8
TANGENT
100
AcDbPolyline
 90
2
 70
0
 10
314.56775076536405
 20
212.6182463015765
 10
314.56775076536405
 20
212.01577994510808
  0
LWPOLYLINE
  5
35D
330
17
100
AcDbEntity
  8
TANGENT
100
AcDbPolyline
 90
2
 70
0
 10
353.1751901115771
 20
243.34015971008694
 10
353.1751901115771
 20
242.73769335361848
  0
LWPOLYLINE
  5
35E
330
17
100
AcDbEntity
  8
TANGENT
100
AcDbPolyline
 90
2
 70
0
 10
351.04231083262215
 20
243.34015971008694
 10
351.04231083262215
 20
242.73769335361848
  0
LWPOLYLINE
  5
35F
330
17
100
AcDbEntity
  8
TANGENT
100
AcDbPolyline
 90
11
 70
0
 10
381.17496140029294
 20
226.67037737547915
 10
381.3484506834139
 20
226.74354090823087
 10
381.5448528267006
 20
226.8029331381802
 10
381.75992829130075
 20
226.84549529579846
 10
381.9878159985034
 20
226.86874846053055
 10
382.22140386235276
 20
226.87113335052845
 10
382.4529206268748
 20
226.85224795482185
 10
382.6746598314967
 20
226.8129308259314
 10
382.8797089247967
 20
226.75516929251216
 10
382.9276439891876
 20
226.73818326257725
 10
382.9744097209006
 20
226.720156755292
  0
LWPOLYLINE
  5
360
330
17
100
AcDbEntity
  8
TANGENT
100
AcDbPolyline
 90
8
 70
0
 10
382.6789130501954
 20
227.39401462634294
 10
382.75209088794776
 20
227.35311034107872
 10
382.81698414452154
 20
227.29209756416273
 10
382.87335037038076
 20
227.2091952678495
 10
382.9197549835676
 20
227.10201197963445
 10
382.9537214905966
 20
226.968405185508
 10
382.9721030119604
 20
226.80730620263012
 10
382.9744097209006
 20
226.720156755292
  0
LWPOLYLINE
  5
361
330
17
100
AcDbEntity
  8
TANGENT
100
AcDbPolyline
 90
2
 70
0
 10
382.9744097209006
 20
226.720156755292
 10
382.9744097209006
 20
224.31029132941828
  0
LWPOLYLINE
  5
362
330
17
100
AcDbEntity
  8
TANGENT
100
AcDbPolyline
 90
2
 70
0
 10
352.17925158313074
 20
197.87944187792777
 10
355.1915833286991
 20
196.66962152502805
  0
LWPOLYLINE
  5
363
330
17
100
AcDbEntity
  8
TANGENT
100
AcDbPolyline
 90
6
 70
0
 10
355.1915833286991
 20
196.66962152502805
 10
355.06424679514123
 20
196.57911595537075
 10
354.94659610767445
 20
196.52085543852158
 10
354.8401997048182
 20
196.49125806114802
 10
354.745222811169
 20
196.48642201479944
 10
354.6433770165757
 20
196.509575338717
  0
LWPOLYLINE
  5
364
330
17
100
AcDbEntity
  8
TANGENT
100
AcDbPolyline
 90
2
 70
0
 10
354.56005645528114
 20
204.9154324008659
 10
374.8918461889813
 20
221.57025953757636
  0
LWPOLYLINE
  5
365
330
17
100
AcDbEntity
  8
TANGENT
100
AcDbPolyline
 90
2
 70
0
 10
382.130706738072
 20
222.4142376250582
 10
385.1430385204141
 20
221.20441727215848
  0
LWPOLYLINE
  5
366
330
17
100
AcDbEntity
  8
TANGENT
100
AcDbPolyline
 90
2
 70
0
 10
355.1915833286991
 20
196.66962152502805
 10
385.1430385204141
 20
221.20441727215848
  0
LWPOLYLINE
  5
367
330
17
100
AcDbEntity
  8
TANGENT
100
AcDbPolyline
 90
2
 70
0
 10
382.9744097209006
 20
224.31029132941828
 10
385.98674146646897
 20
223.10047097651855
  0
LWPOLYLINE
  5
368
330
17
100
AcDbEntity
  8
TANGENT
100
AcDbPolyline
 90
11
 70
0
 10
385.98674146646897
 20
223.10047097651855
 10
385.97606622180894
 20
222.90065582187395
 10
385.94256203475055
 20
222.67948396314029
 10
385.88506225710216
 20
222.44371975340314
 10
385.804120628453
 20
222.2022149726343
 10
385.7021831568245
 20
221.96504714446272
 10
385.58343278622056
 20
221.74234163520612
 10
385.45331350713167
 20
221.5430175576286
 10
385.3178298527873
 20
221.37373946077506
 10
385.23091208026744
 20
221.28295227750536
 10
385.1430385204141
 20
221.20441727215848
  0
LWPOLYLINE
  5
369
330
17
100
AcDbEntity
  8
TANGENT
100
AcDbPolyline
 90
2
 70
0
 10
382.9744097209006
 20
226.720156755292
 10
385.98674146646897
 20
225.5103364023923
  0
LWPOLYLINE
  5
36A
330
17
100
AcDbEntity
  8
TANGENT
100
AcDbPolyline
 90
8
 70
0
 10
385.69124479576374
 20
226.18419427344324
 10
385.7644226335162
 20
226.143289988179
 10
385.8293159268637
 20
226.082277211263
 10
385.88568215272295
 20
225.9993749149498
 10
385.932086729136
 20
225.89219162673473
 10
385.9660532729387
 20
225.7585848326083
 10
385.98443479430256
 20
225.5974858865042
 10
385.98674146646897
 20
225.5103364023923
  0
LWPOLYLINE
  5
36B
330
17
100
AcDbEntity
  8
TANGENT
100
AcDbPolyline
 90
2
 70
0
 10
385.98674146646897
 20
225.5103364023923
 10
385.98674146646897
 20
223.10047097651855
  0
LWPOLYLINE
  5
36C
330
17
100
AcDbEntity
  8
TANGENT
100
AcDbPolyline
 90
8
 70
0
 10
355.1915833286991
 20
196.66962152502805
 10
355.35773105747296
 20
196.61440286176847
 10
355.516659762137
 20
196.5837427221335
 10
355.66569911460766
 20
196.57640355808218
 10
355.80300461559403
 20
196.59071297161714
 10
355.92745907763936
 20
196.62488747114955
 10
356.03847713570286
 20
196.67731482058724
 10
356.1237064033094
 20
196.73664207126615
  0
LWPOLYLINE
  5
36D
330
17
100
AcDbEntity
  8
TANGENT
100
AcDbPolyline
 90
8
 70
0
 10
386.0751615950244
 20
221.27143781839658
 10
385.97652615148377
 20
221.2044524646666
 10
385.86527145414163
 20
221.15479418091348
 10
385.7418359935587
 20
221.1232474254265
 10
385.6067685080902
 20
221.11098267087067
 10
385.46097995783094
 20
221.11942861539887
 10
385.305955341592
 20
221.150050841266
 10
385.1430385204141
 20
221.20441727215848
  0
LWPOLYLINE
  5
36E
330
17
100
AcDbEntity
  8
TANGENT
100
AcDbPolyline
 90
8
 70
0
 10
385.98674146646897
 20
223.10047097651855
 10
386.1569244189697
 20
223.0206147995535
 10
386.29997431546104
 20
222.9303888577244
 10
386.4148727060873
 20
222.83322848407408
 10
386.50208948621776
 20
222.73212522566013
 10
386.5630913413209
 20
222.62937281027817
 10
386.59975204261696
 20
222.5264539567649
 10
386.6139897472796
 20
222.40934998509536
  0
LWPOLYLINE
  5
36F
330
17
100
AcDbEntity
  8
TANGENT
100
AcDbPolyline
 90
9
 70
0
 10
386.6139897472796
 20
224.81921537419532
 10
386.603304867889
 20
224.92072329129178
 10
386.57109555919567
 20
225.02147778716983
 10
386.51651962807466
 20
225.12122780722885
 10
386.43820085255817
 20
225.2191803984362
 10
386.3346938391968
 20
225.31384155240454
 10
386.2050084539461
 20
225.40300160620086
 10
386.1004579110106
 20
225.45973505503386
 10
385.98674146646897
 20
225.5103364023923
  0
LWPOLYLINE
  5
370
330
17
100
AcDbEntity
  8
TANGENT
100
AcDbPolyline
 90
5
 70
0
 10
356.25898232256674
 20
196.85582004739177
 10
356.3525011725861
 20
196.87243344860715
 10
356.4325123510367
 20
196.9079551188207
 10
356.45228439936903
 20
196.92090346118545
 10
356.4710369681799
 20
196.93518117572143
  0
LWPOLYLINE
  5
371
330
17
100
AcDbEntity
  8
TANGENT
100
AcDbPolyline
 90
5
 70
0
 10
359.42399733453254
 20
199.35410468247642
 10
359.3524341231681
 20
199.30927887801516
 10
359.2686585598853
 20
199.28211143852081
 10
359.24070265375957
 20
199.2775096779289
 10
359.21194268891946
 20
199.27474359092056
  0
LWPOLYLINE
  5
372
330
17
100
AcDbEntity
  8
TANGENT
100
AcDbPolyline
 90
5
 70
0
 10
382.83562565651476
 20
218.62613175528185
 10
382.9291445065341
 20
218.64274515649723
 10
383.0091556482109
 20
218.67826682671077
 10
383.028927733317
 20
218.6912151690755
 10
383.04768030212784
 20
218.7054928836115
  0
LWPOLYLINE
  5
373
330
17
100
AcDbEntity
  8
TANGENT
100
AcDbPolyline
 90
5
 70
0
 10
386.0006406684805
 20
221.1244163903665
 10
385.9290774571161
 20
221.0795905859052
 10
385.8453018570595
 20
221.05242314641086
 10
385.81734598770754
 20
221.04782138581896
 10
385.78858602286743
 20
221.0450552988106
  0
LWPOLYLINE
  5
374
330
17
100
AcDbEntity
  8
OUTLINE
100
AcDbPolyline
 90
8
 70
0
 10
318.31551612870766
 20
191.26917266166538
 10
318.32615081188766
 20
191.1855672874395
 10
318.3593643757573
 20
191.09505531914436
 10
318.41484361802674
 20
191.00572845947892
 10
318.4883886787529
 20
190.92722717568893
 10
318.57227971170704
 20
190.86811795675564
 10
318.59445334533376
 20
190.85673827355302
 10
318.6167493253288
 20
190.8469574775602
  0
LWPOLYLINE
  5
375
330
17
100
AcDbEntity
  8
OUTLINE
100
AcDbPolyline
 90
2
 70
0
 10
318.31551612870766
 20
190.96793950181805
 10
318.6167493253288
 20
190.8469574775602
  0
LWPOLYLINE
  5
376
330
17
100
AcDbEntity
  8
OUTLINE
100
AcDbPolyline
 90
2
 70
0
 10
318.31551612870766
 20
191.26917266166538
 10
318.31551612870766
 20
190.96793950181805
  0
LWPOLYLINE
  5
377
330
17
100
AcDbEntity
  8
OUTLINE
100
AcDbPolyline
 90
2
 70
0
 10
318.31551612870766
 20
191.26917266166538
 10
382.85879280737385
 20
244.13992968230144
  0
LWPOLYLINE
  5
378
330
17
100
AcDbEntity
  8
OUTLINE
100
AcDbPolyline
 90
2
 70
0
 10
318.6167493253288
 20
190.8469574775602
 10
383.16002596722115
 20
243.71771449819627
  0
LWPOLYLINE
  5
379
330
17
100
AcDbEntity
  8
OUTLINE
100
AcDbPolyline
 90
2
 70
0
 10
315.9953329810896
 20
189.06735673863045
 10
318.31551612870766
 20
190.96793950181805
  0
LWPOLYLINE
  5
37A
330
17
100
AcDbEntity
  8
OUTLINE
100
AcDbPolyline
 90
2
 70
0
 10
315.9953329810896
 20
189.06735673863045
 10
321.4175301525317
 20
186.88968011812048
  0
LWPOLYLINE
  5
37B
330
17
100
AcDbEntity
  8
OUTLINE
100
AcDbPolyline
 90
2
 70
0
 10
382.85879280737385
 20
243.83869652245411
 10
383.16002596722115
 20
243.71771449819627
  0
LWPOLYLINE
  5
37C
330
17
100
AcDbEntity
  8
OUTLINE
100
AcDbPolyline
 90
2
 70
0
 10
321.4175301525317
 20
186.88968011812048
 10
323.7377133001498
 20
188.79026288130808
  0
LWPOLYLINE
  5
37D
330
17
100
AcDbEntity
  8
OUTLINE
100
AcDbPolyline
 90
2
 70
0
 10
382.85879280737385
 20
243.83869652245411
 10
385.1789759549919
 20
245.73927928564171
  0
LWPOLYLINE
  5
37E
330
17
100
AcDbEntity
  8
OUTLINE
100
AcDbPolyline
 90
2
 70
0
 10
323.4364801403025
 20
188.91124490556592
 10
323.7377133001498
 20
188.79026288130808
  0
LWPOLYLINE
  5
37F
330
17
100
AcDbEntity
  8
OUTLINE
100
AcDbPolyline
 90
2
 70
0
 10
323.4364801403025
 20
188.91124490556592
 10
340.5408325828814
 20
202.9223101837596
  0
LWPOLYLINE
  5
380
330
17
100
AcDbEntity
  8
OUTLINE
100
AcDbPolyline
 90
2
 70
0
 10
388.28098997881597
 20
241.66101990194414
 10
390.5229146599179
 20
243.49749710293992
  0
LWPOLYLINE
  5
381
330
17
100
AcDbEntity
  8
OUTLINE
100
AcDbPolyline
 90
2
 70
0
 10
387.97975678219484
 20
241.78200192620196
 10
388.28098997881597
 20
241.66101990194414
  0
LWPOLYLINE
  5
382
330
17
100
AcDbEntity
  8
OUTLINE
100
AcDbPolyline
 90
6
 70
0
 10
338.2521118684712
 20
203.9511882378621
 10
338.21298868450003
 20
204.01942831298862
 10
338.1980634204602
 20
204.0873078947432
 10
338.20505794063905
 20
204.15408602821907
 10
338.233585715828
 20
204.21970424310504
 10
338.312933201085
 20
204.30842705664918
  0
LWPOLYLINE
  5
383
330
17
100
AcDbEntity
  8
OUTLINE
100
AcDbPolyline
 90
2
 70
0
 10
370.8382543999418
 20
227.7405052045153
 10
387.97975678219484
 20
241.78200192620196
  0
LWPOLYLINE
  5
384
330
17
100
AcDbEntity
  8
OUTLINE
100
AcDbPolyline
 90
2
 70
0
 10
338.312933201085
 20
204.30842705664918
 10
341.26589356743773
 20
206.72735060017794
  0
LWPOLYLINE
  5
385
330
17
100
AcDbEntity
  8
OUTLINE
100
AcDbPolyline
 90
2
 70
0
 10
368.72962217068914
 20
228.5873794478677
 10
370.8382543999418
 20
227.7405052045153
  0
LWPOLYLINE
  5
386
330
17
100
AcDbEntity
  8
OUTLINE
100
AcDbPolyline
 90
8
 70
0
 10
342.15297883674117
 20
206.81706773997766
 10
342.0259641473117
 20
206.85660091482956
 10
341.8811824631672
 20
206.87917674329546
 10
341.7280296323644
 20
206.8815339426365
 10
341.5780108837931
 20
206.8627834331574
 10
341.442400764417
 20
206.82481428397125
 10
341.3298753858576
 20
206.77182767887712
 10
341.26589356743773
 20
206.72735060017794
  0
LWPOLYLINE
  5
387
330
17
100
AcDbEntity
  8
OUTLINE
100
AcDbPolyline
 90
8
 70
0
 10
368.72962217068914
 20
228.5873794478677
 10
368.6026074444859
 20
228.6269126227196
 10
368.45782579711516
 20
228.6494884511855
 10
368.30467296631235
 20
228.65184565052658
 10
368.1546542177411
 20
228.63309514104748
 10
368.019044098365
 20
228.59512599186132
 10
367.9065186830318
 20
228.54213938676716
 10
367.8425369013857
 20
228.49766230806802
  0
LWPOLYLINE
  5
388
330
17
100
AcDbEntity
  8
OUTLINE
100
AcDbPolyline
 90
2
 70
0
 10
342.15297883674117
 20
206.81706773997766
 10
344.26161106599375
 20
205.97019349662523
  0
LWPOLYLINE
  5
389
330
17
100
AcDbEntity
  8
OUTLINE
100
AcDbPolyline
 90
2
 70
0
 10
364.88957653503303
 20
226.07873880131302
 10
367.8425369013857
 20
228.49766230806802
  0
LWPOLYLINE
  5
38A
330
17
100
AcDbEntity
  8
OUTLINE
100
AcDbPolyline
 90
2
 70
0
 10
344.26161106599375
 20
205.97019349662523
 10
367.1174759168294
 20
224.69262189164968
  0
LWPOLYLINE
  5
38B
330
17
100
AcDbEntity
  8
OUTLINE
100
AcDbPolyline
 90
6
 70
0
 10
364.8287551656454
 20
225.72149994575219
 10
364.789632018448
 20
225.78974005765247
 10
364.77470675440816
 20
225.85761960263324
 10
364.781701274587
 20
225.9243977728829
 10
364.8102290130022
 20
225.9900159509951
 10
364.88957653503303
 20
226.07873880131302
  0
LWPOLYLINE
  5
38C
330
17
100
AcDbEntity
  8
OUTLINE
100
AcDbPolyline
 90
5
 70
0
 10
353.67479454034475
 20
216.16325214397847
 10
353.72754969126333
 20
216.22022627720597
 10
353.7536203159754
 20
216.27848010122705
 10
353.7568478036098
 20
216.29643758412595
 10
353.7579253121573
 20
216.3144796834942
  0
LWPOLYLINE
  5
38D
330
17
100
AcDbEntity
  8
OUTLINE
100
AcDbPolyline
 90
14
 70
0
 10
353.7579253121573
 20
216.3144796834942
 10
353.7472689324467
 20
216.3709218839843
 10
353.7148518886663
 20
216.42591306463663
 10
353.65868839665995
 20
216.47810987924328
 10
353.57712573240286
 20
216.52407350125233
 10
353.47152923282374
 20
216.55868719004732
 10
353.34811543199766
 20
216.57658112785322
 10
353.2179415806183
 20
216.5740815772072
 10
353.09458886104187
 20
216.5508457329258
 10
352.99034471724696
 20
216.51024582424418
 10
352.91283323653755
 20
216.45816047096673
 10
352.86390362524844
 20
216.40078182615184
 10
352.8449557141147
 20
216.35823761413855
 10
352.83858079536634
 20
216.3144796834942
  0
LWPOLYLINE
  5
38E
330
17
100
AcDbEntity
  8
OUTLINE
100
AcDbPolyline
 90
11
 70
0
 10
352.83858079536634
 20
216.3144796834942
 10
352.84923717507695
 20
216.25803748300413
 10
352.8816542188573
 20
216.20304633912556
 10
352.93781771086367
 20
216.1508495245189
 10
353.01938037512076
 20
216.10488586573607
 10
353.1249768746999
 20
216.0702721769411
 10
353.24839067552597
 20
216.05237827590895
 10
353.37856452690534
 20
216.05487778978122
 10
353.50191724648175
 20
216.0781136708364
 10
353.60616139027667
 20
216.11871354274422
 10
353.67479454034475
 20
216.16325214397847
  0
LWPOLYLINE
  5
38F
330
17
100
AcDbEntity
  8
OUTLINE
100
AcDbPolyline
 90
11
 70
0
 10
315.9953329810896
 20
189.06735673863045
 10
315.8444834760391
 20
188.68754470231593
 10
315.6745929118685
 20
188.3175459700163
 10
315.4886786140556
 20
187.96361671794213
 10
315.29021103460366
 20
187.63141492321378
 10
315.082929588948
 20
187.32573489393874
 10
314.8706445555989
 20
187.05031163269848
 10
314.6570432047708
 20
186.8077100371473
 10
314.44551637323167
 20
186.5993043066951
 10
314.3767583761782
 20
186.53816969824376
 10
314.307927052206
 20
186.4801820060734
  0
LWPOLYLINE
  5
390
330
17
100
AcDbEntity
  8
OUTLINE
100
AcDbPolyline
 90
9
 70
0
 10
314.307927052206
 20
186.4801820060734
 10
314.1061271798448
 20
186.3286954688204
 10
313.91304287737165
 20
186.2099728624208
 10
313.73008456637046
 20
186.1220857698162
 10
313.5580603138977
 20
186.0627178105621
 10
313.39722345452844
 20
186.0294276469073
 10
313.2473568390878
 20
186.0199071357341
 10
313.10789334233027
 20
186.03221811493222
 10
312.93741134544507
 20
186.0800665402958
  0
LWPOLYLINE
  5
391
330
17
100
AcDbEntity
  8
OUTLINE
100
AcDbPolyline
 90
35
 70
0
 10
312.93741134544507
 20
186.0800665402958
 10
312.8192180240707
 20
186.13905841409496
 10
312.7091482882631
 20
186.21800013745604
 10
312.60706191959673
 20
186.3177645728371
 10
312.51328418216144
 20
186.43967973177948
 10
312.4286348738499
 20
186.58532181207033
 10
312.3544018492349
 20
186.75629036284758
 10
312.2922704139109
 20
186.95398260390778
 10
312.2442201004914
 20
187.17937701200708
 10
312.2123977255183
 20
187.4328335656845
 10
312.19897246399205
 20
187.71391888593476
 10
312.2059793401612
 20
188.02126708422242
 10
312.23515856287474
 20
188.35248929898123
 10
312.28780037700136
 20
188.70414504883917
 10
312.3646072720731
 20
189.07178603019102
 10
312.46558645575107
 20
189.4500778384126
 10
312.5899845435906
 20
189.83299828885973
 10
312.7362736585524
 20
190.21410075391182
 10
312.9021937943977
 20
190.58682376143116
 10
313.08484997201685
 20
190.944819789136
 10
313.2808569074827
 20
191.28227365199368
 10
313.4865178061718
 20
191.5941804384547
 10
313.6980210289437
 20
191.87655824677427
 10
313.91163616993964
 20
192.12657840096924
 10
314.1238933287629
 20
192.34260612261988
 10
314.33173237525494
 20
192.52415386494206
 10
314.53261305019447
 20
192.6717578264318
 10
314.7245828864706
 20
192.78679345680746
 10
314.90630261976503
 20
192.87124745956987
 10
315.07703177323003
 20
192.92746423678443
 10
315.2365765490417
 20
192.95788273590662
 10
315.38520160809924
 20
192.96477958492403
 10
315.5235052230406
 20
192.95003657174118
 10
315.60237531107697
 20
192.93122137718188
 10
315.6784427957408
 20
192.90496099976158
  0
LWPOLYLINE
  5
392
330
17
100
AcDbEntity
  8
OUTLINE
100
AcDbPolyline
 90
5
 70
0
 10
315.6784427957408
 20
192.90496099976158
 10
315.79663611711516
 20
192.84596912596243
 10
315.9067058529227
 20
192.76702740260131
 10
315.9519440753342
 20
192.7264099896001
 10
315.9953329810896
 20
192.6821548406673
  0
LWPOLYLINE
  5
393
330
17
100
AcDbEntity
  8
OUTLINE
100
AcDbPolyline
 90
2
 70
0
 10
315.9953329810896
 20
192.6821548406673
 10
318.31551612870766
 20
194.58273760385487
  0
LWPOLYLINE
  5
394
330
17
100
AcDbEntity
  8
OUTLINE
100
AcDbPolyline
 90
2
 70
0
 10
382.85879280737385
 20
244.13992968230144
 10
382.85879280737385
 20
243.83869652245411
  0
LWPOLYLINE
  5
395
330
17
100
AcDbEntity
  8
OUTLINE
100
AcDbPolyline
 90
2
 70
0
 10
318.31551612870766
 20
194.58273760385487
 10
318.31551612870766
 20
194.28150444400754
  0
LWPOLYLINE
  5
396
330
17
100
AcDbEntity
  8
OUTLINE
100
AcDbPolyline
 90
2
 70
0
 10
318.31551612870766
 20
194.28150444400754
 10
330.302453339848
 20
204.10062853486343
  0
LWPOLYLINE
  5
397
330
17
100
AcDbEntity
  8
OUTLINE
100
AcDbPolyline
 90
9
 70
0
 10
386.8663818838754
 20
245.916588592325
 10
386.66458197474043
 20
245.76510201829822
 10
386.4714976722673
 20
245.64637941189864
 10
386.2885393612661
 20
245.55849235606783
 10
386.11651510879335
 20
245.49912439681373
 10
385.95567824942407
 20
245.46583419638512
 10
385.8058116339834
 20
245.45631372198568
 10
385.6663481372259
 20
245.4686247011838
 10
385.4958661403407
 20
245.5164731265474
  0
LWPOLYLINE
  5
398
330
17
100
AcDbEntity
  8
OUTLINE
100
AcDbPolyline
 90
5
 70
0
 10
385.4958661403407
 20
245.5164731265474
 10
385.37767281896635
 20
245.57546500034658
 10
385.26760308315875
 20
245.65440672370767
 10
385.22236486074723
 20
245.6950241367089
 10
385.1789759549919
 20
245.73927928564171
  0
LWPOLYLINE
  5
399
330
17
100
AcDbEntity
  8
OUTLINE
100
AcDbPolyline
 90
18
 70
0
 10
385.1789759549919
 20
249.35407738767853
 10
385.3298254600424
 20
249.73388942399305
 10
385.499716024213
 20
250.10388815629267
 10
385.68563032202593
 20
250.45781740836685
 10
385.88409790147784
 20
250.7900192030952
 10
386.0913793471335
 20
251.09569923237024
 10
386.30366438048253
 20
251.3711224936105
 10
386.5172657313107
 20
251.61372408916168
 10
386.72879256284983
 20
251.82212981961385
 10
386.93529160954796
 20
251.99609164581642
 10
387.13434830496624
 20
252.13634908849866
 10
387.3241450682211
 20
252.24443348143532
 10
387.5034776315432
 20
252.32243313408318
 10
387.67173220375935
 20
252.37273606221146
 10
387.82882527161354
 20
252.39776683472746
 10
387.97510725246184
 20
252.39973353329157
 10
388.11122992479295
 20
252.38040350580286
 10
388.23689759063643
 20
252.3413675860132
  0
LWPOLYLINE
  5
39A
330
17
100
AcDbEntity
  8
OUTLINE
100
AcDbPolyline
 90
26
 70
0
 10
388.23689759063643
 20
252.3413675860132
 10
388.3550909120108
 20
252.28237571221402
 10
388.4651606478184
 20
252.20343398885294
 10
388.56724701648477
 20
252.1036695534719
 10
388.66102475392006
 20
251.9817543945295
 10
388.7456740622316
 20
251.83611231423865
 10
388.8199070868466
 20
251.6651437634614
 10
388.8820385221706
 20
251.4674515224012
 10
388.9300888355901
 20
251.2420571143019
 10
388.9619112105632
 20
250.9886005606245
 10
388.97533647208945
 20
250.70751524037422
 10
388.9683295959203
 20
250.40016707886036
 10
388.9391503732067
 20
250.06894482732775
 10
388.88650855908014
 20
249.71728907746981
 10
388.8097016640084
 20
249.34964813289176
 10
388.70872248033044
 20
248.9713562878964
 10
388.5843243924909
 20
248.58843583744925
 10
388.4380352775291
 20
248.20733337239716
 10
388.2721151416838
 20
247.83461036487785
 10
388.0894589640646
 20
247.47661433717298
 10
387.8934520285988
 20
247.1391604743153
 10
387.6877911299097
 20
246.82725368785427
 10
387.47628790713776
 20
246.54487587953471
 10
387.26267276614186
 20
246.29485572533974
 10
387.0504156073186
 20
246.0788280036891
 10
386.8663818838754
 20
245.916588592325
  0
LWPOLYLINE
  5
39B
330
17
100
AcDbEntity
  8
OUTLINE
100
AcDbPolyline
 90
2
 70
0
 10
334.34587243471407
 20
207.11157037861756
 10
330.5492090855327
 20
204.00152584366558
  0
LWPOLYLINE
  5
39C
330
17
100
AcDbEntity
  8
OUTLINE
100
AcDbPolyline
 90
2
 70
0
 10
382.85879280737385
 20
247.45349462449093
 10
385.1789759549919
 20
249.35407738767853
  0
LWPOLYLINE
  5
39D
330
17
100
AcDbEntity
  8
OUTLINE
100
AcDbPolyline
 90
2
 70
0
 10
334.34587243471407
 20
207.41280357523866
 10
334.34587243471407
 20
207.11157037861756
  0
LWPOLYLINE
  5
39E
330
17
100
AcDbEntity
  8
OUTLINE
100
AcDbPolyline
 90
2
 70
0
 10
382.85879280737385
 20
247.45349462449093
 10
382.85879280737385
 20
247.1522614646436
  0
LWPOLYLINE
  5
39F
330
17
100
AcDbEntity
  8
OUTLINE
100
AcDbPolyline
 90
2
 70
0
 10
334.34587243471407
 20
207.41280357523866
 10
366.5816807189089
 20
233.81883182798924
  0
LWPOLYLINE
  5
3A0
330
17
100
AcDbEntity
  8
OUTLINE
100
AcDbPolyline
 90
2
 70
0
 10
370.6250998505488
 20
237.13100686836447
 10
382.85879280737385
 20
247.1522614646436
  0
LWPOLYLINE
  5
3A1
330
17
100
AcDbEntity
  8
OUTLINE
100
AcDbPolyline
 90
2
 70
0
 10
370.6250998505488
 20
237.13100686836447
 10
370.6250998505488
 20
236.82977367174337
  0
LWPOLYLINE
  5
3A2
330
17
100
AcDbEntity
  8
OUTLINE
100
AcDbPolyline
 90
2
 70
0
 10
370.6250998505488
 20
236.82977367174337
 10
366.82843650136743
 20
233.7197291367914
  0
LWPOLYLINE
  5
3A3
330
17
100
AcDbEntity
  8
OUTLINE
100
AcDbPolyline
 90
8
 70
0
 10
386.8663818838754
 20
247.1215213052619
 10
386.7102278345107
 20
247.0074185889281
 10
386.5632901403792
 20
246.9258419506343
 10
386.4271187427887
 20
246.8740616726413
 10
386.3022851062909
 20
246.84891535690645
 10
386.18853762467836
 20
246.84737733030363
 10
386.1144093685645
 20
246.85919712211333
 10
386.0440724156903
 20
246.8814520257953
  0
LWPOLYLINE
  5
3A4
330
17
100
AcDbEntity
  8
OUTLINE
100
AcDbPolyline
 90
27
 70
0
 10
386.0440724156903
 20
246.8814520257953
 10
385.9534784050905
 20
246.92935568537746
 10
385.8710810127859
 20
246.99728057242984
 10
385.7968859019388
 20
247.0865356864492
 10
385.73169764609645
 20
247.1990160906749
 10
385.6771029603473
 20
247.33673662054994
 10
385.6353283867897
 20
247.50135570003508
 10
385.6090115983899
 20
247.69372629697295
 10
385.6009144163976
 20
247.9134996120539
 10
385.6135979139939
 20
248.15881419327414
 10
385.64908453879445
 20
248.4261128760555
 10
385.7085410860862
 20
248.7101330749674
 10
385.7920248861932
 20
249.00410194218082
 10
385.89833696677033
 20
249.3001409526034
 10
386.025015286428
 20
249.589845899948
 10
386.1684812782476
 20
249.86497030067272
 10
386.32432528786757
 20
250.11811229143024
 10
386.48769030788424
 20
250.34330036184622
 10
386.65369509697257
 20
250.53639014361266
 10
386.81783541860716
 20
250.69522220678107
 10
386.9763095993421
 20
250.81953571492508
 10
387.12623733280617
 20
250.91067018977944
 10
387.26575889536343
 20
250.97111312019013
 10
387.3940192230655
 20
251.00395707079028
 10
387.5110442782018
 20
251.0123270774614
 10
387.6175128312157
 20
250.99884132306593
 10
387.6886913152868
 20
250.9763886867653
  0
LWPOLYLINE
  5
3A5
330
17
100
AcDbEntity
  8
OUTLINE
100
AcDbPolyline
 90
21
 70
0
 10
387.6886913152868
 20
250.9763886867653
 10
387.77928532588663
 20
250.92848502718311
 10
387.8616827181912
 20
250.860560103357
 10
387.9358778290383
 20
250.7713050261114
 10
388.0010660848807
 20
250.6588246218857
 10
388.0556607706298
 20
250.5211040552369
 10
388.09743534418743
 20
250.35648501252552
 10
388.12375213258724
 20
250.16411441558765
 10
388.13184935135337
 20
249.9443410637329
 10
388.11916581698324
 20
249.69902651928646
 10
388.0836791921827
 20
249.4317278365051
 10
388.0242226448909
 20
249.14770763759321
 10
387.94073884478394
 20
248.85373877037978
 10
387.8344267642068
 20
248.5576997599572
 10
387.7077484445491
 20
248.2679948126126
 10
387.5642824527295
 20
247.99287041188788
 10
387.40843844310956
 20
247.73972842113034
 10
387.24507342309295
 20
247.51454035071438
 10
387.07906863400456
 20
247.3214505689479
 10
386.9731053895108
 20
247.21538218821524
 10
386.8663818838754
 20
247.1215213052619
  0
LWPOLYLINE
  5
3A6
330
17
100
AcDbEntity
  8
OUTLINE
100
AcDbPolyline
 90
8
 70
0
 10
314.307927052206
 20
187.68511471901027
 10
314.1517730396151
 20
187.57101203945024
 10
314.00483534548357
 20
187.48943540115647
 10
313.8686639478931
 20
187.4376550863897
 10
313.7438303113953
 20
187.41250880742862
 10
313.63008279300897
 20
187.41097074405204
 10
313.5559545736689
 20
187.42279053586174
 10
313.4856176207947
 20
187.44504543954372
  0
LWPOLYLINE
  5
3A7
330
17
100
AcDbEntity
  8
OUTLINE
100
AcDbPolyline
 90
27
 70
0
 10
313.4856176207947
 20
187.44504543954372
 10
313.39502361019487
 20
187.49294909912587
 10
313.3126262178903
 20
187.560874022952
 10
313.2384311070432
 20
187.65012913697137
 10
313.1732428512008
 20
187.76260954119707
 10
313.1186481654517
 20
187.90033007107212
 10
313.07687359189407
 20
188.06494911378346
 10
313.05055680349426
 20
188.25731971072133
 10
313.04245958472814
 20
188.47709306257607
 10
313.05514311909826
 20
188.72240760702252
 10
313.09062974389883
 20
188.98970628980388
 10
313.1500862911906
 20
189.27372648871577
 10
313.23357009129757
 20
189.56769535592923
 10
313.3398821718747
 20
189.8637343663518
 10
313.4665604915324
 20
190.15343931369637
 10
313.610026483352
 20
190.4285637144211
 10
313.7658704929719
 20
190.68170570517864
 10
313.92923551298856
 20
190.90689381236837
 10
314.09524030207695
 20
191.09998355736107
 10
314.25938062371154
 20
191.25881562052945
 10
314.41785480444645
 20
191.38312912867346
 10
314.56778253791055
 20
191.47426360352782
 10
314.70730410046775
 20
191.5347065339385
 10
314.8355644281699
 20
191.56755048453869
 10
314.95258948330616
 20
191.57592049120979
 10
315.0590580363201
 20
191.5624347368143
 10
315.1302365203911
 20
191.53998210051367
  0
LWPOLYLINE
  5
3A8
330
17
100
AcDbEntity
  8
OUTLINE
100
AcDbPolyline
 90
21
 70
0
 10
315.1302365203911
 20
191.53998210051367
 10
315.220830530991
 20
191.4920784777053
 10
315.3032279232956
 20
191.42415355387914
 10
315.3774230341427
 20
191.33489843985978
 10
315.44261128998505
 20
191.2224180356341
 10
315.4972059757342
 20
191.08469750575904
 10
315.53898054929175
 20
190.9200784262739
 10
315.5652973376916
 20
190.72770782933605
 10
315.57339455645774
 20
190.50793451425508
 10
315.5607110220876
 20
190.26261993303484
 10
315.52522439728705
 20
189.9953212502535
 10
315.4657678499953
 20
189.71130105134162
 10
315.3822840498883
 20
189.41733218412816
 10
315.2759719693112
 20
189.12129317370557
 10
315.1492936496535
 20
188.831588226361
 10
315.0058276578339
 20
188.55646382563626
 10
314.84998364821394
 20
188.30332183487874
 10
314.68661862819727
 20
188.0781337644628
 10
314.5206138391089
 20
187.8850439826963
 10
314.4146505946152
 20
187.77897560196362
 10
314.307927052206
 20
187.68511471901027
  0
LWPOLYLINE
  5
3A9
330
17
100
AcDbEntity
  8
OUTLINE
100
AcDbPolyline
 90
9
 70
0
 10
320.33259058011663
 20
184.06054133704777
 10
320.13079070775535
 20
183.90905476302095
 10
319.9377064052822
 20
183.79033215662136
 10
319.754748094281
 20
183.70244506401679
 10
319.5827238418083
 20
183.64307714153645
 10
319.4218869456652
 20
183.60978694110784
 10
319.27202036699833
 20
183.60026646670843
 10
319.1325568702408
 20
183.61257740913277
 10
318.9620748733556
 20
183.66042587127015
  0
LWPOLYLINE
  5
3AA
330
17
100
AcDbEntity
  8
OUTLINE
100
AcDbPolyline
 90
12
 70
0
 10
322.3037864672712
 20
187.61565875559964
 10
322.2106920602284
 20
187.24022603527774
 10
322.0938457992138
 20
186.858128251078
 10
321.9545233299051
 20
186.47570512924065
 10
321.79475268953263
 20
186.0995164135357
 10
321.6172343239062
 20
185.73601597601856
 10
321.42521105532677
 20
185.39122688390412
 10
321.2222985922313
 20
185.07044687835725
 10
321.0122929816772
 20
184.77801213972586
 10
320.7989721780218
 20
184.51713853512967
 10
320.5859095998543
 20
184.28985145408677
 10
320.33259058011663
 20
184.06054133704777
  0
LWPOLYLINE
  5
3AB
330
17
100
AcDbEntity
  8
OUTLINE
100
AcDbPolyline
 90
2
 70
0
 10
323.7377133001498
 20
188.9838681947058
 10
323.7377133001498
 20
188.79026288130808
  0
LWPOLYLINE
  5
3AC
330
17
100
AcDbEntity
  8
OUTLINE
100
AcDbPolyline
 90
5
 70
0
 10
323.4364801403025
 20
188.91124490556592
 10
323.5187604448894
 20
188.88965432023176
 10
323.5910844690021
 20
188.8918532452208
 10
323.63322663327136
 20
188.90535448137794
 10
323.6695109181485
 20
188.928000032932
  0
LWPOLYLINE
  5
3AD
330
17
100
AcDbEntity
  8
OUTLINE
100
AcDbPolyline
 90
9
 70
0
 10
392.89104537501225
 20
243.4969478865256
 10
392.689245502651
 20
243.34546134927257
 10
392.4961612001778
 20
243.22673874287298
 10
392.31320288917664
 20
243.1388516502684
 10
392.1411786367039
 20
243.07948372778807
 10
391.98034174056085
 20
243.04619352735946
 10
391.830475161894
 20
243.03667301618626
 10
391.69101166513644
 20
243.0489839953844
 10
391.52052966825124
 20
243.09683242074797
  0
LWPOLYLINE
  5
3AE
330
17
100
AcDbEntity
  8
OUTLINE
100
AcDbPolyline
 90
26
 70
0
 10
394.261561118547
 20
249.92172688021375
 10
394.3797544399214
 20
249.8627350064146
 10
394.4898241757289
 20
249.7837932830535
 10
394.5919105443953
 20
249.68402884767247
 10
394.6856882818306
 20
249.56211368873008
 10
394.77033759014216
 20
249.41647160843922
 10
394.8445705779834
 20
249.24550309443578
 10
394.9067020500812
 20
249.04781085337555
 10
394.95475236350063
 20
248.82241640850245
 10
394.98657473847373
 20
248.56895985482507
 10
395.0
 20
248.2878745345748
 10
394.99299312383084
 20
247.98052637306094
 10
394.9638138643435
 20
247.6493041583021
 10
394.9111720869907
 20
247.2976483716704
 10
394.83436519191895
 20
246.9300074270923
 10
394.733386008241
 20
246.55171561887076
 10
394.60898792040143
 20
246.1687951684236
 10
394.46269876866586
 20
245.78769266659774
 10
394.29677866959435
 20
245.4149696590784
 10
394.1141224919752
 20
245.05697363137352
 10
393.91811555650935
 20
244.71951976851588
 10
393.7124546578203
 20
244.40761298205481
 10
393.50095143504836
 20
244.1252351737353
 10
393.28733629405247
 20
243.87521501954032
 10
393.07507913522915
 20
243.65918733466344
 10
392.89104537501225
 20
243.4969478865256
  0
LWPOLYLINE
  5
3AF
330
17
100
AcDbEntity
  8
OUTLINE
100
AcDbPolyline
 90
2
 70
0
 10
351.1847569036349
 20
198.64747023039155
 10
351.2991609075537
 20
198.6148544978742
  0
LWPOLYLINE
  5
3B0
330
17
100
AcDbEntity
  8
OUTLINE
100
AcDbPolyline
 90
5
 70
0
 10
351.2991609075537
 20
198.6148544978742
 10
351.40501500746643
 20
198.60729270535472
 10
351.4958813646859
 20
198.62226198761002
 10
351.5473502055304
 20
198.64325010809543
 10
351.59318923797053
 20
198.67354368668467
  0
LWPOLYLINE
  5
3B1
330
17
100
AcDbEntity
  8
OUTLINE
100
AcDbPolyline
 90
5
 70
0
 10
371.10606784210495
 20
227.78575262037197
 10
371.091954432821
 20
227.7749338844197
 10
371.0167457262572
 20
227.73656654873645
 10
370.94130571261303
 20
227.72271250492756
 10
370.8382543999418
 20
227.7405052045153
  0
LWPOLYLINE
  5
3B2
330
17
100
AcDbEntity
  8
OUTLINE
100
AcDbPolyline
 90
5
 70
0
 10
381.2145211625883
 20
223.94339071459268
 10
381.24728042317156
 20
223.76443853925787
 10
381.2597902382018
 20
223.64442311382498
 10
381.26720997360655
 20
223.41967658619353
 10
381.25061606249494
 20
223.14965024500466
  0
LWPOLYLINE
  5
3B3
330
17
100
AcDbEntity
  8
OUTLINE
100
AcDbPolyline
 90
5
 70
0
 10
381.25061606249494
 20
223.14965024500466
 10
381.2257679085738
 20
223.0268214414815
 10
381.1869074364917
 20
222.937910566823
 10
381.1578168753634
 20
222.89722376169766
 10
381.12279293827123
 20
222.86277890132973
  0
LWPOLYLINE
  5
3B4
330
17
100
AcDbEntity
  8
OUTLINE
100
AcDbPolyline
 90
5
 70
0
 10
344.529424508157
 20
206.01544091248192
 10
344.515311098873
 20
206.00462217652967
 10
344.4401023923092
 20
205.9662548408464
 10
344.364662378665
 20
205.9524007970375
 10
344.26161106599375
 20
205.97019349662523
  0
LWPOLYLINE
  5
3B5
330
17
100
AcDbEntity
  8
OUTLINE
100
AcDbPolyline
 90
8
 70
0
 10
354.598318066345
 20
202.18896708186801
 10
354.64383113599325
 20
201.95066456192004
 10
354.66229094873614
 20
201.815423467433
 10
354.68156188075926
 20
201.51688630376805
 10
354.6706991633653
 20
201.35444283469502
 10
354.6450712581988
 20
201.24402179896072
 10
354.6046411708363
 20
201.15856990288597
 10
354.5461496043232
 20
201.09246719343966
  0
LWPOLYLINE
  5
3B6
330
17
100
AcDbEntity
  8
OUTLINE
100
AcDbPolyline
 90
6
 70
0
 10
377.7570398233135
 20
220.41953317926473
 10
377.75730360164226
 20
220.4194273075502
 10
377.8669968107095
 20
220.38680672089382
 10
378.004886610297
 20
220.3792622855988
 10
378.09202815127225
 20
220.39921926927417
 10
378.1698325719185
 20
220.44385539457474
  0
LWPOLYLINE
  5
3B7
330
17
100
AcDbEntity
  8
OUTLINE
100
AcDbPolyline
 90
2
 70
0
 10
318.31551612870766
 20
194.58273760385487
 10
318.4741083165047
 20
194.51904342994746
  0
LWPOLYLINE
  5
3B8
330
17
100
AcDbEntity
  8
OUTLINE
100
AcDbPolyline
 90
5
 70
0
 10
318.3837185474827
 20
194.44500045223097
 10
318.3448661656324
 20
194.39941254793905
 10
318.3215085633632
 20
194.33888345656024
 10
318.31701800668407
 20
194.31094387799314
 10
318.31551612870766
 20
194.28150444400754
  0
LWPOLYLINE
  5
3B9
330
17
100
AcDbEntity
  8
OUTLINE
100
AcDbPolyline
 90
2
 70
0
 10
315.52636890766286
 20
210.03503717997953
 10
330.5492090855327
 20
204.00152584366558
  0
LWPOLYLINE
  5
3BA
330
17
100
AcDbEntity
  8
OUTLINE
100
AcDbPolyline
 90
2
 70
0
 10
318.0792809203877
 20
213.64460027692127
 10
334.34587243471407
 20
207.11157037861756
  0
LWPOLYLINE
  5
3BB
330
17
100
AcDbEntity
  8
OUTLINE
100
AcDbPolyline
 90
2
 70
0
 10
311.63505856241875
 20
209.22266873114958
 10
315.52636890766286
 20
210.03503717997953
  0
LWPOLYLINE
  5
3BC
330
17
100
AcDbEntity
  8
OUTLINE
100
AcDbPolyline
 90
2
 70
0
 10
310.0
 20
211.7993384448773
 10
311.63505856241875
 20
209.22266873114958
  0
LWPOLYLINE
  5
3BD
330
17
100
AcDbEntity
  8
OUTLINE
100
AcDbPolyline
 90
2
 70
0
 10
310.0
 20
211.7993384448773
 10
313.31738081031466
 20
212.49189063507046
  0
LWPOLYLINE
  5
3BE
330
17
100
AcDbEntity
  8
OUTLINE
100
AcDbPolyline
 90
5
 70
0
 10
313.31738081031466
 20
212.49189063507046
 10
313.242136874469
 20
212.46540089958012
 10
313.19375743571254
 20
212.42752449386882
 10
313.1776586100101
 20
212.4009376388237
 10
313.1722023738505
 20
212.37296742769732
  0
LWPOLYLINE
  5
3BF
330
17
100
AcDbEntity
  8
OUTLINE
100
AcDbPolyline
 90
2
 70
0
 10
315.2972384673162
 20
211.38208617666402
 10
315.31054483920957
 20
211.42537071842978
  0
LWPOLYLINE
  5
3C0
330
17
100
AcDbEntity
  8
OUTLINE
100
AcDbPolyline
 90
2
 70
0
 10
315.31054483920957
 20
211.42537071842978
 10
315.2972384673162
 20
211.46865522342176
  0
LWPOLYLINE
  5
3C1
330
17
100
AcDbEntity
  8
OUTLINE
100
AcDbPolyline
 90
2
 70
0
 10
314.56775076536405
 20
212.6182463015765
 10
315.2972384673162
 20
211.46865522342176
  0
LWPOLYLINE
  5
3C2
330
17
100
AcDbEntity
  8
OUTLINE
100
AcDbPolyline
 90
5
 70
0
 10
314.2849502424357
 20
212.69388500395766
 10
314.3722765716588
 20
212.70133423193454
 10
314.45930812225606
 20
212.6880934644659
 10
314.5278156530894
 20
212.65740537675762
 10
314.56775076536405
 20
212.6182463015765
  0
LWPOLYLINE
  5
3C3
330
17
100
AcDbEntity
  8
OUTLINE
100
AcDbPolyline
 90
2
 70
0
 10
314.2849502424357
 20
212.69388500395766
 10
317.60233105275034
 20
213.38643719415083
  0
LWPOLYLINE
  5
3C4
330
17
100
AcDbEntity
  8
OUTLINE
100
AcDbPolyline
 90
2
 70
0
 10
317.60233105275034
 20
213.38643719415083
 10
317.6576668405014
 20
213.29923420418808
  0
LWPOLYLINE
  5
3C5
330
17
100
AcDbEntity
  8
OUTLINE
100
AcDbPolyline
 90
2
 70
0
 10
317.6576668405014
 20
213.29923420418808
 10
318.0792809203877
 20
213.64460027692127
  0
LWPOLYLINE
  5
3C6
330
17
100
AcDbEntity
  8
OUTLINE
100
AcDbPolyline
 90
5
 70
0
 10
312.7173322931516
 20
211.3511668186491
 10
312.770087480844
 20
211.4081409518766
 10
312.79615810555606
 20
211.46639477589767
 10
312.79938559319044
 20
211.48435225879658
 10
312.80046310173793
 20
211.50239435816482
  0
LWPOLYLINE
  5
3C7
330
17
100
AcDbEntity
  8
OUTLINE
100
AcDbPolyline
 90
14
 70
0
 10
312.80046310173793
 20
211.50239435816482
 10
312.78980668525355
 20
211.55883655865492
 10
312.75738967824697
 20
211.61382773930725
 10
312.70122614946683
 20
211.6660245539139
 10
312.6196635219835
 20
211.71198817592295
 10
312.5140670224044
 20
211.74660186471795
 10
312.3906532215783
 20
211.76449580252384
 10
312.2604793334251
 20
211.76199625187783
 10
312.1371266506225
 20
211.73876040759643
 10
312.0328825068276
 20
211.6981604989148
 10
311.95537098934443
 20
211.64607514563735
 10
311.9064414148291
 20
211.58869650082246
 10
311.88749350369534
 20
211.5461522888092
 10
311.881118584947
 20
211.50239435816482
  0
LWPOLYLINE
  5
3C8
330
17
100
AcDbEntity
  8
OUTLINE
100
AcDbPolyline
 90
11
 70
0
 10
311.881118584947
 20
211.50239435816482
 10
311.8917749646576
 20
211.44595215767475
 10
311.92419200843796
 20
211.3909610137962
 10
311.9803555004443
 20
211.3387641991895
 10
312.0619181647014
 20
211.29280054040672
 10
312.16751466428053
 20
211.25818685161173
 10
312.2909284651066
 20
211.24029295057957
 10
312.421102316486
 20
211.24279246445184
 10
312.5444550360624
 20
211.266028345507
 10
312.6486991798573
 20
211.30662821741484
 10
312.7173322931516
 20
211.3511668186491
  0
LWPOLYLINE
  5
3C9
330
17
100
AcDbEntity
  8
OUTLINE
100
AcDbPolyline
 90
5
 70
0
 10
316.5184978563006
 20
212.14471621167274
 10
316.57125304399295
 20
212.20169034490024
 10
316.5973236319312
 20
212.25994413214755
 10
316.60055111956564
 20
212.27790165182026
 10
316.6016286281131
 20
212.29594375118847
  0
LWPOLYLINE
  5
3CA
330
17
100
AcDbEntity
  8
OUTLINE
100
AcDbPolyline
 90
14
 70
0
 10
316.6016286281131
 20
212.29594375118847
 10
316.5909722484025
 20
212.35238595167857
 10
316.55855520462217
 20
212.40737709555714
 10
316.5023917126158
 20
212.45957391016378
 10
316.42082904835866
 20
212.5055375689466
 10
316.3152325487796
 20
212.5401512577416
 10
316.1918187479535
 20
212.55804515877372
 10
316.0616448965741
 20
212.55554564490149
 10
315.9382921769977
 20
212.53230976384629
 10
315.8340480332028
 20
212.49170989193846
 10
315.75653655249334
 20
212.43962450188724
 10
315.7076069412043
 20
212.38224585707235
 10
315.68865903007054
 20
212.33970164505905
 10
315.6822841113222
 20
212.29594375118847
  0
LWPOLYLINE
  5
3CB
330
17
100
AcDbEntity
  8
OUTLINE
100
AcDbPolyline
 90
11
 70
0
 10
315.6822841113222
 20
212.29594375118847
 10
315.69294052780657
 20
212.2395015506984
 10
315.7253575348131
 20
212.18451037004607
 10
315.7815210635933
 20
212.1323135922132
 10
315.8630836910766
 20
212.08634993343037
 10
315.96868019065573
 20
212.05173624463538
 10
316.09209399148176
 20
212.03384234360325
 10
316.22226787963496
 20
212.0363418574755
 10
316.3456205624376
 20
212.0595777017569
 10
316.44986470623246
 20
212.10017761043852
 10
316.5184978563006
 20
212.14471621167274
  0
LWPOLYLINE
  5
3CC
330
17
100
AcDbEntity
  8
OUTLINE
100
AcDbPolyline
 90
5
 70
0
 10
334.4140748534892
 20
207.5762995834621
 10
334.37522247163884
 20
207.53071167917017
 10
334.35186486936965
 20
207.4701825510176
 10
334.3473742759167
 20
207.44224300922426
 10
334.34587243471407
 20
207.41280357523866
  0
LWPOLYLINE
  5
3CD
330
17
100
AcDbEntity
  8
OUTLINE
100
AcDbPolyline
 90
2
 70
0
 10
318.0792809203877
 20
215.45199930955278
 10
318.0792809203877
 20
213.64460027692127
  0
LWPOLYLINE
  5
3CE
330
17
100
AcDbEntity
  8
OUTLINE
100
AcDbPolyline
 90
2
 70
0
 10
318.0792809203877
 20
215.45199930955278
 10
335.49148771557145
 20
208.45886450932403
  0
LWPOLYLINE
  5
3CF
330
17
100
AcDbEntity
  8
OUTLINE
100
AcDbPolyline
 90
5
 70
0
 10
370.6933022325501
 20
237.2945028765879
 10
370.65444988747356
 20
237.24891497229598
 10
370.63109224843055
 20
237.18838584414337
 10
370.6266016917514
 20
237.16044630235007
 10
370.6250998505488
 20
237.13100686836447
  0
LWPOLYLINE
  5
3D0
330
17
100
AcDbEntity
  8
OUTLINE
100
AcDbPolyline
 90
2
 70
0
 10
350.56184498704107
 20
240.2527590350951
 10
366.82843650136743
 20
233.7197291367914
  0
LWPOLYLINE
  5
3D1
330
17
100
AcDbEntity
  8
OUTLINE
100
AcDbPolyline
 90
2
 70
0
 10
350.56184498704107
 20
242.0601580677266
 10
350.56184498704107
 20
240.2527590350951
  0
LWPOLYLINE
  5
3D2
330
17
100
AcDbEntity
  8
OUTLINE
100
AcDbPolyline
 90
2
 70
0
 10
355.6022596359051
 20
242.8632850080573
 10
370.6250998505488
 20
236.82977367174337
  0
LWPOLYLINE
  5
3D3
330
17
100
AcDbEntity
  8
OUTLINE
100
AcDbPolyline
 90
2
 70
0
 10
355.6022596359051
 20
244.67068404068883
 10
371.7707150946324
 20
238.1770678024498
  0
LWPOLYLINE
  5
3D4
330
17
100
AcDbEntity
  8
OUTLINE
100
AcDbPolyline
 90
2
 70
0
 10
350.56184498704107
 20
240.2527590350951
 10
350.98345910370114
 20
240.5981250710545
  0
LWPOLYLINE
  5
3D5
330
17
100
AcDbEntity
  8
OUTLINE
100
AcDbPolyline
 90
2
 70
0
 10
350.8216681485923
 20
240.5981250710545
 10
350.98345910370114
 20
240.5981250710545
  0
LWPOLYLINE
  5
3D6
330
17
100
AcDbEntity
  8
OUTLINE
100
AcDbPolyline
 90
2
 70
0
 10
350.8216681485923
 20
240.5981250710545
 10
350.8216681485923
 20
242.6230121857147
  0
LWPOLYLINE
  5
3D7
330
17
100
AcDbEntity
  8
OUTLINE
100
AcDbPolyline
 90
6
 70
0
 10
353.3958327956069
 20
243.2136042516305
 10
353.3852211328136
 20
243.25237973950544
 10
353.3525952139591
 20
243.2888513132475
 10
353.29562472133586
 20
243.31964409590938
 10
353.2380069733991
 20
243.33492242501745
 10
353.1751901115771
 20
243.34015971008694
  0
LWPOLYLINE
  5
3D8
330
17
100
AcDbEntity
  8
OUTLINE
100
AcDbPolyline
 90
2
 70
0
 10
351.04231083262215
 20
243.34015971008694
 10
353.1751901115771
 20
243.34015971008694
  0
LWPOLYLINE
  5
3D9
330
17
100
AcDbEntity
  8
OUTLINE
100
AcDbPolyline
 90
6
 70
0
 10
350.8216681485923
 20
243.2136042516305
 10
350.83227981138566
 20
243.25237973950544
 10
350.8649056934664
 20
243.2888513132475
 10
350.9218761860896
 20
243.31964409590938
 10
350.97949393402644
 20
243.33492242501745
 10
351.04231083262215
 20
243.34015971008694
  0
LWPOLYLINE
  5
3DA
330
17
100
AcDbEntity
  8
OUTLINE
100
AcDbPolyline
 90
2
 70
0
 10
350.8216681485923
 20
243.2136042516305
 10
350.8216681485923
 20
245.2384913662907
  0
LWPOLYLINE
  5
3DB
330
17
100
AcDbEntity
  8
OUTLINE
100
AcDbPolyline
 90
2
 70
0
 10
350.8216681485923
 20
245.2384913662907
 10
355.6022596359051
 20
245.2384913662907
  0
LWPOLYLINE
  5
3DC
330
17
100
AcDbEntity
  8
OUTLINE
100
AcDbPolyline
 90
2
 70
0
 10
355.6022596359051
 20
242.8632850080573
 10
355.6022596359051
 20
245.2384913662907
  0
LWPOLYLINE
  5
3DD
330
17
100
AcDbEntity
  8
OUTLINE
100
AcDbPolyline
 90
5
 70
0
 10
352.4852919219088
 20
241.60698910534782
 10
352.53804710960117
 20
241.66396323857532
 10
352.5641177343132
 20
241.72221702582263
 10
352.5673452219476
 20
241.7401745454953
 10
352.5684227304951
 20
241.75821664486355
  0
LWPOLYLINE
  5
3DE
330
17
100
AcDbEntity
  8
OUTLINE
100
AcDbPolyline
 90
3
 70
0
 10
352.5684227304951
 20
241.75821664486355
 10
352.55776631401073
 20
241.81465884535362
 10
352.50278715838465
 20
241.89399037078985
  0
LWPOLYLINE
  5
3DF
330
17
100
AcDbEntity
  8
OUTLINE
100
AcDbPolyline
 90
3
 70
0
 10
351.7147137490408
 20
241.89399037078985
 10
351.6696896235804
 20
241.83628237999528
 10
351.6490782137042
 20
241.75821664486355
  0
LWPOLYLINE
  5
3E0
330
17
100
AcDbEntity
  8
OUTLINE
100
AcDbPolyline
 90
11
 70
0
 10
351.6490782137042
 20
241.75821664486355
 10
351.6597345934148
 20
241.70177444437348
 10
351.6921516004213
 20
241.64678330049492
 10
351.7483151292015
 20
241.59458648588824
 10
351.8298777566848
 20
241.54862282710542
 10
351.9354742930377
 20
241.51400913831046
 10
352.0588880938638
 20
241.4961152372783
 10
352.18906194524317
 20
241.49861475115057
 10
352.3124146648196
 20
241.52185063220574
 10
352.4166587718407
 20
241.56245050411357
 10
352.4852919219088
 20
241.60698910534782
  0
LWPOLYLINE
  5
3E1
330
17
100
AcDbEntity
  8
OUTLINE
100
AcDbPolyline
 90
5
 70
0
 10
352.4852919219088
 20
243.9271722529659
 10
352.53804710960117
 20
243.9841463861934
 10
352.5641177343132
 20
244.0424001734407
 10
352.5673452219476
 20
244.06035769311342
 10
352.5684227304951
 20
244.07839979248166
  0
LWPOLYLINE
  5
3E2
330
17
100
AcDbEntity
  8
OUTLINE
100
AcDbPolyline
 90
14
 70
0
 10
352.5684227304951
 20
244.07839979248166
 10
352.55776631401073
 20
244.13484199297173
 10
352.52534930700415
 20
244.1898331368503
 10
352.469185778224
 20
244.24202995145697
 10
352.3876231507407
 20
244.28799361023977
 10
352.2820266143878
 20
244.32260729903476
 10
352.1586128135617
 20
244.3405012000669
 10
352.0284389621823
 20
244.33800168619464
 10
351.9050862793797
 20
244.31476580513947
 10
351.8008421355848
 20
244.27416593323164
 10
351.7233306181016
 20
244.2220805431804
 10
351.6744010435863
 20
244.1647018983655
 10
351.65545309567875
 20
244.122157723126
 10
351.6490782137042
 20
244.07839979248166
  0
LWPOLYLINE
  5
3E3
330
17
100
AcDbEntity
  8
OUTLINE
100
AcDbPolyline
 90
11
 70
0
 10
351.6490782137042
 20
244.07839979248166
 10
351.6597345934148
 20
244.02195759199157
 10
351.6921516004213
 20
243.966966448113
 10
351.7483151292015
 20
243.91476963350635
 10
351.8298777566848
 20
243.86880597472353
 10
351.9354742930377
 20
243.83419228592854
 10
352.0588880938638
 20
243.8162983848964
 10
352.18906194524317
 20
243.81879789876865
 10
352.3124146648196
 20
243.84203377982385
 10
352.4166587718407
 20
243.88263365173168
 10
352.4852919219088
 20
243.9271722529659
  0
LWPOLYLINE
  5
3E4
330
17
100
AcDbEntity
  8
OUTLINE
100
AcDbPolyline
 90
3
 70
0
 10
381.2145211625883
 20
226.95572249693487
 10
381.1852137832491
 20
226.82058793609042
 10
381.17496140029294
 20
226.67037737547915
  0
LWPOLYLINE
  5
3E5
330
17
100
AcDbEntity
  8
OUTLINE
100
AcDbPolyline
 90
2
 70
0
 10
381.17496140029294
 20
226.67037737547915
 10
381.17496140029294
 20
224.26051198637919
  0
LWPOLYLINE
  5
3E6
330
17
100
AcDbEntity
  8
OUTLINE
100
AcDbPolyline
 90
3
 70
0
 10
381.2145211625883
 20
223.94339071459268
 10
381.18322516751175
 20
224.11857887283307
 10
381.17496140029294
 20
224.26051198637919
  0
LWPOLYLINE
  5
3E7
330
17
100
AcDbEntity
  8
OUTLINE
100
AcDbPolyline
 90
2
 70
0
 10
351.59318923797053
 20
198.67354368668467
 10
354.5461496043232
 20
201.09246719343966
  0
LWPOLYLINE
  5
3E8
330
17
100
AcDbEntity
  8
OUTLINE
100
AcDbPolyline
 90
3
 70
0
 10
354.56005645528114
 20
202.50556701176595
 10
354.57073846631687
 20
202.34118909473446
 10
354.598318066345
 20
202.18896708186801
  0
LWPOLYLINE
  5
3E9
330
17
100
AcDbEntity
  8
OUTLINE
100
AcDbPolyline
 90
2
 70
0
 10
378.1698325719185
 20
220.44385539457474
 10
381.12279293827123
 20
222.86277890132973
  0
LWPOLYLINE
  5
3EA
330
17
100
AcDbEntity
  8
OUTLINE
100
AcDbPolyline
 90
3
 70
0
 10
354.598318066345
 20
205.2012988642102
 10
354.5696152847338
 20
205.06306648008197
 10
354.56005645528114
 20
204.9154324008659
  0
LWPOLYLINE
  5
3EB
330
17
100
AcDbEntity
  8
OUTLINE
100
AcDbPolyline
 90
2
 70
0
 10
354.56005645528114
 20
204.9154324008659
 10
354.56005645528114
 20
202.50556701176595
  0
LWPOLYLINE
  5
3EC
330
17
100
AcDbEntity
  8
OUTLINE
100
AcDbPolyline
 90
4
 70
0
 10
381.2145211625883
 20
226.95572249693487
 10
381.25753479191184
 20
227.1224208763005
 10
381.26717080953017
 20
227.18899451078207
 10
381.262566916059
 20
227.2140160898529
  0
LWPOLYLINE
  5
3ED
330
17
100
AcDbEntity
  8
OUTLINE
100
AcDbPolyline
 90
2
 70
0
 10
381.262566916059
 20
227.2140160898529
 10
381.25726586525377
 20
227.21258908329392
  0
LWPOLYLINE
  5
3EE
330
17
100
AcDbEntity
  8
OUTLINE
100
AcDbPolyline
 90
4
 70
0
 10
354.598318066345
 20
205.2012988642102
 10
354.64383113599325
 20
205.34881537764946
 10
354.66229094873614
 20
205.39992523284704
 10
354.6815631678416
 20
205.44545562294599
  0
LWPOLYLINE
  5
3EF
330
17
100
AcDbEntity
  8
OUTLINE
100
AcDbPolyline
 90
3
 70
0
 10
354.6815631678416
 20
205.44545562294599
 10
354.68156188075926
 20
205.44545606423134
 10
354.6815053962322
 20
205.44542903550254
  0
LWPOLYLINE
  5
3F0
330
17
100
AcDbEntity
  8
OUTLINE
100
AcDbPolyline
 90
2
 70
0
 10
317.6576668405014
 20
215.1066332735934
 10
318.0792809203877
 20
215.45199930955278
  0
LWPOLYLINE
  5
3F1
330
17
100
AcDbEntity
  8
OUTLINE
100
AcDbPolyline
 90
2
 70
0
 10
317.60233105275034
 20
215.19383626355614
 10
317.6576668405014
 20
215.1066332735934
  0
LWPOLYLINE
  5
3F2
330
17
100
AcDbEntity
  8
OUTLINE
100
AcDbPolyline
 90
2
 70
0
 10
310.0
 20
213.6067375142826
 10
317.60233105275034
 20
215.19383626355614
  0
LWPOLYLINE
  5
3F3
330
17
100
AcDbEntity
  8
OUTLINE
100
AcDbPolyline
 90
2
 70
0
 10
310.0
 20
213.6067375142826
 10
310.0
 20
211.7993384448773
  0
LWPOLYLINE
  5
3F4
330
17
100
AcDbEntity
  8
OUTLINE
100
AcDbPolyline
 90
2
 70
0
 10
313.31738081031466
 20
212.49189063507046
 10
313.31738081031466
 20
211.88942427860204
  0
LWPOLYLINE
  5
3F5
330
17
100
AcDbEntity
  8
OUTLINE
100
AcDbPolyline
 90
2
 70
0
 10
313.31738081031466
 20
211.88942427860204
 10
314.2849502424357
 20
212.09141864748923
  0
LWPOLYLINE
  5
3F6
330
17
100
AcDbEntity
  8
OUTLINE
100
AcDbPolyline
 90
2
 70
0
 10
314.2849502424357
 20
212.69388500395766
 10
314.2849502424357
 20
212.09141864748923
  0
LWPOLYLINE
  5
3F7
330
17
100
AcDbEntity
  8
OUTLINE
100
AcDbPolyline
 90
2
 70
0
 10
317.60233105275034
 20
215.19383626355614
 10
317.60233105275034
 20
213.38643719415083
  0
LWPOLYLINE
  5
3F8
330
17
100
AcDbEntity
  8
OUTLINE
100
AcDbPolyline
 90
5
 70
0
 10
313.31738081031466
 20
211.88942427860204
 10
313.242136874469
 20
211.8629345431117
 10
313.19375743571254
 20
211.8250581374004
 10
313.1776586100101
 20
211.79847128235528
 10
313.1722023738505
 20
211.77050107122886
  0
LWPOLYLINE
  5
3F9
330
17
100
AcDbEntity
  8
OUTLINE
100
AcDbPolyline
 90
2
 70
0
 10
313.1722023738505
 20
211.77050107122886
 10
313.18550874574385
 20
211.72721656623688
  0
LWPOLYLINE
  5
3FA
330
17
100
AcDbEntity
  8
OUTLINE
100
AcDbPolyline
 90
2
 70
0
 10
313.18550874574385
 20
211.72721656623688
 10
313.91499644769607
 20
210.57762545130836
  0
LWPOLYLINE
  5
3FB
330
17
100
AcDbEntity
  8
OUTLINE
100
AcDbPolyline
 90
5
 70
0
 10
314.1977969706244
 20
210.5019867489272
 10
314.11047064140126
 20
210.49453755772413
 10
314.023439090804
 20
210.50777828841896
 10
313.9549315599707
 20
210.53846637612725
 10
313.91499644769607
 20
210.57762545130836
  0
LWPOLYLINE
  5
3FC
330
17
100
AcDbEntity
  8
OUTLINE
100
AcDbPolyline
 90
2
 70
0
 10
314.1977969706244
 20
210.5019867489272
 10
315.1653664027454
 20
210.7039811178144
  0
LWPOLYLINE
  5
3FD
330
17
100
AcDbEntity
  8
OUTLINE
100
AcDbPolyline
 90
5
 70
0
 10
315.1653664027454
 20
210.7039811178144
 10
315.2406103018173
 20
210.73047085330478
 10
315.2889897773476
 20
210.76834725901605
 10
315.30508860304997
 20
210.79493415083493
 10
315.31054483920957
 20
210.82290436196135
  0
LWPOLYLINE
  5
3FE
330
17
100
AcDbEntity
  8
OUTLINE
100
AcDbPolyline
 90
2
 70
0
 10
315.31054483920957
 20
210.82290436196135
 10
315.2972384673162
 20
210.86618886695334
  0
LWPOLYLINE
  5
3FF
330
17
100
AcDbEntity
  8
OUTLINE
100
AcDbPolyline
 90
2
 70
0
 10
314.56775076536405
 20
212.01577994510808
 10
315.2972384673162
 20
210.86618886695334
  0
LWPOLYLINE
  5
400
330
17
100
AcDbEntity
  8
OUTLINE
100
AcDbPolyline
 90
5
 70
0
 10
314.2849502424357
 20
212.09141864748923
 10
314.3722765716588
 20
212.0988678754661
 10
314.45930812225606
 20
212.08562710799748
 10
314.5278156530894
 20
212.0549390202892
 10
314.56775076536405
 20
212.01577994510808
  0
LWPOLYLINE
  5
401
330
17
100
AcDbEntity
  8
OUTLINE
100
AcDbPolyline
 90
2
 70
0
 10
317.6576668405014
 20
215.1066332735934
 10
317.6576668405014
 20
213.29923420418808
  0
LWPOLYLINE
  5
402
330
17
100
AcDbEntity
  8
OUTLINE
100
AcDbPolyline
 90
2
 70
0
 10
350.56184498704107
 20
242.0601580677266
 10
350.8216681485923
 20
242.27299272200156
  0
LWPOLYLINE
  5
403
330
17
100
AcDbEntity
  8
OUTLINE
100
AcDbPolyline
 90
2
 70
0
 10
350.8216681485923
 20
247.045890435696
 10
355.6022596359051
 20
247.045890435696
  0
LWPOLYLINE
  5
404
330
17
100
AcDbEntity
  8
OUTLINE
100
AcDbPolyline
 90
2
 70
0
 10
355.6022596359051
 20
247.045890435696
 10
355.6022596359051
 20
245.2384913662907
  0
LWPOLYLINE
  5
405
330
17
100
AcDbEntity
  8
OUTLINE
100
AcDbPolyline
 90
2
 70
0
 10
350.8216681485923
 20
242.6230121857147
 10
350.8216681485923
 20
242.0205458292463
  0
LWPOLYLINE
  5
406
330
17
100
AcDbEntity
  8
OUTLINE
100
AcDbPolyline
 90
2
 70
0
 10
350.8216681485923
 20
242.0205458292463
 10
350.8216681485923
 20
242.61113789516207
  0
LWPOLYLINE
  5
407
330
17
100
AcDbEntity
  8
OUTLINE
100
AcDbPolyline
 90
2
 70
0
 10
350.8216681485923
 20
243.2136042516305
 10
350.8216681485923
 20
242.61113789516207
  0
LWPOLYLINE
  5
408
330
17
100
AcDbEntity
  8
OUTLINE
100
AcDbPolyline
 90
2
 70
0
 10
350.8216681485923
 20
247.045890435696
 10
350.8216681485923
 20
245.2384913662907
  0
LWPOLYLINE
  5
409
330
17
100
AcDbEntity
  8
OUTLINE
100
AcDbPolyline
 90
6
 70
0
 10
350.8216681485923
 20
242.0205458292463
 10
350.83227981138566
 20
241.98177034137134
 10
350.8649056934664
 20
241.94529876762925
 10
350.9218761860896
 20
241.9145059849674
 10
350.97949393402644
 20
241.89922765585933
 10
351.04231083262215
 20
241.89399037078985
  0
LWPOLYLINE
  5
40A
330
17
100
AcDbEntity
  8
OUTLINE
100
AcDbPolyline
 90
2
 70
0
 10
351.04231083262215
 20
241.89399037078985
 10
353.1751901115771
 20
241.89399037078985
  0
LWPOLYLINE
  5
40B
330
17
100
AcDbEntity
  8
OUTLINE
100
AcDbPolyline
 90
2
 70
0
 10
353.3958327956069
 20
242.6230121857147
 10
353.3958327956069
 20
242.0205458292463
  0
LWPOLYLINE
  5
40C
330
17
100
AcDbEntity
  8
OUTLINE
100
AcDbPolyline
 90
6
 70
0
 10
353.3958327956069
 20
242.0205458292463
 10
353.3852211328136
 20
241.98177034137134
 10
353.3525952139591
 20
241.94529876762925
 10
353.29562472133586
 20
241.9145059849674
 10
353.2380069733991
 20
241.89922765585933
 10
353.1751901115771
 20
241.89399037078985
  0
LWPOLYLINE
  5
40D
330
17
100
AcDbEntity
  8
OUTLINE
100
AcDbPolyline
 90
2
 70
0
 10
353.3958327956069
 20
242.0205458292463
 10
353.3958327956069
 20
242.61113789516207
  0
LWPOLYLINE
  5
40E
330
17
100
AcDbEntity
  8
OUTLINE
100
AcDbPolyline
 90
2
 70
0
 10
353.3958327956069
 20
243.2136042516305
 10
353.3958327956069
 20
242.61113789516207
  0
LWPOLYLINE
  5
40F
330
17
100
AcDbEntity
  8
OUTLINE
100
AcDbPolyline
 90
6
 70
0
 10
353.3958327956069
 20
242.61113789516207
 10
353.3852211328136
 20
242.649913383037
 10
353.3525952139591
 20
242.68638495677908
 10
353.29562472133586
 20
242.71717773944093
 10
353.2380069733991
 20
242.73245606854903
 10
353.1751901115771
 20
242.73769335361848
  0
LWPOLYLINE
  5
410
330
17
100
AcDbEntity
  8
OUTLINE
100
AcDbPolyline
 90
2
 70
0
 10
351.04231083262215
 20
242.73769335361848
 10
353.1751901115771
 20
242.73769335361848
  0
LWPOLYLINE
  5
411
330
17
100
AcDbEntity
  8
OUTLINE
100
AcDbPolyline
 90
6
 70
0
 10
350.8216681485923
 20
242.61113789516207
 10
350.83227981138566
 20
242.649913383037
 10
350.8649056934664
 20
242.68638495677908
 10
350.9218761860896
 20
242.71717773944093
 10
350.97949393402644
 20
242.73245606854903
 10
351.04231083262215
 20
242.73769335361848
  0
LWPOLYLINE
  5
412
330
17
100
AcDbEntity
  8
OUTLINE
100
AcDbPolyline
 90
3
 70
0
 10
356.19362273768024
 20
196.7939141824384
 10
356.19358931031366
 20
196.79388685951938
 10
356.1920087732204
 20
196.79284060868548
  0
LWPOLYLINE
  5
413
330
17
100
AcDbEntity
  8
OUTLINE
100
AcDbPolyline
 90
4
 70
0
 10
356.1920087732204
 20
196.79284060868548
 10
356.19696904140005
 20
196.79978566812935
 10
356.2121587456967
 20
196.81511103090293
 10
356.25898232256674
 20
196.85582004739177
  0
LWPOLYLINE
  5
414
330
17
100
AcDbEntity
  8
OUTLINE
100
AcDbPolyline
 90
2
 70
0
 10
356.25898232256674
 20
196.85582004739177
 10
359.21194268891946
 20
199.27474359092056
  0
LWPOLYLINE
  5
415
330
17
100
AcDbEntity
  8
OUTLINE
100
AcDbPolyline
 90
3
 70
0
 10
359.21194268891946
 20
199.27474359092056
 10
359.30935992742775
 20
199.35071895726378
 10
359.42860188993177
 20
199.44385399933424
  0
LWPOLYLINE
  5
416
330
17
100
AcDbEntity
  8
OUTLINE
100
AcDbPolyline
 90
3
 70
0
 10
382.77026607162827
 20
218.5642258903285
 10
382.7702326442616
 20
218.56419856740945
 10
382.76865210716835
 20
218.56315231657555
  0
LWPOLYLINE
  5
417
330
17
100
AcDbEntity
  8
OUTLINE
100
AcDbPolyline
 90
4
 70
0
 10
382.76865210716835
 20
218.56315231657555
 10
382.773612375348
 20
218.57009737601942
 10
382.7888020796447
 20
218.58542273879297
 10
382.83562565651476
 20
218.62613175528185
  0
LWPOLYLINE
  5
418
330
17
100
AcDbEntity
  8
OUTLINE
100
AcDbPolyline
 90
2
 70
0
 10
382.83562565651476
 20
218.62613175528185
 10
385.78858602286743
 20
221.0450552988106
  0
LWPOLYLINE
  5
419
330
17
100
AcDbEntity
  8
OUTLINE
100
AcDbPolyline
 90
3
 70
0
 10
385.78858602286743
 20
221.0450552988106
 10
385.8860032613758
 20
221.12103066515382
 10
386.0052452238798
 20
221.2141657072243
  0
LWPOLYLINE
  5
41A
330
17
100
AcDbEntity
  8
OUTLINE
100
AcDbPolyline
 90
3
 70
0
 10
386.0052452238798
 20
221.2141657072243
 10
386.02719990641634
 20
221.23240634823438
 10
386.04882197010676
 20
221.25094805618684
  0
LWPOLYLINE
  5
41B
330
17
100
AcDbEntity
  8
OUTLINE
100
AcDbPolyline
 90
2
 70
0
 10
312.93741134544507
 20
186.0800665402958
 10
318.9620748733556
 20
183.66042587127015
  0
LWPOLYLINE
  5
41C
330
17
100
AcDbEntity
  8
OUTLINE
100
AcDbPolyline
 90
2
 70
0
 10
315.6784427957408
 20
192.90496099976158
 10
316.07359144760574
 20
192.7462604028591
  0
LWPOLYLINE
  5
41D
330
17
100
AcDbEntity
  8
OUTLINE
100
AcDbPolyline
 90
2
 70
0
 10
385.4958661403407
 20
245.5164731265474
 10
391.52052966825124
 20
243.09683242074797
  0
LWPOLYLINE
  5
41E
330
17
100
AcDbEntity
  8
OUTLINE
100
AcDbPolyline
 90
2
 70
0
 10
388.23689759063643
 20
252.3413675860132
 10
394.261561118547
 20
249.92172688021375
  0
LWPOLYLINE
  5
41F
330
17
100
AcDbEntity
  8
OUTLINE
100
AcDbPolyline
 90
2
 70
0
 10
323.6695109181485
 20
188.928000032932
 10
340.6834735917055
 20
202.8650223334092
  0
LWPOLYLINE
  5
420
330
17
100
AcDbEntity
  8
OUTLINE
100
AcDbPolyline
 90
2
 70
0
 10
338.560581225784
 20
203.7176237621372
 10
351.1847569036349
 20
198.64747023039155
  0
LWPOLYLINE
  5
421
330
17
100
AcDbEntity
  8
OUTLINE
100
AcDbPolyline
 90
4
 70
0
 10
338.2521118684712
 20
203.9511882378621
 10
338.3405029457399
 20
203.85540313006132
 10
338.44441384553437
 20
203.77672467019607
 10
338.560581225784
 20
203.7176237621372
  0
LWPOLYLINE
  5
422
330
17
100
AcDbEntity
  8
OUTLINE
100
AcDbPolyline
 90
2
 70
0
 10
371.10606784210495
 20
227.78575262037197
 10
388.1223977910189
 20
241.72471407585155
  0
LWPOLYLINE
  5
423
330
17
100
AcDbEntity
  8
OUTLINE
100
AcDbPolyline
 90
2
 70
0
 10
344.529424508157
 20
206.01544091248192
 10
367.2601168888797
 20
224.63533407807304
  0
LWPOLYLINE
  5
424
330
17
100
AcDbEntity
  8
OUTLINE
100
AcDbPolyline
 90
4
 70
0
 10
364.8287551656454
 20
225.72149994575219
 10
364.9171462796879
 20
225.6257148379514
 10
365.02105717948234
 20
225.54703637808612
 10
365.137224559732
 20
225.48793547002728
  0
LWPOLYLINE
  5
425
330
17
100
AcDbEntity
  8
OUTLINE
100
AcDbPolyline
 90
2
 70
0
 10
365.137224559732
 20
225.48793547002728
 10
377.7570398233135
 20
220.41953317926473
  0
LWPOLYLINE
  5
426
330
17
100
AcDbEntity
  8
OUTLINE
100
AcDbPolyline
 90
2
 70
0
 10
318.3837185474827
 20
194.44500045223097
 10
330.21428974518653
 20
204.13603701538008
  0
LWPOLYLINE
  5
427
330
17
100
AcDbEntity
  8
OUTLINE
100
AcDbPolyline
 90
2
 70
0
 10
334.4140748534892
 20
207.5762995834621
 10
366.4935171610212
 20
233.8542403085059
  0
LWPOLYLINE
  5
428
330
17
100
AcDbEntity
  8
OUTLINE
100
AcDbPolyline
 90
2
 70
0
 10
370.6933022325501
 20
237.2945028765879
 10
382.85879280737385
 20
247.25988931109322
  0
LWPOLYLINE
  5
429
330
17
100
AcDbEntity
  8
OUTLINE
100
AcDbPolyline
 90
10
 70
0
 10
350.730476159545
 20
198.82991959226823
 10
350.7683172624269
 20
198.6684877331277
 10
350.8240858408026
 20
198.51234015594832
 10
350.8970733374662
 20
198.36346091651873
 10
350.98635235444306
 20
198.22374169489038
 10
351.0907884941468
 20
198.09495778209904
 10
351.2090547379283
 20
197.9787455010632
 10
351.3396484355616
 20
197.87658150294578
 10
351.48091024374156
 20
197.7897638654307
 10
351.63104527100734
 20
197.71939569161674
  0
LWPOLYLINE
  5
42A
330
17
100
AcDbEntity
  8
OUTLINE
100
AcDbPolyline
 90
2
 70
0
 10
373.9791145908472
 20
230.13921475241557
 10
381.262566916059
 20
227.2140160898529
  0
LWPOLYLINE
  5
42B
330
17
100
AcDbEntity
  8
OUTLINE
100
AcDbPolyline
 90
2
 70
0
 10
347.40247125689916
 20
208.36890304452552
 10
354.6815631678416
 20
205.44545562294599
  0
LWPOLYLINE
  5
42C
330
17
100
AcDbEntity
  8
OUTLINE
100
AcDbPolyline
 90
2
 70
0
 10
313.1722023738505
 20
212.37296742769732
 10
313.1722023738505
 20
211.77050107122886
  0
LWPOLYLINE
  5
42D
330
17
100
AcDbEntity
  8
OUTLINE
100
AcDbPolyline
 90
2
 70
0
 10
315.31054483920957
 20
211.42537071842978
 10
315.31054483920957
 20
210.82290436196135
  0
LWPOLYLINE
  5
42E
330
17
100
AcDbEntity
  8
OUTLINE
100
AcDbPolyline
 90
10
 70
0
 10
382.6789130501954
 20
227.39401462634294
 10
382.5218124437161
 20
227.44703921875254
 10
382.3597424123858
 20
227.48204646054825
 10
382.1947622511483
 20
227.49859157285292
 10
382.02896817582314
 20
227.4964643567362
 10
381.86446680920994
 20
227.4756918041531
 10
381.7033482994545
 20
227.43653787730125
 10
381.5476598797006
 20
227.37950005188563
 10
381.3993796851581
 20
227.30530306557569
 10
381.2603918572536
 20
227.21488965101275
  0
LWPOLYLINE
  5
42F
330
17
100
AcDbEntity
  8
OUTLINE
100
AcDbPolyline
 90
2
 70
0
 10
351.63104527100734
 20
197.71939569161674
 10
354.6433770165757
 20
196.509575338717
  0
LWPOLYLINE
  5
430
330
17
100
AcDbEntity
  8
OUTLINE
100
AcDbPolyline
 90
2
 70
0
 10
354.6815462151287
 20
205.4454624260954
 10
374.5391918471092
 20
221.71189345964294
  0
LWPOLYLINE
  5
431
330
17
100
AcDbEntity
  8
OUTLINE
100
AcDbPolyline
 90
2
 70
0
 10
382.6789130501954
 20
227.39401462634294
 10
385.69124479576374
 20
226.18419427344324
  0
LWPOLYLINE
  5
432
330
17
100
AcDbEntity
  8
OUTLINE
100
AcDbPolyline
 90
10
 70
0
 10
354.6433770165757
 20
196.509575338717
 10
354.80886384696333
 20
196.45426437326796
 10
354.9797359033401
 20
196.41893815569867
 10
355.1535888423781
 20
196.4040937939763
 10
355.3279763618657
 20
196.40994012640124
 10
355.50044473128764
 20
196.43639496357375
 10
355.668567138536
 20
196.48308597096445
 10
355.829977963074
 20
196.54935622175552
 10
355.98240598265977
 20
196.6342732064166
 10
356.1237064033094
 20
196.73664207126615
  0
LWPOLYLINE
  5
433
330
17
100
AcDbEntity
  8
OUTLINE
100
AcDbPolyline
 90
2
 70
0
 10
356.1237064033094
 20
196.73664207126615
 10
356.19245583207197
 20
196.79295832155742
  0
LWPOLYLINE
  5
434
330
17
100
AcDbEntity
  8
OUTLINE
100
AcDbPolyline
 90
2
 70
0
 10
359.42860188993177
 20
199.44385399933424
 10
382.76909916602
 20
218.5632700294475
  0
LWPOLYLINE
  5
435
330
17
100
AcDbEntity
  8
OUTLINE
100
AcDbPolyline
 90
2
 70
0
 10
386.0052452238798
 20
221.2141657072243
 10
386.0751615950244
 20
221.27143781839658
  0
LWPOLYLINE
  5
436
330
17
100
AcDbEntity
  8
OUTLINE
100
AcDbPolyline
 90
8
 70
0
 10
386.0751615950244
 20
221.27143781839658
 10
386.21112926587
 20
221.39797485318888
 10
386.33006688856517
 20
221.5406376320911
 10
386.4300780760145
 20
221.6971515496735
 10
386.50956820676674
 20
221.86502099008462
 10
386.56726987247106
 20
222.04156944724585
 10
386.6022630299088
 20
222.22398192502052
 10
386.6139897472796
 20
222.40934998509536
  0
LWPOLYLINE
  5
437
330
17
100
AcDbEntity
  8
OUTLINE
100
AcDbPolyline
 90
11
 70
0
 10
386.6139897472796
 20
224.81921537419532
 10
386.6036063025692
 20
224.99368390632176
 10
386.57260254872756
 20
225.16568929384502
 10
386.5214162040662
 20
225.3328031433847
 10
386.45076994692283
 20
225.4926661594942
 10
386.361661119003
 20
225.6430214249324
 10
386.2553477881172
 20
225.78174617321005
 10
386.13333087612375
 20
225.90688194308987
 10
385.99733301400425
 20
226.01666201182707
 10
385.8492742343952
 20
226.10953651166147
 10
385.69124479576374
 20
226.18419427344324
  0
LWPOLYLINE
  5
438
330
17
100
AcDbEntity
  8
OUTLINE
100
AcDbPolyline
 90
2
 70
0
 10
386.6139897472796
 20
224.81921537419532
 10
386.6139897472796
 20
222.40934998509536
  0
LWPOLYLINE
  5
439
330
17
100
AcDbEntity
  8
OUTLINE
100
AcDbPolyline
 90
4
 70
0
 10
356.1920087732204
 20
196.79284060868548
 10
356.29151034961717
 20
196.82677313674108
 10
356.3851575033573
 20
196.87454536683111
 10
356.4710369681799
 20
196.93518117572143
  0
LWPOLYLINE
  5
43A
330
17
100
AcDbEntity
  8
OUTLINE
100
AcDbPolyline
 90
2
 70
0
 10
356.4710369681799
 20
196.93518117572143
 10
359.42399733453254
 20
199.35410468247642
  0
LWPOLYLINE
  5
43B
330
17
100
AcDbEntity
  8
OUTLINE
100
AcDbPolyline
 90
4
 70
0
 10
359.42399733453254
 20
199.35410468247642
 10
359.50025026937226
 20
199.4262515672877
 10
359.565455220511
 20
199.50851944233676
 10
359.6182838086696
 20
199.59923230579574
  0
LWPOLYLINE
  5
43C
330
17
100
AcDbEntity
  8
OUTLINE
100
AcDbPolyline
 90
4
 70
0
 10
382.76865210716835
 20
218.56315231657555
 10
382.86815364679137
 20
218.59708484463115
 10
382.96180083730525
 20
218.6448570747212
 10
383.04768030212784
 20
218.7054928836115
  0
LWPOLYLINE
  5
43D
330
17
100
AcDbEntity
  8
OUTLINE
100
AcDbPolyline
 90
2
 70
0
 10
383.04768030212784
 20
218.7054928836115
 10
386.0006406684805
 20
221.1244163903665
  0
LWPOLYLINE
  5
43E
330
17
100
AcDbEntity
  8
OUTLINE
100
AcDbPolyline
 90
4
 70
0
 10
386.0006406684805
 20
221.1244163903665
 10
386.0824616685469
 20
221.20271056422374
 10
386.1512930292928
 20
221.29263775585866
 10
386.2055028774272
 20
221.39206585824166
  0
TEXT
  5
43F
330
17
100
AcDbEntity
  8
TEXT
100
AcDbText
 10
352.0
 20
174.0
 30
0.0
 40
2.7
  1
等轴示意
  7
CJK
 72
1
 11
352.0
 21
174.0
 31
0.0
100
AcDbText
  0
TEXT
  5
440
330
17
100
AcDbEntity
  8
TEXT
100
AcDbText
 10
196.0
 20
209.0
 30
0.0
 40
3.0
  1
槽块固定孔：4× M3 配套螺纹孔
  7
CJK
 11
196.0
 21
209.0
 31
0.0
100
AcDbText
  0
TEXT
  5
441
330
17
100
AcDbEntity
  8
TEXT
100
AcDbText
 10
196.0
 20
201.0
 30
0.0
 40
2.65
  1
模型Ø2.5为螺纹底孔；不得以光孔替代螺纹。
  7
CJK
 11
196.0
 21
201.0
 31
0.0
100
AcDbText
  0
TEXT
  5
442
330
17
100
AcDbEntity
  8
TEXT
100
AcDbText
 10
196.0
 20
195.5
 30
0.0
 40
2.65
  1
M3×0.5-6H，通孔；完整有效牙≥5。
  7
CJK
 11
196.0
 21
195.5
 31
0.0
100
AcDbText
  0
TEXT
  5
443
330
17
100
AcDbEntity
  8
TEXT
100
AcDbText
 10
196.0
 20
190.0
 30
0.0
 40
2.65
  1
孔坐标以 O=(支架中心 X，Y=0，Z=0) 为原点。
  7
CJK
 11
196.0
 21
190.0
 31
0.0
100
AcDbText
  0
TEXT
  5
444
330
17
100
AcDbEntity
  8
TEXT
100
AcDbText
 10
196.0
 20
184.5
 30
0.0
 40
2.65
  1
X/Y 数值由真实装配孔轴提取（mm）。
  7
CJK
 11
196.0
 21
184.5
 31
0.0
100
AcDbText
  0
LWPOLYLINE
  5
445
330
17
100
AcDbEntity
  8
OUTLINE
100
AcDbPolyline
 90
5
 70
0
 10
195.0
 20
118.0
 10
398.0
 20
118.0
 10
398.0
 20
169.0
 10
195.0
 20
169.0
 10
195.0
 20
118.0
  0
LINE
  5
446
330
17
100
AcDbEntity
  8
OUTLINE
100
AcDbLine
 10
218.0
 20
118.0
 30
0.0
 11
218.0
 21
169.0
 31
0.0
  0
LINE
  5
447
330
17
100
AcDbEntity
  8
OUTLINE
100
AcDbLine
 10
267.0
 20
118.0
 30
0.0
 11
267.0
 21
169.0
 31
0.0
  0
LINE
  5
448
330
17
100
AcDbEntity
  8
OUTLINE
100
AcDbLine
 10
316.0
 20
118.0
 30
0.0
 11
316.0
 21
169.0
 31
0.0
  0
LINE
  5
449
330
17
100
AcDbEntity
  8
OUTLINE
100
AcDbLine
 10
359.0
 20
118.0
 30
0.0
 11
359.0
 21
169.0
 31
0.0
  0
LINE
  5
44A
330
17
100
AcDbEntity
  8
OUTLINE
100
AcDbLine
 10
195.0
 20
159.0
 30
0.0
 11
398.0
 21
159.0
 31
0.0
  0
LINE
  5
44B
330
17
100
AcDbEntity
  8
OUTLINE
100
AcDbLine
 10
195.0
 20
149.0
 30
0.0
 11
398.0
 21
149.0
 31
0.0
  0
LINE
  5
44C
330
17
100
AcDbEntity
  8
OUTLINE
100
AcDbLine
 10
195.0
 20
139.0
 30
0.0
 11
398.0
 21
139.0
 31
0.0
  0
LINE
  5
44D
330
17
100
AcDbEntity
  8
OUTLINE
100
AcDbLine
 10
195.0
 20
129.0
 30
0.0
 11
398.0
 21
129.0
 31
0.0
  0
TEXT
  5
44E
330
17
100
AcDbEntity
  8
TEXT
100
AcDbText
 10
198.0
 20
162.0
 30
0.0
 40
2.7
  1
孔
  7
CJK
 11
198.0
 21
162.0
 31
0.0
100
AcDbText
  0
TEXT
  5
44F
330
17
100
AcDbEntity
  8
TEXT
100
AcDbText
 10
221.0
 20
162.0
 30
0.0
 40
2.7
  1
X
  7
CJK
 11
221.0
 21
162.0
 31
0.0
100
AcDbText
  0
TEXT
  5
450
330
17
100
AcDbEntity
  8
TEXT
100
AcDbText
 10
270.0
 20
162.0
 30
0.0
 40
2.7
  1
Y
  7
CJK
 11
270.0
 21
162.0
 31
0.0
100
AcDbText
  0
TEXT
  5
451
330
17
100
AcDbEntity
  8
TEXT
100
AcDbText
 10
319.0
 20
162.0
 30
0.0
 40
2.7
  1
孔轴
  7
CJK
 11
319.0
 21
162.0
 31
0.0
100
AcDbText
  0
TEXT
  5
452
330
17
100
AcDbEntity
  8
TEXT
100
AcDbText
 10
362.0
 20
162.0
 30
0.0
 40
2.7
  1
接口
  7
CJK
 11
362.0
 21
162.0
 31
0.0
100
AcDbText
  0
TEXT
  5
453
330
17
100
AcDbEntity
  8
TEXT
100
AcDbText
 10
198.0
 20
152.0
 30
0.0
 40
2.7
  1
H1
  7
CJK
 11
198.0
 21
152.0
 31
0.0
100
AcDbText
  0
TEXT
  5
454
330
17
100
AcDbEntity
  8
TEXT
100
AcDbText
 10
221.0
 20
152.0
 30
0.0
 40
2.7
  1
-63.648
  7
CJK
 11
221.0
 21
152.0
 31
0.0
100
AcDbText
  0
TEXT
  5
455
330
17
100
AcDbEntity
  8
TEXT
100
AcDbText
 10
270.0
 20
152.0
 30
0.0
 40
2.7
  1
85.259
  7
CJK
 11
270.0
 21
152.0
 31
0.0
100
AcDbText
  0
TEXT
  5
456
330
17
100
AcDbEntity
  8
TEXT
100
AcDbText
 10
319.0
 20
152.0
 30
0.0
 40
2.7
  1
Z 方向
  7
CJK
 11
319.0
 21
152.0
 31
0.0
100
AcDbText
  0
TEXT
  5
457
330
17
100
AcDbEntity
  8
TEXT
100
AcDbText
 10
362.0
 20
152.0
 30
0.0
 40
2.7
  1
槽块底座
  7
CJK
 11
362.0
 21
152.0
 31
0.0
100
AcDbText
  0
LINE
  5
458
330
17
100
AcDbEntity
  8
OUTLINE
100
AcDbLine
 10
68.17598266557899
 20
210.62968802267463
 30
0.0
 11
185.0
 21
151.0
 31
0.0
  0
CIRCLE
  5
459
330
17
100
AcDbEntity
  8
OUTLINE
100
AcDbCircle
 10
185.0
 20
151.0
 30
0.0
 40
4.0
  0
TEXT
  5
45A
330
17
100
AcDbEntity
  8
TEXT
100
AcDbText
 10
185.0
 20
150.0
 30
0.0
 40
3.0
  1
H1
  7
CJK
 72
1
 11
185.0
 21
150.0
 31
0.0
100
AcDbText
  0
TEXT
  5
45B
330
17
100
AcDbEntity
  8
TEXT
100
AcDbText
 10
198.0
 20
142.0
 30
0.0
 40
2.7
  1
H2
  7
CJK
 11
198.0
 21
142.0
 31
0.0
100
AcDbText
  0
TEXT
  5
45C
330
17
100
AcDbEntity
  8
TEXT
100
AcDbText
 10
221.0
 20
142.0
 30
0.0
 40
2.7
  1
-69.957
  7
CJK
 11
221.0
 21
142.0
 31
0.0
100
AcDbText
  0
TEXT
  5
45D
330
17
100
AcDbEntity
  8
TEXT
100
AcDbText
 10
270.0
 20
142.0
 30
0.0
 40
2.7
  1
94.270
  7
CJK
 11
270.0
 21
142.0
 31
0.0
100
AcDbText
  0
TEXT
  5
45E
330
17
100
AcDbEntity
  8
TEXT
100
AcDbText
 10
319.0
 20
142.0
 30
0.0
 40
2.7
  1
Z 方向
  7
CJK
 11
319.0
 21
142.0
 31
0.0
100
AcDbText
  0
TEXT
  5
45F
330
17
100
AcDbEntity
  8
TEXT
100
AcDbText
 10
362.0
 20
142.0
 30
0.0
 40
2.7
  1
槽块底座
  7
CJK
 11
362.0
 21
142.0
 31
0.0
100
AcDbText
  0
LINE
  5
460
330
17
100
AcDbEntity
  8
OUTLINE
100
AcDbLine
 10
65.02131226564823
 20
215.13502426626408
 30
0.0
 11
185.0
 21
136.0
 31
0.0
  0
CIRCLE
  5
461
330
17
100
AcDbEntity
  8
OUTLINE
100
AcDbCircle
 10
185.0
 20
136.0
 30
0.0
 40
4.0
  0
TEXT
  5
462
330
17
100
AcDbEntity
  8
TEXT
100
AcDbText
 10
185.0
 20
135.0
 30
0.0
 40
3.0
  1
H2
  7
CJK
 72
1
 11
185.0
 21
135.0
 31
0.0
100
AcDbText
  0
TEXT
  5
463
330
17
100
AcDbEntity
  8
TEXT
100
AcDbText
 10
198.0
 20
132.0
 30
0.0
 40
2.7
  1
H3
  7
CJK
 11
198.0
 21
132.0
 31
0.0
100
AcDbText
  0
TEXT
  5
464
330
17
100
AcDbEntity
  8
TEXT
100
AcDbText
 10
221.0
 20
132.0
 30
0.0
 40
2.7
  1
-69.957
  7
CJK
 11
221.0
 21
132.0
 31
0.0
100
AcDbText
  0
TEXT
  5
465
330
17
100
AcDbEntity
  8
TEXT
100
AcDbText
 10
270.0
 20
132.0
 30
0.0
 40
2.7
  1
-94.270
  7
CJK
 11
270.0
 21
132.0
 31
0.0
100
AcDbText
  0
TEXT
  5
466
330
17
100
AcDbEntity
  8
TEXT
100
AcDbText
 10
319.0
 20
132.0
 30
0.0
 40
2.7
  1
Z 方向
  7
CJK
 11
319.0
 21
132.0
 31
0.0
100
AcDbText
  0
TEXT
  5
467
330
17
100
AcDbEntity
  8
TEXT
100
AcDbText
 10
362.0
 20
132.0
 30
0.0
 40
2.7
  1
槽块底座
  7
CJK
 11
362.0
 21
132.0
 31
0.0
100
AcDbText
  0
LINE
  5
468
330
17
100
AcDbEntity
  8
OUTLINE
100
AcDbLine
 10
65.02131226564823
 20
120.86497573373592
 30
0.0
 11
185.0
 21
121.0
 31
0.0
  0
CIRCLE
  5
469
330
17
100
AcDbEntity
  8
OUTLINE
100
AcDbCircle
 10
185.0
 20
121.0
 30
0.0
 40
4.0
  0
TEXT
  5
46A
330
17
100
AcDbEntity
  8
TEXT
100
AcDbText
 10
185.0
 20
120.0
 30
0.0
 40
3.0
  1
H3
  7
CJK
 72
1
 11
185.0
 21
120.0
 31
0.0
100
AcDbText
  0
TEXT
  5
46B
330
17
100
AcDbEntity
  8
TEXT
100
AcDbText
 10
198.0
 20
122.0
 30
0.0
 40
2.7
  1
H4
  7
CJK
 11
198.0
 21
122.0
 31
0.0
100
AcDbText
  0
TEXT
  5
46C
330
17
100
AcDbEntity
  8
TEXT
100
AcDbText
 10
221.0
 20
122.0
 30
0.0
 40
2.7
  1
-63.648
  7
CJK
 11
221.0
 21
122.0
 31
0.0
100
AcDbText
  0
TEXT
  5
46D
330
17
100
AcDbEntity
  8
TEXT
100
AcDbText
 10
270.0
 20
122.0
 30
0.0
 40
2.7
  1
-85.259
  7
CJK
 11
270.0
 21
122.0
 31
0.0
100
AcDbText
  0
TEXT
  5
46E
330
17
100
AcDbEntity
  8
TEXT
100
AcDbText
 10
319.0
 20
122.0
 30
0.0
 40
2.7
  1
Z 方向
  7
CJK
 11
319.0
 21
122.0
 31
0.0
100
AcDbText
  0
TEXT
  5
46F
330
17
100
AcDbEntity
  8
TEXT
100
AcDbText
 10
362.0
 20
122.0
 30
0.0
 40
2.7
  1
槽块底座
  7
CJK
 11
362.0
 21
122.0
 31
0.0
100
AcDbText
  0
LINE
  5
470
330
17
100
AcDbEntity
  8
OUTLINE
100
AcDbLine
 10
68.17598266557899
 20
125.37031197732537
 30
0.0
 11
185.0
 21
106.0
 31
0.0
  0
CIRCLE
  5
471
330
17
100
AcDbEntity
  8
OUTLINE
100
AcDbCircle
 10
185.0
 20
106.0
 30
0.0
 40
4.0
  0
TEXT
  5
472
330
17
100
AcDbEntity
  8
TEXT
100
AcDbText
 10
185.0
 20
105.0
 30
0.0
 40
3.0
  1
H4
  7
CJK
 72
1
 11
185.0
 21
105.0
 31
0.0
100
AcDbText
  0
TEXT
  5
473
330
17
100
AcDbEntity
  8
TEXT
100
AcDbText
 10
196.0
 20
106.0
 30
0.0
 40
2.6
  1
Z 层级：承托座下表面 -10 / 上表面 -4；主梁 -6～+6。
  7
CJK
 11
196.0
 21
106.0
 31
0.0
100
AcDbText
  0
TEXT
  5
474
330
17
100
AcDbEntity
  8
TEXT
100
AcDbText
 10
196.0
 20
98.5
 30
0.0
 40
2.6
  1
握柄 -8～+8；导向凸台 Ø20，轴 Z=0；承托座厚 6。
  7
CJK
 11
196.0
 21
98.5
 31
0.0
100
AcDbText
  0
TEXT
  5
475
330
17
100
AcDbEntity
  8
TEXT
100
AcDbText
 10
196.0
 20
91.0
 30
0.0
 40
2.6
  1
闭合止挡接触面：X=-9。  手柄与主梁名义内净宽 33。
  7
CJK
 11
196.0
 21
91.0
 31
0.0
100
AcDbText
  0
TEXT
  5
476
330
17
100
AcDbEntity
  8
TEXT
100
AcDbText
 10
196.0
 20
83.5
 30
0.0
 40
2.6
  1
凸键：径向153～160，切向±2，Z=-4～-2；竖角R0.6。
  7
CJK
 11
196.0
 21
83.5
 31
0.0
100
AcDbText
  0
TEXT
  5
477
330
17
100
AcDbEntity
  8
TEXT
100
AcDbText
 10
196.0
 20
76.0
 30
0.0
 40
2.6
  1
左右支架局部连接几何并非完全镜像；必须分别使用对应 STEP。
  7
CJK
 11
196.0
 21
76.0
 31
0.0
100
AcDbText
  0
TEXT
  5
478
330
17
100
AcDbEntity
  8
TEXT
100
AcDbText
 10
196.0
 20
68.5
 30
0.0
 40
2.6
  1
接地孔：O处，Z6向下M3-6H有效6，底孔Ø2.5深7。
  7
CJK
 11
196.0
 21
68.5
 31
0.0
100
AcDbText
  0
LWPOLYLINE
  5
479
330
17
100
AcDbEntity
  8
DIM
100
AcDbPolyline
 90
3
 70
0
 10
100.0
 20
168.0
 10
190.0
 20
217.0
 10
193.0
 20
217.0
  0
LINE
  5
47A
330
17
100
AcDbEntity
  8
DIM
100
AcDbLine
 10
100.0
 20
168.0
 30
0.0
 11
101.9779681468751
 21
168.29604393246186
 31
0.0
  0
LINE
  5
47B
330
17
100
AcDbEntity
  8
DIM
100
AcDbLine
 10
100.0
 20
168.0
 30
0.0
 11
101.32211674634367
 21
169.50066895384614
 31
0.0
  0
TEXT
  5
47C
330
17
100
AcDbEntity
  8
TEXT
100
AcDbText
 10
194.0
 20
218.0
 30
0.0
 40
2.8
  1
G接地孔；Ø12遮蔽接触面
  7
CJK
 11
194.0
 21
218.0
 31
0.0
100
AcDbText
  0
ENDSEC
  0
SECTION
  2
OBJECTS
  0
DICTIONARY
  5
A
330
0
100
AcDbDictionary
281
1
  3
ACAD_COLOR
350
B
  3
ACAD_GROUP
350
C
  3
ACAD_LAYOUT
350
D
  3
ACAD_MATERIAL
350
E
  3
ACAD_MLEADERSTYLE
350
F
  3
ACAD_MLINESTYLE
350
10
  3
ACAD_PLOTSETTINGS
350
11
  3
ACAD_PLOTSTYLENAME
350
12
  3
ACAD_SCALELIST
350
14
  3
ACAD_TABLESTYLE
350
15
  3
ACAD_VISUALSTYLE
350
16
  3
EZDXF_META
350
2D
  0
DICTIONARY
  5
B
330
A
100
AcDbDictionary
281
1
  0
DICTIONARY
  5
C
330
A
100
AcDbDictionary
281
1
  0
DICTIONARY
  5
D
330
A
100
AcDbDictionary
281
1
  3
Model
350
1A
  3
Layout1
350
1E
  0
DICTIONARY
  5
E
330
A
100
AcDbDictionary
281
1
  3
ByBlock
350
1F
  3
ByLayer
350
20
  3
Global
350
21
  0
DICTIONARY
  5
F
330
A
100
AcDbDictionary
281
1
  3
Standard
350
2C
  0
DICTIONARY
  5
10
330
A
100
AcDbDictionary
281
1
  3
Standard
350
22
  0
DICTIONARY
  5
11
330
A
100
AcDbDictionary
281
1
  0
ACDBDICTIONARYWDFLT
  5
12
330
A
100
AcDbDictionary
281
1
  3
Normal
350
13
100
AcDbDictionaryWithDefault
340
13
  0
ACDBPLACEHOLDER
  5
13
330
12
  0
DICTIONARY
  5
14
330
A
100
AcDbDictionary
281
1
  0
DICTIONARY
  5
15
330
A
100
AcDbDictionary
281
1
  0
DICTIONARY
  5
16
330
A
100
AcDbDictionary
281
1
  0
LAYOUT
  5
1A
330
D
100
AcDbPlotSettings
  1

  4
A3
  6

 40
7.5
 41
20.0
 42
7.5
 43
20.0
 44
420.0
 45
297.0
 46
0.0
 47
0.0
 48
0.0
 49
0.0
140
0.0
141
0.0
142
1.0
143
1.0
 70
1024
 72
1
 73
0
 74
5
  7

 75
16
 76
0
 77
2
 78
300
147
1.0
148
0.0
149
0.0
100
AcDbLayout
  1
Model
 70
1
 71
0
 10
0.0
 20
0.0
 11
420.0
 21
297.0
 12
0.0
 22
0.0
 32
0.0
 14
1e+20
 24
1e+20
 34
1e+20
 15
-1e+20
 25
-1e+20
 35
-1e+20
146
0.0
 13
0.0
 23
0.0
 33
0.0
 16
1.0
 26
0.0
 36
0.0
 17
0.0
 27
1.0
 37
0.0
 76
1
330
17
  0
LAYOUT
  5
1E
330
D
100
AcDbPlotSettings
  1

  4
A3
  6

 40
7.5
 41
20.0
 42
7.5
 43
20.0
 44
420.0
 45
297.0
 46
0.0
 47
0.0
 48
0.0
 49
0.0
140
0.0
141
0.0
142
1.0
143
1.0
 70
0
 72
1
 73
0
 74
5
  7

 75
16
 76
0
 77
2
 78
300
147
1.0
148
0.0
149
0.0
100
AcDbLayout
  1
Layout1
 70
1
 71
1
 10
0.0
 20
0.0
 11
420.0
 21
297.0
 12
0.0
 22
0.0
 32
0.0
 14
1e+20
 24
1e+20
 34
1e+20
 15
-1e+20
 25
-1e+20
 35
-1e+20
146
0.0
 13
0.0
 23
0.0
 33
0.0
 16
1.0
 26
0.0
 36
0.0
 17
0.0
 27
1.0
 37
0.0
 76
1
330
1B
  0
MATERIAL
  5
1F
102
{ACAD_REACTORS
330
E
102
}
330
E
100
AcDbMaterial
  1
ByBlock
  2

 70
0
 40
1.0
 71
1
 41
1.0
 91
-1023410177
 42
1.0
 72
1
  3

 73
1
 74
1
 75
1
 44
0.5
 73
0
 45
1.0
 46
1.0
 77
1
  4

 78
1
 79
1
170
1
 48
1.0
171
1
  6

172
1
173
1
174
1
140
1.0
141
1.0
175
1
  7

176
1
177
1
178
1
143
1.0
179
1
  8

270
1
271
1
272
1
145
1.0
146
1.0
273
1
  9

274
1
275
1
276
1
 42
1.0
 72
1
  3

 73
1
 74
1
 75
1
 94
63
  0
MATERIAL
  5
20
102
{ACAD_REACTORS
330
E
102
}
330
E
100
AcDbMaterial
  1
ByLayer
  2

 70
0
 40
1.0
 71
1
 41
1.0
 91
-1023410177
 42
1.0
 72
1
  3

 73
1
 74
1
 75
1
 44
0.5
 73
0
 45
1.0
 46
1.0
 77
1
  4

 78
1
 79
1
170
1
 48
1.0
171
1
  6

172
1
173
1
174
1
140
1.0
141
1.0
175
1
  7

176
1
177
1
178
1
143
1.0
179
1
  8

270
1
271
1
272
1
145
1.0
146
1.0
273
1
  9

274
1
275
1
276
1
 42
1.0
 72
1
  3

 73
1
 74
1
 75
1
 94
63
  0
MATERIAL
  5
21
102
{ACAD_REACTORS
330
E
102
}
330
E
100
AcDbMaterial
  1
Global
  2

 70
0
 40
1.0
 71
1
 41
1.0
 91
-1023410177
 42
1.0
 72
1
  3

 73
1
 74
1
 75
1
 44
0.5
 73
0
 45
1.0
 46
1.0
 77
1
  4

 78
1
 79
1
170
1
 48
1.0
171
1
  6

172
1
173
1
174
1
140
1.0
141
1.0
175
1
  7

176
1
177
1
178
1
143
1.0
179
1
  8

270
1
271
1
272
1
145
1.0
146
1.0
273
1
  9

274
1
275
1
276
1
 42
1.0
 72
1
  3

 73
1
 74
1
 75
1
 94
63
  0
MLINESTYLE
  5
22
102
{ACAD_REACTORS
330
10
102
}
330
10
100
AcDbMlineStyle
  2
Standard
 70
0
  3

 62
256
 51
90.0
 52
90.0
 71
2
 49
0.5
 62
256
  6
BYLAYER
 49
-0.5
 62
256
  6
BYLAYER
  0
MLEADERSTYLE
  5
2C
102
{ACAD_REACTORS
330
F
102
}
330
F
100
AcDbMLeaderStyle
179
2
170
2
171
1
172
0
 90
2
 40
0.0
 41
0.0
173
1
 91
-1056964608
 92
-2
290
1
 42
2.0
291
1
 43
8.0
  3
Standard
 44
4.0
300

342
29
174
1
175
1
176
0
178
1
 93
-1056964608
 45
4.0
292
0
297
0
 46
4.0
 94
-1056964608
 47
1.0
 49
1.0
140
1.0
294
1
141
0.0
177
0
142
1.0
295
0
296
0
143
3.75
271
0
272
9
273
9
  0
DICTIONARY
  5
2D
330
A
100
AcDbDictionary
280
1
281
1
  3
CREATED_BY_EZDXF
350
2E
  3
WRITTEN_BY_EZDXF
350
47F
  0
DICTIONARYVAR
  5
2E
330
2D
100
DictionaryVariables
280
0
  1
1.4.4 @ 2026-09-13T11:05:27.706052+00:00
  0
DICTIONARYVAR
  5
47F
330
2D
100
DictionaryVariables
280
0
  1
1.4.4 @ 2026-09-13T11:05:27.765648+00:00
  0
ENDSEC
  0
EOF
