ISO-10303-21;
HEADER;
FILE_DESCRIPTION(('FreeCAD Model'),'2;1');
FILE_NAME('Open CASCADE Shape Model','2026-09-13T18:59:53',('FreeCAD'),(
    'FreeCAD'),'Open CASCADE STEP processor 7.8','FreeCAD','Unknown');
FILE_SCHEMA(('AUTOMOTIVE_DESIGN { 1 0 10303 214 1 1 1 1 }'));
ENDSEC;
DATA;
#1 = APPLICATION_PROTOCOL_DEFINITION('international standard',
  'automotive_design',2000,#2);
#2 = APPLICATION_CONTEXT(
  'core data for automotive mechanical design processes');
#3 = SHAPE_DEFINITION_REPRESENTATION(#4,#10);
#4 = PRODUCT_DEFINITION_SHAPE('','',#5);
#5 = PRODUCT_DEFINITION('design','',#6,#9);
#6 = PRODUCT_DEFINITION_FORMATION('','',#7);
#7 = PRODUCT('Open CASCADE STEP translator 7.8 13',
  'Open CASCADE STEP translator 7.8 13','',(#8));
#8 = PRODUCT_CONTEXT('',#2,'mechanical');
#9 = PRODUCT_DEFINITION_CONTEXT('part definition',#2,'design');
#10 = ADVANCED_BREP_SHAPE_REPRESENTATION('',(#11,#15),#4596);
#11 = AXIS2_PLACEMENT_3D('',#12,#13,#14);
#12 = CARTESIAN_POINT('',(0.,0.,0.));
#13 = DIRECTION('',(0.,0.,1.));
#14 = DIRECTION('',(1.,0.,-0.));
#15 = MANIFOLD_SOLID_BREP('',#16);
#16 = CLOSED_SHELL('',(#17,#59,#105,#136,#401,#442,#474,#526,#607,#733,
    #809,#881,#923,#940,#970,#1067,#1100,#1117,#1135,#1176,#1201,#1347,
    #1363,#1403,#1446,#1476,#1518,#1551,#1608,#1705,#1738,#1755,#1791,
    #1809,#1850,#1891,#2030,#2055,#2080,#2098,#2146,#2170,#2195,#2236,
    #2289,#2351,#2363,#2404,#2421,#2456,#2487,#2528,#2553,#2577,#2617,
    #2629,#2641,#2653,#2670,#2711,#2774,#2786,#2803,#2827,#2891,#2908,
    #2925,#2965,#2990,#3014,#3039,#3063,#3088,#3112,#3130,#3142,#3159,
    #3176,#3209,#3220,#3232,#3256,#3282,#3308,#3341,#3388,#3399,#3416,
    #3434,#3484,#3508,#3532,#3596,#3613,#3630,#3670,#3695,#3719,#3744,
    #3768,#3793,#3817,#3835,#3847,#3864,#3881,#3898,#3907,#3979,#4049,
    #4076,#4101,#4126,#4169,#4194,#4219,#4252,#4271,#4290,#4306,#4318,
    #4334,#4365,#4389,#4406,#4430,#4447,#4478,#4496,#4514,#4538,#4556,
    #4574,#4585));
#17 = ADVANCED_FACE('',(#18),#54,.T.);
#18 = FACE_BOUND('',#19,.F.);
#19 = EDGE_LOOP('',(#20,#31,#39,#48));
#20 = ORIENTED_EDGE('',*,*,#21,.F.);
#21 = EDGE_CURVE('',#22,#24,#26,.T.);
#22 = VERTEX_POINT('',#23);
#23 = CARTESIAN_POINT('',(7.,56.,7.));
#24 = VERTEX_POINT('',#25);
#25 = CARTESIAN_POINT('',(9.,56.,5.));
#26 = CIRCLE('',#27,2.);
#27 = AXIS2_PLACEMENT_3D('',#28,#29,#30);
#28 = CARTESIAN_POINT('',(7.,56.,5.));
#29 = DIRECTION('',(-0.,1.,0.));
#30 = DIRECTION('',(1.,0.,0.));
#31 = ORIENTED_EDGE('',*,*,#32,.T.);
#32 = EDGE_CURVE('',#22,#33,#35,.T.);
#33 = VERTEX_POINT('',#34);
#34 = CARTESIAN_POINT('',(7.,70.,7.));
#35 = LINE('',#36,#37);
#36 = CARTESIAN_POINT('',(7.,54.,7.));
#37 = VECTOR('',#38,1.);
#38 = DIRECTION('',(0.,1.,0.));
#39 = ORIENTED_EDGE('',*,*,#40,.F.);
#40 = EDGE_CURVE('',#41,#33,#43,.T.);
#41 = VERTEX_POINT('',#42);
#42 = CARTESIAN_POINT('',(9.,70.,5.));
#43 = CIRCLE('',#44,2.);
#44 = AXIS2_PLACEMENT_3D('',#45,#46,#47);
#45 = CARTESIAN_POINT('',(7.,70.,5.));
#46 = DIRECTION('',(0.,-1.,0.));
#47 = DIRECTION('',(1.,0.,0.));
#48 = ORIENTED_EDGE('',*,*,#49,.F.);
#49 = EDGE_CURVE('',#24,#41,#50,.T.);
#50 = LINE('',#51,#52);
#51 = CARTESIAN_POINT('',(9.,-155.,5.));
#52 = VECTOR('',#53,1.);
#53 = DIRECTION('',(0.,1.,0.));
#54 = CYLINDRICAL_SURFACE('',#55,2.);
#55 = AXIS2_PLACEMENT_3D('',#56,#57,#58);
#56 = CARTESIAN_POINT('',(7.,54.,5.));
#57 = DIRECTION('',(0.,1.,0.));
#58 = DIRECTION('',(1.,0.,0.));
#59 = ADVANCED_FACE('',(#60),#100,.T.);
#60 = FACE_BOUND('',#61,.T.);
#61 = EDGE_LOOP('',(#62,#63,#72,#81));
#62 = ORIENTED_EDGE('',*,*,#21,.F.);
#63 = ORIENTED_EDGE('',*,*,#64,.T.);
#64 = EDGE_CURVE('',#22,#65,#67,.T.);
#65 = VERTEX_POINT('',#66);
#66 = CARTESIAN_POINT('',(7.,54.267949192431,6.));
#67 = CIRCLE('',#68,2.);
#68 = AXIS2_PLACEMENT_3D('',#69,#70,#71);
#69 = CARTESIAN_POINT('',(7.,56.,5.));
#70 = DIRECTION('',(1.,6.E-17,0.));
#71 = DIRECTION('',(6.E-17,-1.,0.));
#72 = ORIENTED_EDGE('',*,*,#73,.F.);
#73 = EDGE_CURVE('',#74,#65,#76,.T.);
#74 = VERTEX_POINT('',#75);
#75 = CARTESIAN_POINT('',(8.,54.585786437627,6.));
#76 = CIRCLE('',#77,1.732050807569);
#77 = AXIS2_PLACEMENT_3D('',#78,#79,#80);
#78 = CARTESIAN_POINT('',(7.,56.,6.));
#79 = DIRECTION('',(0.,0.,-1.));
#80 = DIRECTION('',(1.,0.,0.));
#81 = ORIENTED_EDGE('',*,*,#82,.F.);
#82 = EDGE_CURVE('',#24,#74,#83,.T.);
#83 = B_SPLINE_CURVE_WITH_KNOTS('',8,(#84,#85,#86,#87,#88,#89,#90,#91,
    #92,#93,#94,#95,#96,#97,#98,#99),.UNSPECIFIED.,.F.,.F.,(9,7,9),(0.,
    0.678527911889,1.),.UNSPECIFIED.);
#84 = CARTESIAN_POINT('',(9.,56.,5.));
#85 = CARTESIAN_POINT('',(8.999999935436,55.872185094155,5.127814915446)
  );
#86 = CARTESIAN_POINT('',(8.981329899776,55.744426068002,5.255573867982)
  );
#87 = CARTESIAN_POINT('',(8.944016124392,55.61707390161,5.380539980521)
  );
#88 = CARTESIAN_POINT('',(8.888380927246,55.490574673067,5.499887921165)
  );
#89 = CARTESIAN_POINT('',(8.8151331847,55.365446521614,5.610717337835));
#90 = CARTESIAN_POINT('',(8.725502127165,55.242302573216,5.71007949916)
  );
#91 = CARTESIAN_POINT('',(8.6212439458,55.121788993684,5.795187919558));
#92 = CARTESIAN_POINT('',(8.449263393657,54.94902048913,5.895691310322)
  );
#93 = CARTESIAN_POINT('',(8.391200567275,54.89423308122,5.924194856767)
  );
#94 = CARTESIAN_POINT('',(8.330603505234,54.840273734403,5.948609533899)
  );
#95 = CARTESIAN_POINT('',(8.267743024193,54.787221975133,5.968659992721)
  );
#96 = CARTESIAN_POINT('',(8.202915017511,54.735159387311,5.984079687205)
  );
#97 = CARTESIAN_POINT('',(8.136440826577,54.68417023089,5.994610325323)
  );
#98 = CARTESIAN_POINT('',(8.068672079905,54.634344931006,6.));
#99 = CARTESIAN_POINT('',(8.,54.585786437627,6.));
#100 = SPHERICAL_SURFACE('',#101,2.);
#101 = AXIS2_PLACEMENT_3D('',#102,#103,#104);
#102 = CARTESIAN_POINT('',(7.,56.,5.));
#103 = DIRECTION('',(-0.,-0.,-1.));
#104 = DIRECTION('',(1.,0.,0.));
#105 = ADVANCED_FACE('',(#106),#131,.T.);
#106 = FACE_BOUND('',#107,.T.);
#107 = EDGE_LOOP('',(#108,#118,#124,#125));
#108 = ORIENTED_EDGE('',*,*,#109,.F.);
#109 = EDGE_CURVE('',#110,#112,#114,.T.);
#110 = VERTEX_POINT('',#111);
#111 = CARTESIAN_POINT('',(-43.35424868893,56.,7.));
#112 = VERTEX_POINT('',#113);
#113 = CARTESIAN_POINT('',(-43.35424868893,70.,7.));
#114 = LINE('',#115,#116);
#115 = CARTESIAN_POINT('',(-43.35424868893,-75.,7.));
#116 = VECTOR('',#117,1.);
#117 = DIRECTION('',(0.,1.,0.));
#118 = ORIENTED_EDGE('',*,*,#119,.T.);
#119 = EDGE_CURVE('',#110,#22,#120,.T.);
#120 = LINE('',#121,#122);
#121 = CARTESIAN_POINT('',(-52.,56.,7.));
#122 = VECTOR('',#123,1.);
#123 = DIRECTION('',(1.,0.,0.));
#124 = ORIENTED_EDGE('',*,*,#32,.T.);
#125 = ORIENTED_EDGE('',*,*,#126,.F.);
#126 = EDGE_CURVE('',#112,#33,#127,.T.);
#127 = LINE('',#128,#129);
#128 = CARTESIAN_POINT('',(-52.,70.,7.));
#129 = VECTOR('',#130,1.);
#130 = DIRECTION('',(1.,0.,0.));
#131 = PLANE('',#132);
#132 = AXIS2_PLACEMENT_3D('',#133,#134,#135);
#133 = CARTESIAN_POINT('',(-52.,54.,7.));
#134 = DIRECTION('',(0.,0.,1.));
#135 = DIRECTION('',(1.,0.,0.));
#136 = ADVANCED_FACE('',(#137,#374,#385),#396,.T.);
#137 = FACE_BOUND('',#138,.T.);
#138 = EDGE_LOOP('',(#139,#149,#158,#167,#175,#183,#191,#199,#207,#215,
    #223,#231,#239,#247,#255,#263,#271,#279,#287,#295,#303,#312,#321,
    #329,#337,#343,#344,#352,#360,#368));
#139 = ORIENTED_EDGE('',*,*,#140,.F.);
#140 = EDGE_CURVE('',#141,#143,#145,.T.);
#141 = VERTEX_POINT('',#142);
#142 = CARTESIAN_POINT('',(9.,-164.,6.));
#143 = VERTEX_POINT('',#144);
#144 = CARTESIAN_POINT('',(9.,-153.,6.));
#145 = LINE('',#146,#147);
#146 = CARTESIAN_POINT('',(9.,-172.,6.));
#147 = VECTOR('',#148,1.);
#148 = DIRECTION('',(0.,1.,0.));
#149 = ORIENTED_EDGE('',*,*,#150,.T.);
#150 = EDGE_CURVE('',#141,#151,#153,.T.);
#151 = VERTEX_POINT('',#152);
#152 = CARTESIAN_POINT('',(9.,-172.,10.));
#153 = CIRCLE('',#154,10.);
#154 = AXIS2_PLACEMENT_3D('',#155,#156,#157);
#155 = CARTESIAN_POINT('',(9.,-172.,0.));
#156 = DIRECTION('',(1.,0.,-0.));
#157 = DIRECTION('',(0.,0.,1.));
#158 = ORIENTED_EDGE('',*,*,#159,.T.);
#159 = EDGE_CURVE('',#151,#160,#162,.T.);
#160 = VERTEX_POINT('',#161);
#161 = CARTESIAN_POINT('',(9.,-164.,-6.));
#162 = CIRCLE('',#163,10.);
#163 = AXIS2_PLACEMENT_3D('',#164,#165,#166);
#164 = CARTESIAN_POINT('',(9.,-172.,0.));
#165 = DIRECTION('',(1.,0.,-0.));
#166 = DIRECTION('',(0.,0.,1.));
#167 = ORIENTED_EDGE('',*,*,#168,.T.);
#168 = EDGE_CURVE('',#160,#169,#171,.T.);
#169 = VERTEX_POINT('',#170);
#170 = CARTESIAN_POINT('',(9.,-153.,-6.));
#171 = LINE('',#172,#173);
#172 = CARTESIAN_POINT('',(9.,-172.,-6.));
#173 = VECTOR('',#174,1.);
#174 = DIRECTION('',(0.,1.,0.));
#175 = ORIENTED_EDGE('',*,*,#176,.T.);
#176 = EDGE_CURVE('',#169,#177,#179,.T.);
#177 = VERTEX_POINT('',#178);
#178 = CARTESIAN_POINT('',(9.,-153.,-5.));
#179 = LINE('',#180,#181);
#180 = CARTESIAN_POINT('',(9.,-153.,-6.));
#181 = VECTOR('',#182,1.);
#182 = DIRECTION('',(0.,0.,1.));
#183 = ORIENTED_EDGE('',*,*,#184,.T.);
#184 = EDGE_CURVE('',#177,#185,#187,.T.);
#185 = VERTEX_POINT('',#186);
#186 = CARTESIAN_POINT('',(9.,-95.,-5.));
#187 = LINE('',#188,#189);
#188 = CARTESIAN_POINT('',(9.,-155.,-5.));
#189 = VECTOR('',#190,1.);
#190 = DIRECTION('',(0.,1.,0.));
#191 = ORIENTED_EDGE('',*,*,#192,.T.);
#192 = EDGE_CURVE('',#185,#193,#195,.T.);
#193 = VERTEX_POINT('',#194);
#194 = CARTESIAN_POINT('',(9.,-95.,-4.));
#195 = LINE('',#196,#197);
#196 = CARTESIAN_POINT('',(9.,-95.,-8.));
#197 = VECTOR('',#198,1.);
#198 = DIRECTION('',(0.,0.,1.));
#199 = ORIENTED_EDGE('',*,*,#200,.F.);
#200 = EDGE_CURVE('',#201,#193,#203,.T.);
#201 = VERTEX_POINT('',#202);
#202 = CARTESIAN_POINT('',(9.,-77.,-4.));
#203 = LINE('',#204,#205);
#204 = CARTESIAN_POINT('',(9.,-125.,-4.));
#205 = VECTOR('',#206,1.);
#206 = DIRECTION('',(0.,-1.,0.));
#207 = ORIENTED_EDGE('',*,*,#208,.F.);
#208 = EDGE_CURVE('',#209,#201,#211,.T.);
#209 = VERTEX_POINT('',#210);
#210 = CARTESIAN_POINT('',(9.,-77.,-5.));
#211 = LINE('',#212,#213);
#212 = CARTESIAN_POINT('',(9.,-77.,-8.));
#213 = VECTOR('',#214,1.);
#214 = DIRECTION('',(0.,0.,1.));
#215 = ORIENTED_EDGE('',*,*,#216,.T.);
#216 = EDGE_CURVE('',#209,#217,#219,.T.);
#217 = VERTEX_POINT('',#218);
#218 = CARTESIAN_POINT('',(9.,-70.,-5.));
#219 = LINE('',#220,#221);
#220 = CARTESIAN_POINT('',(9.,-155.,-5.));
#221 = VECTOR('',#222,1.);
#222 = DIRECTION('',(0.,1.,0.));
#223 = ORIENTED_EDGE('',*,*,#224,.T.);
#224 = EDGE_CURVE('',#217,#225,#227,.T.);
#225 = VERTEX_POINT('',#226);
#226 = CARTESIAN_POINT('',(9.,-56.,-5.));
#227 = LINE('',#228,#229);
#228 = CARTESIAN_POINT('',(9.,-155.,-5.));
#229 = VECTOR('',#230,1.);
#230 = DIRECTION('',(0.,1.,0.));
#231 = ORIENTED_EDGE('',*,*,#232,.T.);
#232 = EDGE_CURVE('',#225,#233,#235,.T.);
#233 = VERTEX_POINT('',#234);
#234 = CARTESIAN_POINT('',(9.,56.,-5.));
#235 = LINE('',#236,#237);
#236 = CARTESIAN_POINT('',(9.,-155.,-5.));
#237 = VECTOR('',#238,1.);
#238 = DIRECTION('',(0.,1.,0.));
#239 = ORIENTED_EDGE('',*,*,#240,.T.);
#240 = EDGE_CURVE('',#233,#241,#243,.T.);
#241 = VERTEX_POINT('',#242);
#242 = CARTESIAN_POINT('',(9.,70.,-5.));
#243 = LINE('',#244,#245);
#244 = CARTESIAN_POINT('',(9.,-155.,-5.));
#245 = VECTOR('',#246,1.);
#246 = DIRECTION('',(0.,1.,0.));
#247 = ORIENTED_EDGE('',*,*,#248,.T.);
#248 = EDGE_CURVE('',#241,#249,#251,.T.);
#249 = VERTEX_POINT('',#250);
#250 = CARTESIAN_POINT('',(9.,77.,-5.));
#251 = LINE('',#252,#253);
#252 = CARTESIAN_POINT('',(9.,-155.,-5.));
#253 = VECTOR('',#254,1.);
#254 = DIRECTION('',(0.,1.,0.));
#255 = ORIENTED_EDGE('',*,*,#256,.T.);
#256 = EDGE_CURVE('',#249,#257,#259,.T.);
#257 = VERTEX_POINT('',#258);
#258 = CARTESIAN_POINT('',(9.,77.,-4.));
#259 = LINE('',#260,#261);
#260 = CARTESIAN_POINT('',(9.,77.,-8.));
#261 = VECTOR('',#262,1.);
#262 = DIRECTION('',(0.,0.,1.));
#263 = ORIENTED_EDGE('',*,*,#264,.F.);
#264 = EDGE_CURVE('',#265,#257,#267,.T.);
#265 = VERTEX_POINT('',#266);
#266 = CARTESIAN_POINT('',(9.,95.,-4.));
#267 = LINE('',#268,#269);
#268 = CARTESIAN_POINT('',(9.,-39.,-4.));
#269 = VECTOR('',#270,1.);
#270 = DIRECTION('',(0.,-1.,0.));
#271 = ORIENTED_EDGE('',*,*,#272,.F.);
#272 = EDGE_CURVE('',#273,#265,#275,.T.);
#273 = VERTEX_POINT('',#274);
#274 = CARTESIAN_POINT('',(9.,95.,-5.));
#275 = LINE('',#276,#277);
#276 = CARTESIAN_POINT('',(9.,95.,-8.));
#277 = VECTOR('',#278,1.);
#278 = DIRECTION('',(0.,0.,1.));
#279 = ORIENTED_EDGE('',*,*,#280,.T.);
#280 = EDGE_CURVE('',#273,#281,#283,.T.);
#281 = VERTEX_POINT('',#282);
#282 = CARTESIAN_POINT('',(9.,153.,-5.));
#283 = LINE('',#284,#285);
#284 = CARTESIAN_POINT('',(9.,-155.,-5.));
#285 = VECTOR('',#286,1.);
#286 = DIRECTION('',(0.,1.,0.));
#287 = ORIENTED_EDGE('',*,*,#288,.F.);
#288 = EDGE_CURVE('',#289,#281,#291,.T.);
#289 = VERTEX_POINT('',#290);
#290 = CARTESIAN_POINT('',(9.,153.,-6.));
#291 = LINE('',#292,#293);
#292 = CARTESIAN_POINT('',(9.,153.,-6.));
#293 = VECTOR('',#294,1.);
#294 = DIRECTION('',(0.,0.,1.));
#295 = ORIENTED_EDGE('',*,*,#296,.T.);
#296 = EDGE_CURVE('',#289,#297,#299,.T.);
#297 = VERTEX_POINT('',#298);
#298 = CARTESIAN_POINT('',(9.,164.,-6.));
#299 = LINE('',#300,#301);
#300 = CARTESIAN_POINT('',(9.,153.,-6.));
#301 = VECTOR('',#302,1.);
#302 = DIRECTION('',(0.,1.,0.));
#303 = ORIENTED_EDGE('',*,*,#304,.T.);
#304 = EDGE_CURVE('',#297,#305,#307,.T.);
#305 = VERTEX_POINT('',#306);
#306 = CARTESIAN_POINT('',(9.,172.,10.));
#307 = CIRCLE('',#308,10.);
#308 = AXIS2_PLACEMENT_3D('',#309,#310,#311);
#309 = CARTESIAN_POINT('',(9.,172.,0.));
#310 = DIRECTION('',(1.,0.,-0.));
#311 = DIRECTION('',(0.,0.,1.));
#312 = ORIENTED_EDGE('',*,*,#313,.T.);
#313 = EDGE_CURVE('',#305,#314,#316,.T.);
#314 = VERTEX_POINT('',#315);
#315 = CARTESIAN_POINT('',(9.,164.,6.));
#316 = CIRCLE('',#317,10.);
#317 = AXIS2_PLACEMENT_3D('',#318,#319,#320);
#318 = CARTESIAN_POINT('',(9.,172.,0.));
#319 = DIRECTION('',(1.,0.,-0.));
#320 = DIRECTION('',(0.,0.,1.));
#321 = ORIENTED_EDGE('',*,*,#322,.F.);
#322 = EDGE_CURVE('',#323,#314,#325,.T.);
#323 = VERTEX_POINT('',#324);
#324 = CARTESIAN_POINT('',(9.,153.,6.));
#325 = LINE('',#326,#327);
#326 = CARTESIAN_POINT('',(9.,153.,6.));
#327 = VECTOR('',#328,1.);
#328 = DIRECTION('',(0.,1.,0.));
#329 = ORIENTED_EDGE('',*,*,#330,.F.);
#330 = EDGE_CURVE('',#331,#323,#333,.T.);
#331 = VERTEX_POINT('',#332);
#332 = CARTESIAN_POINT('',(9.,153.,5.));
#333 = LINE('',#334,#335);
#334 = CARTESIAN_POINT('',(9.,153.,-6.));
#335 = VECTOR('',#336,1.);
#336 = DIRECTION('',(0.,0.,1.));
#337 = ORIENTED_EDGE('',*,*,#338,.F.);
#338 = EDGE_CURVE('',#41,#331,#339,.T.);
#339 = LINE('',#340,#341);
#340 = CARTESIAN_POINT('',(9.,-155.,5.));
#341 = VECTOR('',#342,1.);
#342 = DIRECTION('',(0.,1.,0.));
#343 = ORIENTED_EDGE('',*,*,#49,.F.);
#344 = ORIENTED_EDGE('',*,*,#345,.F.);
#345 = EDGE_CURVE('',#346,#24,#348,.T.);
#346 = VERTEX_POINT('',#347);
#347 = CARTESIAN_POINT('',(9.,-56.,5.));
#348 = LINE('',#349,#350);
#349 = CARTESIAN_POINT('',(9.,-155.,5.));
#350 = VECTOR('',#351,1.);
#351 = DIRECTION('',(0.,1.,0.));
#352 = ORIENTED_EDGE('',*,*,#353,.F.);
#353 = EDGE_CURVE('',#354,#346,#356,.T.);
#354 = VERTEX_POINT('',#355);
#355 = CARTESIAN_POINT('',(9.,-70.,5.));
#356 = LINE('',#357,#358);
#357 = CARTESIAN_POINT('',(9.,-155.,5.));
#358 = VECTOR('',#359,1.);
#359 = DIRECTION('',(0.,1.,0.));
#360 = ORIENTED_EDGE('',*,*,#361,.F.);
#361 = EDGE_CURVE('',#362,#354,#364,.T.);
#362 = VERTEX_POINT('',#363);
#363 = CARTESIAN_POINT('',(9.,-153.,5.));
#364 = LINE('',#365,#366);
#365 = CARTESIAN_POINT('',(9.,-155.,5.));
#366 = VECTOR('',#367,1.);
#367 = DIRECTION('',(0.,1.,0.));
#368 = ORIENTED_EDGE('',*,*,#369,.T.);
#369 = EDGE_CURVE('',#362,#143,#370,.T.);
#370 = LINE('',#371,#372);
#371 = CARTESIAN_POINT('',(9.,-153.,-6.));
#372 = VECTOR('',#373,1.);
#373 = DIRECTION('',(0.,0.,1.));
#374 = FACE_BOUND('',#375,.T.);
#375 = EDGE_LOOP('',(#376));
#376 = ORIENTED_EDGE('',*,*,#377,.F.);
#377 = EDGE_CURVE('',#378,#378,#380,.T.);
#378 = VERTEX_POINT('',#379);
#379 = CARTESIAN_POINT('',(9.,172.,6.));
#380 = CIRCLE('',#381,6.);
#381 = AXIS2_PLACEMENT_3D('',#382,#383,#384);
#382 = CARTESIAN_POINT('',(9.,172.,0.));
#383 = DIRECTION('',(1.,0.,-0.));
#384 = DIRECTION('',(0.,0.,1.));
#385 = FACE_BOUND('',#386,.T.);
#386 = EDGE_LOOP('',(#387));
#387 = ORIENTED_EDGE('',*,*,#388,.F.);
#388 = EDGE_CURVE('',#389,#389,#391,.T.);
#389 = VERTEX_POINT('',#390);
#390 = CARTESIAN_POINT('',(9.,-172.,6.));
#391 = CIRCLE('',#392,6.);
#392 = AXIS2_PLACEMENT_3D('',#393,#394,#395);
#393 = CARTESIAN_POINT('',(9.,-172.,0.));
#394 = DIRECTION('',(1.,0.,-0.));
#395 = DIRECTION('',(0.,0.,1.));
#396 = PLANE('',#397);
#397 = AXIS2_PLACEMENT_3D('',#398,#399,#400);
#398 = CARTESIAN_POINT('',(9.,-2.4E-15,6.795766172421E-02));
#399 = DIRECTION('',(1.,0.,0.));
#400 = DIRECTION('',(0.,0.,1.));
#401 = ADVANCED_FACE('',(#402),#437,.T.);
#402 = FACE_BOUND('',#403,.T.);
#403 = EDGE_LOOP('',(#404,#405,#421,#430));
#404 = ORIENTED_EDGE('',*,*,#40,.F.);
#405 = ORIENTED_EDGE('',*,*,#406,.T.);
#406 = EDGE_CURVE('',#41,#407,#409,.T.);
#407 = VERTEX_POINT('',#408);
#408 = CARTESIAN_POINT('',(8.,71.414213562373,6.));
#409 = B_SPLINE_CURVE_WITH_KNOTS('',4,(#410,#411,#412,#413,#414,#415,
    #416,#417,#418,#419,#420),.UNSPECIFIED.,.F.,.F.,(5,3,3,5),(0.,
    0.535017480419,0.73805997076,1.),.UNSPECIFIED.);
#410 = CARTESIAN_POINT('',(9.,70.,5.));
#411 = CARTESIAN_POINT('',(8.999975091514,70.200144781407,5.2001380165)
  );
#412 = CARTESIAN_POINT('',(8.946675104671,70.400236159898,5.400256695654
    ));
#413 = CARTESIAN_POINT('',(8.839626456144,70.597850737393,5.581784901311
    ));
#414 = CARTESIAN_POINT('',(8.631077583927,70.862048398591,5.77974254134)
  );
#415 = CARTESIAN_POINT('',(8.567367929903,70.933836961494,5.828715849325
    ));
#416 = CARTESIAN_POINT('',(8.497874059144,71.004514948021,5.87112751581)
  );
#417 = CARTESIAN_POINT('',(8.327534553471,71.163149533287,5.950758291422
    ));
#418 = CARTESIAN_POINT('',(8.223451090754,71.250169860159,5.982914746569
    ));
#419 = CARTESIAN_POINT('',(8.113161686094,71.334196166765,6.));
#420 = CARTESIAN_POINT('',(8.,71.414213562373,6.));
#421 = ORIENTED_EDGE('',*,*,#422,.T.);
#422 = EDGE_CURVE('',#407,#423,#425,.T.);
#423 = VERTEX_POINT('',#424);
#424 = CARTESIAN_POINT('',(7.,71.732050807569,6.));
#425 = CIRCLE('',#426,1.732050807569);
#426 = AXIS2_PLACEMENT_3D('',#427,#428,#429);
#427 = CARTESIAN_POINT('',(7.,70.,6.));
#428 = DIRECTION('',(-0.,0.,1.));
#429 = DIRECTION('',(0.,-1.,0.));
#430 = ORIENTED_EDGE('',*,*,#431,.T.);
#431 = EDGE_CURVE('',#423,#33,#432,.T.);
#432 = CIRCLE('',#433,2.);
#433 = AXIS2_PLACEMENT_3D('',#434,#435,#436);
#434 = CARTESIAN_POINT('',(7.,70.,5.));
#435 = DIRECTION('',(1.,0.,-6.E-17));
#436 = DIRECTION('',(6.E-17,0.,1.));
#437 = SPHERICAL_SURFACE('',#438,2.);
#438 = AXIS2_PLACEMENT_3D('',#439,#440,#441);
#439 = CARTESIAN_POINT('',(7.,70.,5.));
#440 = DIRECTION('',(0.,-1.,0.));
#441 = DIRECTION('',(1.,0.,0.));
#442 = ADVANCED_FACE('',(#443),#469,.T.);
#443 = FACE_BOUND('',#444,.F.);
#444 = EDGE_LOOP('',(#445,#446,#462,#468));
#445 = ORIENTED_EDGE('',*,*,#345,.F.);
#446 = ORIENTED_EDGE('',*,*,#447,.T.);
#447 = EDGE_CURVE('',#346,#448,#450,.T.);
#448 = VERTEX_POINT('',#449);
#449 = CARTESIAN_POINT('',(8.,-54.58578643762,6.));
#450 = B_SPLINE_CURVE_WITH_KNOTS('',4,(#451,#452,#453,#454,#455,#456,
    #457,#458,#459,#460,#461),.UNSPECIFIED.,.F.,.F.,(5,3,3,5),(0.,
    0.535017480419,0.738059970759,1.),.UNSPECIFIED.);
#451 = CARTESIAN_POINT('',(9.,-56.,5.));
#452 = CARTESIAN_POINT('',(8.999975091513,-55.79985521859,5.200138016499
    ));
#453 = CARTESIAN_POINT('',(8.946675104673,-55.5997638401,5.400256695653)
  );
#454 = CARTESIAN_POINT('',(8.839626456144,-55.4021492626,5.581784901311)
  );
#455 = CARTESIAN_POINT('',(8.631077583927,-55.13795160141,5.77974254134)
  );
#456 = CARTESIAN_POINT('',(8.567367929906,-55.0661630385,5.828715849322)
  );
#457 = CARTESIAN_POINT('',(8.497874059144,-54.99548505198,5.871127515809
    ));
#458 = CARTESIAN_POINT('',(8.327534553471,-54.83685046671,5.950758291422
    ));
#459 = CARTESIAN_POINT('',(8.223451090756,-54.74983013984,5.982914746568
    ));
#460 = CARTESIAN_POINT('',(8.113161686094,-54.66580383323,6.));
#461 = CARTESIAN_POINT('',(8.,-54.58578643762,6.));
#462 = ORIENTED_EDGE('',*,*,#463,.T.);
#463 = EDGE_CURVE('',#448,#74,#464,.T.);
#464 = LINE('',#465,#466);
#465 = CARTESIAN_POINT('',(8.,-155.,6.));
#466 = VECTOR('',#467,1.);
#467 = DIRECTION('',(0.,1.,0.));
#468 = ORIENTED_EDGE('',*,*,#82,.F.);
#469 = CYLINDRICAL_SURFACE('',#470,1.);
#470 = AXIS2_PLACEMENT_3D('',#471,#472,#473);
#471 = CARTESIAN_POINT('',(8.,-155.,5.));
#472 = DIRECTION('',(0.,1.,0.));
#473 = DIRECTION('',(1.,0.,0.));
#474 = ADVANCED_FACE('',(#475,#510),#521,.T.);
#475 = FACE_BOUND('',#476,.T.);
#476 = EDGE_LOOP('',(#477,#487,#495,#502,#503,#504));
#477 = ORIENTED_EDGE('',*,*,#478,.F.);
#478 = EDGE_CURVE('',#479,#481,#483,.T.);
#479 = VERTEX_POINT('',#480);
#480 = CARTESIAN_POINT('',(-8.,-54.26794919243,6.));
#481 = VERTEX_POINT('',#482);
#482 = CARTESIAN_POINT('',(-8.,54.267949192431,6.));
#483 = LINE('',#484,#485);
#484 = CARTESIAN_POINT('',(-8.,-155.,6.));
#485 = VECTOR('',#486,1.);
#486 = DIRECTION('',(0.,1.,0.));
#487 = ORIENTED_EDGE('',*,*,#488,.T.);
#488 = EDGE_CURVE('',#479,#489,#491,.T.);
#489 = VERTEX_POINT('',#490);
#490 = CARTESIAN_POINT('',(7.,-54.26794919243,6.));
#491 = LINE('',#492,#493);
#492 = CARTESIAN_POINT('',(-52.,-54.26794919243,6.));
#493 = VECTOR('',#494,1.);
#494 = DIRECTION('',(1.,0.,0.));
#495 = ORIENTED_EDGE('',*,*,#496,.F.);
#496 = EDGE_CURVE('',#448,#489,#497,.T.);
#497 = CIRCLE('',#498,1.732050807569);
#498 = AXIS2_PLACEMENT_3D('',#499,#500,#501);
#499 = CARTESIAN_POINT('',(7.,-56.,6.));
#500 = DIRECTION('',(-0.,0.,1.));
#501 = DIRECTION('',(0.,-1.,0.));
#502 = ORIENTED_EDGE('',*,*,#463,.T.);
#503 = ORIENTED_EDGE('',*,*,#73,.T.);
#504 = ORIENTED_EDGE('',*,*,#505,.F.);
#505 = EDGE_CURVE('',#481,#65,#506,.T.);
#506 = LINE('',#507,#508);
#507 = CARTESIAN_POINT('',(-52.,54.267949192431,6.));
#508 = VECTOR('',#509,1.);
#509 = DIRECTION('',(1.,0.,0.));
#510 = FACE_BOUND('',#511,.T.);
#511 = EDGE_LOOP('',(#512));
#512 = ORIENTED_EDGE('',*,*,#513,.F.);
#513 = EDGE_CURVE('',#514,#514,#516,.T.);
#514 = VERTEX_POINT('',#515);
#515 = CARTESIAN_POINT('',(1.25,0.,6.));
#516 = CIRCLE('',#517,1.25);
#517 = AXIS2_PLACEMENT_3D('',#518,#519,#520);
#518 = CARTESIAN_POINT('',(0.,0.,6.));
#519 = DIRECTION('',(0.,0.,1.));
#520 = DIRECTION('',(1.,0.,0.));
#521 = PLANE('',#522);
#522 = AXIS2_PLACEMENT_3D('',#523,#524,#525);
#523 = CARTESIAN_POINT('',(-9.,-155.,6.));
#524 = DIRECTION('',(0.,0.,1.));
#525 = DIRECTION('',(1.,0.,0.));
#526 = ADVANCED_FACE('',(#527),#602,.T.);
#527 = FACE_BOUND('',#528,.F.);
#528 = EDGE_LOOP('',(#529,#561,#562,#563,#564,#596));
#529 = ORIENTED_EDGE('',*,*,#530,.T.);
#530 = EDGE_CURVE('',#531,#110,#533,.T.);
#531 = VERTEX_POINT('',#532);
#532 = CARTESIAN_POINT('',(-42.12701665379,54.,5.));
#533 = B_SPLINE_CURVE_WITH_KNOTS('',6,(#534,#535,#536,#537,#538,#539,
    #540,#541,#542,#543,#544,#545,#546,#547,#548,#549,#550,#551,#552,
    #553,#554,#555,#556,#557,#558,#559,#560),.UNSPECIFIED.,.F.,.F.,(7,5,
    5,5,5,7),(0.,0.179760888258,0.281634574701,0.523917999159,
    0.789722532822,1.),.UNSPECIFIED.);
#534 = CARTESIAN_POINT('',(-42.12701665379,54.,5.));
#535 = CARTESIAN_POINT('',(-42.15647258704,54.,5.114082338945));
#536 = CARTESIAN_POINT('',(-42.18971961693,54.007809303431,
    5.226189088698));
#537 = CARTESIAN_POINT('',(-42.22642506775,54.022918711245,
    5.335541359604));
#538 = CARTESIAN_POINT('',(-42.2661056653,54.044713096176,5.441434805272
    ));
#539 = CARTESIAN_POINT('',(-42.30814940841,54.072460267739,
    5.543239417843));
#540 = CARTESIAN_POINT('',(-42.37659622387,54.123910604231,
    5.695461566408));
#541 = CARTESIAN_POINT('',(-42.40192802688,54.144190284958,
    5.749131448662));
#542 = CARTESIAN_POINT('',(-42.42774956038,54.166026503183,
    5.801396381008));
#543 = CARTESIAN_POINT('',(-42.45397940519,54.189315068198,
    5.852248920522));
#544 = CARTESIAN_POINT('',(-42.48053801206,54.213959974825,
    5.901686770355));
#545 = CARTESIAN_POINT('',(-42.5711084593,54.301502607563,6.063931734836
    ));
#546 = CARTESIAN_POINT('',(-42.63632533757,54.370340479496,6.17022730945
    ));
#547 = CARTESIAN_POINT('',(-42.70206190646,54.445315496694,
    6.268797762394));
#548 = CARTESIAN_POINT('',(-42.76749011844,54.525699220935,
    6.359932203211));
#549 = CARTESIAN_POINT('',(-42.8318408309,54.611036310074,6.443886939405
    ));
#550 = CARTESIAN_POINT('',(-42.96277728273,54.799915345681,
    6.605204875607));
#551 = CARTESIAN_POINT('',(-43.02905569522,54.904538237369,
    6.681237710403));
#552 = CARTESIAN_POINT('',(-43.09188978346,55.014549468537,6.74893555219
    ));
#553 = CARTESIAN_POINT('',(-43.14988455991,55.129655446419,
    6.808141477207));
#554 = CARTESIAN_POINT('',(-43.20140386528,55.249673021317,
    6.858569573581));
#555 = CARTESIAN_POINT('',(-43.27887741028,55.473252565317,
    6.932186903437));
#556 = CARTESIAN_POINT('',(-43.30801105485,55.57526592356,6.95894842728)
  );
#557 = CARTESIAN_POINT('',(-43.33082646752,55.679651306175,
    6.979343835858));
#558 = CARTESIAN_POINT('',(-43.3464081634,55.78566052297,6.993085225617)
  );
#559 = CARTESIAN_POINT('',(-43.35424868893,55.892646467698,7.));
#560 = CARTESIAN_POINT('',(-43.35424868893,56.,7.));
#561 = ORIENTED_EDGE('',*,*,#119,.T.);
#562 = ORIENTED_EDGE('',*,*,#64,.T.);
#563 = ORIENTED_EDGE('',*,*,#505,.F.);
#564 = ORIENTED_EDGE('',*,*,#565,.F.);
#565 = EDGE_CURVE('',#566,#481,#568,.T.);
#566 = VERTEX_POINT('',#567);
#567 = CARTESIAN_POINT('',(-9.,54.,5.));
#568 = B_SPLINE_CURVE_WITH_KNOTS('',6,(#569,#570,#571,#572,#573,#574,
    #575,#576,#577,#578,#579,#580,#581,#582,#583,#584,#585,#586,#587,
    #588,#589,#590,#591,#592,#593,#594,#595),.UNSPECIFIED.,.F.,.F.,(7,5,
    5,5,5,7),(0.,0.274210682691,0.37930327727,0.449436454287,
    0.621678663548,1.),.UNSPECIFIED.);
#569 = CARTESIAN_POINT('',(-9.,54.,5.));
#570 = CARTESIAN_POINT('',(-9.,54.,5.078821409952));
#571 = CARTESIAN_POINT('',(-8.992544636755,54.003727777955,
    5.157369629081));
#572 = CARTESIAN_POINT('',(-8.977730726939,54.011134278518,
    5.234516963771));
#573 = CARTESIAN_POINT('',(-8.955948994015,54.021869938852,
    5.309156328432));
#574 = CARTESIAN_POINT('',(-8.927880408968,54.035290153568,
    5.380263274095));
#575 = CARTESIAN_POINT('',(-8.881768542146,54.056449922358,
    5.472547605808));
#576 = CARTESIAN_POINT('',(-8.868197012557,54.062598385898,5.49751514533
    ));
#577 = CARTESIAN_POINT('',(-8.853867241795,54.06899568986,5.521859186306
    ));
#578 = CARTESIAN_POINT('',(-8.838816563606,54.075604240823,
    5.545559537511));
#579 = CARTESIAN_POINT('',(-8.823082454747,54.08238579173,5.568597869428
    ));
#580 = CARTESIAN_POINT('',(-8.795771452595,54.093916576937,5.60587947882
    ));
#581 = CARTESIAN_POINT('',(-8.784551658536,54.098591944336,
    5.620500558127));
#582 = CARTESIAN_POINT('',(-8.773053343039,54.103316450285,
    5.634817274406));
#583 = CARTESIAN_POINT('',(-8.761286250638,54.108079151668,
    5.648826441481));
#584 = CARTESIAN_POINT('',(-8.749259680173,54.112869256049,
    5.662525364757));
#585 = CARTESIAN_POINT('',(-8.706830546089,54.129481449639,
    5.708788097199));
#586 = CARTESIAN_POINT('',(-8.675168542579,54.141387264291,
    5.739777891457));
#587 = CARTESIAN_POINT('',(-8.642124613791,54.153237416738,
    5.768851193995));
#588 = CARTESIAN_POINT('',(-8.607816081222,54.164879437324,
    5.795982662386));
#589 = CARTESIAN_POINT('',(-8.572350514074,54.176166771705,
    5.821149268546));
#590 = CARTESIAN_POINT('',(-8.455604285759,54.210670032764,5.89523867795
    ));
#591 = CARTESIAN_POINT('',(-8.369940542438,54.232099043522,
    5.936771382892));
#592 = CARTESIAN_POINT('',(-8.280280476541,54.24960749389,5.96823263954)
  );
#593 = CARTESIAN_POINT('',(-8.187957557238,54.261808027906,
    5.989362816793));
#594 = CARTESIAN_POINT('',(-8.094152608275,54.267949192431,6.));
#595 = CARTESIAN_POINT('',(-8.,54.267949192431,6.));
#596 = ORIENTED_EDGE('',*,*,#597,.F.);
#597 = EDGE_CURVE('',#531,#566,#598,.T.);
#598 = LINE('',#599,#600);
#599 = CARTESIAN_POINT('',(-52.,54.,5.));
#600 = VECTOR('',#601,1.);
#601 = DIRECTION('',(1.,0.,0.));
#602 = CYLINDRICAL_SURFACE('',#603,2.);
#603 = AXIS2_PLACEMENT_3D('',#604,#605,#606);
#604 = CARTESIAN_POINT('',(-52.,56.,5.));
#605 = DIRECTION('',(1.,0.,0.));
#606 = DIRECTION('',(0.,-1.,0.));
#607 = ADVANCED_FACE('',(#608),#728,.T.);
#608 = FACE_BOUND('',#609,.F.);
#609 = EDGE_LOOP('',(#610,#621,#629,#638,#649,#650,#651,#660,#668,#677,
    #709,#717));
#610 = ORIENTED_EDGE('',*,*,#611,.F.);
#611 = EDGE_CURVE('',#612,#614,#616,.T.);
#612 = VERTEX_POINT('',#613);
#613 = CARTESIAN_POINT('',(-46.,-71.,8.));
#614 = VERTEX_POINT('',#615);
#615 = CARTESIAN_POINT('',(-43.07837401694,-71.,6.732050807569));
#616 = CIRCLE('',#617,4.);
#617 = AXIS2_PLACEMENT_3D('',#618,#619,#620);
#618 = CARTESIAN_POINT('',(-46.,-71.,4.));
#619 = DIRECTION('',(-0.,1.,0.));
#620 = DIRECTION('',(1.,0.,0.));
#621 = ORIENTED_EDGE('',*,*,#622,.T.);
#622 = EDGE_CURVE('',#612,#623,#625,.T.);
#623 = VERTEX_POINT('',#624);
#624 = CARTESIAN_POINT('',(-46.,71.,8.));
#625 = LINE('',#626,#627);
#626 = CARTESIAN_POINT('',(-46.,-75.,8.));
#627 = VECTOR('',#628,1.);
#628 = DIRECTION('',(0.,1.,0.));
#629 = ORIENTED_EDGE('',*,*,#630,.F.);
#630 = EDGE_CURVE('',#631,#623,#633,.T.);
#631 = VERTEX_POINT('',#632);
#632 = CARTESIAN_POINT('',(-43.07837401694,71.,6.732050807569));
#633 = CIRCLE('',#634,4.);
#634 = AXIS2_PLACEMENT_3D('',#635,#636,#637);
#635 = CARTESIAN_POINT('',(-46.,71.,4.));
#636 = DIRECTION('',(0.,-1.,0.));
#637 = DIRECTION('',(1.,0.,2.2E-16));
#638 = ORIENTED_EDGE('',*,*,#639,.T.);
#639 = EDGE_CURVE('',#631,#112,#640,.T.);
#640 = B_SPLINE_CURVE_WITH_KNOTS('',7,(#641,#642,#643,#644,#645,#646,
    #647,#648),.UNSPECIFIED.,.F.,.F.,(8,8),(0.,1.),
  .PIECEWISE_BEZIER_KNOTS.);
#641 = CARTESIAN_POINT('',(-43.07837369301,71.0000006,6.732050461159));
#642 = CARTESIAN_POINT('',(-43.14614265864,70.874476508519,
    6.804521887142));
#643 = CARTESIAN_POINT('',(-43.20904953401,70.740729698399,
    6.867590017163));
#644 = CARTESIAN_POINT('',(-43.26394880422,70.60042293313,6.919444000709
    ));
#645 = CARTESIAN_POINT('',(-43.30790797597,70.45513524242,6.959130534515
    ));
#646 = CARTESIAN_POINT('',(-43.33854065425,70.306077196347,
    6.986146987293));
#647 = CARTESIAN_POINT('',(-43.35424868893,70.154103937166,7.));
#648 = CARTESIAN_POINT('',(-43.35424868893,70.,7.));
#649 = ORIENTED_EDGE('',*,*,#109,.F.);
#650 = ORIENTED_EDGE('',*,*,#530,.F.);
#651 = ORIENTED_EDGE('',*,*,#652,.T.);
#652 = EDGE_CURVE('',#531,#653,#655,.T.);
#653 = VERTEX_POINT('',#654);
#654 = CARTESIAN_POINT('',(-42.,54.,4.));
#655 = CIRCLE('',#656,4.);
#656 = AXIS2_PLACEMENT_3D('',#657,#658,#659);
#657 = CARTESIAN_POINT('',(-46.,54.,4.));
#658 = DIRECTION('',(-0.,1.,0.));
#659 = DIRECTION('',(1.,0.,0.));
#660 = ORIENTED_EDGE('',*,*,#661,.F.);
#661 = EDGE_CURVE('',#662,#653,#664,.T.);
#662 = VERTEX_POINT('',#663);
#663 = CARTESIAN_POINT('',(-42.,-54.,4.));
#664 = LINE('',#665,#666);
#665 = CARTESIAN_POINT('',(-42.,-75.,4.));
#666 = VECTOR('',#667,1.);
#667 = DIRECTION('',(0.,1.,0.));
#668 = ORIENTED_EDGE('',*,*,#669,.F.);
#669 = EDGE_CURVE('',#670,#662,#672,.T.);
#670 = VERTEX_POINT('',#671);
#671 = CARTESIAN_POINT('',(-42.12701665379,-54.,5.));
#672 = CIRCLE('',#673,4.);
#673 = AXIS2_PLACEMENT_3D('',#674,#675,#676);
#674 = CARTESIAN_POINT('',(-46.,-54.,4.));
#675 = DIRECTION('',(-0.,1.,0.));
#676 = DIRECTION('',(1.,0.,0.));
#677 = ORIENTED_EDGE('',*,*,#678,.T.);
#678 = EDGE_CURVE('',#670,#679,#681,.T.);
#679 = VERTEX_POINT('',#680);
#680 = CARTESIAN_POINT('',(-43.35424868893,-56.,7.));
#681 = B_SPLINE_CURVE_WITH_KNOTS('',6,(#682,#683,#684,#685,#686,#687,
    #688,#689,#690,#691,#692,#693,#694,#695,#696,#697,#698,#699,#700,
    #701,#702,#703,#704,#705,#706,#707,#708),.UNSPECIFIED.,.F.,.F.,(7,5,
    5,5,5,7),(0.,0.179760888344,0.281634574795,0.523917999277,
    0.7897225329,1.),.UNSPECIFIED.);
#682 = CARTESIAN_POINT('',(-42.12701665379,-54.,5.));
#683 = CARTESIAN_POINT('',(-42.15647258703,-54.,5.114082338898));
#684 = CARTESIAN_POINT('',(-42.18971961693,-54.00780930342,
    5.226189088713));
#685 = CARTESIAN_POINT('',(-42.22642506777,-54.02291871125,
    5.335541359648));
#686 = CARTESIAN_POINT('',(-42.26610566531,-54.04471309618,
    5.441434805281));
#687 = CARTESIAN_POINT('',(-42.30814940839,-54.07246026772,
    5.543239417803));
#688 = CARTESIAN_POINT('',(-42.37659622387,-54.12391060423,
    5.695461566408));
#689 = CARTESIAN_POINT('',(-42.40192802688,-54.14419028495,
    5.749131448662));
#690 = CARTESIAN_POINT('',(-42.42774956038,-54.16602650318,
    5.801396381008));
#691 = CARTESIAN_POINT('',(-42.45397940519,-54.18931506819,
    5.852248920522));
#692 = CARTESIAN_POINT('',(-42.48053801206,-54.21395997482,
    5.901686770355));
#693 = CARTESIAN_POINT('',(-42.5711084593,-54.30150260756,6.063931734838
    ));
#694 = CARTESIAN_POINT('',(-42.63632533757,-54.37034047949,
    6.170227309452));
#695 = CARTESIAN_POINT('',(-42.70206190646,-54.44531549669,
    6.268797762394));
#696 = CARTESIAN_POINT('',(-42.76749011844,-54.52569922093,6.35993220321
    ));
#697 = CARTESIAN_POINT('',(-42.8318408309,-54.61103631007,6.443886939404
    ));
#698 = CARTESIAN_POINT('',(-42.96277728272,-54.79991534565,
    6.605204875588));
#699 = CARTESIAN_POINT('',(-43.02905569523,-54.90453823737,
    6.681237710413));
#700 = CARTESIAN_POINT('',(-43.09188978347,-55.01454946856,
    6.748935552203));
#701 = CARTESIAN_POINT('',(-43.14988455991,-55.12965544642,
    6.808141477205));
#702 = CARTESIAN_POINT('',(-43.20140386527,-55.24967302129,
    6.858569573572));
#703 = CARTESIAN_POINT('',(-43.27887741028,-55.47325256531,
    6.932186903437));
#704 = CARTESIAN_POINT('',(-43.30801105485,-55.57526592356,6.95894842728
    ));
#705 = CARTESIAN_POINT('',(-43.33082646752,-55.67965130617,
    6.979343835858));
#706 = CARTESIAN_POINT('',(-43.3464081634,-55.78566052297,6.993085225617
    ));
#707 = CARTESIAN_POINT('',(-43.35424868893,-55.89264646769,7.));
#708 = CARTESIAN_POINT('',(-43.35424868893,-56.,7.));
#709 = ORIENTED_EDGE('',*,*,#710,.F.);
#710 = EDGE_CURVE('',#711,#679,#713,.T.);
#711 = VERTEX_POINT('',#712);
#712 = CARTESIAN_POINT('',(-43.35424868893,-70.,7.));
#713 = LINE('',#714,#715);
#714 = CARTESIAN_POINT('',(-43.35424868893,-75.,7.));
#715 = VECTOR('',#716,1.);
#716 = DIRECTION('',(0.,1.,0.));
#717 = ORIENTED_EDGE('',*,*,#718,.F.);
#718 = EDGE_CURVE('',#614,#711,#719,.T.);
#719 = B_SPLINE_CURVE_WITH_KNOTS('',7,(#720,#721,#722,#723,#724,#725,
    #726,#727),.UNSPECIFIED.,.F.,.F.,(8,8),(0.,1.),
  .PIECEWISE_BEZIER_KNOTS.);
#720 = CARTESIAN_POINT('',(-43.07837369301,-71.0000006,6.732050461159));
#721 = CARTESIAN_POINT('',(-43.14614265864,-70.87447650851,
    6.804521887142));
#722 = CARTESIAN_POINT('',(-43.20904953401,-70.74072969839,
    6.867590017162));
#723 = CARTESIAN_POINT('',(-43.26394880422,-70.60042293313,
    6.919444000709));
#724 = CARTESIAN_POINT('',(-43.30790797597,-70.45513524242,
    6.959130534515));
#725 = CARTESIAN_POINT('',(-43.33854065425,-70.30607719634,
    6.986146987293));
#726 = CARTESIAN_POINT('',(-43.35424868893,-70.15410393716,7.));
#727 = CARTESIAN_POINT('',(-43.35424868893,-70.,7.));
#728 = CYLINDRICAL_SURFACE('',#729,4.);
#729 = AXIS2_PLACEMENT_3D('',#730,#731,#732);
#730 = CARTESIAN_POINT('',(-46.,-75.,4.));
#731 = DIRECTION('',(0.,1.,0.));
#732 = DIRECTION('',(1.,0.,0.));
#733 = ADVANCED_FACE('',(#734),#804,.T.);
#734 = FACE_BOUND('',#735,.T.);
#735 = EDGE_LOOP('',(#736,#746,#763,#764,#765,#766,#774));
#736 = ORIENTED_EDGE('',*,*,#737,.F.);
#737 = EDGE_CURVE('',#738,#740,#742,.T.);
#738 = VERTEX_POINT('',#739);
#739 = CARTESIAN_POINT('',(-42.25834261322,72.,5.));
#740 = VERTEX_POINT('',#741);
#741 = CARTESIAN_POINT('',(-9.,72.,5.));
#742 = LINE('',#743,#744);
#743 = CARTESIAN_POINT('',(-52.,72.,5.));
#744 = VECTOR('',#745,1.);
#745 = DIRECTION('',(1.,0.,0.));
#746 = ORIENTED_EDGE('',*,*,#747,.T.);
#747 = EDGE_CURVE('',#738,#631,#748,.T.);
#748 = B_SPLINE_CURVE_WITH_KNOTS('',7,(#749,#750,#751,#752,#753,#754,
    #755,#756,#757,#758,#759,#760,#761,#762),.UNSPECIFIED.,.F.,.F.,(8,6,
    8),(0.,0.376739730165,1.),.UNSPECIFIED.);
#749 = CARTESIAN_POINT('',(-42.25834261322,72.,5.));
#750 = CARTESIAN_POINT('',(-42.29020073408,72.,5.119202173222));
#751 = CARTESIAN_POINT('',(-42.32433360134,71.991711242311,
    5.237442815699));
#752 = CARTESIAN_POINT('',(-42.36057104172,71.975374885376,
    5.354021976034));
#753 = CARTESIAN_POINT('',(-42.39874268285,71.951303168382,
    5.468315416836));
#754 = CARTESIAN_POINT('',(-42.43867955282,71.919854439037,
    5.579769199292));
#755 = CARTESIAN_POINT('',(-42.48021510348,71.881414731298,5.68789510669
    ));
#756 = CARTESIAN_POINT('',(-42.59427409583,71.761892327282,
    5.964934643149));
#757 = CARTESIAN_POINT('',(-42.66926656217,71.669389515187,
    6.127270878396));
#758 = CARTESIAN_POINT('',(-42.74746528699,71.560666431253,
    6.277472998682));
#759 = CARTESIAN_POINT('',(-42.82818366299,71.437576423667,
    6.414092520302));
#760 = CARTESIAN_POINT('',(-42.91072539355,71.301960872894,
    6.535973223322));
#761 = CARTESIAN_POINT('',(-42.99437465626,71.155586694665,
    6.642222787522));
#762 = CARTESIAN_POINT('',(-43.07837401694,71.,6.732050807569));
#763 = ORIENTED_EDGE('',*,*,#639,.T.);
#764 = ORIENTED_EDGE('',*,*,#126,.T.);
#765 = ORIENTED_EDGE('',*,*,#431,.F.);
#766 = ORIENTED_EDGE('',*,*,#767,.F.);
#767 = EDGE_CURVE('',#768,#423,#770,.T.);
#768 = VERTEX_POINT('',#769);
#769 = CARTESIAN_POINT('',(-8.,71.732050807569,6.));
#770 = LINE('',#771,#772);
#771 = CARTESIAN_POINT('',(-52.,71.732050807569,6.));
#772 = VECTOR('',#773,1.);
#773 = DIRECTION('',(1.,0.,0.));
#774 = ORIENTED_EDGE('',*,*,#775,.F.);
#775 = EDGE_CURVE('',#740,#768,#776,.T.);
#776 = B_SPLINE_CURVE_WITH_KNOTS('',6,(#777,#778,#779,#780,#781,#782,
    #783,#784,#785,#786,#787,#788,#789,#790,#791,#792,#793,#794,#795,
    #796,#797,#798,#799,#800,#801,#802,#803),.UNSPECIFIED.,.F.,.F.,(7,5,
    5,5,5,7),(0.,0.274210710663,0.379303307959,0.449436481508,
    0.621678682252,1.),.UNSPECIFIED.);
#777 = CARTESIAN_POINT('',(-9.,72.,5.));
#778 = CARTESIAN_POINT('',(-9.,72.,5.078821409952));
#779 = CARTESIAN_POINT('',(-8.992544636755,71.996272222045,
    5.157369629081));
#780 = CARTESIAN_POINT('',(-8.977730726939,71.988865721482,
    5.234516963771));
#781 = CARTESIAN_POINT('',(-8.955948994015,71.978130061148,
    5.309156328432));
#782 = CARTESIAN_POINT('',(-8.927880408968,71.964709846432,
    5.380263274095));
#783 = CARTESIAN_POINT('',(-8.881768543119,71.943550078089,5.47254760386
    ));
#784 = CARTESIAN_POINT('',(-8.868197012157,71.937401613942,
    5.497515145711));
#785 = CARTESIAN_POINT('',(-8.85386724069,71.931004309654,5.521859188125
    ));
#786 = CARTESIAN_POINT('',(-8.838816563414,71.924395759077,
    5.545559538103));
#787 = CARTESIAN_POINT('',(-8.823082455981,71.917614208791,
    5.568597867745));
#788 = CARTESIAN_POINT('',(-8.795771452595,71.906083423063,5.60587947882
    ));
#789 = CARTESIAN_POINT('',(-8.784551658536,71.901408055664,
    5.620500558127));
#790 = CARTESIAN_POINT('',(-8.773053343039,71.896683549715,
    5.634817274406));
#791 = CARTESIAN_POINT('',(-8.761286250638,71.891920848332,
    5.648826441481));
#792 = CARTESIAN_POINT('',(-8.749259680173,71.887130743951,
    5.662525364757));
#793 = CARTESIAN_POINT('',(-8.706830546089,71.870518550361,
    5.708788097199));
#794 = CARTESIAN_POINT('',(-8.675168542579,71.858612735709,
    5.739777891457));
#795 = CARTESIAN_POINT('',(-8.642124613791,71.846762583262,
    5.768851193995));
#796 = CARTESIAN_POINT('',(-8.607816081222,71.835120562676,
    5.795982662386));
#797 = CARTESIAN_POINT('',(-8.572350514074,71.823833228295,
    5.821149268546));
#798 = CARTESIAN_POINT('',(-8.455604285759,71.789329967236,5.89523867795
    ));
#799 = CARTESIAN_POINT('',(-8.369940542438,71.767900956478,
    5.936771382892));
#800 = CARTESIAN_POINT('',(-8.280280476541,71.75039250611,5.96823263954)
  );
#801 = CARTESIAN_POINT('',(-8.187957557238,71.738191972094,
    5.989362816793));
#802 = CARTESIAN_POINT('',(-8.094152608275,71.732050807569,6.));
#803 = CARTESIAN_POINT('',(-8.,71.732050807569,6.));
#804 = CYLINDRICAL_SURFACE('',#805,2.);
#805 = AXIS2_PLACEMENT_3D('',#806,#807,#808);
#806 = CARTESIAN_POINT('',(-52.,70.,5.));
#807 = DIRECTION('',(1.,0.,0.));
#808 = DIRECTION('',(0.,1.,0.));
#809 = ADVANCED_FACE('',(#810),#876,.T.);
#810 = FACE_BOUND('',#811,.T.);
#811 = EDGE_LOOP('',(#812,#822,#830,#836,#837,#845,#853,#862,#870));
#812 = ORIENTED_EDGE('',*,*,#813,.F.);
#813 = EDGE_CURVE('',#814,#816,#818,.T.);
#814 = VERTEX_POINT('',#815);
#815 = CARTESIAN_POINT('',(-9.,-153.,6.));
#816 = VERTEX_POINT('',#817);
#817 = CARTESIAN_POINT('',(-8.,-153.,6.));
#818 = LINE('',#819,#820);
#819 = CARTESIAN_POINT('',(-9.,-153.,6.));
#820 = VECTOR('',#821,1.);
#821 = DIRECTION('',(1.,0.,0.));
#822 = ORIENTED_EDGE('',*,*,#823,.F.);
#823 = EDGE_CURVE('',#824,#814,#826,.T.);
#824 = VERTEX_POINT('',#825);
#825 = CARTESIAN_POINT('',(-9.,-164.,6.));
#826 = LINE('',#827,#828);
#827 = CARTESIAN_POINT('',(-9.,-172.,6.));
#828 = VECTOR('',#829,1.);
#829 = DIRECTION('',(0.,1.,0.));
#830 = ORIENTED_EDGE('',*,*,#831,.T.);
#831 = EDGE_CURVE('',#824,#141,#832,.T.);
#832 = LINE('',#833,#834);
#833 = CARTESIAN_POINT('',(-11.,-164.,6.));
#834 = VECTOR('',#835,1.);
#835 = DIRECTION('',(1.,0.,0.));
#836 = ORIENTED_EDGE('',*,*,#140,.T.);
#837 = ORIENTED_EDGE('',*,*,#838,.F.);
#838 = EDGE_CURVE('',#839,#143,#841,.T.);
#839 = VERTEX_POINT('',#840);
#840 = CARTESIAN_POINT('',(8.,-153.,6.));
#841 = LINE('',#842,#843);
#842 = CARTESIAN_POINT('',(-9.,-153.,6.));
#843 = VECTOR('',#844,1.);
#844 = DIRECTION('',(1.,0.,0.));
#845 = ORIENTED_EDGE('',*,*,#846,.T.);
#846 = EDGE_CURVE('',#839,#847,#849,.T.);
#847 = VERTEX_POINT('',#848);
#848 = CARTESIAN_POINT('',(8.,-71.41421356237,6.));
#849 = LINE('',#850,#851);
#850 = CARTESIAN_POINT('',(8.,-155.,6.));
#851 = VECTOR('',#852,1.);
#852 = DIRECTION('',(0.,1.,0.));
#853 = ORIENTED_EDGE('',*,*,#854,.T.);
#854 = EDGE_CURVE('',#847,#855,#857,.T.);
#855 = VERTEX_POINT('',#856);
#856 = CARTESIAN_POINT('',(7.,-71.73205080756,6.));
#857 = CIRCLE('',#858,1.732050807569);
#858 = AXIS2_PLACEMENT_3D('',#859,#860,#861);
#859 = CARTESIAN_POINT('',(7.,-70.,6.));
#860 = DIRECTION('',(0.,0.,-1.));
#861 = DIRECTION('',(1.,0.,0.));
#862 = ORIENTED_EDGE('',*,*,#863,.F.);
#863 = EDGE_CURVE('',#864,#855,#866,.T.);
#864 = VERTEX_POINT('',#865);
#865 = CARTESIAN_POINT('',(-8.,-71.73205080756,6.));
#866 = LINE('',#867,#868);
#867 = CARTESIAN_POINT('',(-52.,-71.73205080756,6.));
#868 = VECTOR('',#869,1.);
#869 = DIRECTION('',(1.,0.,0.));
#870 = ORIENTED_EDGE('',*,*,#871,.F.);
#871 = EDGE_CURVE('',#816,#864,#872,.T.);
#872 = LINE('',#873,#874);
#873 = CARTESIAN_POINT('',(-8.,-155.,6.));
#874 = VECTOR('',#875,1.);
#875 = DIRECTION('',(0.,1.,0.));
#876 = PLANE('',#877);
#877 = AXIS2_PLACEMENT_3D('',#878,#879,#880);
#878 = CARTESIAN_POINT('',(1.375863525186E-02,-118.5212074912,6.));
#879 = DIRECTION('',(0.,0.,1.));
#880 = DIRECTION('',(1.,0.,0.));
#881 = ADVANCED_FACE('',(#882),#918,.T.);
#882 = FACE_BOUND('',#883,.T.);
#883 = EDGE_LOOP('',(#884,#892,#893,#894,#903,#909,#910,#911));
#884 = ORIENTED_EDGE('',*,*,#885,.T.);
#885 = EDGE_CURVE('',#886,#151,#888,.T.);
#886 = VERTEX_POINT('',#887);
#887 = CARTESIAN_POINT('',(-11.,-172.,10.));
#888 = LINE('',#889,#890);
#889 = CARTESIAN_POINT('',(-11.,-172.,10.));
#890 = VECTOR('',#891,1.);
#891 = DIRECTION('',(1.,0.,0.));
#892 = ORIENTED_EDGE('',*,*,#150,.F.);
#893 = ORIENTED_EDGE('',*,*,#831,.F.);
#894 = ORIENTED_EDGE('',*,*,#895,.F.);
#895 = EDGE_CURVE('',#896,#824,#898,.T.);
#896 = VERTEX_POINT('',#897);
#897 = CARTESIAN_POINT('',(-9.,-164.,-6.));
#898 = CIRCLE('',#899,10.);
#899 = AXIS2_PLACEMENT_3D('',#900,#901,#902);
#900 = CARTESIAN_POINT('',(-9.,-172.,0.));
#901 = DIRECTION('',(1.,0.,-0.));
#902 = DIRECTION('',(0.,0.,1.));
#903 = ORIENTED_EDGE('',*,*,#904,.T.);
#904 = EDGE_CURVE('',#896,#160,#905,.T.);
#905 = LINE('',#906,#907);
#906 = CARTESIAN_POINT('',(-11.,-164.,-6.));
#907 = VECTOR('',#908,1.);
#908 = DIRECTION('',(1.,0.,0.));
#909 = ORIENTED_EDGE('',*,*,#159,.F.);
#910 = ORIENTED_EDGE('',*,*,#885,.F.);
#911 = ORIENTED_EDGE('',*,*,#912,.T.);
#912 = EDGE_CURVE('',#886,#886,#913,.T.);
#913 = CIRCLE('',#914,10.);
#914 = AXIS2_PLACEMENT_3D('',#915,#916,#917);
#915 = CARTESIAN_POINT('',(-11.,-172.,0.));
#916 = DIRECTION('',(1.,0.,-0.));
#917 = DIRECTION('',(0.,0.,1.));
#918 = CYLINDRICAL_SURFACE('',#919,10.);
#919 = AXIS2_PLACEMENT_3D('',#920,#921,#922);
#920 = CARTESIAN_POINT('',(-11.,-172.,0.));
#921 = DIRECTION('',(1.,0.,0.));
#922 = DIRECTION('',(0.,0.,1.));
#923 = ADVANCED_FACE('',(#924),#935,.T.);
#924 = FACE_BOUND('',#925,.T.);
#925 = EDGE_LOOP('',(#926,#927,#934));
#926 = ORIENTED_EDGE('',*,*,#369,.F.);
#927 = ORIENTED_EDGE('',*,*,#928,.F.);
#928 = EDGE_CURVE('',#839,#362,#929,.T.);
#929 = CIRCLE('',#930,1.);
#930 = AXIS2_PLACEMENT_3D('',#931,#932,#933);
#931 = CARTESIAN_POINT('',(8.,-153.,5.));
#932 = DIRECTION('',(-0.,1.,0.));
#933 = DIRECTION('',(1.,0.,0.));
#934 = ORIENTED_EDGE('',*,*,#838,.T.);
#935 = PLANE('',#936);
#936 = AXIS2_PLACEMENT_3D('',#937,#938,#939);
#937 = CARTESIAN_POINT('',(-9.,-153.,-6.));
#938 = DIRECTION('',(0.,1.,0.));
#939 = DIRECTION('',(0.,0.,1.));
#940 = ADVANCED_FACE('',(#941),#965,.T.);
#941 = FACE_BOUND('',#942,.F.);
#942 = EDGE_LOOP('',(#943,#944,#945,#964));
#943 = ORIENTED_EDGE('',*,*,#928,.F.);
#944 = ORIENTED_EDGE('',*,*,#846,.T.);
#945 = ORIENTED_EDGE('',*,*,#946,.F.);
#946 = EDGE_CURVE('',#354,#847,#947,.T.);
#947 = B_SPLINE_CURVE_WITH_KNOTS('',8,(#948,#949,#950,#951,#952,#953,
    #954,#955,#956,#957,#958,#959,#960,#961,#962,#963),.UNSPECIFIED.,.F.
  ,.F.,(9,7,9),(0.,0.678527911889,1.),.UNSPECIFIED.);
#948 = CARTESIAN_POINT('',(9.,-70.,5.));
#949 = CARTESIAN_POINT('',(8.999999935437,-70.12781490586,5.127814915426
    ));
#950 = CARTESIAN_POINT('',(8.981329899775,-70.25557393194,5.255573868038
    ));
#951 = CARTESIAN_POINT('',(8.944016124393,-70.38292609846,5.380539980441
    ));
#952 = CARTESIAN_POINT('',(8.888380927245,-70.50942532687,5.499887921236
    ));
#953 = CARTESIAN_POINT('',(8.8151331847,-70.63455347841,5.610717337799)
  );
#954 = CARTESIAN_POINT('',(8.725502127166,-70.75769742677,5.710079499168
    ));
#955 = CARTESIAN_POINT('',(8.6212439458,-70.87821100631,5.795187919558)
  );
#956 = CARTESIAN_POINT('',(8.449263393657,-71.05097951087,5.895691310322
    ));
#957 = CARTESIAN_POINT('',(8.391200567275,-71.10576691878,5.924194856767
    ));
#958 = CARTESIAN_POINT('',(8.330603505234,-71.15972626559,5.948609533899
    ));
#959 = CARTESIAN_POINT('',(8.267743024193,-71.21277802486,5.968659992721
    ));
#960 = CARTESIAN_POINT('',(8.202915017511,-71.26484061269,5.984079687205
    ));
#961 = CARTESIAN_POINT('',(8.136440826577,-71.31582976911,5.994610325323
    ));
#962 = CARTESIAN_POINT('',(8.068672079905,-71.36565506899,6.));
#963 = CARTESIAN_POINT('',(8.,-71.41421356237,6.));
#964 = ORIENTED_EDGE('',*,*,#361,.F.);
#965 = CYLINDRICAL_SURFACE('',#966,1.);
#966 = AXIS2_PLACEMENT_3D('',#967,#968,#969);
#967 = CARTESIAN_POINT('',(8.,-155.,5.));
#968 = DIRECTION('',(0.,1.,0.));
#969 = DIRECTION('',(1.,0.,0.));
#970 = ADVANCED_FACE('',(#971),#1062,.T.);
#971 = FACE_BOUND('',#972,.T.);
#972 = EDGE_LOOP('',(#973,#983,#991,#999,#1008,#1016,#1024,#1032,#1040,
    #1048,#1054,#1055,#1056));
#973 = ORIENTED_EDGE('',*,*,#974,.T.);
#974 = EDGE_CURVE('',#975,#977,#979,.T.);
#975 = VERTEX_POINT('',#976);
#976 = CARTESIAN_POINT('',(-9.,-153.,-6.));
#977 = VERTEX_POINT('',#978);
#978 = CARTESIAN_POINT('',(-8.,-153.,-6.));
#979 = LINE('',#980,#981);
#980 = CARTESIAN_POINT('',(-9.,-153.,-6.));
#981 = VECTOR('',#982,1.);
#982 = DIRECTION('',(1.,0.,0.));
#983 = ORIENTED_EDGE('',*,*,#984,.T.);
#984 = EDGE_CURVE('',#977,#985,#987,.T.);
#985 = VERTEX_POINT('',#986);
#986 = CARTESIAN_POINT('',(-8.,-71.73205080756,-6.));
#987 = LINE('',#988,#989);
#988 = CARTESIAN_POINT('',(-8.,-155.,-6.));
#989 = VECTOR('',#990,1.);
#990 = DIRECTION('',(0.,1.,0.));
#991 = ORIENTED_EDGE('',*,*,#992,.T.);
#992 = EDGE_CURVE('',#985,#993,#995,.T.);
#993 = VERTEX_POINT('',#994);
#994 = CARTESIAN_POINT('',(7.,-71.73205080756,-6.));
#995 = LINE('',#996,#997);
#996 = CARTESIAN_POINT('',(-52.,-71.73205080756,-6.));
#997 = VECTOR('',#998,1.);
#998 = DIRECTION('',(1.,0.,0.));
#999 = ORIENTED_EDGE('',*,*,#1000,.T.);
#1000 = EDGE_CURVE('',#993,#1001,#1003,.T.);
#1001 = VERTEX_POINT('',#1002);
#1002 = CARTESIAN_POINT('',(8.,-71.41421356237,-6.));
#1003 = CIRCLE('',#1004,1.732050807569);
#1004 = AXIS2_PLACEMENT_3D('',#1005,#1006,#1007);
#1005 = CARTESIAN_POINT('',(7.,-70.,-6.));
#1006 = DIRECTION('',(0.,0.,1.));
#1007 = DIRECTION('',(1.,0.,0.));
#1008 = ORIENTED_EDGE('',*,*,#1009,.F.);
#1009 = EDGE_CURVE('',#1010,#1001,#1012,.T.);
#1010 = VERTEX_POINT('',#1011);
#1011 = CARTESIAN_POINT('',(8.,-77.,-6.));
#1012 = LINE('',#1013,#1014);
#1013 = CARTESIAN_POINT('',(8.,-155.,-6.));
#1014 = VECTOR('',#1015,1.);
#1015 = DIRECTION('',(0.,1.,0.));
#1016 = ORIENTED_EDGE('',*,*,#1017,.T.);
#1017 = EDGE_CURVE('',#1010,#1018,#1020,.T.);
#1018 = VERTEX_POINT('',#1019);
#1019 = CARTESIAN_POINT('',(-1.,-77.,-6.));
#1020 = LINE('',#1021,#1022);
#1021 = CARTESIAN_POINT('',(-5.,-77.,-6.));
#1022 = VECTOR('',#1023,1.);
#1023 = DIRECTION('',(-1.,0.,0.));
#1024 = ORIENTED_EDGE('',*,*,#1025,.F.);
#1025 = EDGE_CURVE('',#1026,#1018,#1028,.T.);
#1026 = VERTEX_POINT('',#1027);
#1027 = CARTESIAN_POINT('',(-1.,-95.,-6.));
#1028 = LINE('',#1029,#1030);
#1029 = CARTESIAN_POINT('',(-1.,-125.,-6.));
#1030 = VECTOR('',#1031,1.);
#1031 = DIRECTION('',(0.,1.,0.));
#1032 = ORIENTED_EDGE('',*,*,#1033,.F.);
#1033 = EDGE_CURVE('',#1034,#1026,#1036,.T.);
#1034 = VERTEX_POINT('',#1035);
#1035 = CARTESIAN_POINT('',(8.,-95.,-6.));
#1036 = LINE('',#1037,#1038);
#1037 = CARTESIAN_POINT('',(-5.,-95.,-6.));
#1038 = VECTOR('',#1039,1.);
#1039 = DIRECTION('',(-1.,0.,0.));
#1040 = ORIENTED_EDGE('',*,*,#1041,.F.);
#1041 = EDGE_CURVE('',#1042,#1034,#1044,.T.);
#1042 = VERTEX_POINT('',#1043);
#1043 = CARTESIAN_POINT('',(8.,-153.,-6.));
#1044 = LINE('',#1045,#1046);
#1045 = CARTESIAN_POINT('',(8.,-155.,-6.));
#1046 = VECTOR('',#1047,1.);
#1047 = DIRECTION('',(0.,1.,0.));
#1048 = ORIENTED_EDGE('',*,*,#1049,.T.);
#1049 = EDGE_CURVE('',#1042,#169,#1050,.T.);
#1050 = LINE('',#1051,#1052);
#1051 = CARTESIAN_POINT('',(-9.,-153.,-6.));
#1052 = VECTOR('',#1053,1.);
#1053 = DIRECTION('',(1.,0.,0.));
#1054 = ORIENTED_EDGE('',*,*,#168,.F.);
#1055 = ORIENTED_EDGE('',*,*,#904,.F.);
#1056 = ORIENTED_EDGE('',*,*,#1057,.T.);
#1057 = EDGE_CURVE('',#896,#975,#1058,.T.);
#1058 = LINE('',#1059,#1060);
#1059 = CARTESIAN_POINT('',(-9.,-172.,-6.));
#1060 = VECTOR('',#1061,1.);
#1061 = DIRECTION('',(0.,1.,0.));
#1062 = PLANE('',#1063);
#1063 = AXIS2_PLACEMENT_3D('',#1064,#1065,#1066);
#1064 = CARTESIAN_POINT('',(-0.401646203133,-116.0710699651,-6.));
#1065 = DIRECTION('',(-0.,-0.,-1.));
#1066 = DIRECTION('',(-1.,0.,0.));
#1067 = ADVANCED_FACE('',(#1068),#1095,.T.);
#1068 = FACE_BOUND('',#1069,.F.);
#1069 = EDGE_LOOP('',(#1070,#1079,#1087,#1094));
#1070 = ORIENTED_EDGE('',*,*,#1071,.F.);
#1071 = EDGE_CURVE('',#1072,#354,#1074,.T.);
#1072 = VERTEX_POINT('',#1073);
#1073 = CARTESIAN_POINT('',(7.,-70.,7.));
#1074 = CIRCLE('',#1075,2.);
#1075 = AXIS2_PLACEMENT_3D('',#1076,#1077,#1078);
#1076 = CARTESIAN_POINT('',(7.,-70.,5.));
#1077 = DIRECTION('',(-0.,1.,0.));
#1078 = DIRECTION('',(1.,0.,0.));
#1079 = ORIENTED_EDGE('',*,*,#1080,.T.);
#1080 = EDGE_CURVE('',#1072,#1081,#1083,.T.);
#1081 = VERTEX_POINT('',#1082);
#1082 = CARTESIAN_POINT('',(7.,-56.,7.));
#1083 = LINE('',#1084,#1085);
#1084 = CARTESIAN_POINT('',(7.,-72.,7.));
#1085 = VECTOR('',#1086,1.);
#1086 = DIRECTION('',(0.,1.,0.));
#1087 = ORIENTED_EDGE('',*,*,#1088,.F.);
#1088 = EDGE_CURVE('',#346,#1081,#1089,.T.);
#1089 = CIRCLE('',#1090,2.);
#1090 = AXIS2_PLACEMENT_3D('',#1091,#1092,#1093);
#1091 = CARTESIAN_POINT('',(7.,-56.,5.));
#1092 = DIRECTION('',(0.,-1.,0.));
#1093 = DIRECTION('',(1.,0.,0.));
#1094 = ORIENTED_EDGE('',*,*,#353,.F.);
#1095 = CYLINDRICAL_SURFACE('',#1096,2.);
#1096 = AXIS2_PLACEMENT_3D('',#1097,#1098,#1099);
#1097 = CARTESIAN_POINT('',(7.,-72.,5.));
#1098 = DIRECTION('',(0.,1.,0.));
#1099 = DIRECTION('',(1.,0.,0.));
#1100 = ADVANCED_FACE('',(#1101),#1112,.T.);
#1101 = FACE_BOUND('',#1102,.T.);
#1102 = EDGE_LOOP('',(#1103,#1104,#1111));
#1103 = ORIENTED_EDGE('',*,*,#1049,.F.);
#1104 = ORIENTED_EDGE('',*,*,#1105,.F.);
#1105 = EDGE_CURVE('',#177,#1042,#1106,.T.);
#1106 = CIRCLE('',#1107,1.);
#1107 = AXIS2_PLACEMENT_3D('',#1108,#1109,#1110);
#1108 = CARTESIAN_POINT('',(8.,-153.,-5.));
#1109 = DIRECTION('',(-0.,1.,0.));
#1110 = DIRECTION('',(1.,0.,0.));
#1111 = ORIENTED_EDGE('',*,*,#176,.F.);
#1112 = PLANE('',#1113);
#1113 = AXIS2_PLACEMENT_3D('',#1114,#1115,#1116);
#1114 = CARTESIAN_POINT('',(-9.,-153.,-6.));
#1115 = DIRECTION('',(0.,1.,0.));
#1116 = DIRECTION('',(0.,0.,1.));
#1117 = ADVANCED_FACE('',(#1118),#1130,.T.);
#1118 = FACE_BOUND('',#1119,.T.);
#1119 = EDGE_LOOP('',(#1120,#1121,#1122,#1129));
#1120 = ORIENTED_EDGE('',*,*,#1105,.T.);
#1121 = ORIENTED_EDGE('',*,*,#1041,.T.);
#1122 = ORIENTED_EDGE('',*,*,#1123,.F.);
#1123 = EDGE_CURVE('',#185,#1034,#1124,.T.);
#1124 = CIRCLE('',#1125,1.);
#1125 = AXIS2_PLACEMENT_3D('',#1126,#1127,#1128);
#1126 = CARTESIAN_POINT('',(8.,-95.,-5.));
#1127 = DIRECTION('',(-0.,1.,0.));
#1128 = DIRECTION('',(1.,0.,0.));
#1129 = ORIENTED_EDGE('',*,*,#184,.F.);
#1130 = CYLINDRICAL_SURFACE('',#1131,1.);
#1131 = AXIS2_PLACEMENT_3D('',#1132,#1133,#1134);
#1132 = CARTESIAN_POINT('',(8.,-155.,-5.));
#1133 = DIRECTION('',(0.,1.,0.));
#1134 = DIRECTION('',(1.,0.,0.));
#1135 = ADVANCED_FACE('',(#1136),#1171,.F.);
#1136 = FACE_BOUND('',#1137,.F.);
#1137 = EDGE_LOOP('',(#1138,#1148,#1156,#1162,#1163,#1164,#1165));
#1138 = ORIENTED_EDGE('',*,*,#1139,.F.);
#1139 = EDGE_CURVE('',#1140,#1142,#1144,.T.);
#1140 = VERTEX_POINT('',#1141);
#1141 = CARTESIAN_POINT('',(58.871134395521,-95.,-10.));
#1142 = VERTEX_POINT('',#1143);
#1143 = CARTESIAN_POINT('',(58.871134395521,-95.,-4.));
#1144 = LINE('',#1145,#1146);
#1145 = CARTESIAN_POINT('',(58.871134395521,-95.,-10.));
#1146 = VECTOR('',#1147,1.);
#1147 = DIRECTION('',(0.,0.,1.));
#1148 = ORIENTED_EDGE('',*,*,#1149,.F.);
#1149 = EDGE_CURVE('',#1150,#1140,#1152,.T.);
#1150 = VERTEX_POINT('',#1151);
#1151 = CARTESIAN_POINT('',(-1.,-95.,-10.));
#1152 = LINE('',#1153,#1154);
#1153 = CARTESIAN_POINT('',(-1.,-95.,-10.));
#1154 = VECTOR('',#1155,1.);
#1155 = DIRECTION('',(1.,0.,0.));
#1156 = ORIENTED_EDGE('',*,*,#1157,.T.);
#1157 = EDGE_CURVE('',#1150,#1026,#1158,.T.);
#1158 = LINE('',#1159,#1160);
#1159 = CARTESIAN_POINT('',(-1.,-95.,-10.));
#1160 = VECTOR('',#1161,1.);
#1161 = DIRECTION('',(0.,0.,1.));
#1162 = ORIENTED_EDGE('',*,*,#1033,.F.);
#1163 = ORIENTED_EDGE('',*,*,#1123,.F.);
#1164 = ORIENTED_EDGE('',*,*,#192,.T.);
#1165 = ORIENTED_EDGE('',*,*,#1166,.T.);
#1166 = EDGE_CURVE('',#193,#1142,#1167,.T.);
#1167 = LINE('',#1168,#1169);
#1168 = CARTESIAN_POINT('',(-1.,-95.,-4.));
#1169 = VECTOR('',#1170,1.);
#1170 = DIRECTION('',(1.,0.,0.));
#1171 = PLANE('',#1172);
#1172 = AXIS2_PLACEMENT_3D('',#1173,#1174,#1175);
#1173 = CARTESIAN_POINT('',(-1.,-95.,-10.));
#1174 = DIRECTION('',(0.,1.,0.));
#1175 = DIRECTION('',(0.,0.,1.));
#1176 = ADVANCED_FACE('',(#1177),#1196,.T.);
#1177 = FACE_BOUND('',#1178,.F.);
#1178 = EDGE_LOOP('',(#1179,#1180,#1181,#1189));
#1179 = ORIENTED_EDGE('',*,*,#338,.F.);
#1180 = ORIENTED_EDGE('',*,*,#406,.T.);
#1181 = ORIENTED_EDGE('',*,*,#1182,.T.);
#1182 = EDGE_CURVE('',#407,#1183,#1185,.T.);
#1183 = VERTEX_POINT('',#1184);
#1184 = CARTESIAN_POINT('',(8.,153.,6.));
#1185 = LINE('',#1186,#1187);
#1186 = CARTESIAN_POINT('',(8.,-155.,6.));
#1187 = VECTOR('',#1188,1.);
#1188 = DIRECTION('',(0.,1.,0.));
#1189 = ORIENTED_EDGE('',*,*,#1190,.T.);
#1190 = EDGE_CURVE('',#1183,#331,#1191,.T.);
#1191 = CIRCLE('',#1192,1.);
#1192 = AXIS2_PLACEMENT_3D('',#1193,#1194,#1195);
#1193 = CARTESIAN_POINT('',(8.,153.,5.));
#1194 = DIRECTION('',(-0.,1.,0.));
#1195 = DIRECTION('',(1.,0.,0.));
#1196 = CYLINDRICAL_SURFACE('',#1197,1.);
#1197 = AXIS2_PLACEMENT_3D('',#1198,#1199,#1200);
#1198 = CARTESIAN_POINT('',(8.,-155.,5.));
#1199 = DIRECTION('',(0.,1.,0.));
#1200 = DIRECTION('',(1.,0.,0.));
#1201 = ADVANCED_FACE('',(#1202,#1320,#1331),#1342,.T.);
#1202 = FACE_BOUND('',#1203,.T.);
#1203 = EDGE_LOOP('',(#1204,#1212,#1213,#1214,#1222,#1230,#1238,#1247,
    #1255,#1264,#1272,#1281,#1289,#1298,#1306,#1314));
#1204 = ORIENTED_EDGE('',*,*,#1205,.F.);
#1205 = EDGE_CURVE('',#201,#1206,#1208,.T.);
#1206 = VERTEX_POINT('',#1207);
#1207 = CARTESIAN_POINT('',(63.,-77.,-4.));
#1208 = LINE('',#1209,#1210);
#1209 = CARTESIAN_POINT('',(-1.,-77.,-4.));
#1210 = VECTOR('',#1211,1.);
#1211 = DIRECTION('',(1.,0.,0.));
#1212 = ORIENTED_EDGE('',*,*,#200,.T.);
#1213 = ORIENTED_EDGE('',*,*,#1166,.T.);
#1214 = ORIENTED_EDGE('',*,*,#1215,.T.);
#1215 = EDGE_CURVE('',#1142,#1216,#1218,.T.);
#1216 = VERTEX_POINT('',#1217);
#1217 = CARTESIAN_POINT('',(65.330101447889,-104.2243609214,-4.));
#1218 = LINE('',#1219,#1220);
#1219 = CARTESIAN_POINT('',(52.711419848166,-86.20301594709,-4.));
#1220 = VECTOR('',#1221,1.);
#1221 = DIRECTION('',(0.573576436351,-0.819152044289,0.));
#1222 = ORIENTED_EDGE('',*,*,#1223,.F.);
#1223 = EDGE_CURVE('',#1224,#1216,#1226,.T.);
#1224 = VERTEX_POINT('',#1225);
#1225 = CARTESIAN_POINT('',(75.979078023646,-96.76786724888,-4.));
#1226 = LINE('',#1227,#1228);
#1227 = CARTESIAN_POINT('',(75.979078023646,-96.76786724888,-4.));
#1228 = VECTOR('',#1229,1.);
#1229 = DIRECTION('',(-0.819152044289,-0.573576436351,0.));
#1230 = ORIENTED_EDGE('',*,*,#1231,.F.);
#1231 = EDGE_CURVE('',#1232,#1224,#1234,.T.);
#1232 = VERTEX_POINT('',#1233);
#1233 = CARTESIAN_POINT('',(70.472744234676,-88.90400762371,-4.));
#1234 = LINE('',#1235,#1236);
#1235 = CARTESIAN_POINT('',(63.360396423923,-78.74652227453,-4.));
#1236 = VECTOR('',#1237,1.);
#1237 = DIRECTION('',(0.573576436351,-0.819152044289,0.));
#1238 = ORIENTED_EDGE('',*,*,#1239,.T.);
#1239 = EDGE_CURVE('',#1232,#1240,#1242,.T.);
#1240 = VERTEX_POINT('',#1241);
#1241 = CARTESIAN_POINT('',(70.325398869913,-89.73964471209,-4.));
#1242 = CIRCLE('',#1243,0.6);
#1243 = AXIS2_PLACEMENT_3D('',#1244,#1245,#1246);
#1244 = CARTESIAN_POINT('',(69.981253008102,-89.24815348552,-4.));
#1245 = DIRECTION('',(0.,0.,-1.));
#1246 = DIRECTION('',(-0.573576436351,0.819152044289,0.));
#1247 = ORIENTED_EDGE('',*,*,#1248,.T.);
#1248 = EDGE_CURVE('',#1240,#1249,#1251,.T.);
#1249 = VERTEX_POINT('',#1250);
#1250 = CARTESIAN_POINT('',(65.574317013037,-93.06638804293,-4.));
#1251 = LINE('',#1252,#1253);
#1252 = CARTESIAN_POINT('',(70.816890096486,-89.39549885028,-4.));
#1253 = VECTOR('',#1254,1.);
#1254 = DIRECTION('',(-0.819152044289,-0.573576436351,0.));
#1255 = ORIENTED_EDGE('',*,*,#1256,.F.);
#1256 = EDGE_CURVE('',#1257,#1249,#1259,.T.);
#1257 = VERTEX_POINT('',#1258);
#1258 = CARTESIAN_POINT('',(64.738679924653,-92.91904267817,-4.));
#1259 = CIRCLE('',#1260,0.6);
#1260 = AXIS2_PLACEMENT_3D('',#1261,#1262,#1263);
#1261 = CARTESIAN_POINT('',(65.230171151226,-92.57489681636,-4.));
#1262 = DIRECTION('',(0.,0.,1.));
#1263 = DIRECTION('',(-0.573576436351,0.819152044289,0.));
#1264 = ORIENTED_EDGE('',*,*,#1265,.F.);
#1265 = EDGE_CURVE('',#1266,#1257,#1268,.T.);
#1266 = VERTEX_POINT('',#1267);
#1267 = CARTESIAN_POINT('',(63.13266590287,-90.62541695416,-4.));
#1268 = LINE('',#1269,#1270);
#1269 = CARTESIAN_POINT('',(62.788520041059,-90.13392572758,-4.));
#1270 = VECTOR('',#1271,1.);
#1271 = DIRECTION('',(0.573576436351,-0.819152044289,0.));
#1272 = ORIENTED_EDGE('',*,*,#1273,.T.);
#1273 = EDGE_CURVE('',#1266,#1274,#1276,.T.);
#1274 = VERTEX_POINT('',#1275);
#1275 = CARTESIAN_POINT('',(63.280011267633,-89.78977986577,-4.));
#1276 = CIRCLE('',#1277,0.6);
#1277 = AXIS2_PLACEMENT_3D('',#1278,#1279,#1280);
#1278 = CARTESIAN_POINT('',(63.624157129443,-90.28127109235,-4.));
#1279 = DIRECTION('',(0.,0.,-1.));
#1280 = DIRECTION('',(-0.573576436351,0.819152044289,0.));
#1281 = ORIENTED_EDGE('',*,*,#1282,.F.);
#1282 = EDGE_CURVE('',#1283,#1274,#1285,.T.);
#1283 = VERTEX_POINT('',#1284);
#1284 = CARTESIAN_POINT('',(68.031093124509,-86.46303653494,-4.));
#1285 = LINE('',#1286,#1287);
#1286 = CARTESIAN_POINT('',(68.522584351082,-86.11889067313,-4.));
#1287 = VECTOR('',#1288,1.);
#1288 = DIRECTION('',(-0.819152044289,-0.573576436351,0.));
#1289 = ORIENTED_EDGE('',*,*,#1290,.F.);
#1290 = EDGE_CURVE('',#1291,#1283,#1293,.T.);
#1291 = VERTEX_POINT('',#1292);
#1292 = CARTESIAN_POINT('',(68.866730212893,-86.6103818997,-4.));
#1293 = CIRCLE('',#1294,0.6);
#1294 = AXIS2_PLACEMENT_3D('',#1295,#1296,#1297);
#1295 = CARTESIAN_POINT('',(68.375238986319,-86.95452776151,-4.));
#1296 = DIRECTION('',(0.,0.,1.));
#1297 = DIRECTION('',(-0.573576436351,0.819152044289,0.));
#1298 = ORIENTED_EDGE('',*,*,#1299,.F.);
#1299 = EDGE_CURVE('',#1300,#1291,#1302,.T.);
#1300 = VERTEX_POINT('',#1301);
#1301 = CARTESIAN_POINT('',(63.360396423923,-78.74652227453,-4.));
#1302 = LINE('',#1303,#1304);
#1303 = CARTESIAN_POINT('',(63.360396423923,-78.74652227453,-4.));
#1304 = VECTOR('',#1305,1.);
#1305 = DIRECTION('',(0.573576436351,-0.819152044289,0.));
#1306 = ORIENTED_EDGE('',*,*,#1307,.T.);
#1307 = EDGE_CURVE('',#1300,#1308,#1310,.T.);
#1308 = VERTEX_POINT('',#1309);
#1309 = CARTESIAN_POINT('',(63.,-78.9988745673,-4.));
#1310 = LINE('',#1311,#1312);
#1311 = CARTESIAN_POINT('',(63.360396423923,-78.74652227453,-4.));
#1312 = VECTOR('',#1313,1.);
#1313 = DIRECTION('',(-0.819152044289,-0.573576436351,0.));
#1314 = ORIENTED_EDGE('',*,*,#1315,.T.);
#1315 = EDGE_CURVE('',#1308,#1206,#1316,.T.);
#1316 = LINE('',#1317,#1318);
#1317 = CARTESIAN_POINT('',(63.,-95.,-4.));
#1318 = VECTOR('',#1319,1.);
#1319 = DIRECTION('',(0.,1.,0.));
#1320 = FACE_BOUND('',#1321,.T.);
#1321 = EDGE_LOOP('',(#1322));
#1322 = ORIENTED_EDGE('',*,*,#1323,.F.);
#1323 = EDGE_CURVE('',#1324,#1324,#1326,.T.);
#1324 = VERTEX_POINT('',#1325);
#1325 = CARTESIAN_POINT('',(71.207375468704,-94.27004853252,-4.));
#1326 = CIRCLE('',#1327,1.25);
#1327 = AXIS2_PLACEMENT_3D('',#1328,#1329,#1330);
#1328 = CARTESIAN_POINT('',(69.957375468704,-94.27004853252,-4.));
#1329 = DIRECTION('',(0.,0.,1.));
#1330 = DIRECTION('',(1.,0.,0.));
#1331 = FACE_BOUND('',#1332,.T.);
#1332 = EDGE_LOOP('',(#1333));
#1333 = ORIENTED_EDGE('',*,*,#1334,.F.);
#1334 = EDGE_CURVE('',#1335,#1335,#1337,.T.);
#1335 = VERTEX_POINT('',#1336);
#1336 = CARTESIAN_POINT('',(64.898034668842,-85.25937604534,-4.));
#1337 = CIRCLE('',#1338,1.25);
#1338 = AXIS2_PLACEMENT_3D('',#1339,#1340,#1341);
#1339 = CARTESIAN_POINT('',(63.648034668842,-85.25937604534,-4.));
#1340 = DIRECTION('',(0.,0.,1.));
#1341 = DIRECTION('',(1.,0.,0.));
#1342 = PLANE('',#1343);
#1343 = AXIS2_PLACEMENT_3D('',#1344,#1345,#1346);
#1344 = CARTESIAN_POINT('',(41.640657750138,-87.90011989179,-4.));
#1345 = DIRECTION('',(0.,0.,1.));
#1346 = DIRECTION('',(1.,0.,0.));
#1347 = ADVANCED_FACE('',(#1348),#1358,.F.);
#1348 = FACE_BOUND('',#1349,.F.);
#1349 = EDGE_LOOP('',(#1350,#1351,#1352));
#1350 = ORIENTED_EDGE('',*,*,#330,.F.);
#1351 = ORIENTED_EDGE('',*,*,#1190,.F.);
#1352 = ORIENTED_EDGE('',*,*,#1353,.T.);
#1353 = EDGE_CURVE('',#1183,#323,#1354,.T.);
#1354 = LINE('',#1355,#1356);
#1355 = CARTESIAN_POINT('',(-9.,153.,6.));
#1356 = VECTOR('',#1357,1.);
#1357 = DIRECTION('',(1.,0.,0.));
#1358 = PLANE('',#1359);
#1359 = AXIS2_PLACEMENT_3D('',#1360,#1361,#1362);
#1360 = CARTESIAN_POINT('',(-9.,153.,-6.));
#1361 = DIRECTION('',(0.,1.,0.));
#1362 = DIRECTION('',(0.,0.,1.));
#1363 = ADVANCED_FACE('',(#1364),#1398,.T.);
#1364 = FACE_BOUND('',#1365,.T.);
#1365 = EDGE_LOOP('',(#1366,#1374,#1382,#1388,#1389,#1396,#1397));
#1366 = ORIENTED_EDGE('',*,*,#1367,.F.);
#1367 = EDGE_CURVE('',#1368,#1206,#1370,.T.);
#1368 = VERTEX_POINT('',#1369);
#1369 = CARTESIAN_POINT('',(63.,-77.,-10.));
#1370 = LINE('',#1371,#1372);
#1371 = CARTESIAN_POINT('',(63.,-77.,-10.));
#1372 = VECTOR('',#1373,1.);
#1373 = DIRECTION('',(0.,0.,1.));
#1374 = ORIENTED_EDGE('',*,*,#1375,.F.);
#1375 = EDGE_CURVE('',#1376,#1368,#1378,.T.);
#1376 = VERTEX_POINT('',#1377);
#1377 = CARTESIAN_POINT('',(-1.,-77.,-10.));
#1378 = LINE('',#1379,#1380);
#1379 = CARTESIAN_POINT('',(-1.,-77.,-10.));
#1380 = VECTOR('',#1381,1.);
#1381 = DIRECTION('',(1.,0.,0.));
#1382 = ORIENTED_EDGE('',*,*,#1383,.T.);
#1383 = EDGE_CURVE('',#1376,#1018,#1384,.T.);
#1384 = LINE('',#1385,#1386);
#1385 = CARTESIAN_POINT('',(-1.,-77.,-10.));
#1386 = VECTOR('',#1387,1.);
#1387 = DIRECTION('',(0.,0.,1.));
#1388 = ORIENTED_EDGE('',*,*,#1017,.F.);
#1389 = ORIENTED_EDGE('',*,*,#1390,.F.);
#1390 = EDGE_CURVE('',#209,#1010,#1391,.T.);
#1391 = CIRCLE('',#1392,1.);
#1392 = AXIS2_PLACEMENT_3D('',#1393,#1394,#1395);
#1393 = CARTESIAN_POINT('',(8.,-77.,-5.));
#1394 = DIRECTION('',(-0.,1.,0.));
#1395 = DIRECTION('',(1.,0.,0.));
#1396 = ORIENTED_EDGE('',*,*,#208,.T.);
#1397 = ORIENTED_EDGE('',*,*,#1205,.T.);
#1398 = PLANE('',#1399);
#1399 = AXIS2_PLACEMENT_3D('',#1400,#1401,#1402);
#1400 = CARTESIAN_POINT('',(-1.,-77.,-10.));
#1401 = DIRECTION('',(0.,1.,0.));
#1402 = DIRECTION('',(0.,0.,1.));
#1403 = ADVANCED_FACE('',(#1404),#1441,.T.);
#1404 = FACE_BOUND('',#1405,.T.);
#1405 = EDGE_LOOP('',(#1406,#1414,#1415,#1416,#1417,#1418,#1419,#1427,
    #1435));
#1406 = ORIENTED_EDGE('',*,*,#1407,.F.);
#1407 = EDGE_CURVE('',#768,#1408,#1410,.T.);
#1408 = VERTEX_POINT('',#1409);
#1409 = CARTESIAN_POINT('',(-8.,153.,6.));
#1410 = LINE('',#1411,#1412);
#1411 = CARTESIAN_POINT('',(-8.,-155.,6.));
#1412 = VECTOR('',#1413,1.);
#1413 = DIRECTION('',(0.,1.,0.));
#1414 = ORIENTED_EDGE('',*,*,#767,.T.);
#1415 = ORIENTED_EDGE('',*,*,#422,.F.);
#1416 = ORIENTED_EDGE('',*,*,#1182,.T.);
#1417 = ORIENTED_EDGE('',*,*,#1353,.T.);
#1418 = ORIENTED_EDGE('',*,*,#322,.T.);
#1419 = ORIENTED_EDGE('',*,*,#1420,.F.);
#1420 = EDGE_CURVE('',#1421,#314,#1423,.T.);
#1421 = VERTEX_POINT('',#1422);
#1422 = CARTESIAN_POINT('',(-9.,164.,6.));
#1423 = LINE('',#1424,#1425);
#1424 = CARTESIAN_POINT('',(-11.,164.,6.));
#1425 = VECTOR('',#1426,1.);
#1426 = DIRECTION('',(1.,0.,0.));
#1427 = ORIENTED_EDGE('',*,*,#1428,.F.);
#1428 = EDGE_CURVE('',#1429,#1421,#1431,.T.);
#1429 = VERTEX_POINT('',#1430);
#1430 = CARTESIAN_POINT('',(-9.,153.,6.));
#1431 = LINE('',#1432,#1433);
#1432 = CARTESIAN_POINT('',(-9.,153.,6.));
#1433 = VECTOR('',#1434,1.);
#1434 = DIRECTION('',(0.,1.,0.));
#1435 = ORIENTED_EDGE('',*,*,#1436,.T.);
#1436 = EDGE_CURVE('',#1429,#1408,#1437,.T.);
#1437 = LINE('',#1438,#1439);
#1438 = CARTESIAN_POINT('',(-9.,153.,6.));
#1439 = VECTOR('',#1440,1.);
#1440 = DIRECTION('',(1.,0.,0.));
#1441 = PLANE('',#1442);
#1442 = AXIS2_PLACEMENT_3D('',#1443,#1444,#1445);
#1443 = CARTESIAN_POINT('',(1.375863525195E-02,118.52120749121,6.));
#1444 = DIRECTION('',(0.,0.,1.));
#1445 = DIRECTION('',(1.,0.,0.));
#1446 = ADVANCED_FACE('',(#1447),#1471,.T.);
#1447 = FACE_BOUND('',#1448,.T.);
#1448 = EDGE_LOOP('',(#1449,#1450,#1451,#1452));
#1449 = ORIENTED_EDGE('',*,*,#216,.F.);
#1450 = ORIENTED_EDGE('',*,*,#1390,.T.);
#1451 = ORIENTED_EDGE('',*,*,#1009,.T.);
#1452 = ORIENTED_EDGE('',*,*,#1453,.F.);
#1453 = EDGE_CURVE('',#217,#1001,#1454,.T.);
#1454 = B_SPLINE_CURVE_WITH_KNOTS('',8,(#1455,#1456,#1457,#1458,#1459,
    #1460,#1461,#1462,#1463,#1464,#1465,#1466,#1467,#1468,#1469,#1470),
  .UNSPECIFIED.,.F.,.F.,(9,7,9),(0.,0.678527911889,1.),.UNSPECIFIED.);
#1455 = CARTESIAN_POINT('',(9.,-70.,-5.));
#1456 = CARTESIAN_POINT('',(8.999999935437,-70.12781490586,
    -5.127814915426));
#1457 = CARTESIAN_POINT('',(8.981329899773,-70.25557393194,
    -5.255573868038));
#1458 = CARTESIAN_POINT('',(8.944016124397,-70.38292609846,
    -5.38053998044));
#1459 = CARTESIAN_POINT('',(8.888380927242,-70.50942532687,
    -5.499887921236));
#1460 = CARTESIAN_POINT('',(8.815133184702,-70.63455347841,
    -5.610717337799));
#1461 = CARTESIAN_POINT('',(8.725502127165,-70.75769742677,
    -5.710079499168));
#1462 = CARTESIAN_POINT('',(8.6212439458,-70.87821100631,-5.795187919558
    ));
#1463 = CARTESIAN_POINT('',(8.449263393657,-71.05097951087,
    -5.895691310322));
#1464 = CARTESIAN_POINT('',(8.391200567275,-71.10576691878,
    -5.924194856767));
#1465 = CARTESIAN_POINT('',(8.330603505234,-71.15972626559,
    -5.948609533899));
#1466 = CARTESIAN_POINT('',(8.267743024193,-71.21277802486,
    -5.968659992721));
#1467 = CARTESIAN_POINT('',(8.202915017511,-71.26484061269,
    -5.984079687205));
#1468 = CARTESIAN_POINT('',(8.136440826577,-71.31582976911,
    -5.994610325323));
#1469 = CARTESIAN_POINT('',(8.068672079905,-71.36565506899,-6.));
#1470 = CARTESIAN_POINT('',(8.,-71.41421356237,-6.));
#1471 = CYLINDRICAL_SURFACE('',#1472,1.);
#1472 = AXIS2_PLACEMENT_3D('',#1473,#1474,#1475);
#1473 = CARTESIAN_POINT('',(8.,-155.,-5.));
#1474 = DIRECTION('',(0.,1.,0.));
#1475 = DIRECTION('',(1.,0.,0.));
#1476 = ADVANCED_FACE('',(#1477),#1513,.T.);
#1477 = FACE_BOUND('',#1478,.T.);
#1478 = EDGE_LOOP('',(#1479,#1487,#1488,#1496,#1503,#1504,#1505,#1506));
#1479 = ORIENTED_EDGE('',*,*,#1480,.T.);
#1480 = EDGE_CURVE('',#1481,#305,#1483,.T.);
#1481 = VERTEX_POINT('',#1482);
#1482 = CARTESIAN_POINT('',(-11.,172.,10.));
#1483 = LINE('',#1484,#1485);
#1484 = CARTESIAN_POINT('',(-11.,172.,10.));
#1485 = VECTOR('',#1486,1.);
#1486 = DIRECTION('',(1.,0.,0.));
#1487 = ORIENTED_EDGE('',*,*,#304,.F.);
#1488 = ORIENTED_EDGE('',*,*,#1489,.F.);
#1489 = EDGE_CURVE('',#1490,#297,#1492,.T.);
#1490 = VERTEX_POINT('',#1491);
#1491 = CARTESIAN_POINT('',(-9.,164.,-6.));
#1492 = LINE('',#1493,#1494);
#1493 = CARTESIAN_POINT('',(-11.,164.,-6.));
#1494 = VECTOR('',#1495,1.);
#1495 = DIRECTION('',(1.,0.,0.));
#1496 = ORIENTED_EDGE('',*,*,#1497,.F.);
#1497 = EDGE_CURVE('',#1421,#1490,#1498,.T.);
#1498 = CIRCLE('',#1499,10.);
#1499 = AXIS2_PLACEMENT_3D('',#1500,#1501,#1502);
#1500 = CARTESIAN_POINT('',(-9.,172.,0.));
#1501 = DIRECTION('',(1.,0.,-0.));
#1502 = DIRECTION('',(0.,0.,1.));
#1503 = ORIENTED_EDGE('',*,*,#1420,.T.);
#1504 = ORIENTED_EDGE('',*,*,#313,.F.);
#1505 = ORIENTED_EDGE('',*,*,#1480,.F.);
#1506 = ORIENTED_EDGE('',*,*,#1507,.T.);
#1507 = EDGE_CURVE('',#1481,#1481,#1508,.T.);
#1508 = CIRCLE('',#1509,10.);
#1509 = AXIS2_PLACEMENT_3D('',#1510,#1511,#1512);
#1510 = CARTESIAN_POINT('',(-11.,172.,0.));
#1511 = DIRECTION('',(1.,0.,-0.));
#1512 = DIRECTION('',(0.,0.,1.));
#1513 = CYLINDRICAL_SURFACE('',#1514,10.);
#1514 = AXIS2_PLACEMENT_3D('',#1515,#1516,#1517);
#1515 = CARTESIAN_POINT('',(-11.,172.,0.));
#1516 = DIRECTION('',(1.,0.,0.));
#1517 = DIRECTION('',(0.,0.,1.));
#1518 = ADVANCED_FACE('',(#1519),#1546,.T.);
#1519 = FACE_BOUND('',#1520,.T.);
#1520 = EDGE_LOOP('',(#1521,#1530,#1538,#1545));
#1521 = ORIENTED_EDGE('',*,*,#1522,.F.);
#1522 = EDGE_CURVE('',#1523,#217,#1525,.T.);
#1523 = VERTEX_POINT('',#1524);
#1524 = CARTESIAN_POINT('',(7.,-70.,-7.));
#1525 = CIRCLE('',#1526,2.);
#1526 = AXIS2_PLACEMENT_3D('',#1527,#1528,#1529);
#1527 = CARTESIAN_POINT('',(7.,-70.,-5.));
#1528 = DIRECTION('',(0.,-1.,0.));
#1529 = DIRECTION('',(1.,0.,0.));
#1530 = ORIENTED_EDGE('',*,*,#1531,.T.);
#1531 = EDGE_CURVE('',#1523,#1532,#1534,.T.);
#1532 = VERTEX_POINT('',#1533);
#1533 = CARTESIAN_POINT('',(7.,-56.,-7.));
#1534 = LINE('',#1535,#1536);
#1535 = CARTESIAN_POINT('',(7.,-72.,-7.));
#1536 = VECTOR('',#1537,1.);
#1537 = DIRECTION('',(0.,1.,0.));
#1538 = ORIENTED_EDGE('',*,*,#1539,.T.);
#1539 = EDGE_CURVE('',#1532,#225,#1540,.T.);
#1540 = CIRCLE('',#1541,2.);
#1541 = AXIS2_PLACEMENT_3D('',#1542,#1543,#1544);
#1542 = CARTESIAN_POINT('',(7.,-56.,-5.));
#1543 = DIRECTION('',(0.,-1.,0.));
#1544 = DIRECTION('',(1.,0.,0.));
#1545 = ORIENTED_EDGE('',*,*,#224,.F.);
#1546 = CYLINDRICAL_SURFACE('',#1547,2.);
#1547 = AXIS2_PLACEMENT_3D('',#1548,#1549,#1550);
#1548 = CARTESIAN_POINT('',(7.,-72.,-5.));
#1549 = DIRECTION('',(0.,1.,0.));
#1550 = DIRECTION('',(1.,0.,0.));
#1551 = ADVANCED_FACE('',(#1552),#1603,.T.);
#1552 = FACE_BOUND('',#1553,.T.);
#1553 = EDGE_LOOP('',(#1554,#1555,#1576,#1584));
#1554 = ORIENTED_EDGE('',*,*,#232,.F.);
#1555 = ORIENTED_EDGE('',*,*,#1556,.T.);
#1556 = EDGE_CURVE('',#225,#1557,#1559,.T.);
#1557 = VERTEX_POINT('',#1558);
#1558 = CARTESIAN_POINT('',(8.,-54.58578643762,-6.));
#1559 = B_SPLINE_CURVE_WITH_KNOTS('',8,(#1560,#1561,#1562,#1563,#1564,
    #1565,#1566,#1567,#1568,#1569,#1570,#1571,#1572,#1573,#1574,#1575),
  .UNSPECIFIED.,.F.,.F.,(9,7,9),(0.,0.678527911888,1.),.UNSPECIFIED.);
#1560 = CARTESIAN_POINT('',(9.,-56.,-5.));
#1561 = CARTESIAN_POINT('',(8.999999935437,-55.87218509413,
    -5.127814915421));
#1562 = CARTESIAN_POINT('',(8.981329899773,-55.74442606807,
    -5.255573868056));
#1563 = CARTESIAN_POINT('',(8.944016124396,-55.6170739015,
    -5.380539980412));
#1564 = CARTESIAN_POINT('',(8.888380927242,-55.49057467316,
    -5.499887921261));
#1565 = CARTESIAN_POINT('',(8.815133184701,-55.36544652156,
    -5.610717337786));
#1566 = CARTESIAN_POINT('',(8.725502127166,-55.24230257322,
    -5.710079499171));
#1567 = CARTESIAN_POINT('',(8.6212439458,-55.12178899368,-5.795187919558
    ));
#1568 = CARTESIAN_POINT('',(8.449263393657,-54.94902048913,
    -5.895691310322));
#1569 = CARTESIAN_POINT('',(8.391200567275,-54.89423308122,
    -5.924194856767));
#1570 = CARTESIAN_POINT('',(8.330603505234,-54.8402737344,
    -5.948609533899));
#1571 = CARTESIAN_POINT('',(8.267743024193,-54.78722197513,
    -5.968659992721));
#1572 = CARTESIAN_POINT('',(8.202915017511,-54.73515938731,
    -5.984079687205));
#1573 = CARTESIAN_POINT('',(8.136440826577,-54.68417023089,
    -5.994610325323));
#1574 = CARTESIAN_POINT('',(8.068672079905,-54.634344931,-6.));
#1575 = CARTESIAN_POINT('',(8.,-54.58578643762,-6.));
#1576 = ORIENTED_EDGE('',*,*,#1577,.T.);
#1577 = EDGE_CURVE('',#1557,#1578,#1580,.T.);
#1578 = VERTEX_POINT('',#1579);
#1579 = CARTESIAN_POINT('',(8.,54.585786437627,-6.));
#1580 = LINE('',#1581,#1582);
#1581 = CARTESIAN_POINT('',(8.,-155.,-6.));
#1582 = VECTOR('',#1583,1.);
#1583 = DIRECTION('',(0.,1.,0.));
#1584 = ORIENTED_EDGE('',*,*,#1585,.F.);
#1585 = EDGE_CURVE('',#233,#1578,#1586,.T.);
#1586 = B_SPLINE_CURVE_WITH_KNOTS('',8,(#1587,#1588,#1589,#1590,#1591,
    #1592,#1593,#1594,#1595,#1596,#1597,#1598,#1599,#1600,#1601,#1602),
  .UNSPECIFIED.,.F.,.F.,(9,7,9),(0.,0.678527911889,1.),.UNSPECIFIED.);
#1587 = CARTESIAN_POINT('',(9.,56.,-5.));
#1588 = CARTESIAN_POINT('',(8.999999935436,55.872185094156,
    -5.127814915446));
#1589 = CARTESIAN_POINT('',(8.981329899776,55.744426067998,
    -5.255573867982));
#1590 = CARTESIAN_POINT('',(8.944016124392,55.617073901617,
    -5.38053998052));
#1591 = CARTESIAN_POINT('',(8.888380927246,55.490574673058,
    -5.499887921166));
#1592 = CARTESIAN_POINT('',(8.815133184701,55.36544652162,
    -5.610717337834));
#1593 = CARTESIAN_POINT('',(8.725502127165,55.242302573214,
    -5.71007949916));
#1594 = CARTESIAN_POINT('',(8.621243945801,55.121788993684,
    -5.795187919558));
#1595 = CARTESIAN_POINT('',(8.449263393657,54.94902048913,
    -5.895691310322));
#1596 = CARTESIAN_POINT('',(8.391200567275,54.89423308122,
    -5.924194856767));
#1597 = CARTESIAN_POINT('',(8.330603505234,54.840273734403,
    -5.948609533899));
#1598 = CARTESIAN_POINT('',(8.267743024193,54.787221975133,
    -5.968659992721));
#1599 = CARTESIAN_POINT('',(8.202915017511,54.73515938731,
    -5.984079687205));
#1600 = CARTESIAN_POINT('',(8.136440826577,54.68417023089,
    -5.994610325323));
#1601 = CARTESIAN_POINT('',(8.068672079905,54.634344931006,-6.));
#1602 = CARTESIAN_POINT('',(8.,54.585786437627,-6.));
#1603 = CYLINDRICAL_SURFACE('',#1604,1.);
#1604 = AXIS2_PLACEMENT_3D('',#1605,#1606,#1607);
#1605 = CARTESIAN_POINT('',(8.,-155.,-5.));
#1606 = DIRECTION('',(0.,1.,0.));
#1607 = DIRECTION('',(1.,0.,0.));
#1608 = ADVANCED_FACE('',(#1609),#1700,.T.);
#1609 = FACE_BOUND('',#1610,.T.);
#1610 = EDGE_LOOP('',(#1611,#1621,#1629,#1635,#1636,#1637,#1645,#1653,
    #1661,#1669,#1677,#1685,#1694));
#1611 = ORIENTED_EDGE('',*,*,#1612,.T.);
#1612 = EDGE_CURVE('',#1613,#1615,#1617,.T.);
#1613 = VERTEX_POINT('',#1614);
#1614 = CARTESIAN_POINT('',(-8.,71.732050807569,-6.));
#1615 = VERTEX_POINT('',#1616);
#1616 = CARTESIAN_POINT('',(-8.,153.,-6.));
#1617 = LINE('',#1618,#1619);
#1618 = CARTESIAN_POINT('',(-8.,-155.,-6.));
#1619 = VECTOR('',#1620,1.);
#1620 = DIRECTION('',(0.,1.,0.));
#1621 = ORIENTED_EDGE('',*,*,#1622,.F.);
#1622 = EDGE_CURVE('',#1623,#1615,#1625,.T.);
#1623 = VERTEX_POINT('',#1624);
#1624 = CARTESIAN_POINT('',(-9.,153.,-6.));
#1625 = LINE('',#1626,#1627);
#1626 = CARTESIAN_POINT('',(-9.,153.,-6.));
#1627 = VECTOR('',#1628,1.);
#1628 = DIRECTION('',(1.,0.,0.));
#1629 = ORIENTED_EDGE('',*,*,#1630,.T.);
#1630 = EDGE_CURVE('',#1623,#1490,#1631,.T.);
#1631 = LINE('',#1632,#1633);
#1632 = CARTESIAN_POINT('',(-9.,153.,-6.));
#1633 = VECTOR('',#1634,1.);
#1634 = DIRECTION('',(0.,1.,0.));
#1635 = ORIENTED_EDGE('',*,*,#1489,.T.);
#1636 = ORIENTED_EDGE('',*,*,#296,.F.);
#1637 = ORIENTED_EDGE('',*,*,#1638,.F.);
#1638 = EDGE_CURVE('',#1639,#289,#1641,.T.);
#1639 = VERTEX_POINT('',#1640);
#1640 = CARTESIAN_POINT('',(8.,153.,-6.));
#1641 = LINE('',#1642,#1643);
#1642 = CARTESIAN_POINT('',(-9.,153.,-6.));
#1643 = VECTOR('',#1644,1.);
#1644 = DIRECTION('',(1.,0.,0.));
#1645 = ORIENTED_EDGE('',*,*,#1646,.F.);
#1646 = EDGE_CURVE('',#1647,#1639,#1649,.T.);
#1647 = VERTEX_POINT('',#1648);
#1648 = CARTESIAN_POINT('',(8.,95.,-6.));
#1649 = LINE('',#1650,#1651);
#1650 = CARTESIAN_POINT('',(8.,-155.,-6.));
#1651 = VECTOR('',#1652,1.);
#1652 = DIRECTION('',(0.,1.,0.));
#1653 = ORIENTED_EDGE('',*,*,#1654,.T.);
#1654 = EDGE_CURVE('',#1647,#1655,#1657,.T.);
#1655 = VERTEX_POINT('',#1656);
#1656 = CARTESIAN_POINT('',(-1.,95.,-6.));
#1657 = LINE('',#1658,#1659);
#1658 = CARTESIAN_POINT('',(-5.,95.,-6.));
#1659 = VECTOR('',#1660,1.);
#1660 = DIRECTION('',(-1.,0.,0.));
#1661 = ORIENTED_EDGE('',*,*,#1662,.F.);
#1662 = EDGE_CURVE('',#1663,#1655,#1665,.T.);
#1663 = VERTEX_POINT('',#1664);
#1664 = CARTESIAN_POINT('',(-1.,77.,-6.));
#1665 = LINE('',#1666,#1667);
#1666 = CARTESIAN_POINT('',(-1.,-39.,-6.));
#1667 = VECTOR('',#1668,1.);
#1668 = DIRECTION('',(0.,1.,0.));
#1669 = ORIENTED_EDGE('',*,*,#1670,.F.);
#1670 = EDGE_CURVE('',#1671,#1663,#1673,.T.);
#1671 = VERTEX_POINT('',#1672);
#1672 = CARTESIAN_POINT('',(8.,77.,-6.));
#1673 = LINE('',#1674,#1675);
#1674 = CARTESIAN_POINT('',(-5.,77.,-6.));
#1675 = VECTOR('',#1676,1.);
#1676 = DIRECTION('',(-1.,0.,0.));
#1677 = ORIENTED_EDGE('',*,*,#1678,.F.);
#1678 = EDGE_CURVE('',#1679,#1671,#1681,.T.);
#1679 = VERTEX_POINT('',#1680);
#1680 = CARTESIAN_POINT('',(8.,71.414213562373,-6.));
#1681 = LINE('',#1682,#1683);
#1682 = CARTESIAN_POINT('',(8.,-155.,-6.));
#1683 = VECTOR('',#1684,1.);
#1684 = DIRECTION('',(0.,1.,0.));
#1685 = ORIENTED_EDGE('',*,*,#1686,.T.);
#1686 = EDGE_CURVE('',#1679,#1687,#1689,.T.);
#1687 = VERTEX_POINT('',#1688);
#1688 = CARTESIAN_POINT('',(7.,71.732050807569,-6.));
#1689 = CIRCLE('',#1690,1.732050807569);
#1690 = AXIS2_PLACEMENT_3D('',#1691,#1692,#1693);
#1691 = CARTESIAN_POINT('',(7.,70.,-6.));
#1692 = DIRECTION('',(0.,0.,1.));
#1693 = DIRECTION('',(1.,0.,0.));
#1694 = ORIENTED_EDGE('',*,*,#1695,.F.);
#1695 = EDGE_CURVE('',#1613,#1687,#1696,.T.);
#1696 = LINE('',#1697,#1698);
#1697 = CARTESIAN_POINT('',(-52.,71.732050807569,-6.));
#1698 = VECTOR('',#1699,1.);
#1699 = DIRECTION('',(1.,0.,0.));
#1700 = PLANE('',#1701);
#1701 = AXIS2_PLACEMENT_3D('',#1702,#1703,#1704);
#1702 = CARTESIAN_POINT('',(-0.401646203133,116.07106996514,-6.));
#1703 = DIRECTION('',(-0.,-0.,-1.));
#1704 = DIRECTION('',(-1.,0.,0.));
#1705 = ADVANCED_FACE('',(#1706),#1733,.T.);
#1706 = FACE_BOUND('',#1707,.T.);
#1707 = EDGE_LOOP('',(#1708,#1717,#1725,#1732));
#1708 = ORIENTED_EDGE('',*,*,#1709,.F.);
#1709 = EDGE_CURVE('',#1710,#233,#1712,.T.);
#1710 = VERTEX_POINT('',#1711);
#1711 = CARTESIAN_POINT('',(7.,56.,-7.));
#1712 = CIRCLE('',#1713,2.);
#1713 = AXIS2_PLACEMENT_3D('',#1714,#1715,#1716);
#1714 = CARTESIAN_POINT('',(7.,56.,-5.));
#1715 = DIRECTION('',(0.,-1.,0.));
#1716 = DIRECTION('',(1.,0.,0.));
#1717 = ORIENTED_EDGE('',*,*,#1718,.T.);
#1718 = EDGE_CURVE('',#1710,#1719,#1721,.T.);
#1719 = VERTEX_POINT('',#1720);
#1720 = CARTESIAN_POINT('',(7.,70.,-7.));
#1721 = LINE('',#1722,#1723);
#1722 = CARTESIAN_POINT('',(7.,54.,-7.));
#1723 = VECTOR('',#1724,1.);
#1724 = DIRECTION('',(0.,1.,0.));
#1725 = ORIENTED_EDGE('',*,*,#1726,.T.);
#1726 = EDGE_CURVE('',#1719,#241,#1727,.T.);
#1727 = CIRCLE('',#1728,2.);
#1728 = AXIS2_PLACEMENT_3D('',#1729,#1730,#1731);
#1729 = CARTESIAN_POINT('',(7.,70.,-5.));
#1730 = DIRECTION('',(0.,-1.,0.));
#1731 = DIRECTION('',(1.,0.,0.));
#1732 = ORIENTED_EDGE('',*,*,#240,.F.);
#1733 = CYLINDRICAL_SURFACE('',#1734,2.);
#1734 = AXIS2_PLACEMENT_3D('',#1735,#1736,#1737);
#1735 = CARTESIAN_POINT('',(7.,54.,-5.));
#1736 = DIRECTION('',(0.,1.,0.));
#1737 = DIRECTION('',(1.,0.,0.));
#1738 = ADVANCED_FACE('',(#1739),#1750,.F.);
#1739 = FACE_BOUND('',#1740,.F.);
#1740 = EDGE_LOOP('',(#1741,#1742,#1749));
#1741 = ORIENTED_EDGE('',*,*,#1638,.F.);
#1742 = ORIENTED_EDGE('',*,*,#1743,.F.);
#1743 = EDGE_CURVE('',#281,#1639,#1744,.T.);
#1744 = CIRCLE('',#1745,1.);
#1745 = AXIS2_PLACEMENT_3D('',#1746,#1747,#1748);
#1746 = CARTESIAN_POINT('',(8.,153.,-5.));
#1747 = DIRECTION('',(-0.,1.,0.));
#1748 = DIRECTION('',(1.,0.,0.));
#1749 = ORIENTED_EDGE('',*,*,#288,.F.);
#1750 = PLANE('',#1751);
#1751 = AXIS2_PLACEMENT_3D('',#1752,#1753,#1754);
#1752 = CARTESIAN_POINT('',(-9.,153.,-6.));
#1753 = DIRECTION('',(0.,1.,0.));
#1754 = DIRECTION('',(0.,0.,1.));
#1755 = ADVANCED_FACE('',(#1756),#1786,.T.);
#1756 = FACE_BOUND('',#1757,.T.);
#1757 = EDGE_LOOP('',(#1758,#1759,#1778,#1779));
#1758 = ORIENTED_EDGE('',*,*,#248,.F.);
#1759 = ORIENTED_EDGE('',*,*,#1760,.T.);
#1760 = EDGE_CURVE('',#241,#1679,#1761,.T.);
#1761 = B_SPLINE_CURVE_WITH_KNOTS('',8,(#1762,#1763,#1764,#1765,#1766,
    #1767,#1768,#1769,#1770,#1771,#1772,#1773,#1774,#1775,#1776,#1777),
  .UNSPECIFIED.,.F.,.F.,(9,7,9),(0.,0.678527911889,1.),.UNSPECIFIED.);
#1762 = CARTESIAN_POINT('',(9.,70.,-5.));
#1763 = CARTESIAN_POINT('',(8.999999935436,70.127814905844,
    -5.127814915446));
#1764 = CARTESIAN_POINT('',(8.981329899775,70.255573932003,
    -5.255573867982));
#1765 = CARTESIAN_POINT('',(8.944016124395,70.382926098381,
    -5.380539980521));
#1766 = CARTESIAN_POINT('',(8.888380927243,70.509425326944,
    -5.499887921165));
#1767 = CARTESIAN_POINT('',(8.815133184703,70.634553478379,
    -5.610717337835));
#1768 = CARTESIAN_POINT('',(8.725502127164,70.757697426786,
    -5.71007949916));
#1769 = CARTESIAN_POINT('',(8.621243945801,70.878211006316,
    -5.795187919558));
#1770 = CARTESIAN_POINT('',(8.449263393657,71.05097951087,
    -5.895691310323));
#1771 = CARTESIAN_POINT('',(8.391200567275,71.10576691878,
    -5.924194856767));
#1772 = CARTESIAN_POINT('',(8.330603505234,71.159726265597,
    -5.948609533899));
#1773 = CARTESIAN_POINT('',(8.267743024193,71.212778024867,
    -5.968659992721));
#1774 = CARTESIAN_POINT('',(8.202915017511,71.264840612689,
    -5.984079687205));
#1775 = CARTESIAN_POINT('',(8.136440826577,71.31582976911,
    -5.994610325323));
#1776 = CARTESIAN_POINT('',(8.068672079905,71.365655068994,-6.));
#1777 = CARTESIAN_POINT('',(8.,71.414213562373,-6.));
#1778 = ORIENTED_EDGE('',*,*,#1678,.T.);
#1779 = ORIENTED_EDGE('',*,*,#1780,.F.);
#1780 = EDGE_CURVE('',#249,#1671,#1781,.T.);
#1781 = CIRCLE('',#1782,1.);
#1782 = AXIS2_PLACEMENT_3D('',#1783,#1784,#1785);
#1783 = CARTESIAN_POINT('',(8.,77.,-5.));
#1784 = DIRECTION('',(-0.,1.,0.));
#1785 = DIRECTION('',(1.,0.,0.));
#1786 = CYLINDRICAL_SURFACE('',#1787,1.);
#1787 = AXIS2_PLACEMENT_3D('',#1788,#1789,#1790);
#1788 = CARTESIAN_POINT('',(8.,-155.,-5.));
#1789 = DIRECTION('',(0.,1.,0.));
#1790 = DIRECTION('',(1.,0.,0.));
#1791 = ADVANCED_FACE('',(#1792),#1804,.T.);
#1792 = FACE_BOUND('',#1793,.T.);
#1793 = EDGE_LOOP('',(#1794,#1795,#1802,#1803));
#1794 = ORIENTED_EDGE('',*,*,#280,.F.);
#1795 = ORIENTED_EDGE('',*,*,#1796,.T.);
#1796 = EDGE_CURVE('',#273,#1647,#1797,.T.);
#1797 = CIRCLE('',#1798,1.);
#1798 = AXIS2_PLACEMENT_3D('',#1799,#1800,#1801);
#1799 = CARTESIAN_POINT('',(8.,95.,-5.));
#1800 = DIRECTION('',(-0.,1.,0.));
#1801 = DIRECTION('',(1.,0.,0.));
#1802 = ORIENTED_EDGE('',*,*,#1646,.T.);
#1803 = ORIENTED_EDGE('',*,*,#1743,.F.);
#1804 = CYLINDRICAL_SURFACE('',#1805,1.);
#1805 = AXIS2_PLACEMENT_3D('',#1806,#1807,#1808);
#1806 = CARTESIAN_POINT('',(8.,-155.,-5.));
#1807 = DIRECTION('',(0.,1.,0.));
#1808 = DIRECTION('',(1.,0.,0.));
#1809 = ADVANCED_FACE('',(#1810),#1845,.F.);
#1810 = FACE_BOUND('',#1811,.F.);
#1811 = EDGE_LOOP('',(#1812,#1822,#1830,#1836,#1837,#1838,#1839));
#1812 = ORIENTED_EDGE('',*,*,#1813,.F.);
#1813 = EDGE_CURVE('',#1814,#1816,#1818,.T.);
#1814 = VERTEX_POINT('',#1815);
#1815 = CARTESIAN_POINT('',(63.,77.,-10.));
#1816 = VERTEX_POINT('',#1817);
#1817 = CARTESIAN_POINT('',(63.,77.,-4.));
#1818 = LINE('',#1819,#1820);
#1819 = CARTESIAN_POINT('',(63.,77.,-10.));
#1820 = VECTOR('',#1821,1.);
#1821 = DIRECTION('',(0.,0.,1.));
#1822 = ORIENTED_EDGE('',*,*,#1823,.F.);
#1823 = EDGE_CURVE('',#1824,#1814,#1826,.T.);
#1824 = VERTEX_POINT('',#1825);
#1825 = CARTESIAN_POINT('',(-1.,77.,-10.));
#1826 = LINE('',#1827,#1828);
#1827 = CARTESIAN_POINT('',(-1.,77.,-10.));
#1828 = VECTOR('',#1829,1.);
#1829 = DIRECTION('',(1.,0.,0.));
#1830 = ORIENTED_EDGE('',*,*,#1831,.T.);
#1831 = EDGE_CURVE('',#1824,#1663,#1832,.T.);
#1832 = LINE('',#1833,#1834);
#1833 = CARTESIAN_POINT('',(-1.,77.,-10.));
#1834 = VECTOR('',#1835,1.);
#1835 = DIRECTION('',(0.,0.,1.));
#1836 = ORIENTED_EDGE('',*,*,#1670,.F.);
#1837 = ORIENTED_EDGE('',*,*,#1780,.F.);
#1838 = ORIENTED_EDGE('',*,*,#256,.T.);
#1839 = ORIENTED_EDGE('',*,*,#1840,.T.);
#1840 = EDGE_CURVE('',#257,#1816,#1841,.T.);
#1841 = LINE('',#1842,#1843);
#1842 = CARTESIAN_POINT('',(-1.,77.,-4.));
#1843 = VECTOR('',#1844,1.);
#1844 = DIRECTION('',(1.,0.,0.));
#1845 = PLANE('',#1846);
#1846 = AXIS2_PLACEMENT_3D('',#1847,#1848,#1849);
#1847 = CARTESIAN_POINT('',(-1.,77.,-10.));
#1848 = DIRECTION('',(0.,1.,0.));
#1849 = DIRECTION('',(0.,0.,1.));
#1850 = ADVANCED_FACE('',(#1851),#1886,.T.);
#1851 = FACE_BOUND('',#1852,.T.);
#1852 = EDGE_LOOP('',(#1853,#1863,#1871,#1877,#1878,#1879,#1880));
#1853 = ORIENTED_EDGE('',*,*,#1854,.F.);
#1854 = EDGE_CURVE('',#1855,#1857,#1859,.T.);
#1855 = VERTEX_POINT('',#1856);
#1856 = CARTESIAN_POINT('',(58.871134395521,95.,-10.));
#1857 = VERTEX_POINT('',#1858);
#1858 = CARTESIAN_POINT('',(58.871134395521,95.,-4.));
#1859 = LINE('',#1860,#1861);
#1860 = CARTESIAN_POINT('',(58.871134395521,95.,-10.));
#1861 = VECTOR('',#1862,1.);
#1862 = DIRECTION('',(0.,0.,1.));
#1863 = ORIENTED_EDGE('',*,*,#1864,.F.);
#1864 = EDGE_CURVE('',#1865,#1855,#1867,.T.);
#1865 = VERTEX_POINT('',#1866);
#1866 = CARTESIAN_POINT('',(-1.,95.,-10.));
#1867 = LINE('',#1868,#1869);
#1868 = CARTESIAN_POINT('',(-1.,95.,-10.));
#1869 = VECTOR('',#1870,1.);
#1870 = DIRECTION('',(1.,0.,0.));
#1871 = ORIENTED_EDGE('',*,*,#1872,.T.);
#1872 = EDGE_CURVE('',#1865,#1655,#1873,.T.);
#1873 = LINE('',#1874,#1875);
#1874 = CARTESIAN_POINT('',(-1.,95.,-10.));
#1875 = VECTOR('',#1876,1.);
#1876 = DIRECTION('',(0.,0.,1.));
#1877 = ORIENTED_EDGE('',*,*,#1654,.F.);
#1878 = ORIENTED_EDGE('',*,*,#1796,.F.);
#1879 = ORIENTED_EDGE('',*,*,#272,.T.);
#1880 = ORIENTED_EDGE('',*,*,#1881,.T.);
#1881 = EDGE_CURVE('',#265,#1857,#1882,.T.);
#1882 = LINE('',#1883,#1884);
#1883 = CARTESIAN_POINT('',(-1.,95.,-4.));
#1884 = VECTOR('',#1885,1.);
#1885 = DIRECTION('',(1.,0.,0.));
#1886 = PLANE('',#1887);
#1887 = AXIS2_PLACEMENT_3D('',#1888,#1889,#1890);
#1888 = CARTESIAN_POINT('',(-1.,95.,-10.));
#1889 = DIRECTION('',(0.,1.,0.));
#1890 = DIRECTION('',(0.,0.,1.));
#1891 = ADVANCED_FACE('',(#1892,#2003,#2014),#2025,.T.);
#1892 = FACE_BOUND('',#1893,.T.);
#1893 = EDGE_LOOP('',(#1894,#1895,#1896,#1897,#1905,#1913,#1921,#1930,
    #1938,#1947,#1955,#1964,#1972,#1981,#1989,#1997));
#1894 = ORIENTED_EDGE('',*,*,#1881,.F.);
#1895 = ORIENTED_EDGE('',*,*,#264,.T.);
#1896 = ORIENTED_EDGE('',*,*,#1840,.T.);
#1897 = ORIENTED_EDGE('',*,*,#1898,.T.);
#1898 = EDGE_CURVE('',#1816,#1899,#1901,.T.);
#1899 = VERTEX_POINT('',#1900);
#1900 = CARTESIAN_POINT('',(63.,78.998874567306,-4.));
#1901 = LINE('',#1902,#1903);
#1902 = CARTESIAN_POINT('',(63.,77.,-4.));
#1903 = VECTOR('',#1904,1.);
#1904 = DIRECTION('',(0.,1.,0.));
#1905 = ORIENTED_EDGE('',*,*,#1906,.F.);
#1906 = EDGE_CURVE('',#1907,#1899,#1909,.T.);
#1907 = VERTEX_POINT('',#1908);
#1908 = CARTESIAN_POINT('',(63.360396423923,78.746522274531,-4.));
#1909 = LINE('',#1910,#1911);
#1910 = CARTESIAN_POINT('',(63.360396423923,78.746522274531,-4.));
#1911 = VECTOR('',#1912,1.);
#1912 = DIRECTION('',(-0.819152044289,0.573576436351,0.));
#1913 = ORIENTED_EDGE('',*,*,#1914,.F.);
#1914 = EDGE_CURVE('',#1915,#1907,#1917,.T.);
#1915 = VERTEX_POINT('',#1916);
#1916 = CARTESIAN_POINT('',(68.866730212893,86.610381899705,-4.));
#1917 = LINE('',#1918,#1919);
#1918 = CARTESIAN_POINT('',(75.979078023646,96.767867248889,-4.));
#1919 = VECTOR('',#1920,1.);
#1920 = DIRECTION('',(-0.573576436351,-0.819152044289,0.));
#1921 = ORIENTED_EDGE('',*,*,#1922,.T.);
#1922 = EDGE_CURVE('',#1915,#1923,#1925,.T.);
#1923 = VERTEX_POINT('',#1924);
#1924 = CARTESIAN_POINT('',(68.031093124509,86.463036534943,-4.));
#1925 = CIRCLE('',#1926,0.6);
#1926 = AXIS2_PLACEMENT_3D('',#1927,#1928,#1929);
#1927 = CARTESIAN_POINT('',(68.375238986319,86.954527761516,-4.));
#1928 = DIRECTION('',(0.,0.,-1.));
#1929 = DIRECTION('',(0.573576436351,0.819152044289,0.));
#1930 = ORIENTED_EDGE('',*,*,#1931,.T.);
#1931 = EDGE_CURVE('',#1923,#1932,#1934,.T.);
#1932 = VERTEX_POINT('',#1933);
#1933 = CARTESIAN_POINT('',(63.280011267633,89.789779865779,-4.));
#1934 = LINE('',#1935,#1936);
#1935 = CARTESIAN_POINT('',(68.522584351082,86.118890673132,-4.));
#1936 = VECTOR('',#1937,1.);
#1937 = DIRECTION('',(-0.819152044289,0.573576436351,0.));
#1938 = ORIENTED_EDGE('',*,*,#1939,.F.);
#1939 = EDGE_CURVE('',#1940,#1932,#1942,.T.);
#1940 = VERTEX_POINT('',#1941);
#1941 = CARTESIAN_POINT('',(63.13266590287,90.625416954163,-4.));
#1942 = CIRCLE('',#1943,0.6);
#1943 = AXIS2_PLACEMENT_3D('',#1944,#1945,#1946);
#1944 = CARTESIAN_POINT('',(63.624157129443,90.281271092352,-4.));
#1945 = DIRECTION('',(0.,-0.,1.));
#1946 = DIRECTION('',(0.573576436351,0.819152044289,0.));
#1947 = ORIENTED_EDGE('',*,*,#1948,.F.);
#1948 = EDGE_CURVE('',#1949,#1940,#1951,.T.);
#1949 = VERTEX_POINT('',#1950);
#1950 = CARTESIAN_POINT('',(64.738679924653,92.919042678172,-4.));
#1951 = LINE('',#1952,#1953);
#1952 = CARTESIAN_POINT('',(65.082825786463,93.410533904745,-4.));
#1953 = VECTOR('',#1954,1.);
#1954 = DIRECTION('',(-0.573576436351,-0.819152044289,0.));
#1955 = ORIENTED_EDGE('',*,*,#1956,.T.);
#1956 = EDGE_CURVE('',#1949,#1957,#1959,.T.);
#1957 = VERTEX_POINT('',#1958);
#1958 = CARTESIAN_POINT('',(65.574317013037,93.066388042935,-4.));
#1959 = CIRCLE('',#1960,0.6);
#1960 = AXIS2_PLACEMENT_3D('',#1961,#1962,#1963);
#1961 = CARTESIAN_POINT('',(65.230171151226,92.574896816361,-4.));
#1962 = DIRECTION('',(0.,0.,-1.));
#1963 = DIRECTION('',(0.573576436351,0.819152044289,0.));
#1964 = ORIENTED_EDGE('',*,*,#1965,.F.);
#1965 = EDGE_CURVE('',#1966,#1957,#1968,.T.);
#1966 = VERTEX_POINT('',#1967);
#1967 = CARTESIAN_POINT('',(70.325398869913,89.739644712099,-4.));
#1968 = LINE('',#1969,#1970);
#1969 = CARTESIAN_POINT('',(70.816890096486,89.395498850288,-4.));
#1970 = VECTOR('',#1971,1.);
#1971 = DIRECTION('',(-0.819152044289,0.573576436351,0.));
#1972 = ORIENTED_EDGE('',*,*,#1973,.F.);
#1973 = EDGE_CURVE('',#1974,#1966,#1976,.T.);
#1974 = VERTEX_POINT('',#1975);
#1975 = CARTESIAN_POINT('',(70.472744234676,88.904007623715,-4.));
#1976 = CIRCLE('',#1977,0.6);
#1977 = AXIS2_PLACEMENT_3D('',#1978,#1979,#1980);
#1978 = CARTESIAN_POINT('',(69.981253008102,89.248153485525,-4.));
#1979 = DIRECTION('',(0.,-0.,1.));
#1980 = DIRECTION('',(0.573576436351,0.819152044289,0.));
#1981 = ORIENTED_EDGE('',*,*,#1982,.F.);
#1982 = EDGE_CURVE('',#1983,#1974,#1985,.T.);
#1983 = VERTEX_POINT('',#1984);
#1984 = CARTESIAN_POINT('',(75.979078023646,96.767867248889,-4.));
#1985 = LINE('',#1986,#1987);
#1986 = CARTESIAN_POINT('',(75.979078023646,96.767867248889,-4.));
#1987 = VECTOR('',#1988,1.);
#1988 = DIRECTION('',(-0.573576436351,-0.819152044289,0.));
#1989 = ORIENTED_EDGE('',*,*,#1990,.T.);
#1990 = EDGE_CURVE('',#1983,#1991,#1993,.T.);
#1991 = VERTEX_POINT('',#1992);
#1992 = CARTESIAN_POINT('',(65.330101447889,104.22436092145,-4.));
#1993 = LINE('',#1994,#1995);
#1994 = CARTESIAN_POINT('',(75.979078023646,96.767867248889,-4.));
#1995 = VECTOR('',#1996,1.);
#1996 = DIRECTION('',(-0.819152044289,0.573576436351,0.));
#1997 = ORIENTED_EDGE('',*,*,#1998,.T.);
#1998 = EDGE_CURVE('',#1991,#1857,#1999,.T.);
#1999 = LINE('',#2000,#2001);
#2000 = CARTESIAN_POINT('',(65.330101447889,104.22436092145,-4.));
#2001 = VECTOR('',#2002,1.);
#2002 = DIRECTION('',(-0.573576436351,-0.819152044289,0.));
#2003 = FACE_BOUND('',#2004,.T.);
#2004 = EDGE_LOOP('',(#2005));
#2005 = ORIENTED_EDGE('',*,*,#2006,.F.);
#2006 = EDGE_CURVE('',#2007,#2007,#2009,.T.);
#2007 = VERTEX_POINT('',#2008);
#2008 = CARTESIAN_POINT('',(64.898034668842,85.259376045349,-4.));
#2009 = CIRCLE('',#2010,1.25);
#2010 = AXIS2_PLACEMENT_3D('',#2011,#2012,#2013);
#2011 = CARTESIAN_POINT('',(63.648034668842,85.259376045349,-4.));
#2012 = DIRECTION('',(0.,0.,1.));
#2013 = DIRECTION('',(1.,0.,0.));
#2014 = FACE_BOUND('',#2015,.T.);
#2015 = EDGE_LOOP('',(#2016));
#2016 = ORIENTED_EDGE('',*,*,#2017,.F.);
#2017 = EDGE_CURVE('',#2018,#2018,#2020,.T.);
#2018 = VERTEX_POINT('',#2019);
#2019 = CARTESIAN_POINT('',(71.207375468704,94.270048532528,-4.));
#2020 = CIRCLE('',#2021,1.25);
#2021 = AXIS2_PLACEMENT_3D('',#2022,#2023,#2024);
#2022 = CARTESIAN_POINT('',(69.957375468704,94.270048532528,-4.));
#2023 = DIRECTION('',(0.,0.,1.));
#2024 = DIRECTION('',(1.,0.,0.));
#2025 = PLANE('',#2026);
#2026 = AXIS2_PLACEMENT_3D('',#2027,#2028,#2029);
#2027 = CARTESIAN_POINT('',(41.640657750138,87.900119891795,-4.));
#2028 = DIRECTION('',(0.,0.,1.));
#2029 = DIRECTION('',(1.,0.,0.));
#2030 = ADVANCED_FACE('',(#2031),#2050,.F.);
#2031 = FACE_BOUND('',#2032,.F.);
#2032 = EDGE_LOOP('',(#2033,#2034,#2042,#2049));
#2033 = ORIENTED_EDGE('',*,*,#377,.F.);
#2034 = ORIENTED_EDGE('',*,*,#2035,.F.);
#2035 = EDGE_CURVE('',#2036,#378,#2038,.T.);
#2036 = VERTEX_POINT('',#2037);
#2037 = CARTESIAN_POINT('',(-11.,172.,6.));
#2038 = LINE('',#2039,#2040);
#2039 = CARTESIAN_POINT('',(-20.,172.,6.));
#2040 = VECTOR('',#2041,1.);
#2041 = DIRECTION('',(1.,0.,0.));
#2042 = ORIENTED_EDGE('',*,*,#2043,.T.);
#2043 = EDGE_CURVE('',#2036,#2036,#2044,.T.);
#2044 = CIRCLE('',#2045,6.);
#2045 = AXIS2_PLACEMENT_3D('',#2046,#2047,#2048);
#2046 = CARTESIAN_POINT('',(-11.,172.,0.));
#2047 = DIRECTION('',(1.,0.,-0.));
#2048 = DIRECTION('',(0.,0.,1.));
#2049 = ORIENTED_EDGE('',*,*,#2035,.T.);
#2050 = CYLINDRICAL_SURFACE('',#2051,6.);
#2051 = AXIS2_PLACEMENT_3D('',#2052,#2053,#2054);
#2052 = CARTESIAN_POINT('',(-20.,172.,0.));
#2053 = DIRECTION('',(1.,0.,0.));
#2054 = DIRECTION('',(0.,0.,1.));
#2055 = ADVANCED_FACE('',(#2056),#2075,.F.);
#2056 = FACE_BOUND('',#2057,.F.);
#2057 = EDGE_LOOP('',(#2058,#2059,#2067,#2074));
#2058 = ORIENTED_EDGE('',*,*,#388,.F.);
#2059 = ORIENTED_EDGE('',*,*,#2060,.F.);
#2060 = EDGE_CURVE('',#2061,#389,#2063,.T.);
#2061 = VERTEX_POINT('',#2062);
#2062 = CARTESIAN_POINT('',(-11.,-172.,6.));
#2063 = LINE('',#2064,#2065);
#2064 = CARTESIAN_POINT('',(-20.,-172.,6.));
#2065 = VECTOR('',#2066,1.);
#2066 = DIRECTION('',(1.,0.,0.));
#2067 = ORIENTED_EDGE('',*,*,#2068,.T.);
#2068 = EDGE_CURVE('',#2061,#2061,#2069,.T.);
#2069 = CIRCLE('',#2070,6.);
#2070 = AXIS2_PLACEMENT_3D('',#2071,#2072,#2073);
#2071 = CARTESIAN_POINT('',(-11.,-172.,0.));
#2072 = DIRECTION('',(1.,0.,-0.));
#2073 = DIRECTION('',(0.,0.,1.));
#2074 = ORIENTED_EDGE('',*,*,#2060,.T.);
#2075 = CYLINDRICAL_SURFACE('',#2076,6.);
#2076 = AXIS2_PLACEMENT_3D('',#2077,#2078,#2079);
#2077 = CARTESIAN_POINT('',(-20.,-172.,0.));
#2078 = DIRECTION('',(1.,0.,0.));
#2079 = DIRECTION('',(0.,0.,1.));
#2080 = ADVANCED_FACE('',(#2081),#2093,.T.);
#2081 = FACE_BOUND('',#2082,.T.);
#2082 = EDGE_LOOP('',(#2083,#2084,#2085,#2086));
#2083 = ORIENTED_EDGE('',*,*,#1088,.F.);
#2084 = ORIENTED_EDGE('',*,*,#447,.T.);
#2085 = ORIENTED_EDGE('',*,*,#496,.T.);
#2086 = ORIENTED_EDGE('',*,*,#2087,.T.);
#2087 = EDGE_CURVE('',#489,#1081,#2088,.T.);
#2088 = CIRCLE('',#2089,2.);
#2089 = AXIS2_PLACEMENT_3D('',#2090,#2091,#2092);
#2090 = CARTESIAN_POINT('',(7.,-56.,5.));
#2091 = DIRECTION('',(1.,0.,-6.E-17));
#2092 = DIRECTION('',(6.E-17,0.,1.));
#2093 = SPHERICAL_SURFACE('',#2094,2.);
#2094 = AXIS2_PLACEMENT_3D('',#2095,#2096,#2097);
#2095 = CARTESIAN_POINT('',(7.,-56.,5.));
#2096 = DIRECTION('',(0.,-1.,0.));
#2097 = DIRECTION('',(1.,0.,0.));
#2098 = ADVANCED_FACE('',(#2099),#2141,.T.);
#2099 = FACE_BOUND('',#2100,.T.);
#2100 = EDGE_LOOP('',(#2101,#2109,#2139,#2140));
#2101 = ORIENTED_EDGE('',*,*,#2102,.F.);
#2102 = EDGE_CURVE('',#2103,#566,#2105,.T.);
#2103 = VERTEX_POINT('',#2104);
#2104 = CARTESIAN_POINT('',(-9.,-54.,5.));
#2105 = LINE('',#2106,#2107);
#2106 = CARTESIAN_POINT('',(-9.,-155.,5.));
#2107 = VECTOR('',#2108,1.);
#2108 = DIRECTION('',(0.,1.,0.));
#2109 = ORIENTED_EDGE('',*,*,#2110,.T.);
#2110 = EDGE_CURVE('',#2103,#479,#2111,.T.);
#2111 = B_SPLINE_CURVE_WITH_KNOTS('',6,(#2112,#2113,#2114,#2115,#2116,
    #2117,#2118,#2119,#2120,#2121,#2122,#2123,#2124,#2125,#2126,#2127,
    #2128,#2129,#2130,#2131,#2132,#2133,#2134,#2135,#2136,#2137,#2138),
  .UNSPECIFIED.,.F.,.F.,(7,5,5,5,5,7),(0.,0.274210710662,0.379303307958,
    0.449436481508,0.621678682253,1.),.UNSPECIFIED.);
#2112 = CARTESIAN_POINT('',(-9.,-54.,5.));
#2113 = CARTESIAN_POINT('',(-9.,-54.,5.078821409952));
#2114 = CARTESIAN_POINT('',(-8.992544636755,-54.00372777795,
    5.157369629081));
#2115 = CARTESIAN_POINT('',(-8.977730726939,-54.01113427851,
    5.234516963771));
#2116 = CARTESIAN_POINT('',(-8.955948994015,-54.02186993885,
    5.309156328432));
#2117 = CARTESIAN_POINT('',(-8.927880408968,-54.03529015356,
    5.380263274095));
#2118 = CARTESIAN_POINT('',(-8.881768543119,-54.05644992191,
    5.47254760386));
#2119 = CARTESIAN_POINT('',(-8.868197012157,-54.06259838605,
    5.497515145711));
#2120 = CARTESIAN_POINT('',(-8.85386724069,-54.06899569034,
    5.521859188125));
#2121 = CARTESIAN_POINT('',(-8.838816563414,-54.07560424092,
    5.545559538103));
#2122 = CARTESIAN_POINT('',(-8.823082455981,-54.0823857912,
    5.568597867745));
#2123 = CARTESIAN_POINT('',(-8.795771452595,-54.09391657693,
    5.60587947882));
#2124 = CARTESIAN_POINT('',(-8.784551658536,-54.09859194433,
    5.620500558127));
#2125 = CARTESIAN_POINT('',(-8.773053343039,-54.10331645028,
    5.634817274406));
#2126 = CARTESIAN_POINT('',(-8.761286250638,-54.10807915166,
    5.648826441481));
#2127 = CARTESIAN_POINT('',(-8.749259680173,-54.11286925604,
    5.662525364757));
#2128 = CARTESIAN_POINT('',(-8.706830546089,-54.12948144963,
    5.708788097199));
#2129 = CARTESIAN_POINT('',(-8.675168542579,-54.14138726429,
    5.739777891457));
#2130 = CARTESIAN_POINT('',(-8.642124613791,-54.15323741673,
    5.768851193995));
#2131 = CARTESIAN_POINT('',(-8.607816081222,-54.16487943732,
    5.795982662386));
#2132 = CARTESIAN_POINT('',(-8.572350514075,-54.1761667717,
    5.821149268546));
#2133 = CARTESIAN_POINT('',(-8.455604285759,-54.21067003276,
    5.89523867795));
#2134 = CARTESIAN_POINT('',(-8.369940542438,-54.23209904352,
    5.936771382892));
#2135 = CARTESIAN_POINT('',(-8.280280476541,-54.24960749389,
    5.96823263954));
#2136 = CARTESIAN_POINT('',(-8.187957557238,-54.2618080279,
    5.989362816793));
#2137 = CARTESIAN_POINT('',(-8.094152608275,-54.26794919243,6.));
#2138 = CARTESIAN_POINT('',(-8.,-54.26794919243,6.));
#2139 = ORIENTED_EDGE('',*,*,#478,.T.);
#2140 = ORIENTED_EDGE('',*,*,#565,.F.);
#2141 = CYLINDRICAL_SURFACE('',#2142,1.);
#2142 = AXIS2_PLACEMENT_3D('',#2143,#2144,#2145);
#2143 = CARTESIAN_POINT('',(-8.,-155.,5.));
#2144 = DIRECTION('',(0.,1.,0.));
#2145 = DIRECTION('',(-1.,0.,0.));
#2146 = ADVANCED_FACE('',(#2147),#2165,.T.);
#2147 = FACE_BOUND('',#2148,.T.);
#2148 = EDGE_LOOP('',(#2149,#2155,#2156,#2162,#2163,#2164));
#2149 = ORIENTED_EDGE('',*,*,#2150,.F.);
#2150 = EDGE_CURVE('',#670,#2103,#2151,.T.);
#2151 = LINE('',#2152,#2153);
#2152 = CARTESIAN_POINT('',(-52.,-54.,5.));
#2153 = VECTOR('',#2154,1.);
#2154 = DIRECTION('',(1.,0.,0.));
#2155 = ORIENTED_EDGE('',*,*,#678,.T.);
#2156 = ORIENTED_EDGE('',*,*,#2157,.T.);
#2157 = EDGE_CURVE('',#679,#1081,#2158,.T.);
#2158 = LINE('',#2159,#2160);
#2159 = CARTESIAN_POINT('',(-52.,-56.,7.));
#2160 = VECTOR('',#2161,1.);
#2161 = DIRECTION('',(1.,0.,0.));
#2162 = ORIENTED_EDGE('',*,*,#2087,.F.);
#2163 = ORIENTED_EDGE('',*,*,#488,.F.);
#2164 = ORIENTED_EDGE('',*,*,#2110,.F.);
#2165 = CYLINDRICAL_SURFACE('',#2166,2.);
#2166 = AXIS2_PLACEMENT_3D('',#2167,#2168,#2169);
#2167 = CARTESIAN_POINT('',(-52.,-56.,5.));
#2168 = DIRECTION('',(1.,0.,0.));
#2169 = DIRECTION('',(0.,1.,0.));
#2170 = ADVANCED_FACE('',(#2171),#2190,.F.);
#2171 = FACE_BOUND('',#2172,.F.);
#2172 = EDGE_LOOP('',(#2173,#2174,#2182,#2189));
#2173 = ORIENTED_EDGE('',*,*,#513,.F.);
#2174 = ORIENTED_EDGE('',*,*,#2175,.F.);
#2175 = EDGE_CURVE('',#2176,#514,#2178,.T.);
#2176 = VERTEX_POINT('',#2177);
#2177 = CARTESIAN_POINT('',(1.25,0.,-1.));
#2178 = LINE('',#2179,#2180);
#2179 = CARTESIAN_POINT('',(1.25,-3.1E-16,-1.));
#2180 = VECTOR('',#2181,1.);
#2181 = DIRECTION('',(0.,0.,1.));
#2182 = ORIENTED_EDGE('',*,*,#2183,.T.);
#2183 = EDGE_CURVE('',#2176,#2176,#2184,.T.);
#2184 = CIRCLE('',#2185,1.25);
#2185 = AXIS2_PLACEMENT_3D('',#2186,#2187,#2188);
#2186 = CARTESIAN_POINT('',(0.,0.,-1.));
#2187 = DIRECTION('',(0.,0.,1.));
#2188 = DIRECTION('',(1.,0.,0.));
#2189 = ORIENTED_EDGE('',*,*,#2175,.T.);
#2190 = CYLINDRICAL_SURFACE('',#2191,1.25);
#2191 = AXIS2_PLACEMENT_3D('',#2192,#2193,#2194);
#2192 = CARTESIAN_POINT('',(0.,0.,-1.));
#2193 = DIRECTION('',(0.,0.,1.));
#2194 = DIRECTION('',(1.,0.,0.));
#2195 = ADVANCED_FACE('',(#2196),#2231,.F.);
#2196 = FACE_BOUND('',#2197,.F.);
#2197 = EDGE_LOOP('',(#2198,#2208,#2217,#2223,#2224,#2225));
#2198 = ORIENTED_EDGE('',*,*,#2199,.F.);
#2199 = EDGE_CURVE('',#2200,#2202,#2204,.T.);
#2200 = VERTEX_POINT('',#2201);
#2201 = CARTESIAN_POINT('',(-42.12701665379,54.,-5.));
#2202 = VERTEX_POINT('',#2203);
#2203 = CARTESIAN_POINT('',(-9.,54.,-5.));
#2204 = LINE('',#2205,#2206);
#2205 = CARTESIAN_POINT('',(-52.,54.,-5.));
#2206 = VECTOR('',#2207,1.);
#2207 = DIRECTION('',(1.,0.,0.));
#2208 = ORIENTED_EDGE('',*,*,#2209,.F.);
#2209 = EDGE_CURVE('',#2210,#2200,#2212,.T.);
#2210 = VERTEX_POINT('',#2211);
#2211 = CARTESIAN_POINT('',(-42.,54.,-4.));
#2212 = CIRCLE('',#2213,4.);
#2213 = AXIS2_PLACEMENT_3D('',#2214,#2215,#2216);
#2214 = CARTESIAN_POINT('',(-46.,54.,-4.));
#2215 = DIRECTION('',(-0.,1.,0.));
#2216 = DIRECTION('',(1.,0.,0.));
#2217 = ORIENTED_EDGE('',*,*,#2218,.T.);
#2218 = EDGE_CURVE('',#2210,#653,#2219,.T.);
#2219 = LINE('',#2220,#2221);
#2220 = CARTESIAN_POINT('',(-42.,54.,-7.5));
#2221 = VECTOR('',#2222,1.);
#2222 = DIRECTION('',(0.,0.,1.));
#2223 = ORIENTED_EDGE('',*,*,#652,.F.);
#2224 = ORIENTED_EDGE('',*,*,#597,.T.);
#2225 = ORIENTED_EDGE('',*,*,#2226,.F.);
#2226 = EDGE_CURVE('',#2202,#566,#2227,.T.);
#2227 = LINE('',#2228,#2229);
#2228 = CARTESIAN_POINT('',(-9.,54.,-6.5));
#2229 = VECTOR('',#2230,1.);
#2230 = DIRECTION('',(0.,0.,1.));
#2231 = PLANE('',#2232);
#2232 = AXIS2_PLACEMENT_3D('',#2233,#2234,#2235);
#2233 = CARTESIAN_POINT('',(-52.,54.,-7.));
#2234 = DIRECTION('',(0.,1.,0.));
#2235 = DIRECTION('',(0.,0.,1.));
#2236 = ADVANCED_FACE('',(#2237),#2284,.T.);
#2237 = FACE_BOUND('',#2238,.T.);
#2238 = EDGE_LOOP('',(#2239,#2240,#2249,#2258,#2267));
#2239 = ORIENTED_EDGE('',*,*,#611,.F.);
#2240 = ORIENTED_EDGE('',*,*,#2241,.T.);
#2241 = EDGE_CURVE('',#612,#2242,#2244,.T.);
#2242 = VERTEX_POINT('',#2243);
#2243 = CARTESIAN_POINT('',(-46.,-75.,4.));
#2244 = CIRCLE('',#2245,4.);
#2245 = AXIS2_PLACEMENT_3D('',#2246,#2247,#2248);
#2246 = CARTESIAN_POINT('',(-46.,-71.,4.));
#2247 = DIRECTION('',(1.,6.E-17,0.));
#2248 = DIRECTION('',(6.E-17,-1.,0.));
#2249 = ORIENTED_EDGE('',*,*,#2250,.F.);
#2250 = EDGE_CURVE('',#2251,#2242,#2253,.T.);
#2251 = VERTEX_POINT('',#2252);
#2252 = CARTESIAN_POINT('',(-42.12701665379,-72.,4.));
#2253 = CIRCLE('',#2254,4.);
#2254 = AXIS2_PLACEMENT_3D('',#2255,#2256,#2257);
#2255 = CARTESIAN_POINT('',(-46.,-71.,4.));
#2256 = DIRECTION('',(0.,0.,-1.));
#2257 = DIRECTION('',(1.,0.,0.));
#2258 = ORIENTED_EDGE('',*,*,#2259,.F.);
#2259 = EDGE_CURVE('',#2260,#2251,#2262,.T.);
#2260 = VERTEX_POINT('',#2261);
#2261 = CARTESIAN_POINT('',(-42.25834261322,-72.,5.));
#2262 = CIRCLE('',#2263,3.872983346207);
#2263 = AXIS2_PLACEMENT_3D('',#2264,#2265,#2266);
#2264 = CARTESIAN_POINT('',(-46.,-72.,4.));
#2265 = DIRECTION('',(0.,1.,0.));
#2266 = DIRECTION('',(0.,0.,1.));
#2267 = ORIENTED_EDGE('',*,*,#2268,.T.);
#2268 = EDGE_CURVE('',#2260,#614,#2269,.T.);
#2269 = B_SPLINE_CURVE_WITH_KNOTS('',7,(#2270,#2271,#2272,#2273,#2274,
    #2275,#2276,#2277,#2278,#2279,#2280,#2281,#2282,#2283),
  .UNSPECIFIED.,.F.,.F.,(8,6,8),(0.,0.342811219459,1.),.UNSPECIFIED.);
#2270 = CARTESIAN_POINT('',(-42.25834261322,-72.,5.));
#2271 = CARTESIAN_POINT('',(-42.28743307507,-72.,5.108846541451));
#2272 = CARTESIAN_POINT('',(-42.31842024853,-71.99308863757,
    5.216891436971));
#2273 = CARTESIAN_POINT('',(-42.35117335104,-71.97945029705,
    5.323597343085));
#2274 = CARTESIAN_POINT('',(-42.38556046433,-71.95931877029,
    5.428477450939));
#2275 = CARTESIAN_POINT('',(-42.42144952696,-71.93296512117,
    5.53109401883));
#2276 = CARTESIAN_POINT('',(-42.45870932698,-71.90068555019,
    5.631056904747));
#2277 = CARTESIAN_POINT('',(-42.57101944192,-71.79013989407,
    5.913909940624));
#2278 = CARTESIAN_POINT('',(-42.64937153447,-71.69686791774,
    6.088733134308));
#2279 = CARTESIAN_POINT('',(-42.73139221599,-71.58513534146,
    6.250181905666));
#2280 = CARTESIAN_POINT('',(-42.81620950595,-71.4572637176,
    6.396437087216));
#2281 = CARTESIAN_POINT('',(-42.90292958753,-71.31562048024,
    6.526106620635));
#2282 = CARTESIAN_POINT('',(-42.99063250854,-71.16251803784,
    6.638220974671));
#2283 = CARTESIAN_POINT('',(-43.07837401694,-71.,6.732050807569));
#2284 = SPHERICAL_SURFACE('',#2285,4.);
#2285 = AXIS2_PLACEMENT_3D('',#2286,#2287,#2288);
#2286 = CARTESIAN_POINT('',(-46.,-71.,4.));
#2287 = DIRECTION('',(-0.,-0.,-1.));
#2288 = DIRECTION('',(1.,0.,0.));
#2289 = ADVANCED_FACE('',(#2290),#2346,.T.);
#2290 = FACE_BOUND('',#2291,.F.);
#2291 = EDGE_LOOP('',(#2292,#2293,#2299,#2306,#2307,#2339,#2345));
#2292 = ORIENTED_EDGE('',*,*,#718,.T.);
#2293 = ORIENTED_EDGE('',*,*,#2294,.T.);
#2294 = EDGE_CURVE('',#711,#1072,#2295,.T.);
#2295 = LINE('',#2296,#2297);
#2296 = CARTESIAN_POINT('',(-52.,-70.,7.));
#2297 = VECTOR('',#2298,1.);
#2298 = DIRECTION('',(1.,0.,0.));
#2299 = ORIENTED_EDGE('',*,*,#2300,.T.);
#2300 = EDGE_CURVE('',#1072,#855,#2301,.T.);
#2301 = CIRCLE('',#2302,2.);
#2302 = AXIS2_PLACEMENT_3D('',#2303,#2304,#2305);
#2303 = CARTESIAN_POINT('',(7.,-70.,5.));
#2304 = DIRECTION('',(1.,6.E-17,0.));
#2305 = DIRECTION('',(6.E-17,-1.,0.));
#2306 = ORIENTED_EDGE('',*,*,#863,.F.);
#2307 = ORIENTED_EDGE('',*,*,#2308,.F.);
#2308 = EDGE_CURVE('',#2309,#864,#2311,.T.);
#2309 = VERTEX_POINT('',#2310);
#2310 = CARTESIAN_POINT('',(-9.,-72.,5.));
#2311 = B_SPLINE_CURVE_WITH_KNOTS('',6,(#2312,#2313,#2314,#2315,#2316,
    #2317,#2318,#2319,#2320,#2321,#2322,#2323,#2324,#2325,#2326,#2327,
    #2328,#2329,#2330,#2331,#2332,#2333,#2334,#2335,#2336,#2337,#2338),
  .UNSPECIFIED.,.F.,.F.,(7,5,5,5,5,7),(0.,0.274210711473,0.379303309079,
    0.449436482836,0.621678683885,1.),.UNSPECIFIED.);
#2312 = CARTESIAN_POINT('',(-9.,-72.,5.));
#2313 = CARTESIAN_POINT('',(-9.,-72.,5.078821409952));
#2314 = CARTESIAN_POINT('',(-8.992544636755,-71.99627222204,
    5.157369629081));
#2315 = CARTESIAN_POINT('',(-8.977730726939,-71.98886572148,
    5.234516963771));
#2316 = CARTESIAN_POINT('',(-8.955948994015,-71.97813006114,
    5.309156328432));
#2317 = CARTESIAN_POINT('',(-8.927880408968,-71.96470984643,
    5.380263274095));
#2318 = CARTESIAN_POINT('',(-8.881768543119,-71.94355007808,
    5.47254760386));
#2319 = CARTESIAN_POINT('',(-8.868197012157,-71.93740161394,
    5.497515145711));
#2320 = CARTESIAN_POINT('',(-8.85386724069,-71.93100430965,
    5.521859188125));
#2321 = CARTESIAN_POINT('',(-8.838816563414,-71.92439575907,
    5.545559538103));
#2322 = CARTESIAN_POINT('',(-8.823082455981,-71.91761420879,
    5.568597867745));
#2323 = CARTESIAN_POINT('',(-8.795771452595,-71.90608342306,
    5.60587947882));
#2324 = CARTESIAN_POINT('',(-8.784551658536,-71.90140805566,
    5.620500558127));
#2325 = CARTESIAN_POINT('',(-8.773053343039,-71.89668354971,
    5.634817274406));
#2326 = CARTESIAN_POINT('',(-8.761286250638,-71.89192084833,
    5.648826441481));
#2327 = CARTESIAN_POINT('',(-8.749259680173,-71.88713074395,
    5.662525364757));
#2328 = CARTESIAN_POINT('',(-8.706830546125,-71.87051855037,
    5.70878809716));
#2329 = CARTESIAN_POINT('',(-8.675168542516,-71.85861273568,
    5.739777891538));
#2330 = CARTESIAN_POINT('',(-8.642124613665,-71.84676258322,
    5.768851194088));
#2331 = CARTESIAN_POINT('',(-8.60781608122,-71.83512056268,
    5.795982662358));
#2332 = CARTESIAN_POINT('',(-8.572350514297,-71.82383322836,
    5.821149268405));
#2333 = CARTESIAN_POINT('',(-8.455604285759,-71.78932996723,
    5.89523867795));
#2334 = CARTESIAN_POINT('',(-8.369940542438,-71.76790095647,
    5.936771382892));
#2335 = CARTESIAN_POINT('',(-8.280280476541,-71.75039250611,
    5.96823263954));
#2336 = CARTESIAN_POINT('',(-8.187957557238,-71.73819197209,
    5.989362816793));
#2337 = CARTESIAN_POINT('',(-8.094152608275,-71.73205080756,6.));
#2338 = CARTESIAN_POINT('',(-8.,-71.73205080756,6.));
#2339 = ORIENTED_EDGE('',*,*,#2340,.F.);
#2340 = EDGE_CURVE('',#2260,#2309,#2341,.T.);
#2341 = LINE('',#2342,#2343);
#2342 = CARTESIAN_POINT('',(-52.,-72.,5.));
#2343 = VECTOR('',#2344,1.);
#2344 = DIRECTION('',(1.,0.,0.));
#2345 = ORIENTED_EDGE('',*,*,#2268,.T.);
#2346 = CYLINDRICAL_SURFACE('',#2347,2.);
#2347 = AXIS2_PLACEMENT_3D('',#2348,#2349,#2350);
#2348 = CARTESIAN_POINT('',(-52.,-70.,5.));
#2349 = DIRECTION('',(1.,0.,0.));
#2350 = DIRECTION('',(0.,-1.,0.));
#2351 = ADVANCED_FACE('',(#2352),#2358,.T.);
#2352 = FACE_BOUND('',#2353,.T.);
#2353 = EDGE_LOOP('',(#2354,#2355,#2356,#2357));
#2354 = ORIENTED_EDGE('',*,*,#710,.F.);
#2355 = ORIENTED_EDGE('',*,*,#2294,.T.);
#2356 = ORIENTED_EDGE('',*,*,#1080,.T.);
#2357 = ORIENTED_EDGE('',*,*,#2157,.F.);
#2358 = PLANE('',#2359);
#2359 = AXIS2_PLACEMENT_3D('',#2360,#2361,#2362);
#2360 = CARTESIAN_POINT('',(-52.,-72.,7.));
#2361 = DIRECTION('',(0.,0.,1.));
#2362 = DIRECTION('',(1.,0.,0.));
#2363 = ADVANCED_FACE('',(#2364),#2399,.T.);
#2364 = FACE_BOUND('',#2365,.T.);
#2365 = EDGE_LOOP('',(#2366,#2376,#2385,#2391,#2392,#2393));
#2366 = ORIENTED_EDGE('',*,*,#2367,.F.);
#2367 = EDGE_CURVE('',#2368,#2370,#2372,.T.);
#2368 = VERTEX_POINT('',#2369);
#2369 = CARTESIAN_POINT('',(-42.12701665379,-54.,-5.));
#2370 = VERTEX_POINT('',#2371);
#2371 = CARTESIAN_POINT('',(-9.,-54.,-5.));
#2372 = LINE('',#2373,#2374);
#2373 = CARTESIAN_POINT('',(-52.,-54.,-5.));
#2374 = VECTOR('',#2375,1.);
#2375 = DIRECTION('',(1.,0.,0.));
#2376 = ORIENTED_EDGE('',*,*,#2377,.F.);
#2377 = EDGE_CURVE('',#2378,#2368,#2380,.T.);
#2378 = VERTEX_POINT('',#2379);
#2379 = CARTESIAN_POINT('',(-42.,-54.,-4.));
#2380 = CIRCLE('',#2381,4.);
#2381 = AXIS2_PLACEMENT_3D('',#2382,#2383,#2384);
#2382 = CARTESIAN_POINT('',(-46.,-54.,-4.));
#2383 = DIRECTION('',(-0.,1.,0.));
#2384 = DIRECTION('',(1.,0.,0.));
#2385 = ORIENTED_EDGE('',*,*,#2386,.T.);
#2386 = EDGE_CURVE('',#2378,#662,#2387,.T.);
#2387 = LINE('',#2388,#2389);
#2388 = CARTESIAN_POINT('',(-42.,-54.,-7.5));
#2389 = VECTOR('',#2390,1.);
#2390 = DIRECTION('',(0.,0.,1.));
#2391 = ORIENTED_EDGE('',*,*,#669,.F.);
#2392 = ORIENTED_EDGE('',*,*,#2150,.T.);
#2393 = ORIENTED_EDGE('',*,*,#2394,.F.);
#2394 = EDGE_CURVE('',#2370,#2103,#2395,.T.);
#2395 = LINE('',#2396,#2397);
#2396 = CARTESIAN_POINT('',(-9.,-54.,-6.5));
#2397 = VECTOR('',#2398,1.);
#2398 = DIRECTION('',(0.,0.,1.));
#2399 = PLANE('',#2400);
#2400 = AXIS2_PLACEMENT_3D('',#2401,#2402,#2403);
#2401 = CARTESIAN_POINT('',(-52.,-54.,-7.));
#2402 = DIRECTION('',(0.,1.,0.));
#2403 = DIRECTION('',(0.,0.,1.));
#2404 = ADVANCED_FACE('',(#2405),#2416,.T.);
#2405 = FACE_BOUND('',#2406,.T.);
#2406 = EDGE_LOOP('',(#2407,#2408,#2414,#2415));
#2407 = ORIENTED_EDGE('',*,*,#2386,.F.);
#2408 = ORIENTED_EDGE('',*,*,#2409,.T.);
#2409 = EDGE_CURVE('',#2378,#2210,#2410,.T.);
#2410 = LINE('',#2411,#2412);
#2411 = CARTESIAN_POINT('',(-42.,-75.,-4.));
#2412 = VECTOR('',#2413,1.);
#2413 = DIRECTION('',(0.,1.,0.));
#2414 = ORIENTED_EDGE('',*,*,#2218,.T.);
#2415 = ORIENTED_EDGE('',*,*,#661,.F.);
#2416 = PLANE('',#2417);
#2417 = AXIS2_PLACEMENT_3D('',#2418,#2419,#2420);
#2418 = CARTESIAN_POINT('',(-42.,-75.,-8.));
#2419 = DIRECTION('',(1.,0.,0.));
#2420 = DIRECTION('',(0.,0.,1.));
#2421 = ADVANCED_FACE('',(#2422),#2451,.T.);
#2422 = FACE_BOUND('',#2423,.T.);
#2423 = EDGE_LOOP('',(#2424,#2435,#2442,#2443,#2444));
#2424 = ORIENTED_EDGE('',*,*,#2425,.F.);
#2425 = EDGE_CURVE('',#2426,#2428,#2430,.T.);
#2426 = VERTEX_POINT('',#2427);
#2427 = CARTESIAN_POINT('',(-46.,75.,4.));
#2428 = VERTEX_POINT('',#2429);
#2429 = CARTESIAN_POINT('',(-42.12701665379,72.,4.));
#2430 = CIRCLE('',#2431,4.);
#2431 = AXIS2_PLACEMENT_3D('',#2432,#2433,#2434);
#2432 = CARTESIAN_POINT('',(-46.,71.,4.));
#2433 = DIRECTION('',(2.2E-16,0.,-1.));
#2434 = DIRECTION('',(1.,0.,2.2E-16));
#2435 = ORIENTED_EDGE('',*,*,#2436,.T.);
#2436 = EDGE_CURVE('',#2426,#623,#2437,.T.);
#2437 = CIRCLE('',#2438,4.);
#2438 = AXIS2_PLACEMENT_3D('',#2439,#2440,#2441);
#2439 = CARTESIAN_POINT('',(-46.,71.,4.));
#2440 = DIRECTION('',(1.,0.,-6.E-17));
#2441 = DIRECTION('',(6.E-17,0.,1.));
#2442 = ORIENTED_EDGE('',*,*,#630,.F.);
#2443 = ORIENTED_EDGE('',*,*,#747,.F.);
#2444 = ORIENTED_EDGE('',*,*,#2445,.F.);
#2445 = EDGE_CURVE('',#2428,#738,#2446,.T.);
#2446 = CIRCLE('',#2447,3.872983346207);
#2447 = AXIS2_PLACEMENT_3D('',#2448,#2449,#2450);
#2448 = CARTESIAN_POINT('',(-46.,72.,4.));
#2449 = DIRECTION('',(0.,-1.,0.));
#2450 = DIRECTION('',(1.,0.,2.2E-16));
#2451 = SPHERICAL_SURFACE('',#2452,4.);
#2452 = AXIS2_PLACEMENT_3D('',#2453,#2454,#2455);
#2453 = CARTESIAN_POINT('',(-46.,71.,4.));
#2454 = DIRECTION('',(0.,-1.,0.));
#2455 = DIRECTION('',(1.,0.,2.2E-16));
#2456 = ADVANCED_FACE('',(#2457),#2482,.T.);
#2457 = FACE_BOUND('',#2458,.T.);
#2458 = EDGE_LOOP('',(#2459,#2469,#2475,#2476));
#2459 = ORIENTED_EDGE('',*,*,#2460,.F.);
#2460 = EDGE_CURVE('',#2461,#2463,#2465,.T.);
#2461 = VERTEX_POINT('',#2462);
#2462 = CARTESIAN_POINT('',(-56.,-71.,8.));
#2463 = VERTEX_POINT('',#2464);
#2464 = CARTESIAN_POINT('',(-56.,71.,8.));
#2465 = LINE('',#2466,#2467);
#2466 = CARTESIAN_POINT('',(-56.,-75.,8.));
#2467 = VECTOR('',#2468,1.);
#2468 = DIRECTION('',(0.,1.,0.));
#2469 = ORIENTED_EDGE('',*,*,#2470,.T.);
#2470 = EDGE_CURVE('',#2461,#612,#2471,.T.);
#2471 = LINE('',#2472,#2473);
#2472 = CARTESIAN_POINT('',(-60.,-71.,8.));
#2473 = VECTOR('',#2474,1.);
#2474 = DIRECTION('',(1.,0.,0.));
#2475 = ORIENTED_EDGE('',*,*,#622,.T.);
#2476 = ORIENTED_EDGE('',*,*,#2477,.F.);
#2477 = EDGE_CURVE('',#2463,#623,#2478,.T.);
#2478 = LINE('',#2479,#2480);
#2479 = CARTESIAN_POINT('',(-60.,71.,8.));
#2480 = VECTOR('',#2481,1.);
#2481 = DIRECTION('',(1.,0.,0.));
#2482 = PLANE('',#2483);
#2483 = AXIS2_PLACEMENT_3D('',#2484,#2485,#2486);
#2484 = CARTESIAN_POINT('',(-60.,-75.,8.));
#2485 = DIRECTION('',(0.,0.,1.));
#2486 = DIRECTION('',(1.,0.,0.));
#2487 = ADVANCED_FACE('',(#2488),#2523,.T.);
#2488 = FACE_BOUND('',#2489,.T.);
#2489 = EDGE_LOOP('',(#2490,#2500,#2509,#2515,#2516,#2517));
#2490 = ORIENTED_EDGE('',*,*,#2491,.F.);
#2491 = EDGE_CURVE('',#2492,#2494,#2496,.T.);
#2492 = VERTEX_POINT('',#2493);
#2493 = CARTESIAN_POINT('',(-42.25834261322,72.,-5.));
#2494 = VERTEX_POINT('',#2495);
#2495 = CARTESIAN_POINT('',(-9.,72.,-5.));
#2496 = LINE('',#2497,#2498);
#2497 = CARTESIAN_POINT('',(-52.,72.,-5.));
#2498 = VECTOR('',#2499,1.);
#2499 = DIRECTION('',(1.,0.,0.));
#2500 = ORIENTED_EDGE('',*,*,#2501,.F.);
#2501 = EDGE_CURVE('',#2502,#2492,#2504,.T.);
#2502 = VERTEX_POINT('',#2503);
#2503 = CARTESIAN_POINT('',(-42.12701665379,72.,-4.));
#2504 = CIRCLE('',#2505,3.872983346207);
#2505 = AXIS2_PLACEMENT_3D('',#2506,#2507,#2508);
#2506 = CARTESIAN_POINT('',(-46.,72.,-4.));
#2507 = DIRECTION('',(0.,1.,0.));
#2508 = DIRECTION('',(0.,0.,1.));
#2509 = ORIENTED_EDGE('',*,*,#2510,.T.);
#2510 = EDGE_CURVE('',#2502,#2428,#2511,.T.);
#2511 = LINE('',#2512,#2513);
#2512 = CARTESIAN_POINT('',(-42.12701665379,72.,-8.));
#2513 = VECTOR('',#2514,1.);
#2514 = DIRECTION('',(0.,0.,1.));
#2515 = ORIENTED_EDGE('',*,*,#2445,.T.);
#2516 = ORIENTED_EDGE('',*,*,#737,.T.);
#2517 = ORIENTED_EDGE('',*,*,#2518,.F.);
#2518 = EDGE_CURVE('',#2494,#740,#2519,.T.);
#2519 = LINE('',#2520,#2521);
#2520 = CARTESIAN_POINT('',(-9.,72.,-6.5));
#2521 = VECTOR('',#2522,1.);
#2522 = DIRECTION('',(0.,0.,1.));
#2523 = PLANE('',#2524);
#2524 = AXIS2_PLACEMENT_3D('',#2525,#2526,#2527);
#2525 = CARTESIAN_POINT('',(-52.,72.,-7.));
#2526 = DIRECTION('',(0.,1.,0.));
#2527 = DIRECTION('',(0.,0.,1.));
#2528 = ADVANCED_FACE('',(#2529),#2548,.T.);
#2529 = FACE_BOUND('',#2530,.T.);
#2530 = EDGE_LOOP('',(#2531,#2539,#2540,#2541));
#2531 = ORIENTED_EDGE('',*,*,#2532,.F.);
#2532 = EDGE_CURVE('',#740,#2533,#2535,.T.);
#2533 = VERTEX_POINT('',#2534);
#2534 = CARTESIAN_POINT('',(-9.,153.,5.));
#2535 = LINE('',#2536,#2537);
#2536 = CARTESIAN_POINT('',(-9.,-155.,5.));
#2537 = VECTOR('',#2538,1.);
#2538 = DIRECTION('',(0.,1.,0.));
#2539 = ORIENTED_EDGE('',*,*,#775,.T.);
#2540 = ORIENTED_EDGE('',*,*,#1407,.T.);
#2541 = ORIENTED_EDGE('',*,*,#2542,.F.);
#2542 = EDGE_CURVE('',#2533,#1408,#2543,.T.);
#2543 = CIRCLE('',#2544,1.);
#2544 = AXIS2_PLACEMENT_3D('',#2545,#2546,#2547);
#2545 = CARTESIAN_POINT('',(-8.,153.,5.));
#2546 = DIRECTION('',(0.,1.,-0.));
#2547 = DIRECTION('',(-1.,0.,0.));
#2548 = CYLINDRICAL_SURFACE('',#2549,1.);
#2549 = AXIS2_PLACEMENT_3D('',#2550,#2551,#2552);
#2550 = CARTESIAN_POINT('',(-8.,-155.,5.));
#2551 = DIRECTION('',(0.,1.,0.));
#2552 = DIRECTION('',(-1.,0.,0.));
#2553 = ADVANCED_FACE('',(#2554),#2572,.T.);
#2554 = FACE_BOUND('',#2555,.T.);
#2555 = EDGE_LOOP('',(#2556,#2565,#2571));
#2556 = ORIENTED_EDGE('',*,*,#2557,.F.);
#2557 = EDGE_CURVE('',#2558,#816,#2560,.T.);
#2558 = VERTEX_POINT('',#2559);
#2559 = CARTESIAN_POINT('',(-9.,-153.,5.));
#2560 = CIRCLE('',#2561,1.);
#2561 = AXIS2_PLACEMENT_3D('',#2562,#2563,#2564);
#2562 = CARTESIAN_POINT('',(-8.,-153.,5.));
#2563 = DIRECTION('',(0.,1.,-0.));
#2564 = DIRECTION('',(-1.,0.,0.));
#2565 = ORIENTED_EDGE('',*,*,#2566,.T.);
#2566 = EDGE_CURVE('',#2558,#814,#2567,.T.);
#2567 = LINE('',#2568,#2569);
#2568 = CARTESIAN_POINT('',(-9.,-153.,-6.));
#2569 = VECTOR('',#2570,1.);
#2570 = DIRECTION('',(0.,0.,1.));
#2571 = ORIENTED_EDGE('',*,*,#813,.T.);
#2572 = PLANE('',#2573);
#2573 = AXIS2_PLACEMENT_3D('',#2574,#2575,#2576);
#2574 = CARTESIAN_POINT('',(-9.,-153.,-6.));
#2575 = DIRECTION('',(0.,1.,0.));
#2576 = DIRECTION('',(0.,0.,1.));
#2577 = ADVANCED_FACE('',(#2578),#2612,.T.);
#2578 = FACE_BOUND('',#2579,.T.);
#2579 = EDGE_LOOP('',(#2580,#2581,#2582,#2588,#2596,#2604,#2610,#2611));
#2580 = ORIENTED_EDGE('',*,*,#823,.T.);
#2581 = ORIENTED_EDGE('',*,*,#2566,.F.);
#2582 = ORIENTED_EDGE('',*,*,#2583,.T.);
#2583 = EDGE_CURVE('',#2558,#2309,#2584,.T.);
#2584 = LINE('',#2585,#2586);
#2585 = CARTESIAN_POINT('',(-9.,-155.,5.));
#2586 = VECTOR('',#2587,1.);
#2587 = DIRECTION('',(0.,1.,0.));
#2588 = ORIENTED_EDGE('',*,*,#2589,.F.);
#2589 = EDGE_CURVE('',#2590,#2309,#2592,.T.);
#2590 = VERTEX_POINT('',#2591);
#2591 = CARTESIAN_POINT('',(-9.,-72.,-5.));
#2592 = LINE('',#2593,#2594);
#2593 = CARTESIAN_POINT('',(-9.,-72.,-6.5));
#2594 = VECTOR('',#2595,1.);
#2595 = DIRECTION('',(0.,0.,1.));
#2596 = ORIENTED_EDGE('',*,*,#2597,.F.);
#2597 = EDGE_CURVE('',#2598,#2590,#2600,.T.);
#2598 = VERTEX_POINT('',#2599);
#2599 = CARTESIAN_POINT('',(-9.,-153.,-5.));
#2600 = LINE('',#2601,#2602);
#2601 = CARTESIAN_POINT('',(-9.,-155.,-5.));
#2602 = VECTOR('',#2603,1.);
#2603 = DIRECTION('',(0.,1.,0.));
#2604 = ORIENTED_EDGE('',*,*,#2605,.F.);
#2605 = EDGE_CURVE('',#975,#2598,#2606,.T.);
#2606 = LINE('',#2607,#2608);
#2607 = CARTESIAN_POINT('',(-9.,-153.,-6.));
#2608 = VECTOR('',#2609,1.);
#2609 = DIRECTION('',(0.,0.,1.));
#2610 = ORIENTED_EDGE('',*,*,#1057,.F.);
#2611 = ORIENTED_EDGE('',*,*,#895,.T.);
#2612 = PLANE('',#2613);
#2613 = AXIS2_PLACEMENT_3D('',#2614,#2615,#2616);
#2614 = CARTESIAN_POINT('',(-9.,-118.8737497994,3.1E-16));
#2615 = DIRECTION('',(-1.,-0.,-0.));
#2616 = DIRECTION('',(0.,0.,-1.));
#2617 = ADVANCED_FACE('',(#2618),#2624,.T.);
#2618 = FACE_BOUND('',#2619,.T.);
#2619 = EDGE_LOOP('',(#2620,#2621,#2622,#2623));
#2620 = ORIENTED_EDGE('',*,*,#1071,.F.);
#2621 = ORIENTED_EDGE('',*,*,#2300,.T.);
#2622 = ORIENTED_EDGE('',*,*,#854,.F.);
#2623 = ORIENTED_EDGE('',*,*,#946,.F.);
#2624 = SPHERICAL_SURFACE('',#2625,2.);
#2625 = AXIS2_PLACEMENT_3D('',#2626,#2627,#2628);
#2626 = CARTESIAN_POINT('',(7.,-70.,5.));
#2627 = DIRECTION('',(-0.,-0.,-1.));
#2628 = DIRECTION('',(1.,0.,0.));
#2629 = ADVANCED_FACE('',(#2630),#2636,.T.);
#2630 = FACE_BOUND('',#2631,.T.);
#2631 = EDGE_LOOP('',(#2632,#2633,#2634,#2635));
#2632 = ORIENTED_EDGE('',*,*,#2557,.T.);
#2633 = ORIENTED_EDGE('',*,*,#871,.T.);
#2634 = ORIENTED_EDGE('',*,*,#2308,.F.);
#2635 = ORIENTED_EDGE('',*,*,#2583,.F.);
#2636 = CYLINDRICAL_SURFACE('',#2637,1.);
#2637 = AXIS2_PLACEMENT_3D('',#2638,#2639,#2640);
#2638 = CARTESIAN_POINT('',(-8.,-155.,5.));
#2639 = DIRECTION('',(0.,1.,0.));
#2640 = DIRECTION('',(-1.,0.,0.));
#2641 = ADVANCED_FACE('',(#2642,#2645),#2648,.F.);
#2642 = FACE_BOUND('',#2643,.F.);
#2643 = EDGE_LOOP('',(#2644));
#2644 = ORIENTED_EDGE('',*,*,#912,.T.);
#2645 = FACE_BOUND('',#2646,.F.);
#2646 = EDGE_LOOP('',(#2647));
#2647 = ORIENTED_EDGE('',*,*,#2068,.F.);
#2648 = PLANE('',#2649);
#2649 = AXIS2_PLACEMENT_3D('',#2650,#2651,#2652);
#2650 = CARTESIAN_POINT('',(-11.,-172.,0.));
#2651 = DIRECTION('',(1.,0.,0.));
#2652 = DIRECTION('',(0.,0.,1.));
#2653 = ADVANCED_FACE('',(#2654),#2665,.T.);
#2654 = FACE_BOUND('',#2655,.T.);
#2655 = EDGE_LOOP('',(#2656,#2657,#2658));
#2656 = ORIENTED_EDGE('',*,*,#974,.F.);
#2657 = ORIENTED_EDGE('',*,*,#2605,.T.);
#2658 = ORIENTED_EDGE('',*,*,#2659,.F.);
#2659 = EDGE_CURVE('',#977,#2598,#2660,.T.);
#2660 = CIRCLE('',#2661,1.);
#2661 = AXIS2_PLACEMENT_3D('',#2662,#2663,#2664);
#2662 = CARTESIAN_POINT('',(-8.,-153.,-5.));
#2663 = DIRECTION('',(0.,1.,-0.));
#2664 = DIRECTION('',(-1.,0.,0.));
#2665 = PLANE('',#2666);
#2666 = AXIS2_PLACEMENT_3D('',#2667,#2668,#2669);
#2667 = CARTESIAN_POINT('',(-9.,-153.,-6.));
#2668 = DIRECTION('',(0.,1.,0.));
#2669 = DIRECTION('',(0.,0.,1.));
#2670 = ADVANCED_FACE('',(#2671),#2706,.T.);
#2671 = FACE_BOUND('',#2672,.F.);
#2672 = EDGE_LOOP('',(#2673,#2674,#2675,#2705));
#2673 = ORIENTED_EDGE('',*,*,#2659,.F.);
#2674 = ORIENTED_EDGE('',*,*,#984,.T.);
#2675 = ORIENTED_EDGE('',*,*,#2676,.F.);
#2676 = EDGE_CURVE('',#2590,#985,#2677,.T.);
#2677 = B_SPLINE_CURVE_WITH_KNOTS('',6,(#2678,#2679,#2680,#2681,#2682,
    #2683,#2684,#2685,#2686,#2687,#2688,#2689,#2690,#2691,#2692,#2693,
    #2694,#2695,#2696,#2697,#2698,#2699,#2700,#2701,#2702,#2703,#2704),
  .UNSPECIFIED.,.F.,.F.,(7,5,5,5,5,7),(0.,0.274210682671,0.379303277249,
    0.449436454268,0.621678663534,1.),.UNSPECIFIED.);
#2678 = CARTESIAN_POINT('',(-9.,-72.,-5.));
#2679 = CARTESIAN_POINT('',(-9.,-72.,-5.078821409952));
#2680 = CARTESIAN_POINT('',(-8.992544636755,-71.99627222204,
    -5.157369629081));
#2681 = CARTESIAN_POINT('',(-8.977730726939,-71.98886572148,
    -5.234516963771));
#2682 = CARTESIAN_POINT('',(-8.955948994015,-71.97813006114,
    -5.309156328432));
#2683 = CARTESIAN_POINT('',(-8.927880408968,-71.96470984643,
    -5.380263274095));
#2684 = CARTESIAN_POINT('',(-8.881768542146,-71.94355007764,
    -5.472547605809));
#2685 = CARTESIAN_POINT('',(-8.868197012557,-71.9374016141,
    -5.49751514533));
#2686 = CARTESIAN_POINT('',(-8.853867241796,-71.93100431014,
    -5.521859186305));
#2687 = CARTESIAN_POINT('',(-8.838816563606,-71.92439575917,
    -5.545559537511));
#2688 = CARTESIAN_POINT('',(-8.823082454747,-71.91761420827,
    -5.568597869429));
#2689 = CARTESIAN_POINT('',(-8.795771452595,-71.90608342306,
    -5.60587947882));
#2690 = CARTESIAN_POINT('',(-8.784551658536,-71.90140805566,
    -5.620500558127));
#2691 = CARTESIAN_POINT('',(-8.773053343039,-71.89668354971,
    -5.634817274406));
#2692 = CARTESIAN_POINT('',(-8.761286250638,-71.89192084833,
    -5.648826441481));
#2693 = CARTESIAN_POINT('',(-8.749259680173,-71.88713074395,
    -5.662525364757));
#2694 = CARTESIAN_POINT('',(-8.706830546089,-71.87051855036,
    -5.708788097199));
#2695 = CARTESIAN_POINT('',(-8.675168542579,-71.8586127357,
    -5.739777891457));
#2696 = CARTESIAN_POINT('',(-8.642124613791,-71.84676258326,
    -5.768851193995));
#2697 = CARTESIAN_POINT('',(-8.607816081222,-71.83512056267,
    -5.795982662386));
#2698 = CARTESIAN_POINT('',(-8.572350514074,-71.82383322829,
    -5.821149268546));
#2699 = CARTESIAN_POINT('',(-8.455604285759,-71.78932996723,
    -5.89523867795));
#2700 = CARTESIAN_POINT('',(-8.369940542438,-71.76790095647,
    -5.936771382891));
#2701 = CARTESIAN_POINT('',(-8.280280476541,-71.75039250611,
    -5.96823263954));
#2702 = CARTESIAN_POINT('',(-8.187957557239,-71.73819197209,
    -5.989362816793));
#2703 = CARTESIAN_POINT('',(-8.094152608275,-71.73205080756,-6.));
#2704 = CARTESIAN_POINT('',(-8.,-71.73205080756,-6.));
#2705 = ORIENTED_EDGE('',*,*,#2597,.F.);
#2706 = CYLINDRICAL_SURFACE('',#2707,1.);
#2707 = AXIS2_PLACEMENT_3D('',#2708,#2709,#2710);
#2708 = CARTESIAN_POINT('',(-8.,-155.,-5.));
#2709 = DIRECTION('',(0.,1.,0.));
#2710 = DIRECTION('',(-1.,0.,0.));
#2711 = ADVANCED_FACE('',(#2712),#2769,.T.);
#2712 = FACE_BOUND('',#2713,.T.);
#2713 = EDGE_LOOP('',(#2714,#2729,#2735,#2742,#2743,#2744,#2752));
#2714 = ORIENTED_EDGE('',*,*,#2715,.T.);
#2715 = EDGE_CURVE('',#2716,#2718,#2720,.T.);
#2716 = VERTEX_POINT('',#2717);
#2717 = CARTESIAN_POINT('',(-43.07837401694,-71.,-6.732050807569));
#2718 = VERTEX_POINT('',#2719);
#2719 = CARTESIAN_POINT('',(-43.35424868893,-70.,-7.));
#2720 = B_SPLINE_CURVE_WITH_KNOTS('',7,(#2721,#2722,#2723,#2724,#2725,
    #2726,#2727,#2728),.UNSPECIFIED.,.F.,.F.,(8,8),(0.,1.),
  .PIECEWISE_BEZIER_KNOTS.);
#2721 = CARTESIAN_POINT('',(-43.07837369301,-71.0000006,-6.732050461159)
  );
#2722 = CARTESIAN_POINT('',(-43.14614265864,-70.87447650851,
    -6.804521887142));
#2723 = CARTESIAN_POINT('',(-43.20904953401,-70.74072969839,
    -6.867590017163));
#2724 = CARTESIAN_POINT('',(-43.26394880422,-70.60042293313,
    -6.919444000709));
#2725 = CARTESIAN_POINT('',(-43.30790797597,-70.45513524242,
    -6.959130534515));
#2726 = CARTESIAN_POINT('',(-43.33854065425,-70.30607719634,
    -6.986146987293));
#2727 = CARTESIAN_POINT('',(-43.35424868893,-70.15410393716,-7.));
#2728 = CARTESIAN_POINT('',(-43.35424868893,-70.,-7.));
#2729 = ORIENTED_EDGE('',*,*,#2730,.T.);
#2730 = EDGE_CURVE('',#2718,#1523,#2731,.T.);
#2731 = LINE('',#2732,#2733);
#2732 = CARTESIAN_POINT('',(-52.,-70.,-7.));
#2733 = VECTOR('',#2734,1.);
#2734 = DIRECTION('',(1.,0.,0.));
#2735 = ORIENTED_EDGE('',*,*,#2736,.T.);
#2736 = EDGE_CURVE('',#1523,#993,#2737,.T.);
#2737 = CIRCLE('',#2738,2.);
#2738 = AXIS2_PLACEMENT_3D('',#2739,#2740,#2741);
#2739 = CARTESIAN_POINT('',(7.,-70.,-5.));
#2740 = DIRECTION('',(-1.,-6.E-17,0.));
#2741 = DIRECTION('',(6.E-17,-1.,0.));
#2742 = ORIENTED_EDGE('',*,*,#992,.F.);
#2743 = ORIENTED_EDGE('',*,*,#2676,.F.);
#2744 = ORIENTED_EDGE('',*,*,#2745,.F.);
#2745 = EDGE_CURVE('',#2746,#2590,#2748,.T.);
#2746 = VERTEX_POINT('',#2747);
#2747 = CARTESIAN_POINT('',(-42.25834261322,-72.,-5.));
#2748 = LINE('',#2749,#2750);
#2749 = CARTESIAN_POINT('',(-52.,-72.,-5.));
#2750 = VECTOR('',#2751,1.);
#2751 = DIRECTION('',(1.,0.,0.));
#2752 = ORIENTED_EDGE('',*,*,#2753,.T.);
#2753 = EDGE_CURVE('',#2746,#2716,#2754,.T.);
#2754 = B_SPLINE_CURVE_WITH_KNOTS('',7,(#2755,#2756,#2757,#2758,#2759,
    #2760,#2761,#2762,#2763,#2764,#2765,#2766,#2767,#2768),
  .UNSPECIFIED.,.F.,.F.,(8,6,8),(0.,0.342811219459,1.),.UNSPECIFIED.);
#2755 = CARTESIAN_POINT('',(-42.25834261322,-72.,-5.));
#2756 = CARTESIAN_POINT('',(-42.28743307507,-72.,-5.108846541451));
#2757 = CARTESIAN_POINT('',(-42.31842024853,-71.99308863757,
    -5.216891436971));
#2758 = CARTESIAN_POINT('',(-42.35117335104,-71.97945029705,
    -5.323597343085));
#2759 = CARTESIAN_POINT('',(-42.38556046433,-71.95931877029,
    -5.428477450939));
#2760 = CARTESIAN_POINT('',(-42.42144952696,-71.93296512117,
    -5.53109401883));
#2761 = CARTESIAN_POINT('',(-42.45870932698,-71.90068555019,
    -5.631056904747));
#2762 = CARTESIAN_POINT('',(-42.57101944192,-71.79013989407,
    -5.913909940624));
#2763 = CARTESIAN_POINT('',(-42.64937153447,-71.69686791774,
    -6.088733134308));
#2764 = CARTESIAN_POINT('',(-42.73139221599,-71.58513534146,
    -6.250181905666));
#2765 = CARTESIAN_POINT('',(-42.81620950595,-71.4572637176,
    -6.396437087216));
#2766 = CARTESIAN_POINT('',(-42.90292958753,-71.31562048024,
    -6.526106620635));
#2767 = CARTESIAN_POINT('',(-42.99063250854,-71.16251803784,
    -6.638220974671));
#2768 = CARTESIAN_POINT('',(-43.07837401694,-71.,-6.732050807569));
#2769 = CYLINDRICAL_SURFACE('',#2770,2.);
#2770 = AXIS2_PLACEMENT_3D('',#2771,#2772,#2773);
#2771 = CARTESIAN_POINT('',(-52.,-70.,-5.));
#2772 = DIRECTION('',(1.,0.,0.));
#2773 = DIRECTION('',(0.,-1.,0.));
#2774 = ADVANCED_FACE('',(#2775),#2781,.T.);
#2775 = FACE_BOUND('',#2776,.F.);
#2776 = EDGE_LOOP('',(#2777,#2778,#2779,#2780));
#2777 = ORIENTED_EDGE('',*,*,#1522,.F.);
#2778 = ORIENTED_EDGE('',*,*,#2736,.T.);
#2779 = ORIENTED_EDGE('',*,*,#1000,.T.);
#2780 = ORIENTED_EDGE('',*,*,#1453,.F.);
#2781 = SPHERICAL_SURFACE('',#2782,2.);
#2782 = AXIS2_PLACEMENT_3D('',#2783,#2784,#2785);
#2783 = CARTESIAN_POINT('',(7.,-70.,-5.));
#2784 = DIRECTION('',(0.,0.,1.));
#2785 = DIRECTION('',(1.,0.,0.));
#2786 = ADVANCED_FACE('',(#2787),#2798,.F.);
#2787 = FACE_BOUND('',#2788,.F.);
#2788 = EDGE_LOOP('',(#2789,#2790,#2796,#2797));
#2789 = ORIENTED_EDGE('',*,*,#1157,.F.);
#2790 = ORIENTED_EDGE('',*,*,#2791,.T.);
#2791 = EDGE_CURVE('',#1150,#1376,#2792,.T.);
#2792 = LINE('',#2793,#2794);
#2793 = CARTESIAN_POINT('',(-1.,-95.,-10.));
#2794 = VECTOR('',#2795,1.);
#2795 = DIRECTION('',(0.,1.,0.));
#2796 = ORIENTED_EDGE('',*,*,#1383,.T.);
#2797 = ORIENTED_EDGE('',*,*,#1025,.F.);
#2798 = PLANE('',#2799);
#2799 = AXIS2_PLACEMENT_3D('',#2800,#2801,#2802);
#2800 = CARTESIAN_POINT('',(-1.,-95.,-10.));
#2801 = DIRECTION('',(1.,0.,0.));
#2802 = DIRECTION('',(0.,0.,1.));
#2803 = ADVANCED_FACE('',(#2804),#2822,.T.);
#2804 = FACE_BOUND('',#2805,.T.);
#2805 = EDGE_LOOP('',(#2806,#2807,#2815,#2821));
#2806 = ORIENTED_EDGE('',*,*,#1139,.F.);
#2807 = ORIENTED_EDGE('',*,*,#2808,.T.);
#2808 = EDGE_CURVE('',#1140,#2809,#2811,.T.);
#2809 = VERTEX_POINT('',#2810);
#2810 = CARTESIAN_POINT('',(65.330101447889,-104.2243609214,-10.));
#2811 = LINE('',#2812,#2813);
#2812 = CARTESIAN_POINT('',(52.711419848166,-86.20301594709,-10.));
#2813 = VECTOR('',#2814,1.);
#2814 = DIRECTION('',(0.573576436351,-0.819152044289,0.));
#2815 = ORIENTED_EDGE('',*,*,#2816,.T.);
#2816 = EDGE_CURVE('',#2809,#1216,#2817,.T.);
#2817 = LINE('',#2818,#2819);
#2818 = CARTESIAN_POINT('',(65.330101447889,-104.2243609214,-10.));
#2819 = VECTOR('',#2820,1.);
#2820 = DIRECTION('',(0.,0.,1.));
#2821 = ORIENTED_EDGE('',*,*,#1215,.F.);
#2822 = PLANE('',#2823);
#2823 = AXIS2_PLACEMENT_3D('',#2824,#2825,#2826);
#2824 = CARTESIAN_POINT('',(52.711419848166,-86.20301594709,-10.));
#2825 = DIRECTION('',(-0.819152044289,-0.573576436351,0.));
#2826 = DIRECTION('',(0.,0.,1.));
#2827 = ADVANCED_FACE('',(#2828,#2864,#2875),#2886,.T.);
#2828 = FACE_BOUND('',#2829,.T.);
#2829 = EDGE_LOOP('',(#2830,#2831,#2839,#2847,#2855,#2861,#2862,#2863));
#2830 = ORIENTED_EDGE('',*,*,#1375,.T.);
#2831 = ORIENTED_EDGE('',*,*,#2832,.F.);
#2832 = EDGE_CURVE('',#2833,#1368,#2835,.T.);
#2833 = VERTEX_POINT('',#2834);
#2834 = CARTESIAN_POINT('',(63.,-78.9988745673,-10.));
#2835 = LINE('',#2836,#2837);
#2836 = CARTESIAN_POINT('',(63.,-95.,-10.));
#2837 = VECTOR('',#2838,1.);
#2838 = DIRECTION('',(0.,1.,0.));
#2839 = ORIENTED_EDGE('',*,*,#2840,.F.);
#2840 = EDGE_CURVE('',#2841,#2833,#2843,.T.);
#2841 = VERTEX_POINT('',#2842);
#2842 = CARTESIAN_POINT('',(63.360396423923,-78.74652227453,-10.));
#2843 = LINE('',#2844,#2845);
#2844 = CARTESIAN_POINT('',(63.360396423923,-78.74652227453,-10.));
#2845 = VECTOR('',#2846,1.);
#2846 = DIRECTION('',(-0.819152044289,-0.573576436351,0.));
#2847 = ORIENTED_EDGE('',*,*,#2848,.T.);
#2848 = EDGE_CURVE('',#2841,#2849,#2851,.T.);
#2849 = VERTEX_POINT('',#2850);
#2850 = CARTESIAN_POINT('',(75.979078023646,-96.76786724888,-10.));
#2851 = LINE('',#2852,#2853);
#2852 = CARTESIAN_POINT('',(63.360396423923,-78.74652227453,-10.));
#2853 = VECTOR('',#2854,1.);
#2854 = DIRECTION('',(0.573576436351,-0.819152044289,0.));
#2855 = ORIENTED_EDGE('',*,*,#2856,.T.);
#2856 = EDGE_CURVE('',#2849,#2809,#2857,.T.);
#2857 = LINE('',#2858,#2859);
#2858 = CARTESIAN_POINT('',(75.979078023646,-96.76786724888,-10.));
#2859 = VECTOR('',#2860,1.);
#2860 = DIRECTION('',(-0.819152044289,-0.573576436351,0.));
#2861 = ORIENTED_EDGE('',*,*,#2808,.F.);
#2862 = ORIENTED_EDGE('',*,*,#1149,.F.);
#2863 = ORIENTED_EDGE('',*,*,#2791,.T.);
#2864 = FACE_BOUND('',#2865,.T.);
#2865 = EDGE_LOOP('',(#2866));
#2866 = ORIENTED_EDGE('',*,*,#2867,.T.);
#2867 = EDGE_CURVE('',#2868,#2868,#2870,.T.);
#2868 = VERTEX_POINT('',#2869);
#2869 = CARTESIAN_POINT('',(71.207375468704,-94.27004853252,-10.));
#2870 = CIRCLE('',#2871,1.25);
#2871 = AXIS2_PLACEMENT_3D('',#2872,#2873,#2874);
#2872 = CARTESIAN_POINT('',(69.957375468704,-94.27004853252,-10.));
#2873 = DIRECTION('',(0.,0.,1.));
#2874 = DIRECTION('',(1.,0.,0.));
#2875 = FACE_BOUND('',#2876,.T.);
#2876 = EDGE_LOOP('',(#2877));
#2877 = ORIENTED_EDGE('',*,*,#2878,.T.);
#2878 = EDGE_CURVE('',#2879,#2879,#2881,.T.);
#2879 = VERTEX_POINT('',#2880);
#2880 = CARTESIAN_POINT('',(64.898034668842,-85.25937604534,-10.));
#2881 = CIRCLE('',#2882,1.25);
#2882 = AXIS2_PLACEMENT_3D('',#2883,#2884,#2885);
#2883 = CARTESIAN_POINT('',(63.648034668842,-85.25937604534,-10.));
#2884 = DIRECTION('',(0.,0.,1.));
#2885 = DIRECTION('',(1.,0.,0.));
#2886 = PLANE('',#2887);
#2887 = AXIS2_PLACEMENT_3D('',#2888,#2889,#2890);
#2888 = CARTESIAN_POINT('',(36.745820907012,-87.70070639075,-10.));
#2889 = DIRECTION('',(-0.,-0.,-1.));
#2890 = DIRECTION('',(-1.,0.,0.));
#2891 = ADVANCED_FACE('',(#2892),#2903,.T.);
#2892 = FACE_BOUND('',#2893,.T.);
#2893 = EDGE_LOOP('',(#2894,#2900,#2901,#2902));
#2894 = ORIENTED_EDGE('',*,*,#2895,.T.);
#2895 = EDGE_CURVE('',#1308,#2833,#2896,.T.);
#2896 = LINE('',#2897,#2898);
#2897 = CARTESIAN_POINT('',(63.,-78.9988745673,-10.));
#2898 = VECTOR('',#2899,1.);
#2899 = DIRECTION('',(0.,0.,-1.));
#2900 = ORIENTED_EDGE('',*,*,#2832,.T.);
#2901 = ORIENTED_EDGE('',*,*,#1367,.T.);
#2902 = ORIENTED_EDGE('',*,*,#1315,.F.);
#2903 = PLANE('',#2904);
#2904 = AXIS2_PLACEMENT_3D('',#2905,#2906,#2907);
#2905 = CARTESIAN_POINT('',(63.,-95.,-10.));
#2906 = DIRECTION('',(1.,0.,0.));
#2907 = DIRECTION('',(0.,0.,1.));
#2908 = ADVANCED_FACE('',(#2909),#2920,.F.);
#2909 = FACE_BOUND('',#2910,.F.);
#2910 = EDGE_LOOP('',(#2911,#2912,#2918,#2919));
#2911 = ORIENTED_EDGE('',*,*,#2840,.F.);
#2912 = ORIENTED_EDGE('',*,*,#2913,.T.);
#2913 = EDGE_CURVE('',#2841,#1300,#2914,.T.);
#2914 = LINE('',#2915,#2916);
#2915 = CARTESIAN_POINT('',(63.360396423923,-78.74652227453,-10.));
#2916 = VECTOR('',#2917,1.);
#2917 = DIRECTION('',(0.,0.,1.));
#2918 = ORIENTED_EDGE('',*,*,#1307,.T.);
#2919 = ORIENTED_EDGE('',*,*,#2895,.T.);
#2920 = PLANE('',#2921);
#2921 = AXIS2_PLACEMENT_3D('',#2922,#2923,#2924);
#2922 = CARTESIAN_POINT('',(63.360396423923,-78.74652227453,-10.));
#2923 = DIRECTION('',(0.573576436351,-0.819152044289,0.));
#2924 = DIRECTION('',(0.,0.,1.));
#2925 = ADVANCED_FACE('',(#2926),#2960,.T.);
#2926 = FACE_BOUND('',#2927,.T.);
#2927 = EDGE_LOOP('',(#2928,#2929,#2930,#2938,#2946,#2952,#2953,#2959));
#2928 = ORIENTED_EDGE('',*,*,#2913,.T.);
#2929 = ORIENTED_EDGE('',*,*,#1299,.T.);
#2930 = ORIENTED_EDGE('',*,*,#2931,.T.);
#2931 = EDGE_CURVE('',#1291,#2932,#2934,.T.);
#2932 = VERTEX_POINT('',#2933);
#2933 = CARTESIAN_POINT('',(68.866730212893,-86.6103818997,-2.));
#2934 = LINE('',#2935,#2936);
#2935 = CARTESIAN_POINT('',(68.866730212893,-86.6103818997,-4.));
#2936 = VECTOR('',#2937,1.);
#2937 = DIRECTION('',(0.,0.,1.));
#2938 = ORIENTED_EDGE('',*,*,#2939,.T.);
#2939 = EDGE_CURVE('',#2932,#2940,#2942,.T.);
#2940 = VERTEX_POINT('',#2941);
#2941 = CARTESIAN_POINT('',(70.472744234676,-88.90400762371,-2.));
#2942 = LINE('',#2943,#2944);
#2943 = CARTESIAN_POINT('',(68.522584351082,-86.11889067313,-2.));
#2944 = VECTOR('',#2945,1.);
#2945 = DIRECTION('',(0.573576436351,-0.819152044289,0.));
#2946 = ORIENTED_EDGE('',*,*,#2947,.F.);
#2947 = EDGE_CURVE('',#1232,#2940,#2948,.T.);
#2948 = LINE('',#2949,#2950);
#2949 = CARTESIAN_POINT('',(70.472744234676,-88.90400762371,-4.));
#2950 = VECTOR('',#2951,1.);
#2951 = DIRECTION('',(0.,0.,1.));
#2952 = ORIENTED_EDGE('',*,*,#1231,.T.);
#2953 = ORIENTED_EDGE('',*,*,#2954,.F.);
#2954 = EDGE_CURVE('',#2849,#1224,#2955,.T.);
#2955 = LINE('',#2956,#2957);
#2956 = CARTESIAN_POINT('',(75.979078023646,-96.76786724888,-10.));
#2957 = VECTOR('',#2958,1.);
#2958 = DIRECTION('',(0.,0.,1.));
#2959 = ORIENTED_EDGE('',*,*,#2848,.F.);
#2960 = PLANE('',#2961);
#2961 = AXIS2_PLACEMENT_3D('',#2962,#2963,#2964);
#2962 = CARTESIAN_POINT('',(69.669737223784,-87.75719476171,-6.64));
#2963 = DIRECTION('',(0.819152044289,0.573576436351,-1.97E-15));
#2964 = DIRECTION('',(-0.573576436351,0.819152044289,0.));
#2965 = ADVANCED_FACE('',(#2966),#2985,.T.);
#2966 = FACE_BOUND('',#2967,.T.);
#2967 = EDGE_LOOP('',(#2968,#2969,#2977,#2984));
#2968 = ORIENTED_EDGE('',*,*,#1290,.T.);
#2969 = ORIENTED_EDGE('',*,*,#2970,.T.);
#2970 = EDGE_CURVE('',#1283,#2971,#2973,.T.);
#2971 = VERTEX_POINT('',#2972);
#2972 = CARTESIAN_POINT('',(68.031093124509,-86.46303653494,-2.));
#2973 = LINE('',#2974,#2975);
#2974 = CARTESIAN_POINT('',(68.031093124509,-86.46303653494,-4.));
#2975 = VECTOR('',#2976,1.);
#2976 = DIRECTION('',(0.,0.,1.));
#2977 = ORIENTED_EDGE('',*,*,#2978,.F.);
#2978 = EDGE_CURVE('',#2932,#2971,#2979,.T.);
#2979 = CIRCLE('',#2980,0.6);
#2980 = AXIS2_PLACEMENT_3D('',#2981,#2982,#2983);
#2981 = CARTESIAN_POINT('',(68.375238986319,-86.95452776151,-2.));
#2982 = DIRECTION('',(0.,0.,1.));
#2983 = DIRECTION('',(-0.573576436351,0.819152044289,0.));
#2984 = ORIENTED_EDGE('',*,*,#2931,.F.);
#2985 = CYLINDRICAL_SURFACE('',#2986,0.6);
#2986 = AXIS2_PLACEMENT_3D('',#2987,#2988,#2989);
#2987 = CARTESIAN_POINT('',(68.375238986319,-86.95452776151,-4.));
#2988 = DIRECTION('',(0.,0.,1.));
#2989 = DIRECTION('',(0.819152044289,0.573576436351,0.));
#2990 = ADVANCED_FACE('',(#2991),#3009,.F.);
#2991 = FACE_BOUND('',#2992,.F.);
#2992 = EDGE_LOOP('',(#2993,#2994,#2995,#3003));
#2993 = ORIENTED_EDGE('',*,*,#1282,.F.);
#2994 = ORIENTED_EDGE('',*,*,#2970,.T.);
#2995 = ORIENTED_EDGE('',*,*,#2996,.T.);
#2996 = EDGE_CURVE('',#2971,#2997,#2999,.T.);
#2997 = VERTEX_POINT('',#2998);
#2998 = CARTESIAN_POINT('',(63.280011267633,-89.78977986577,-2.));
#2999 = LINE('',#3000,#3001);
#3000 = CARTESIAN_POINT('',(68.522584351082,-86.11889067313,-2.));
#3001 = VECTOR('',#3002,1.);
#3002 = DIRECTION('',(-0.819152044289,-0.573576436351,0.));
#3003 = ORIENTED_EDGE('',*,*,#3004,.F.);
#3004 = EDGE_CURVE('',#1274,#2997,#3005,.T.);
#3005 = LINE('',#3006,#3007);
#3006 = CARTESIAN_POINT('',(63.280011267633,-89.78977986577,-4.));
#3007 = VECTOR('',#3008,1.);
#3008 = DIRECTION('',(0.,0.,1.));
#3009 = PLANE('',#3010);
#3010 = AXIS2_PLACEMENT_3D('',#3011,#3012,#3013);
#3011 = CARTESIAN_POINT('',(68.522584351082,-86.11889067313,-4.));
#3012 = DIRECTION('',(0.573576436351,-0.819152044289,0.));
#3013 = DIRECTION('',(0.,0.,1.));
#3014 = ADVANCED_FACE('',(#3015),#3034,.T.);
#3015 = FACE_BOUND('',#3016,.F.);
#3016 = EDGE_LOOP('',(#3017,#3018,#3019,#3028));
#3017 = ORIENTED_EDGE('',*,*,#1273,.T.);
#3018 = ORIENTED_EDGE('',*,*,#3004,.T.);
#3019 = ORIENTED_EDGE('',*,*,#3020,.F.);
#3020 = EDGE_CURVE('',#3021,#2997,#3023,.T.);
#3021 = VERTEX_POINT('',#3022);
#3022 = CARTESIAN_POINT('',(63.13266590287,-90.62541695416,-2.));
#3023 = CIRCLE('',#3024,0.6);
#3024 = AXIS2_PLACEMENT_3D('',#3025,#3026,#3027);
#3025 = CARTESIAN_POINT('',(63.624157129443,-90.28127109235,-2.));
#3026 = DIRECTION('',(0.,0.,-1.));
#3027 = DIRECTION('',(-0.573576436351,0.819152044289,0.));
#3028 = ORIENTED_EDGE('',*,*,#3029,.F.);
#3029 = EDGE_CURVE('',#1266,#3021,#3030,.T.);
#3030 = LINE('',#3031,#3032);
#3031 = CARTESIAN_POINT('',(63.13266590287,-90.62541695416,-4.));
#3032 = VECTOR('',#3033,1.);
#3033 = DIRECTION('',(0.,0.,1.));
#3034 = CYLINDRICAL_SURFACE('',#3035,0.6);
#3035 = AXIS2_PLACEMENT_3D('',#3036,#3037,#3038);
#3036 = CARTESIAN_POINT('',(63.624157129443,-90.28127109235,-4.));
#3037 = DIRECTION('',(0.,0.,1.));
#3038 = DIRECTION('',(-0.819152044289,-0.573576436351,0.));
#3039 = ADVANCED_FACE('',(#3040),#3058,.T.);
#3040 = FACE_BOUND('',#3041,.T.);
#3041 = EDGE_LOOP('',(#3042,#3050,#3051,#3052));
#3042 = ORIENTED_EDGE('',*,*,#3043,.F.);
#3043 = EDGE_CURVE('',#3021,#3044,#3046,.T.);
#3044 = VERTEX_POINT('',#3045);
#3045 = CARTESIAN_POINT('',(64.738679924653,-92.91904267817,-2.));
#3046 = LINE('',#3047,#3048);
#3047 = CARTESIAN_POINT('',(62.788520041059,-90.13392572758,-2.));
#3048 = VECTOR('',#3049,1.);
#3049 = DIRECTION('',(0.573576436351,-0.819152044289,0.));
#3050 = ORIENTED_EDGE('',*,*,#3029,.F.);
#3051 = ORIENTED_EDGE('',*,*,#1265,.T.);
#3052 = ORIENTED_EDGE('',*,*,#3053,.T.);
#3053 = EDGE_CURVE('',#1257,#3044,#3054,.T.);
#3054 = LINE('',#3055,#3056);
#3055 = CARTESIAN_POINT('',(64.738679924653,-92.91904267817,-4.));
#3056 = VECTOR('',#3057,1.);
#3057 = DIRECTION('',(0.,0.,1.));
#3058 = PLANE('',#3059);
#3059 = AXIS2_PLACEMENT_3D('',#3060,#3061,#3062);
#3060 = CARTESIAN_POINT('',(62.788520041059,-90.13392572758,-4.));
#3061 = DIRECTION('',(-0.819152044289,-0.573576436351,0.));
#3062 = DIRECTION('',(0.,0.,1.));
#3063 = ADVANCED_FACE('',(#3064),#3083,.T.);
#3064 = FACE_BOUND('',#3065,.T.);
#3065 = EDGE_LOOP('',(#3066,#3067,#3075,#3082));
#3066 = ORIENTED_EDGE('',*,*,#1256,.T.);
#3067 = ORIENTED_EDGE('',*,*,#3068,.T.);
#3068 = EDGE_CURVE('',#1249,#3069,#3071,.T.);
#3069 = VERTEX_POINT('',#3070);
#3070 = CARTESIAN_POINT('',(65.574317013037,-93.06638804293,-2.));
#3071 = LINE('',#3072,#3073);
#3072 = CARTESIAN_POINT('',(65.574317013037,-93.06638804293,-4.));
#3073 = VECTOR('',#3074,1.);
#3074 = DIRECTION('',(0.,0.,1.));
#3075 = ORIENTED_EDGE('',*,*,#3076,.F.);
#3076 = EDGE_CURVE('',#3044,#3069,#3077,.T.);
#3077 = CIRCLE('',#3078,0.6);
#3078 = AXIS2_PLACEMENT_3D('',#3079,#3080,#3081);
#3079 = CARTESIAN_POINT('',(65.230171151226,-92.57489681636,-2.));
#3080 = DIRECTION('',(0.,0.,1.));
#3081 = DIRECTION('',(-0.573576436351,0.819152044289,0.));
#3082 = ORIENTED_EDGE('',*,*,#3053,.F.);
#3083 = CYLINDRICAL_SURFACE('',#3084,0.6);
#3084 = AXIS2_PLACEMENT_3D('',#3085,#3086,#3087);
#3085 = CARTESIAN_POINT('',(65.230171151226,-92.57489681636,-4.));
#3086 = DIRECTION('',(0.,0.,1.));
#3087 = DIRECTION('',(-0.819152044289,-0.573576436351,0.));
#3088 = ADVANCED_FACE('',(#3089),#3107,.T.);
#3089 = FACE_BOUND('',#3090,.T.);
#3090 = EDGE_LOOP('',(#3091,#3092,#3100,#3106));
#3091 = ORIENTED_EDGE('',*,*,#1248,.F.);
#3092 = ORIENTED_EDGE('',*,*,#3093,.T.);
#3093 = EDGE_CURVE('',#1240,#3094,#3096,.T.);
#3094 = VERTEX_POINT('',#3095);
#3095 = CARTESIAN_POINT('',(70.325398869913,-89.73964471209,-2.));
#3096 = LINE('',#3097,#3098);
#3097 = CARTESIAN_POINT('',(70.325398869913,-89.73964471209,-4.));
#3098 = VECTOR('',#3099,1.);
#3099 = DIRECTION('',(0.,0.,1.));
#3100 = ORIENTED_EDGE('',*,*,#3101,.T.);
#3101 = EDGE_CURVE('',#3094,#3069,#3102,.T.);
#3102 = LINE('',#3103,#3104);
#3103 = CARTESIAN_POINT('',(70.816890096486,-89.39549885028,-2.));
#3104 = VECTOR('',#3105,1.);
#3105 = DIRECTION('',(-0.819152044289,-0.573576436351,0.));
#3106 = ORIENTED_EDGE('',*,*,#3068,.F.);
#3107 = PLANE('',#3108);
#3108 = AXIS2_PLACEMENT_3D('',#3109,#3110,#3111);
#3109 = CARTESIAN_POINT('',(70.816890096486,-89.39549885028,-4.));
#3110 = DIRECTION('',(0.573576436351,-0.819152044289,0.));
#3111 = DIRECTION('',(0.,0.,1.));
#3112 = ADVANCED_FACE('',(#3113),#3125,.T.);
#3113 = FACE_BOUND('',#3114,.F.);
#3114 = EDGE_LOOP('',(#3115,#3116,#3117,#3124));
#3115 = ORIENTED_EDGE('',*,*,#1239,.T.);
#3116 = ORIENTED_EDGE('',*,*,#3093,.T.);
#3117 = ORIENTED_EDGE('',*,*,#3118,.F.);
#3118 = EDGE_CURVE('',#2940,#3094,#3119,.T.);
#3119 = CIRCLE('',#3120,0.6);
#3120 = AXIS2_PLACEMENT_3D('',#3121,#3122,#3123);
#3121 = CARTESIAN_POINT('',(69.981253008102,-89.24815348552,-2.));
#3122 = DIRECTION('',(0.,0.,-1.));
#3123 = DIRECTION('',(-0.573576436351,0.819152044289,0.));
#3124 = ORIENTED_EDGE('',*,*,#2947,.F.);
#3125 = CYLINDRICAL_SURFACE('',#3126,0.6);
#3126 = AXIS2_PLACEMENT_3D('',#3127,#3128,#3129);
#3127 = CARTESIAN_POINT('',(69.981253008102,-89.24815348552,-4.));
#3128 = DIRECTION('',(0.,0.,1.));
#3129 = DIRECTION('',(0.819152044289,0.573576436351,0.));
#3130 = ADVANCED_FACE('',(#3131),#3137,.T.);
#3131 = FACE_BOUND('',#3132,.T.);
#3132 = EDGE_LOOP('',(#3133,#3134,#3135,#3136));
#3133 = ORIENTED_EDGE('',*,*,#2856,.F.);
#3134 = ORIENTED_EDGE('',*,*,#2954,.T.);
#3135 = ORIENTED_EDGE('',*,*,#1223,.T.);
#3136 = ORIENTED_EDGE('',*,*,#2816,.F.);
#3137 = PLANE('',#3138);
#3138 = AXIS2_PLACEMENT_3D('',#3139,#3140,#3141);
#3139 = CARTESIAN_POINT('',(75.979078023646,-96.76786724888,-10.));
#3140 = DIRECTION('',(0.573576436351,-0.819152044289,0.));
#3141 = DIRECTION('',(0.,0.,1.));
#3142 = ADVANCED_FACE('',(#3143),#3154,.F.);
#3143 = FACE_BOUND('',#3144,.F.);
#3144 = EDGE_LOOP('',(#3145,#3146,#3152,#3153));
#3145 = ORIENTED_EDGE('',*,*,#1323,.F.);
#3146 = ORIENTED_EDGE('',*,*,#3147,.F.);
#3147 = EDGE_CURVE('',#2868,#1324,#3148,.T.);
#3148 = LINE('',#3149,#3150);
#3149 = CARTESIAN_POINT('',(71.207375468704,-94.27004853252,-10.1));
#3150 = VECTOR('',#3151,1.);
#3151 = DIRECTION('',(0.,0.,1.));
#3152 = ORIENTED_EDGE('',*,*,#2867,.T.);
#3153 = ORIENTED_EDGE('',*,*,#3147,.T.);
#3154 = CYLINDRICAL_SURFACE('',#3155,1.25);
#3155 = AXIS2_PLACEMENT_3D('',#3156,#3157,#3158);
#3156 = CARTESIAN_POINT('',(69.957375468704,-94.27004853252,-10.1));
#3157 = DIRECTION('',(0.,0.,1.));
#3158 = DIRECTION('',(1.,0.,0.));
#3159 = ADVANCED_FACE('',(#3160),#3171,.F.);
#3160 = FACE_BOUND('',#3161,.F.);
#3161 = EDGE_LOOP('',(#3162,#3163,#3169,#3170));
#3162 = ORIENTED_EDGE('',*,*,#1334,.F.);
#3163 = ORIENTED_EDGE('',*,*,#3164,.F.);
#3164 = EDGE_CURVE('',#2879,#1335,#3165,.T.);
#3165 = LINE('',#3166,#3167);
#3166 = CARTESIAN_POINT('',(64.898034668842,-85.25937604534,-10.1));
#3167 = VECTOR('',#3168,1.);
#3168 = DIRECTION('',(0.,0.,1.));
#3169 = ORIENTED_EDGE('',*,*,#2878,.T.);
#3170 = ORIENTED_EDGE('',*,*,#3164,.T.);
#3171 = CYLINDRICAL_SURFACE('',#3172,1.25);
#3172 = AXIS2_PLACEMENT_3D('',#3173,#3174,#3175);
#3173 = CARTESIAN_POINT('',(63.648034668842,-85.25937604534,-10.1));
#3174 = DIRECTION('',(0.,0.,1.));
#3175 = DIRECTION('',(1.,0.,0.));
#3176 = ADVANCED_FACE('',(#3177),#3204,.T.);
#3177 = FACE_BOUND('',#3178,.T.);
#3178 = EDGE_LOOP('',(#3179,#3180,#3181,#3187,#3188,#3189,#3190,#3198));
#3179 = ORIENTED_EDGE('',*,*,#2518,.T.);
#3180 = ORIENTED_EDGE('',*,*,#2532,.T.);
#3181 = ORIENTED_EDGE('',*,*,#3182,.T.);
#3182 = EDGE_CURVE('',#2533,#1429,#3183,.T.);
#3183 = LINE('',#3184,#3185);
#3184 = CARTESIAN_POINT('',(-9.,153.,-6.));
#3185 = VECTOR('',#3186,1.);
#3186 = DIRECTION('',(0.,0.,1.));
#3187 = ORIENTED_EDGE('',*,*,#1428,.T.);
#3188 = ORIENTED_EDGE('',*,*,#1497,.T.);
#3189 = ORIENTED_EDGE('',*,*,#1630,.F.);
#3190 = ORIENTED_EDGE('',*,*,#3191,.T.);
#3191 = EDGE_CURVE('',#1623,#3192,#3194,.T.);
#3192 = VERTEX_POINT('',#3193);
#3193 = CARTESIAN_POINT('',(-9.,153.,-5.));
#3194 = LINE('',#3195,#3196);
#3195 = CARTESIAN_POINT('',(-9.,153.,-6.));
#3196 = VECTOR('',#3197,1.);
#3197 = DIRECTION('',(0.,0.,1.));
#3198 = ORIENTED_EDGE('',*,*,#3199,.F.);
#3199 = EDGE_CURVE('',#2494,#3192,#3200,.T.);
#3200 = LINE('',#3201,#3202);
#3201 = CARTESIAN_POINT('',(-9.,-155.,-5.));
#3202 = VECTOR('',#3203,1.);
#3203 = DIRECTION('',(0.,1.,0.));
#3204 = PLANE('',#3205);
#3205 = AXIS2_PLACEMENT_3D('',#3206,#3207,#3208);
#3206 = CARTESIAN_POINT('',(-9.,118.87374979942,0.));
#3207 = DIRECTION('',(-1.,-0.,-0.));
#3208 = DIRECTION('',(0.,0.,-1.));
#3209 = ADVANCED_FACE('',(#3210),#3215,.F.);
#3210 = FACE_BOUND('',#3211,.F.);
#3211 = EDGE_LOOP('',(#3212,#3213,#3214));
#3212 = ORIENTED_EDGE('',*,*,#2542,.F.);
#3213 = ORIENTED_EDGE('',*,*,#3182,.T.);
#3214 = ORIENTED_EDGE('',*,*,#1436,.T.);
#3215 = PLANE('',#3216);
#3216 = AXIS2_PLACEMENT_3D('',#3217,#3218,#3219);
#3217 = CARTESIAN_POINT('',(-9.,153.,-6.));
#3218 = DIRECTION('',(0.,1.,0.));
#3219 = DIRECTION('',(0.,0.,1.));
#3220 = ADVANCED_FACE('',(#3221,#3224),#3227,.F.);
#3221 = FACE_BOUND('',#3222,.F.);
#3222 = EDGE_LOOP('',(#3223));
#3223 = ORIENTED_EDGE('',*,*,#1507,.T.);
#3224 = FACE_BOUND('',#3225,.F.);
#3225 = EDGE_LOOP('',(#3226));
#3226 = ORIENTED_EDGE('',*,*,#2043,.F.);
#3227 = PLANE('',#3228);
#3228 = AXIS2_PLACEMENT_3D('',#3229,#3230,#3231);
#3229 = CARTESIAN_POINT('',(-11.,172.,0.));
#3230 = DIRECTION('',(1.,0.,0.));
#3231 = DIRECTION('',(0.,0.,1.));
#3232 = ADVANCED_FACE('',(#3233),#3251,.F.);
#3233 = FACE_BOUND('',#3234,.F.);
#3234 = EDGE_LOOP('',(#3235,#3243,#3244,#3245));
#3235 = ORIENTED_EDGE('',*,*,#3236,.F.);
#3236 = EDGE_CURVE('',#2718,#3237,#3239,.T.);
#3237 = VERTEX_POINT('',#3238);
#3238 = CARTESIAN_POINT('',(-43.35424868893,-56.,-7.));
#3239 = LINE('',#3240,#3241);
#3240 = CARTESIAN_POINT('',(-43.35424868893,-75.,-7.));
#3241 = VECTOR('',#3242,1.);
#3242 = DIRECTION('',(0.,1.,0.));
#3243 = ORIENTED_EDGE('',*,*,#2730,.T.);
#3244 = ORIENTED_EDGE('',*,*,#1531,.T.);
#3245 = ORIENTED_EDGE('',*,*,#3246,.F.);
#3246 = EDGE_CURVE('',#3237,#1532,#3247,.T.);
#3247 = LINE('',#3248,#3249);
#3248 = CARTESIAN_POINT('',(-52.,-56.,-7.));
#3249 = VECTOR('',#3250,1.);
#3250 = DIRECTION('',(1.,0.,0.));
#3251 = PLANE('',#3252);
#3252 = AXIS2_PLACEMENT_3D('',#3253,#3254,#3255);
#3253 = CARTESIAN_POINT('',(-52.,-72.,-7.));
#3254 = DIRECTION('',(0.,0.,1.));
#3255 = DIRECTION('',(1.,0.,0.));
#3256 = ADVANCED_FACE('',(#3257),#3277,.T.);
#3257 = FACE_BOUND('',#3258,.T.);
#3258 = EDGE_LOOP('',(#3259,#3260,#3269,#3276));
#3259 = ORIENTED_EDGE('',*,*,#1539,.F.);
#3260 = ORIENTED_EDGE('',*,*,#3261,.T.);
#3261 = EDGE_CURVE('',#1532,#3262,#3264,.T.);
#3262 = VERTEX_POINT('',#3263);
#3263 = CARTESIAN_POINT('',(7.,-54.26794919243,-6.));
#3264 = CIRCLE('',#3265,2.);
#3265 = AXIS2_PLACEMENT_3D('',#3266,#3267,#3268);
#3266 = CARTESIAN_POINT('',(7.,-56.,-5.));
#3267 = DIRECTION('',(1.,-6.E-17,0.));
#3268 = DIRECTION('',(6.E-17,1.,0.));
#3269 = ORIENTED_EDGE('',*,*,#3270,.F.);
#3270 = EDGE_CURVE('',#1557,#3262,#3271,.T.);
#3271 = CIRCLE('',#3272,1.732050807569);
#3272 = AXIS2_PLACEMENT_3D('',#3273,#3274,#3275);
#3273 = CARTESIAN_POINT('',(7.,-56.,-6.));
#3274 = DIRECTION('',(0.,0.,1.));
#3275 = DIRECTION('',(1.,0.,0.));
#3276 = ORIENTED_EDGE('',*,*,#1556,.F.);
#3277 = SPHERICAL_SURFACE('',#3278,2.);
#3278 = AXIS2_PLACEMENT_3D('',#3279,#3280,#3281);
#3279 = CARTESIAN_POINT('',(7.,-56.,-5.));
#3280 = DIRECTION('',(0.,0.,1.));
#3281 = DIRECTION('',(1.,0.,0.));
#3282 = ADVANCED_FACE('',(#3283),#3303,.T.);
#3283 = FACE_BOUND('',#3284,.F.);
#3284 = EDGE_LOOP('',(#3285,#3286,#3295,#3302));
#3285 = ORIENTED_EDGE('',*,*,#1709,.F.);
#3286 = ORIENTED_EDGE('',*,*,#3287,.T.);
#3287 = EDGE_CURVE('',#1710,#3288,#3290,.T.);
#3288 = VERTEX_POINT('',#3289);
#3289 = CARTESIAN_POINT('',(7.,54.267949192431,-6.));
#3290 = CIRCLE('',#3291,2.);
#3291 = AXIS2_PLACEMENT_3D('',#3292,#3293,#3294);
#3292 = CARTESIAN_POINT('',(7.,56.,-5.));
#3293 = DIRECTION('',(-1.,-6.E-17,0.));
#3294 = DIRECTION('',(6.E-17,-1.,0.));
#3295 = ORIENTED_EDGE('',*,*,#3296,.T.);
#3296 = EDGE_CURVE('',#3288,#1578,#3297,.T.);
#3297 = CIRCLE('',#3298,1.732050807569);
#3298 = AXIS2_PLACEMENT_3D('',#3299,#3300,#3301);
#3299 = CARTESIAN_POINT('',(7.,56.,-6.));
#3300 = DIRECTION('',(0.,0.,1.));
#3301 = DIRECTION('',(1.,0.,0.));
#3302 = ORIENTED_EDGE('',*,*,#1585,.F.);
#3303 = SPHERICAL_SURFACE('',#3304,2.);
#3304 = AXIS2_PLACEMENT_3D('',#3305,#3306,#3307);
#3305 = CARTESIAN_POINT('',(7.,56.,-5.));
#3306 = DIRECTION('',(0.,0.,1.));
#3307 = DIRECTION('',(1.,0.,0.));
#3308 = ADVANCED_FACE('',(#3309),#3336,.F.);
#3309 = FACE_BOUND('',#3310,.F.);
#3310 = EDGE_LOOP('',(#3311,#3321,#3327,#3328,#3329,#3330));
#3311 = ORIENTED_EDGE('',*,*,#3312,.F.);
#3312 = EDGE_CURVE('',#3313,#3315,#3317,.T.);
#3313 = VERTEX_POINT('',#3314);
#3314 = CARTESIAN_POINT('',(-8.,-54.26794919243,-6.));
#3315 = VERTEX_POINT('',#3316);
#3316 = CARTESIAN_POINT('',(-8.,54.267949192431,-6.));
#3317 = LINE('',#3318,#3319);
#3318 = CARTESIAN_POINT('',(-8.,-155.,-6.));
#3319 = VECTOR('',#3320,1.);
#3320 = DIRECTION('',(0.,1.,0.));
#3321 = ORIENTED_EDGE('',*,*,#3322,.T.);
#3322 = EDGE_CURVE('',#3313,#3262,#3323,.T.);
#3323 = LINE('',#3324,#3325);
#3324 = CARTESIAN_POINT('',(-52.,-54.26794919243,-6.));
#3325 = VECTOR('',#3326,1.);
#3326 = DIRECTION('',(1.,0.,0.));
#3327 = ORIENTED_EDGE('',*,*,#3270,.F.);
#3328 = ORIENTED_EDGE('',*,*,#1577,.T.);
#3329 = ORIENTED_EDGE('',*,*,#3296,.F.);
#3330 = ORIENTED_EDGE('',*,*,#3331,.F.);
#3331 = EDGE_CURVE('',#3315,#3288,#3332,.T.);
#3332 = LINE('',#3333,#3334);
#3333 = CARTESIAN_POINT('',(-52.,54.267949192431,-6.));
#3334 = VECTOR('',#3335,1.);
#3335 = DIRECTION('',(1.,0.,0.));
#3336 = PLANE('',#3337);
#3337 = AXIS2_PLACEMENT_3D('',#3338,#3339,#3340);
#3338 = CARTESIAN_POINT('',(-9.,-155.,-6.));
#3339 = DIRECTION('',(0.,0.,1.));
#3340 = DIRECTION('',(1.,0.,0.));
#3341 = ADVANCED_FACE('',(#3342),#3383,.T.);
#3342 = FACE_BOUND('',#3343,.F.);
#3343 = EDGE_LOOP('',(#3344,#3345,#3375,#3376));
#3344 = ORIENTED_EDGE('',*,*,#3199,.F.);
#3345 = ORIENTED_EDGE('',*,*,#3346,.T.);
#3346 = EDGE_CURVE('',#2494,#1613,#3347,.T.);
#3347 = B_SPLINE_CURVE_WITH_KNOTS('',6,(#3348,#3349,#3350,#3351,#3352,
    #3353,#3354,#3355,#3356,#3357,#3358,#3359,#3360,#3361,#3362,#3363,
    #3364,#3365,#3366,#3367,#3368,#3369,#3370,#3371,#3372,#3373,#3374),
  .UNSPECIFIED.,.F.,.F.,(7,5,5,5,5,7),(0.,0.274210710662,0.379303307959,
    0.449436481508,0.621678682252,1.),.UNSPECIFIED.);
#3348 = CARTESIAN_POINT('',(-9.,72.,-5.));
#3349 = CARTESIAN_POINT('',(-9.,72.,-5.078821409952));
#3350 = CARTESIAN_POINT('',(-8.992544636755,71.996272222045,
    -5.157369629081));
#3351 = CARTESIAN_POINT('',(-8.977730726939,71.988865721482,
    -5.234516963772));
#3352 = CARTESIAN_POINT('',(-8.955948994015,71.978130061148,
    -5.309156328432));
#3353 = CARTESIAN_POINT('',(-8.927880408968,71.964709846432,
    -5.380263274095));
#3354 = CARTESIAN_POINT('',(-8.881768543119,71.943550078089,
    -5.47254760386));
#3355 = CARTESIAN_POINT('',(-8.868197012157,71.937401613942,
    -5.497515145711));
#3356 = CARTESIAN_POINT('',(-8.85386724069,71.931004309654,
    -5.521859188125));
#3357 = CARTESIAN_POINT('',(-8.838816563414,71.924395759077,
    -5.545559538103));
#3358 = CARTESIAN_POINT('',(-8.823082455981,71.917614208791,
    -5.568597867745));
#3359 = CARTESIAN_POINT('',(-8.795771452595,71.906083423063,
    -5.60587947882));
#3360 = CARTESIAN_POINT('',(-8.784551658536,71.901408055664,
    -5.620500558127));
#3361 = CARTESIAN_POINT('',(-8.773053343039,71.896683549715,
    -5.634817274406));
#3362 = CARTESIAN_POINT('',(-8.761286250638,71.891920848332,
    -5.648826441481));
#3363 = CARTESIAN_POINT('',(-8.749259680173,71.887130743951,
    -5.662525364757));
#3364 = CARTESIAN_POINT('',(-8.706830546089,71.870518550361,
    -5.708788097199));
#3365 = CARTESIAN_POINT('',(-8.675168542579,71.858612735709,
    -5.739777891457));
#3366 = CARTESIAN_POINT('',(-8.642124613791,71.846762583262,
    -5.768851193995));
#3367 = CARTESIAN_POINT('',(-8.607816081222,71.835120562676,
    -5.795982662386));
#3368 = CARTESIAN_POINT('',(-8.572350514074,71.823833228295,
    -5.821149268546));
#3369 = CARTESIAN_POINT('',(-8.455604285759,71.789329967236,
    -5.89523867795));
#3370 = CARTESIAN_POINT('',(-8.369940542438,71.767900956478,
    -5.936771382892));
#3371 = CARTESIAN_POINT('',(-8.280280476541,71.75039250611,
    -5.96823263954));
#3372 = CARTESIAN_POINT('',(-8.187957557238,71.738191972094,
    -5.989362816793));
#3373 = CARTESIAN_POINT('',(-8.094152608275,71.732050807569,-6.));
#3374 = CARTESIAN_POINT('',(-8.,71.732050807569,-6.));
#3375 = ORIENTED_EDGE('',*,*,#1612,.T.);
#3376 = ORIENTED_EDGE('',*,*,#3377,.T.);
#3377 = EDGE_CURVE('',#1615,#3192,#3378,.T.);
#3378 = CIRCLE('',#3379,1.);
#3379 = AXIS2_PLACEMENT_3D('',#3380,#3381,#3382);
#3380 = CARTESIAN_POINT('',(-8.,153.,-5.));
#3381 = DIRECTION('',(0.,1.,-0.));
#3382 = DIRECTION('',(-1.,0.,0.));
#3383 = CYLINDRICAL_SURFACE('',#3384,1.);
#3384 = AXIS2_PLACEMENT_3D('',#3385,#3386,#3387);
#3385 = CARTESIAN_POINT('',(-8.,-155.,-5.));
#3386 = DIRECTION('',(0.,1.,0.));
#3387 = DIRECTION('',(-1.,0.,0.));
#3388 = ADVANCED_FACE('',(#3389),#3394,.F.);
#3389 = FACE_BOUND('',#3390,.F.);
#3390 = EDGE_LOOP('',(#3391,#3392,#3393));
#3391 = ORIENTED_EDGE('',*,*,#1622,.F.);
#3392 = ORIENTED_EDGE('',*,*,#3191,.T.);
#3393 = ORIENTED_EDGE('',*,*,#3377,.F.);
#3394 = PLANE('',#3395);
#3395 = AXIS2_PLACEMENT_3D('',#3396,#3397,#3398);
#3396 = CARTESIAN_POINT('',(-9.,153.,-6.));
#3397 = DIRECTION('',(0.,1.,0.));
#3398 = DIRECTION('',(0.,0.,1.));
#3399 = ADVANCED_FACE('',(#3400),#3411,.F.);
#3400 = FACE_BOUND('',#3401,.F.);
#3401 = EDGE_LOOP('',(#3402,#3403,#3409,#3410));
#3402 = ORIENTED_EDGE('',*,*,#1831,.F.);
#3403 = ORIENTED_EDGE('',*,*,#3404,.T.);
#3404 = EDGE_CURVE('',#1824,#1865,#3405,.T.);
#3405 = LINE('',#3406,#3407);
#3406 = CARTESIAN_POINT('',(-1.,77.,-10.));
#3407 = VECTOR('',#3408,1.);
#3408 = DIRECTION('',(0.,1.,0.));
#3409 = ORIENTED_EDGE('',*,*,#1872,.T.);
#3410 = ORIENTED_EDGE('',*,*,#1662,.F.);
#3411 = PLANE('',#3412);
#3412 = AXIS2_PLACEMENT_3D('',#3413,#3414,#3415);
#3413 = CARTESIAN_POINT('',(-1.,77.,-10.));
#3414 = DIRECTION('',(1.,0.,0.));
#3415 = DIRECTION('',(0.,0.,1.));
#3416 = ADVANCED_FACE('',(#3417),#3429,.T.);
#3417 = FACE_BOUND('',#3418,.T.);
#3418 = EDGE_LOOP('',(#3419,#3420,#3427,#3428));
#3419 = ORIENTED_EDGE('',*,*,#1726,.F.);
#3420 = ORIENTED_EDGE('',*,*,#3421,.T.);
#3421 = EDGE_CURVE('',#1719,#1687,#3422,.T.);
#3422 = CIRCLE('',#3423,2.);
#3423 = AXIS2_PLACEMENT_3D('',#3424,#3425,#3426);
#3424 = CARTESIAN_POINT('',(7.,70.,-5.));
#3425 = DIRECTION('',(1.,-6.E-17,0.));
#3426 = DIRECTION('',(6.E-17,1.,0.));
#3427 = ORIENTED_EDGE('',*,*,#1686,.F.);
#3428 = ORIENTED_EDGE('',*,*,#1760,.F.);
#3429 = SPHERICAL_SURFACE('',#3430,2.);
#3430 = AXIS2_PLACEMENT_3D('',#3431,#3432,#3433);
#3431 = CARTESIAN_POINT('',(7.,70.,-5.));
#3432 = DIRECTION('',(0.,0.,1.));
#3433 = DIRECTION('',(1.,0.,0.));
#3434 = ADVANCED_FACE('',(#3435),#3479,.T.);
#3435 = FACE_BOUND('',#3436,.F.);
#3436 = EDGE_LOOP('',(#3437,#3452,#3458,#3459,#3460,#3461,#3462));
#3437 = ORIENTED_EDGE('',*,*,#3438,.T.);
#3438 = EDGE_CURVE('',#3439,#3441,#3443,.T.);
#3439 = VERTEX_POINT('',#3440);
#3440 = CARTESIAN_POINT('',(-43.07837401694,71.,-6.732050807569));
#3441 = VERTEX_POINT('',#3442);
#3442 = CARTESIAN_POINT('',(-43.35424868893,70.,-7.));
#3443 = B_SPLINE_CURVE_WITH_KNOTS('',7,(#3444,#3445,#3446,#3447,#3448,
    #3449,#3450,#3451),.UNSPECIFIED.,.F.,.F.,(8,8),(0.,1.),
  .PIECEWISE_BEZIER_KNOTS.);
#3444 = CARTESIAN_POINT('',(-43.07837369301,71.0000006,-6.732050461159)
  );
#3445 = CARTESIAN_POINT('',(-43.14614265864,70.874476508517,
    -6.804521887143));
#3446 = CARTESIAN_POINT('',(-43.20904953401,70.740729698404,
    -6.867590017159));
#3447 = CARTESIAN_POINT('',(-43.26394880422,70.600422933128,
    -6.919444000713));
#3448 = CARTESIAN_POINT('',(-43.30790797597,70.455135242415,
    -6.959130534513));
#3449 = CARTESIAN_POINT('',(-43.33854065425,70.306077196353,
    -6.986146987294));
#3450 = CARTESIAN_POINT('',(-43.35424868893,70.154103937164,-7.));
#3451 = CARTESIAN_POINT('',(-43.35424868893,70.,-7.));
#3452 = ORIENTED_EDGE('',*,*,#3453,.T.);
#3453 = EDGE_CURVE('',#3441,#1719,#3454,.T.);
#3454 = LINE('',#3455,#3456);
#3455 = CARTESIAN_POINT('',(-52.,70.,-7.));
#3456 = VECTOR('',#3457,1.);
#3457 = DIRECTION('',(1.,0.,0.));
#3458 = ORIENTED_EDGE('',*,*,#3421,.T.);
#3459 = ORIENTED_EDGE('',*,*,#1695,.F.);
#3460 = ORIENTED_EDGE('',*,*,#3346,.F.);
#3461 = ORIENTED_EDGE('',*,*,#2491,.F.);
#3462 = ORIENTED_EDGE('',*,*,#3463,.T.);
#3463 = EDGE_CURVE('',#2492,#3439,#3464,.T.);
#3464 = B_SPLINE_CURVE_WITH_KNOTS('',7,(#3465,#3466,#3467,#3468,#3469,
    #3470,#3471,#3472,#3473,#3474,#3475,#3476,#3477,#3478),
  .UNSPECIFIED.,.F.,.F.,(8,6,8),(0.,0.342811219459,1.),.UNSPECIFIED.);
#3465 = CARTESIAN_POINT('',(-42.25834261322,72.,-5.));
#3466 = CARTESIAN_POINT('',(-42.28743307507,72.,-5.108846541451));
#3467 = CARTESIAN_POINT('',(-42.31842024853,71.993088637571,
    -5.216891436971));
#3468 = CARTESIAN_POINT('',(-42.35117335104,71.979450297055,
    -5.323597343085));
#3469 = CARTESIAN_POINT('',(-42.38556046433,71.959318770293,
    -5.428477450939));
#3470 = CARTESIAN_POINT('',(-42.42144952696,71.932965121176,
    -5.53109401883));
#3471 = CARTESIAN_POINT('',(-42.45870932698,71.900685550199,
    -5.631056904747));
#3472 = CARTESIAN_POINT('',(-42.57101944192,71.790139894074,
    -5.913909940624));
#3473 = CARTESIAN_POINT('',(-42.64937153447,71.696867917744,
    -6.088733134308));
#3474 = CARTESIAN_POINT('',(-42.73139221599,71.585135341465,
    -6.250181905666));
#3475 = CARTESIAN_POINT('',(-42.81620950595,71.4572637176,
    -6.396437087216));
#3476 = CARTESIAN_POINT('',(-42.90292958753,71.315620480245,
    -6.526106620635));
#3477 = CARTESIAN_POINT('',(-42.99063250854,71.162518037844,
    -6.638220974671));
#3478 = CARTESIAN_POINT('',(-43.07837401694,71.,-6.732050807569));
#3479 = CYLINDRICAL_SURFACE('',#3480,2.);
#3480 = AXIS2_PLACEMENT_3D('',#3481,#3482,#3483);
#3481 = CARTESIAN_POINT('',(-52.,70.,-5.));
#3482 = DIRECTION('',(1.,0.,0.));
#3483 = DIRECTION('',(0.,1.,0.));
#3484 = ADVANCED_FACE('',(#3485),#3503,.F.);
#3485 = FACE_BOUND('',#3486,.F.);
#3486 = EDGE_LOOP('',(#3487,#3495,#3501,#3502));
#3487 = ORIENTED_EDGE('',*,*,#3488,.F.);
#3488 = EDGE_CURVE('',#3489,#3441,#3491,.T.);
#3489 = VERTEX_POINT('',#3490);
#3490 = CARTESIAN_POINT('',(-43.35424868893,56.,-7.));
#3491 = LINE('',#3492,#3493);
#3492 = CARTESIAN_POINT('',(-43.35424868893,-75.,-7.));
#3493 = VECTOR('',#3494,1.);
#3494 = DIRECTION('',(0.,1.,0.));
#3495 = ORIENTED_EDGE('',*,*,#3496,.T.);
#3496 = EDGE_CURVE('',#3489,#1710,#3497,.T.);
#3497 = LINE('',#3498,#3499);
#3498 = CARTESIAN_POINT('',(-52.,56.,-7.));
#3499 = VECTOR('',#3500,1.);
#3500 = DIRECTION('',(1.,0.,0.));
#3501 = ORIENTED_EDGE('',*,*,#1718,.T.);
#3502 = ORIENTED_EDGE('',*,*,#3453,.F.);
#3503 = PLANE('',#3504);
#3504 = AXIS2_PLACEMENT_3D('',#3505,#3506,#3507);
#3505 = CARTESIAN_POINT('',(-52.,54.,-7.));
#3506 = DIRECTION('',(0.,0.,1.));
#3507 = DIRECTION('',(1.,0.,0.));
#3508 = ADVANCED_FACE('',(#3509),#3527,.T.);
#3509 = FACE_BOUND('',#3510,.T.);
#3510 = EDGE_LOOP('',(#3511,#3512,#3513,#3521));
#3511 = ORIENTED_EDGE('',*,*,#1898,.F.);
#3512 = ORIENTED_EDGE('',*,*,#1813,.F.);
#3513 = ORIENTED_EDGE('',*,*,#3514,.T.);
#3514 = EDGE_CURVE('',#1814,#3515,#3517,.T.);
#3515 = VERTEX_POINT('',#3516);
#3516 = CARTESIAN_POINT('',(63.,78.998874567306,-10.));
#3517 = LINE('',#3518,#3519);
#3518 = CARTESIAN_POINT('',(63.,77.,-10.));
#3519 = VECTOR('',#3520,1.);
#3520 = DIRECTION('',(0.,1.,0.));
#3521 = ORIENTED_EDGE('',*,*,#3522,.F.);
#3522 = EDGE_CURVE('',#1899,#3515,#3523,.T.);
#3523 = LINE('',#3524,#3525);
#3524 = CARTESIAN_POINT('',(63.,78.998874567306,-10.));
#3525 = VECTOR('',#3526,1.);
#3526 = DIRECTION('',(0.,0.,-1.));
#3527 = PLANE('',#3528);
#3528 = AXIS2_PLACEMENT_3D('',#3529,#3530,#3531);
#3529 = CARTESIAN_POINT('',(63.,77.,-10.));
#3530 = DIRECTION('',(1.,0.,0.));
#3531 = DIRECTION('',(0.,0.,1.));
#3532 = ADVANCED_FACE('',(#3533,#3569,#3580),#3591,.T.);
#3533 = FACE_BOUND('',#3534,.T.);
#3534 = EDGE_LOOP('',(#3535,#3536,#3544,#3552,#3560,#3566,#3567,#3568));
#3535 = ORIENTED_EDGE('',*,*,#1864,.T.);
#3536 = ORIENTED_EDGE('',*,*,#3537,.F.);
#3537 = EDGE_CURVE('',#3538,#1855,#3540,.T.);
#3538 = VERTEX_POINT('',#3539);
#3539 = CARTESIAN_POINT('',(65.330101447889,104.22436092145,-10.));
#3540 = LINE('',#3541,#3542);
#3541 = CARTESIAN_POINT('',(65.330101447889,104.22436092145,-10.));
#3542 = VECTOR('',#3543,1.);
#3543 = DIRECTION('',(-0.573576436351,-0.819152044289,0.));
#3544 = ORIENTED_EDGE('',*,*,#3545,.F.);
#3545 = EDGE_CURVE('',#3546,#3538,#3548,.T.);
#3546 = VERTEX_POINT('',#3547);
#3547 = CARTESIAN_POINT('',(75.979078023646,96.767867248889,-10.));
#3548 = LINE('',#3549,#3550);
#3549 = CARTESIAN_POINT('',(75.979078023646,96.767867248889,-10.));
#3550 = VECTOR('',#3551,1.);
#3551 = DIRECTION('',(-0.819152044289,0.573576436351,0.));
#3552 = ORIENTED_EDGE('',*,*,#3553,.T.);
#3553 = EDGE_CURVE('',#3546,#3554,#3556,.T.);
#3554 = VERTEX_POINT('',#3555);
#3555 = CARTESIAN_POINT('',(63.360396423923,78.746522274531,-10.));
#3556 = LINE('',#3557,#3558);
#3557 = CARTESIAN_POINT('',(75.979078023646,96.767867248889,-10.));
#3558 = VECTOR('',#3559,1.);
#3559 = DIRECTION('',(-0.573576436351,-0.819152044289,0.));
#3560 = ORIENTED_EDGE('',*,*,#3561,.T.);
#3561 = EDGE_CURVE('',#3554,#3515,#3562,.T.);
#3562 = LINE('',#3563,#3564);
#3563 = CARTESIAN_POINT('',(63.360396423923,78.746522274531,-10.));
#3564 = VECTOR('',#3565,1.);
#3565 = DIRECTION('',(-0.819152044289,0.573576436351,0.));
#3566 = ORIENTED_EDGE('',*,*,#3514,.F.);
#3567 = ORIENTED_EDGE('',*,*,#1823,.F.);
#3568 = ORIENTED_EDGE('',*,*,#3404,.T.);
#3569 = FACE_BOUND('',#3570,.T.);
#3570 = EDGE_LOOP('',(#3571));
#3571 = ORIENTED_EDGE('',*,*,#3572,.T.);
#3572 = EDGE_CURVE('',#3573,#3573,#3575,.T.);
#3573 = VERTEX_POINT('',#3574);
#3574 = CARTESIAN_POINT('',(64.898034668842,85.259376045349,-10.));
#3575 = CIRCLE('',#3576,1.25);
#3576 = AXIS2_PLACEMENT_3D('',#3577,#3578,#3579);
#3577 = CARTESIAN_POINT('',(63.648034668842,85.259376045349,-10.));
#3578 = DIRECTION('',(0.,0.,1.));
#3579 = DIRECTION('',(1.,0.,0.));
#3580 = FACE_BOUND('',#3581,.T.);
#3581 = EDGE_LOOP('',(#3582));
#3582 = ORIENTED_EDGE('',*,*,#3583,.T.);
#3583 = EDGE_CURVE('',#3584,#3584,#3586,.T.);
#3584 = VERTEX_POINT('',#3585);
#3585 = CARTESIAN_POINT('',(71.207375468704,94.270048532528,-10.));
#3586 = CIRCLE('',#3587,1.25);
#3587 = AXIS2_PLACEMENT_3D('',#3588,#3589,#3590);
#3588 = CARTESIAN_POINT('',(69.957375468704,94.270048532528,-10.));
#3589 = DIRECTION('',(0.,0.,1.));
#3590 = DIRECTION('',(1.,0.,0.));
#3591 = PLANE('',#3592);
#3592 = AXIS2_PLACEMENT_3D('',#3593,#3594,#3595);
#3593 = CARTESIAN_POINT('',(36.745820907012,87.700706390756,-10.));
#3594 = DIRECTION('',(-0.,-0.,-1.));
#3595 = DIRECTION('',(-1.,0.,0.));
#3596 = ADVANCED_FACE('',(#3597),#3608,.T.);
#3597 = FACE_BOUND('',#3598,.T.);
#3598 = EDGE_LOOP('',(#3599,#3600,#3606,#3607));
#3599 = ORIENTED_EDGE('',*,*,#1998,.F.);
#3600 = ORIENTED_EDGE('',*,*,#3601,.F.);
#3601 = EDGE_CURVE('',#3538,#1991,#3602,.T.);
#3602 = LINE('',#3603,#3604);
#3603 = CARTESIAN_POINT('',(65.330101447889,104.22436092145,-10.));
#3604 = VECTOR('',#3605,1.);
#3605 = DIRECTION('',(0.,0.,1.));
#3606 = ORIENTED_EDGE('',*,*,#3537,.T.);
#3607 = ORIENTED_EDGE('',*,*,#1854,.T.);
#3608 = PLANE('',#3609);
#3609 = AXIS2_PLACEMENT_3D('',#3610,#3611,#3612);
#3610 = CARTESIAN_POINT('',(65.330101447889,104.22436092145,-10.));
#3611 = DIRECTION('',(-0.819152044289,0.573576436351,0.));
#3612 = DIRECTION('',(0.,0.,1.));
#3613 = ADVANCED_FACE('',(#3614),#3625,.F.);
#3614 = FACE_BOUND('',#3615,.F.);
#3615 = EDGE_LOOP('',(#3616,#3617,#3623,#3624));
#3616 = ORIENTED_EDGE('',*,*,#3545,.F.);
#3617 = ORIENTED_EDGE('',*,*,#3618,.T.);
#3618 = EDGE_CURVE('',#3546,#1983,#3619,.T.);
#3619 = LINE('',#3620,#3621);
#3620 = CARTESIAN_POINT('',(75.979078023646,96.767867248889,-10.));
#3621 = VECTOR('',#3622,1.);
#3622 = DIRECTION('',(0.,0.,1.));
#3623 = ORIENTED_EDGE('',*,*,#1990,.T.);
#3624 = ORIENTED_EDGE('',*,*,#3601,.F.);
#3625 = PLANE('',#3626);
#3626 = AXIS2_PLACEMENT_3D('',#3627,#3628,#3629);
#3627 = CARTESIAN_POINT('',(75.979078023646,96.767867248889,-10.));
#3628 = DIRECTION('',(-0.573576436351,-0.819152044289,0.));
#3629 = DIRECTION('',(0.,0.,1.));
#3630 = ADVANCED_FACE('',(#3631),#3665,.T.);
#3631 = FACE_BOUND('',#3632,.T.);
#3632 = EDGE_LOOP('',(#3633,#3634,#3635,#3643,#3651,#3657,#3658,#3664));
#3633 = ORIENTED_EDGE('',*,*,#3618,.T.);
#3634 = ORIENTED_EDGE('',*,*,#1982,.T.);
#3635 = ORIENTED_EDGE('',*,*,#3636,.T.);
#3636 = EDGE_CURVE('',#1974,#3637,#3639,.T.);
#3637 = VERTEX_POINT('',#3638);
#3638 = CARTESIAN_POINT('',(70.472744234676,88.904007623715,-2.));
#3639 = LINE('',#3640,#3641);
#3640 = CARTESIAN_POINT('',(70.472744234676,88.904007623715,-4.));
#3641 = VECTOR('',#3642,1.);
#3642 = DIRECTION('',(0.,0.,1.));
#3643 = ORIENTED_EDGE('',*,*,#3644,.T.);
#3644 = EDGE_CURVE('',#3637,#3645,#3647,.T.);
#3645 = VERTEX_POINT('',#3646);
#3646 = CARTESIAN_POINT('',(68.866730212893,86.610381899705,-2.));
#3647 = LINE('',#3648,#3649);
#3648 = CARTESIAN_POINT('',(70.816890096486,89.395498850288,-2.));
#3649 = VECTOR('',#3650,1.);
#3650 = DIRECTION('',(-0.573576436351,-0.819152044289,0.));
#3651 = ORIENTED_EDGE('',*,*,#3652,.F.);
#3652 = EDGE_CURVE('',#1915,#3645,#3653,.T.);
#3653 = LINE('',#3654,#3655);
#3654 = CARTESIAN_POINT('',(68.866730212893,86.610381899705,-4.));
#3655 = VECTOR('',#3656,1.);
#3656 = DIRECTION('',(0.,0.,1.));
#3657 = ORIENTED_EDGE('',*,*,#1914,.T.);
#3658 = ORIENTED_EDGE('',*,*,#3659,.F.);
#3659 = EDGE_CURVE('',#3554,#1907,#3660,.T.);
#3660 = LINE('',#3661,#3662);
#3661 = CARTESIAN_POINT('',(63.360396423923,78.746522274531,-10.));
#3662 = VECTOR('',#3663,1.);
#3663 = DIRECTION('',(0.,0.,1.));
#3664 = ORIENTED_EDGE('',*,*,#3553,.F.);
#3665 = PLANE('',#3666);
#3666 = AXIS2_PLACEMENT_3D('',#3667,#3668,#3669);
#3667 = CARTESIAN_POINT('',(69.669737223784,87.75719476171,-6.64));
#3668 = DIRECTION('',(0.819152044289,-0.573576436351,-2.16E-15));
#3669 = DIRECTION('',(0.573576436351,0.819152044289,0.));
#3670 = ADVANCED_FACE('',(#3671),#3690,.T.);
#3671 = FACE_BOUND('',#3672,.T.);
#3672 = EDGE_LOOP('',(#3673,#3674,#3682,#3689));
#3673 = ORIENTED_EDGE('',*,*,#1973,.T.);
#3674 = ORIENTED_EDGE('',*,*,#3675,.T.);
#3675 = EDGE_CURVE('',#1966,#3676,#3678,.T.);
#3676 = VERTEX_POINT('',#3677);
#3677 = CARTESIAN_POINT('',(70.325398869913,89.739644712099,-2.));
#3678 = LINE('',#3679,#3680);
#3679 = CARTESIAN_POINT('',(70.325398869913,89.739644712099,-4.));
#3680 = VECTOR('',#3681,1.);
#3681 = DIRECTION('',(0.,0.,1.));
#3682 = ORIENTED_EDGE('',*,*,#3683,.F.);
#3683 = EDGE_CURVE('',#3637,#3676,#3684,.T.);
#3684 = CIRCLE('',#3685,0.6);
#3685 = AXIS2_PLACEMENT_3D('',#3686,#3687,#3688);
#3686 = CARTESIAN_POINT('',(69.981253008102,89.248153485525,-2.));
#3687 = DIRECTION('',(0.,-0.,1.));
#3688 = DIRECTION('',(0.573576436351,0.819152044289,0.));
#3689 = ORIENTED_EDGE('',*,*,#3636,.F.);
#3690 = CYLINDRICAL_SURFACE('',#3691,0.6);
#3691 = AXIS2_PLACEMENT_3D('',#3692,#3693,#3694);
#3692 = CARTESIAN_POINT('',(69.981253008102,89.248153485525,-4.));
#3693 = DIRECTION('',(0.,0.,1.));
#3694 = DIRECTION('',(0.819152044289,-0.573576436351,0.));
#3695 = ADVANCED_FACE('',(#3696),#3714,.F.);
#3696 = FACE_BOUND('',#3697,.F.);
#3697 = EDGE_LOOP('',(#3698,#3699,#3700,#3708));
#3698 = ORIENTED_EDGE('',*,*,#1965,.F.);
#3699 = ORIENTED_EDGE('',*,*,#3675,.T.);
#3700 = ORIENTED_EDGE('',*,*,#3701,.T.);
#3701 = EDGE_CURVE('',#3676,#3702,#3704,.T.);
#3702 = VERTEX_POINT('',#3703);
#3703 = CARTESIAN_POINT('',(65.574317013037,93.066388042935,-2.));
#3704 = LINE('',#3705,#3706);
#3705 = CARTESIAN_POINT('',(70.816890096486,89.395498850288,-2.));
#3706 = VECTOR('',#3707,1.);
#3707 = DIRECTION('',(-0.819152044289,0.573576436351,0.));
#3708 = ORIENTED_EDGE('',*,*,#3709,.F.);
#3709 = EDGE_CURVE('',#1957,#3702,#3710,.T.);
#3710 = LINE('',#3711,#3712);
#3711 = CARTESIAN_POINT('',(65.574317013037,93.066388042935,-4.));
#3712 = VECTOR('',#3713,1.);
#3713 = DIRECTION('',(0.,0.,1.));
#3714 = PLANE('',#3715);
#3715 = AXIS2_PLACEMENT_3D('',#3716,#3717,#3718);
#3716 = CARTESIAN_POINT('',(70.816890096486,89.395498850288,-4.));
#3717 = DIRECTION('',(-0.573576436351,-0.819152044289,0.));
#3718 = DIRECTION('',(0.,0.,1.));
#3719 = ADVANCED_FACE('',(#3720),#3739,.T.);
#3720 = FACE_BOUND('',#3721,.F.);
#3721 = EDGE_LOOP('',(#3722,#3723,#3724,#3733));
#3722 = ORIENTED_EDGE('',*,*,#1956,.T.);
#3723 = ORIENTED_EDGE('',*,*,#3709,.T.);
#3724 = ORIENTED_EDGE('',*,*,#3725,.F.);
#3725 = EDGE_CURVE('',#3726,#3702,#3728,.T.);
#3726 = VERTEX_POINT('',#3727);
#3727 = CARTESIAN_POINT('',(64.738679924653,92.919042678172,-2.));
#3728 = CIRCLE('',#3729,0.6);
#3729 = AXIS2_PLACEMENT_3D('',#3730,#3731,#3732);
#3730 = CARTESIAN_POINT('',(65.230171151226,92.574896816361,-2.));
#3731 = DIRECTION('',(0.,0.,-1.));
#3732 = DIRECTION('',(0.573576436351,0.819152044289,0.));
#3733 = ORIENTED_EDGE('',*,*,#3734,.F.);
#3734 = EDGE_CURVE('',#1949,#3726,#3735,.T.);
#3735 = LINE('',#3736,#3737);
#3736 = CARTESIAN_POINT('',(64.738679924653,92.919042678172,-4.));
#3737 = VECTOR('',#3738,1.);
#3738 = DIRECTION('',(0.,0.,1.));
#3739 = CYLINDRICAL_SURFACE('',#3740,0.6);
#3740 = AXIS2_PLACEMENT_3D('',#3741,#3742,#3743);
#3741 = CARTESIAN_POINT('',(65.230171151226,92.574896816361,-4.));
#3742 = DIRECTION('',(0.,0.,1.));
#3743 = DIRECTION('',(-0.819152044289,0.573576436351,0.));
#3744 = ADVANCED_FACE('',(#3745),#3763,.T.);
#3745 = FACE_BOUND('',#3746,.T.);
#3746 = EDGE_LOOP('',(#3747,#3755,#3756,#3757));
#3747 = ORIENTED_EDGE('',*,*,#3748,.F.);
#3748 = EDGE_CURVE('',#3726,#3749,#3751,.T.);
#3749 = VERTEX_POINT('',#3750);
#3750 = CARTESIAN_POINT('',(63.13266590287,90.625416954163,-2.));
#3751 = LINE('',#3752,#3753);
#3752 = CARTESIAN_POINT('',(65.082825786463,93.410533904745,-2.));
#3753 = VECTOR('',#3754,1.);
#3754 = DIRECTION('',(-0.573576436351,-0.819152044289,0.));
#3755 = ORIENTED_EDGE('',*,*,#3734,.F.);
#3756 = ORIENTED_EDGE('',*,*,#1948,.T.);
#3757 = ORIENTED_EDGE('',*,*,#3758,.T.);
#3758 = EDGE_CURVE('',#1940,#3749,#3759,.T.);
#3759 = LINE('',#3760,#3761);
#3760 = CARTESIAN_POINT('',(63.13266590287,90.625416954163,-4.));
#3761 = VECTOR('',#3762,1.);
#3762 = DIRECTION('',(0.,0.,1.));
#3763 = PLANE('',#3764);
#3764 = AXIS2_PLACEMENT_3D('',#3765,#3766,#3767);
#3765 = CARTESIAN_POINT('',(65.082825786463,93.410533904745,-4.));
#3766 = DIRECTION('',(-0.819152044289,0.573576436351,0.));
#3767 = DIRECTION('',(0.,0.,1.));
#3768 = ADVANCED_FACE('',(#3769),#3788,.T.);
#3769 = FACE_BOUND('',#3770,.T.);
#3770 = EDGE_LOOP('',(#3771,#3772,#3780,#3787));
#3771 = ORIENTED_EDGE('',*,*,#1939,.T.);
#3772 = ORIENTED_EDGE('',*,*,#3773,.T.);
#3773 = EDGE_CURVE('',#1932,#3774,#3776,.T.);
#3774 = VERTEX_POINT('',#3775);
#3775 = CARTESIAN_POINT('',(63.280011267633,89.789779865779,-2.));
#3776 = LINE('',#3777,#3778);
#3777 = CARTESIAN_POINT('',(63.280011267633,89.789779865779,-4.));
#3778 = VECTOR('',#3779,1.);
#3779 = DIRECTION('',(0.,0.,1.));
#3780 = ORIENTED_EDGE('',*,*,#3781,.F.);
#3781 = EDGE_CURVE('',#3749,#3774,#3782,.T.);
#3782 = CIRCLE('',#3783,0.6);
#3783 = AXIS2_PLACEMENT_3D('',#3784,#3785,#3786);
#3784 = CARTESIAN_POINT('',(63.624157129443,90.281271092352,-2.));
#3785 = DIRECTION('',(0.,-0.,1.));
#3786 = DIRECTION('',(0.573576436351,0.819152044289,0.));
#3787 = ORIENTED_EDGE('',*,*,#3758,.F.);
#3788 = CYLINDRICAL_SURFACE('',#3789,0.6);
#3789 = AXIS2_PLACEMENT_3D('',#3790,#3791,#3792);
#3790 = CARTESIAN_POINT('',(63.624157129443,90.281271092352,-4.));
#3791 = DIRECTION('',(0.,0.,1.));
#3792 = DIRECTION('',(-0.819152044289,0.573576436351,0.));
#3793 = ADVANCED_FACE('',(#3794),#3812,.T.);
#3794 = FACE_BOUND('',#3795,.T.);
#3795 = EDGE_LOOP('',(#3796,#3797,#3805,#3811));
#3796 = ORIENTED_EDGE('',*,*,#1931,.F.);
#3797 = ORIENTED_EDGE('',*,*,#3798,.T.);
#3798 = EDGE_CURVE('',#1923,#3799,#3801,.T.);
#3799 = VERTEX_POINT('',#3800);
#3800 = CARTESIAN_POINT('',(68.031093124509,86.463036534943,-2.));
#3801 = LINE('',#3802,#3803);
#3802 = CARTESIAN_POINT('',(68.031093124509,86.463036534943,-4.));
#3803 = VECTOR('',#3804,1.);
#3804 = DIRECTION('',(0.,0.,1.));
#3805 = ORIENTED_EDGE('',*,*,#3806,.T.);
#3806 = EDGE_CURVE('',#3799,#3774,#3807,.T.);
#3807 = LINE('',#3808,#3809);
#3808 = CARTESIAN_POINT('',(68.522584351082,86.118890673132,-2.));
#3809 = VECTOR('',#3810,1.);
#3810 = DIRECTION('',(-0.819152044289,0.573576436351,0.));
#3811 = ORIENTED_EDGE('',*,*,#3773,.F.);
#3812 = PLANE('',#3813);
#3813 = AXIS2_PLACEMENT_3D('',#3814,#3815,#3816);
#3814 = CARTESIAN_POINT('',(68.522584351082,86.118890673132,-4.));
#3815 = DIRECTION('',(-0.573576436351,-0.819152044289,0.));
#3816 = DIRECTION('',(0.,0.,1.));
#3817 = ADVANCED_FACE('',(#3818),#3830,.T.);
#3818 = FACE_BOUND('',#3819,.F.);
#3819 = EDGE_LOOP('',(#3820,#3821,#3822,#3829));
#3820 = ORIENTED_EDGE('',*,*,#1922,.T.);
#3821 = ORIENTED_EDGE('',*,*,#3798,.T.);
#3822 = ORIENTED_EDGE('',*,*,#3823,.F.);
#3823 = EDGE_CURVE('',#3645,#3799,#3824,.T.);
#3824 = CIRCLE('',#3825,0.6);
#3825 = AXIS2_PLACEMENT_3D('',#3826,#3827,#3828);
#3826 = CARTESIAN_POINT('',(68.375238986319,86.954527761516,-2.));
#3827 = DIRECTION('',(0.,0.,-1.));
#3828 = DIRECTION('',(0.573576436351,0.819152044289,0.));
#3829 = ORIENTED_EDGE('',*,*,#3652,.F.);
#3830 = CYLINDRICAL_SURFACE('',#3831,0.6);
#3831 = AXIS2_PLACEMENT_3D('',#3832,#3833,#3834);
#3832 = CARTESIAN_POINT('',(68.375238986319,86.954527761516,-4.));
#3833 = DIRECTION('',(0.,0.,1.));
#3834 = DIRECTION('',(0.819152044289,-0.573576436351,0.));
#3835 = ADVANCED_FACE('',(#3836),#3842,.T.);
#3836 = FACE_BOUND('',#3837,.T.);
#3837 = EDGE_LOOP('',(#3838,#3839,#3840,#3841));
#3838 = ORIENTED_EDGE('',*,*,#3561,.F.);
#3839 = ORIENTED_EDGE('',*,*,#3659,.T.);
#3840 = ORIENTED_EDGE('',*,*,#1906,.T.);
#3841 = ORIENTED_EDGE('',*,*,#3522,.T.);
#3842 = PLANE('',#3843);
#3843 = AXIS2_PLACEMENT_3D('',#3844,#3845,#3846);
#3844 = CARTESIAN_POINT('',(63.360396423923,78.746522274531,-10.));
#3845 = DIRECTION('',(-0.573576436351,-0.819152044289,0.));
#3846 = DIRECTION('',(0.,0.,1.));
#3847 = ADVANCED_FACE('',(#3848),#3859,.F.);
#3848 = FACE_BOUND('',#3849,.F.);
#3849 = EDGE_LOOP('',(#3850,#3851,#3857,#3858));
#3850 = ORIENTED_EDGE('',*,*,#2006,.F.);
#3851 = ORIENTED_EDGE('',*,*,#3852,.F.);
#3852 = EDGE_CURVE('',#3573,#2007,#3853,.T.);
#3853 = LINE('',#3854,#3855);
#3854 = CARTESIAN_POINT('',(64.898034668842,85.259376045349,-10.1));
#3855 = VECTOR('',#3856,1.);
#3856 = DIRECTION('',(0.,0.,1.));
#3857 = ORIENTED_EDGE('',*,*,#3572,.T.);
#3858 = ORIENTED_EDGE('',*,*,#3852,.T.);
#3859 = CYLINDRICAL_SURFACE('',#3860,1.25);
#3860 = AXIS2_PLACEMENT_3D('',#3861,#3862,#3863);
#3861 = CARTESIAN_POINT('',(63.648034668842,85.259376045349,-10.1));
#3862 = DIRECTION('',(0.,0.,1.));
#3863 = DIRECTION('',(1.,0.,0.));
#3864 = ADVANCED_FACE('',(#3865),#3876,.F.);
#3865 = FACE_BOUND('',#3866,.F.);
#3866 = EDGE_LOOP('',(#3867,#3868,#3874,#3875));
#3867 = ORIENTED_EDGE('',*,*,#2017,.F.);
#3868 = ORIENTED_EDGE('',*,*,#3869,.F.);
#3869 = EDGE_CURVE('',#3584,#2018,#3870,.T.);
#3870 = LINE('',#3871,#3872);
#3871 = CARTESIAN_POINT('',(71.207375468704,94.270048532528,-10.1));
#3872 = VECTOR('',#3873,1.);
#3873 = DIRECTION('',(0.,0.,1.));
#3874 = ORIENTED_EDGE('',*,*,#3583,.T.);
#3875 = ORIENTED_EDGE('',*,*,#3869,.T.);
#3876 = CYLINDRICAL_SURFACE('',#3877,1.25);
#3877 = AXIS2_PLACEMENT_3D('',#3878,#3879,#3880);
#3878 = CARTESIAN_POINT('',(69.957375468704,94.270048532528,-10.1));
#3879 = DIRECTION('',(0.,0.,1.));
#3880 = DIRECTION('',(1.,0.,0.));
#3881 = ADVANCED_FACE('',(#3882),#3893,.F.);
#3882 = FACE_BOUND('',#3883,.F.);
#3883 = EDGE_LOOP('',(#3884,#3885,#3891,#3892));
#3884 = ORIENTED_EDGE('',*,*,#2394,.F.);
#3885 = ORIENTED_EDGE('',*,*,#3886,.T.);
#3886 = EDGE_CURVE('',#2370,#2202,#3887,.T.);
#3887 = LINE('',#3888,#3889);
#3888 = CARTESIAN_POINT('',(-9.,-155.,-5.));
#3889 = VECTOR('',#3890,1.);
#3890 = DIRECTION('',(0.,1.,0.));
#3891 = ORIENTED_EDGE('',*,*,#2226,.T.);
#3892 = ORIENTED_EDGE('',*,*,#2102,.F.);
#3893 = PLANE('',#3894);
#3894 = AXIS2_PLACEMENT_3D('',#3895,#3896,#3897);
#3895 = CARTESIAN_POINT('',(-9.,-155.,-6.));
#3896 = DIRECTION('',(1.,0.,0.));
#3897 = DIRECTION('',(0.,0.,1.));
#3898 = ADVANCED_FACE('',(#3899),#3902,.T.);
#3899 = FACE_BOUND('',#3900,.F.);
#3900 = EDGE_LOOP('',(#3901));
#3901 = ORIENTED_EDGE('',*,*,#2183,.F.);
#3902 = PLANE('',#3903);
#3903 = AXIS2_PLACEMENT_3D('',#3904,#3905,#3906);
#3904 = CARTESIAN_POINT('',(0.,0.,-1.));
#3905 = DIRECTION('',(0.,0.,1.));
#3906 = DIRECTION('',(1.,0.,0.));
#3907 = ADVANCED_FACE('',(#3908),#3974,.T.);
#3908 = FACE_BOUND('',#3909,.T.);
#3909 = EDGE_LOOP('',(#3910,#3940,#3941,#3942,#3943,#3973));
#3910 = ORIENTED_EDGE('',*,*,#3911,.T.);
#3911 = EDGE_CURVE('',#2200,#3489,#3912,.T.);
#3912 = B_SPLINE_CURVE_WITH_KNOTS('',6,(#3913,#3914,#3915,#3916,#3917,
    #3918,#3919,#3920,#3921,#3922,#3923,#3924,#3925,#3926,#3927,#3928,
    #3929,#3930,#3931,#3932,#3933,#3934,#3935,#3936,#3937,#3938,#3939),
  .UNSPECIFIED.,.F.,.F.,(7,5,5,5,5,7),(0.,0.179760926284,0.281634620159,
    0.523918029138,0.78972254599,1.),.UNSPECIFIED.);
#3913 = CARTESIAN_POINT('',(-42.12701665379,54.,-5.));
#3914 = CARTESIAN_POINT('',(-42.15647258703,54.,-5.114082338898));
#3915 = CARTESIAN_POINT('',(-42.18971961693,54.007809303425,
    -5.226189088713));
#3916 = CARTESIAN_POINT('',(-42.22642506777,54.022918711252,
    -5.335541359648));
#3917 = CARTESIAN_POINT('',(-42.26610566531,54.044713096185,
    -5.441434805281));
#3918 = CARTESIAN_POINT('',(-42.30814940839,54.072460267725,
    -5.543239417803));
#3919 = CARTESIAN_POINT('',(-42.37659622045,54.123910601659,
    -5.6954615588));
#3920 = CARTESIAN_POINT('',(-42.40192802793,54.144190286169,
    -5.74913145015));
#3921 = CARTESIAN_POINT('',(-42.42774956394,54.16602650625,
    -5.801396388117));
#3922 = CARTESIAN_POINT('',(-42.45397940604,54.189315068629,
    -5.852248922839));
#3923 = CARTESIAN_POINT('',(-42.4805380084,54.213959971279,
    -5.901686763783));
#3924 = CARTESIAN_POINT('',(-42.5711084593,54.301502607563,
    -6.063931734837));
#3925 = CARTESIAN_POINT('',(-42.63632533757,54.370340479497,
    -6.17022730945));
#3926 = CARTESIAN_POINT('',(-42.70206190646,54.445315496694,
    -6.268797762394));
#3927 = CARTESIAN_POINT('',(-42.76749011844,54.525699220935,
    -6.359932203211));
#3928 = CARTESIAN_POINT('',(-42.8318408309,54.611036310073,
    -6.443886939405));
#3929 = CARTESIAN_POINT('',(-42.96277728278,54.799915345746,
    -6.605204875662));
#3930 = CARTESIAN_POINT('',(-43.02905569521,54.904538237352,
    -6.681237710372));
#3931 = CARTESIAN_POINT('',(-43.09188978342,55.014549468467,
    -6.748935552152));
#3932 = CARTESIAN_POINT('',(-43.14988455991,55.129655446397,
    -6.808141477212));
#3933 = CARTESIAN_POINT('',(-43.20140386531,55.249673021394,
    -6.858569573607));
#3934 = CARTESIAN_POINT('',(-43.27887741028,55.473252565317,
    -6.932186903437));
#3935 = CARTESIAN_POINT('',(-43.30801105485,55.575265923561,
    -6.95894842728));
#3936 = CARTESIAN_POINT('',(-43.33082646752,55.679651306175,
    -6.979343835858));
#3937 = CARTESIAN_POINT('',(-43.3464081634,55.785660522971,
    -6.993085225617));
#3938 = CARTESIAN_POINT('',(-43.35424868893,55.892646467698,-7.));
#3939 = CARTESIAN_POINT('',(-43.35424868893,56.,-7.));
#3940 = ORIENTED_EDGE('',*,*,#3496,.T.);
#3941 = ORIENTED_EDGE('',*,*,#3287,.T.);
#3942 = ORIENTED_EDGE('',*,*,#3331,.F.);
#3943 = ORIENTED_EDGE('',*,*,#3944,.F.);
#3944 = EDGE_CURVE('',#2202,#3315,#3945,.T.);
#3945 = B_SPLINE_CURVE_WITH_KNOTS('',6,(#3946,#3947,#3948,#3949,#3950,
    #3951,#3952,#3953,#3954,#3955,#3956,#3957,#3958,#3959,#3960,#3961,
    #3962,#3963,#3964,#3965,#3966,#3967,#3968,#3969,#3970,#3971,#3972),
  .UNSPECIFIED.,.F.,.F.,(7,5,5,5,5,7),(0.,0.274210682696,0.379303277277,
    0.449436454293,0.621678663551,1.),.UNSPECIFIED.);
#3946 = CARTESIAN_POINT('',(-9.,54.,-5.));
#3947 = CARTESIAN_POINT('',(-9.,54.,-5.078821409952));
#3948 = CARTESIAN_POINT('',(-8.992544636755,54.003727777955,
    -5.157369629081));
#3949 = CARTESIAN_POINT('',(-8.977730726939,54.011134278518,
    -5.234516963772));
#3950 = CARTESIAN_POINT('',(-8.955948994015,54.021869938852,
    -5.309156328432));
#3951 = CARTESIAN_POINT('',(-8.927880408968,54.035290153568,
    -5.380263274095));
#3952 = CARTESIAN_POINT('',(-8.881768542146,54.056449922358,
    -5.472547605807));
#3953 = CARTESIAN_POINT('',(-8.868197012556,54.062598385899,
    -5.49751514533));
#3954 = CARTESIAN_POINT('',(-8.853867241795,54.06899568986,
    -5.521859186306));
#3955 = CARTESIAN_POINT('',(-8.838816563605,54.075604240823,
    -5.545559537511));
#3956 = CARTESIAN_POINT('',(-8.823082454748,54.08238579173,
    -5.568597869428));
#3957 = CARTESIAN_POINT('',(-8.795771452595,54.093916576937,
    -5.60587947882));
#3958 = CARTESIAN_POINT('',(-8.784551658536,54.098591944336,
    -5.620500558127));
#3959 = CARTESIAN_POINT('',(-8.773053343039,54.103316450285,
    -5.634817274406));
#3960 = CARTESIAN_POINT('',(-8.761286250638,54.108079151668,
    -5.648826441481));
#3961 = CARTESIAN_POINT('',(-8.749259680173,54.112869256049,
    -5.662525364757));
#3962 = CARTESIAN_POINT('',(-8.706830546089,54.129481449639,
    -5.708788097199));
#3963 = CARTESIAN_POINT('',(-8.675168542579,54.141387264291,
    -5.739777891457));
#3964 = CARTESIAN_POINT('',(-8.642124613791,54.153237416738,
    -5.768851193995));
#3965 = CARTESIAN_POINT('',(-8.607816081222,54.164879437324,
    -5.795982662386));
#3966 = CARTESIAN_POINT('',(-8.572350514074,54.176166771705,
    -5.821149268546));
#3967 = CARTESIAN_POINT('',(-8.455604285759,54.210670032764,
    -5.89523867795));
#3968 = CARTESIAN_POINT('',(-8.369940542438,54.232099043522,
    -5.936771382892));
#3969 = CARTESIAN_POINT('',(-8.280280476541,54.24960749389,
    -5.96823263954));
#3970 = CARTESIAN_POINT('',(-8.187957557238,54.261808027906,
    -5.989362816793));
#3971 = CARTESIAN_POINT('',(-8.094152608275,54.267949192431,-6.));
#3972 = CARTESIAN_POINT('',(-8.,54.267949192431,-6.));
#3973 = ORIENTED_EDGE('',*,*,#2199,.F.);
#3974 = CYLINDRICAL_SURFACE('',#3975,2.);
#3975 = AXIS2_PLACEMENT_3D('',#3976,#3977,#3978);
#3976 = CARTESIAN_POINT('',(-52.,56.,-5.));
#3977 = DIRECTION('',(1.,0.,0.));
#3978 = DIRECTION('',(0.,-1.,0.));
#3979 = ADVANCED_FACE('',(#3980),#4044,.T.);
#3980 = FACE_BOUND('',#3981,.T.);
#3981 = EDGE_LOOP('',(#3982,#3991,#3999,#4006,#4007,#4008,#4009,#4010,
    #4011,#4012,#4042,#4043));
#3982 = ORIENTED_EDGE('',*,*,#3983,.F.);
#3983 = EDGE_CURVE('',#3984,#2716,#3986,.T.);
#3984 = VERTEX_POINT('',#3985);
#3985 = CARTESIAN_POINT('',(-46.,-71.,-8.));
#3986 = CIRCLE('',#3987,4.);
#3987 = AXIS2_PLACEMENT_3D('',#3988,#3989,#3990);
#3988 = CARTESIAN_POINT('',(-46.,-71.,-4.));
#3989 = DIRECTION('',(0.,-1.,0.));
#3990 = DIRECTION('',(1.,0.,0.));
#3991 = ORIENTED_EDGE('',*,*,#3992,.T.);
#3992 = EDGE_CURVE('',#3984,#3993,#3995,.T.);
#3993 = VERTEX_POINT('',#3994);
#3994 = CARTESIAN_POINT('',(-46.,71.,-8.));
#3995 = LINE('',#3996,#3997);
#3996 = CARTESIAN_POINT('',(-46.,-75.,-8.));
#3997 = VECTOR('',#3998,1.);
#3998 = DIRECTION('',(0.,1.,0.));
#3999 = ORIENTED_EDGE('',*,*,#4000,.T.);
#4000 = EDGE_CURVE('',#3993,#3439,#4001,.T.);
#4001 = CIRCLE('',#4002,4.);
#4002 = AXIS2_PLACEMENT_3D('',#4003,#4004,#4005);
#4003 = CARTESIAN_POINT('',(-46.,71.,-4.));
#4004 = DIRECTION('',(0.,-1.,0.));
#4005 = DIRECTION('',(1.,0.,0.));
#4006 = ORIENTED_EDGE('',*,*,#3438,.T.);
#4007 = ORIENTED_EDGE('',*,*,#3488,.F.);
#4008 = ORIENTED_EDGE('',*,*,#3911,.F.);
#4009 = ORIENTED_EDGE('',*,*,#2209,.F.);
#4010 = ORIENTED_EDGE('',*,*,#2409,.F.);
#4011 = ORIENTED_EDGE('',*,*,#2377,.T.);
#4012 = ORIENTED_EDGE('',*,*,#4013,.T.);
#4013 = EDGE_CURVE('',#2368,#3237,#4014,.T.);
#4014 = B_SPLINE_CURVE_WITH_KNOTS('',6,(#4015,#4016,#4017,#4018,#4019,
    #4020,#4021,#4022,#4023,#4024,#4025,#4026,#4027,#4028,#4029,#4030,
    #4031,#4032,#4033,#4034,#4035,#4036,#4037,#4038,#4039,#4040,#4041),
  .UNSPECIFIED.,.F.,.F.,(7,5,5,5,5,7),(0.,0.179760888317,0.281634574752,
    0.523917999189,0.789722532835,1.),.UNSPECIFIED.);
#4015 = CARTESIAN_POINT('',(-42.12701665379,-54.,-5.));
#4016 = CARTESIAN_POINT('',(-42.15647258703,-54.,-5.114082338898));
#4017 = CARTESIAN_POINT('',(-42.18971961693,-54.00780930342,
    -5.226189088713));
#4018 = CARTESIAN_POINT('',(-42.22642506777,-54.02291871125,
    -5.335541359648));
#4019 = CARTESIAN_POINT('',(-42.26610566531,-54.04471309618,
    -5.441434805281));
#4020 = CARTESIAN_POINT('',(-42.30814940839,-54.07246026772,
    -5.543239417803));
#4021 = CARTESIAN_POINT('',(-42.37659622387,-54.12391060423,
    -5.695461566409));
#4022 = CARTESIAN_POINT('',(-42.40192802688,-54.14419028495,
    -5.749131448662));
#4023 = CARTESIAN_POINT('',(-42.42774956038,-54.16602650318,
    -5.801396381008));
#4024 = CARTESIAN_POINT('',(-42.45397940519,-54.18931506819,
    -5.852248920522));
#4025 = CARTESIAN_POINT('',(-42.48053801206,-54.21395997482,
    -5.901686770355));
#4026 = CARTESIAN_POINT('',(-42.5711084593,-54.30150260756,
    -6.063931734834));
#4027 = CARTESIAN_POINT('',(-42.63632533757,-54.37034047949,
    -6.170227309448));
#4028 = CARTESIAN_POINT('',(-42.70206190646,-54.44531549669,
    -6.268797762395));
#4029 = CARTESIAN_POINT('',(-42.76749011844,-54.52569922093,
    -6.359932203213));
#4030 = CARTESIAN_POINT('',(-42.8318408309,-54.61103631007,
    -6.443886939407));
#4031 = CARTESIAN_POINT('',(-42.96277728273,-54.79991534568,
    -6.605204875607));
#4032 = CARTESIAN_POINT('',(-43.02905569522,-54.90453823736,
    -6.681237710402));
#4033 = CARTESIAN_POINT('',(-43.09188978346,-55.01454946853,
    -6.748935552189));
#4034 = CARTESIAN_POINT('',(-43.14988455991,-55.12965544641,
    -6.808141477207));
#4035 = CARTESIAN_POINT('',(-43.20140386528,-55.24967302131,
    -6.858569573581));
#4036 = CARTESIAN_POINT('',(-43.27887741028,-55.47325256531,
    -6.932186903437));
#4037 = CARTESIAN_POINT('',(-43.30801105485,-55.57526592356,
    -6.95894842728));
#4038 = CARTESIAN_POINT('',(-43.33082646752,-55.67965130617,
    -6.979343835858));
#4039 = CARTESIAN_POINT('',(-43.3464081634,-55.78566052297,
    -6.993085225617));
#4040 = CARTESIAN_POINT('',(-43.35424868893,-55.89264646769,-7.));
#4041 = CARTESIAN_POINT('',(-43.35424868893,-56.,-7.));
#4042 = ORIENTED_EDGE('',*,*,#3236,.F.);
#4043 = ORIENTED_EDGE('',*,*,#2715,.F.);
#4044 = CYLINDRICAL_SURFACE('',#4045,4.);
#4045 = AXIS2_PLACEMENT_3D('',#4046,#4047,#4048);
#4046 = CARTESIAN_POINT('',(-46.,-75.,-4.));
#4047 = DIRECTION('',(0.,1.,0.));
#4048 = DIRECTION('',(1.,0.,0.));
#4049 = ADVANCED_FACE('',(#4050),#4071,.F.);
#4050 = FACE_BOUND('',#4051,.F.);
#4051 = EDGE_LOOP('',(#4052,#4053,#4062,#4068,#4069,#4070));
#4052 = ORIENTED_EDGE('',*,*,#2745,.F.);
#4053 = ORIENTED_EDGE('',*,*,#4054,.F.);
#4054 = EDGE_CURVE('',#4055,#2746,#4057,.T.);
#4055 = VERTEX_POINT('',#4056);
#4056 = CARTESIAN_POINT('',(-42.12701665379,-72.,-4.));
#4057 = CIRCLE('',#4058,3.872983346207);
#4058 = AXIS2_PLACEMENT_3D('',#4059,#4060,#4061);
#4059 = CARTESIAN_POINT('',(-46.,-72.,-4.));
#4060 = DIRECTION('',(0.,1.,0.));
#4061 = DIRECTION('',(0.,0.,1.));
#4062 = ORIENTED_EDGE('',*,*,#4063,.T.);
#4063 = EDGE_CURVE('',#4055,#2251,#4064,.T.);
#4064 = LINE('',#4065,#4066);
#4065 = CARTESIAN_POINT('',(-42.12701665379,-72.,-8.));
#4066 = VECTOR('',#4067,1.);
#4067 = DIRECTION('',(0.,0.,1.));
#4068 = ORIENTED_EDGE('',*,*,#2259,.F.);
#4069 = ORIENTED_EDGE('',*,*,#2340,.T.);
#4070 = ORIENTED_EDGE('',*,*,#2589,.F.);
#4071 = PLANE('',#4072);
#4072 = AXIS2_PLACEMENT_3D('',#4073,#4074,#4075);
#4073 = CARTESIAN_POINT('',(-52.,-72.,-7.));
#4074 = DIRECTION('',(0.,1.,0.));
#4075 = DIRECTION('',(0.,0.,1.));
#4076 = ADVANCED_FACE('',(#4077),#4096,.T.);
#4077 = FACE_BOUND('',#4078,.F.);
#4078 = EDGE_LOOP('',(#4079,#4080,#4089,#4095));
#4079 = ORIENTED_EDGE('',*,*,#4063,.F.);
#4080 = ORIENTED_EDGE('',*,*,#4081,.T.);
#4081 = EDGE_CURVE('',#4055,#4082,#4084,.T.);
#4082 = VERTEX_POINT('',#4083);
#4083 = CARTESIAN_POINT('',(-46.,-75.,-4.));
#4084 = CIRCLE('',#4085,4.);
#4085 = AXIS2_PLACEMENT_3D('',#4086,#4087,#4088);
#4086 = CARTESIAN_POINT('',(-46.,-71.,-4.));
#4087 = DIRECTION('',(0.,0.,-1.));
#4088 = DIRECTION('',(1.,0.,0.));
#4089 = ORIENTED_EDGE('',*,*,#4090,.T.);
#4090 = EDGE_CURVE('',#4082,#2242,#4091,.T.);
#4091 = LINE('',#4092,#4093);
#4092 = CARTESIAN_POINT('',(-46.,-75.,-8.));
#4093 = VECTOR('',#4094,1.);
#4094 = DIRECTION('',(0.,0.,1.));
#4095 = ORIENTED_EDGE('',*,*,#2250,.F.);
#4096 = CYLINDRICAL_SURFACE('',#4097,4.);
#4097 = AXIS2_PLACEMENT_3D('',#4098,#4099,#4100);
#4098 = CARTESIAN_POINT('',(-46.,-71.,-8.));
#4099 = DIRECTION('',(0.,0.,1.));
#4100 = DIRECTION('',(1.,0.,0.));
#4101 = ADVANCED_FACE('',(#4102),#4121,.T.);
#4102 = FACE_BOUND('',#4103,.F.);
#4103 = EDGE_LOOP('',(#4104,#4113,#4114,#4115));
#4104 = ORIENTED_EDGE('',*,*,#4105,.F.);
#4105 = EDGE_CURVE('',#2461,#4106,#4108,.T.);
#4106 = VERTEX_POINT('',#4107);
#4107 = CARTESIAN_POINT('',(-56.,-75.,4.));
#4108 = CIRCLE('',#4109,4.);
#4109 = AXIS2_PLACEMENT_3D('',#4110,#4111,#4112);
#4110 = CARTESIAN_POINT('',(-56.,-71.,4.));
#4111 = DIRECTION('',(1.,-6.E-17,0.));
#4112 = DIRECTION('',(-6.E-17,-1.,0.));
#4113 = ORIENTED_EDGE('',*,*,#2470,.T.);
#4114 = ORIENTED_EDGE('',*,*,#2241,.T.);
#4115 = ORIENTED_EDGE('',*,*,#4116,.F.);
#4116 = EDGE_CURVE('',#4106,#2242,#4117,.T.);
#4117 = LINE('',#4118,#4119);
#4118 = CARTESIAN_POINT('',(-60.,-75.,4.));
#4119 = VECTOR('',#4120,1.);
#4120 = DIRECTION('',(1.,0.,0.));
#4121 = CYLINDRICAL_SURFACE('',#4122,4.);
#4122 = AXIS2_PLACEMENT_3D('',#4123,#4124,#4125);
#4123 = CARTESIAN_POINT('',(-60.,-71.,4.));
#4124 = DIRECTION('',(1.,0.,0.));
#4125 = DIRECTION('',(0.,-1.,0.));
#4126 = ADVANCED_FACE('',(#4127),#4164,.T.);
#4127 = FACE_BOUND('',#4128,.F.);
#4128 = EDGE_LOOP('',(#4129,#4130,#4131,#4132,#4133,#4163));
#4129 = ORIENTED_EDGE('',*,*,#4013,.T.);
#4130 = ORIENTED_EDGE('',*,*,#3246,.T.);
#4131 = ORIENTED_EDGE('',*,*,#3261,.T.);
#4132 = ORIENTED_EDGE('',*,*,#3322,.F.);
#4133 = ORIENTED_EDGE('',*,*,#4134,.F.);
#4134 = EDGE_CURVE('',#2370,#3313,#4135,.T.);
#4135 = B_SPLINE_CURVE_WITH_KNOTS('',6,(#4136,#4137,#4138,#4139,#4140,
    #4141,#4142,#4143,#4144,#4145,#4146,#4147,#4148,#4149,#4150,#4151,
    #4152,#4153,#4154,#4155,#4156,#4157,#4158,#4159,#4160,#4161,#4162),
  .UNSPECIFIED.,.F.,.F.,(7,5,5,5,5,7),(0.,0.274210710663,0.379303307959,
    0.449436481508,0.621678682253,1.),.UNSPECIFIED.);
#4136 = CARTESIAN_POINT('',(-9.,-54.,-5.));
#4137 = CARTESIAN_POINT('',(-9.,-54.,-5.078821409952));
#4138 = CARTESIAN_POINT('',(-8.992544636755,-54.00372777795,
    -5.157369629081));
#4139 = CARTESIAN_POINT('',(-8.977730726939,-54.01113427851,
    -5.234516963771));
#4140 = CARTESIAN_POINT('',(-8.955948994015,-54.02186993885,
    -5.309156328432));
#4141 = CARTESIAN_POINT('',(-8.927880408968,-54.03529015356,
    -5.380263274095));
#4142 = CARTESIAN_POINT('',(-8.881768543119,-54.05644992191,
    -5.47254760386));
#4143 = CARTESIAN_POINT('',(-8.868197012157,-54.06259838605,
    -5.497515145711));
#4144 = CARTESIAN_POINT('',(-8.85386724069,-54.06899569034,
    -5.521859188125));
#4145 = CARTESIAN_POINT('',(-8.838816563414,-54.07560424092,
    -5.545559538103));
#4146 = CARTESIAN_POINT('',(-8.823082455981,-54.0823857912,
    -5.568597867745));
#4147 = CARTESIAN_POINT('',(-8.795771452595,-54.09391657693,
    -5.60587947882));
#4148 = CARTESIAN_POINT('',(-8.784551658536,-54.09859194433,
    -5.620500558127));
#4149 = CARTESIAN_POINT('',(-8.773053343039,-54.10331645028,
    -5.634817274406));
#4150 = CARTESIAN_POINT('',(-8.761286250638,-54.10807915166,
    -5.648826441481));
#4151 = CARTESIAN_POINT('',(-8.749259680173,-54.11286925604,
    -5.662525364757));
#4152 = CARTESIAN_POINT('',(-8.706830546089,-54.12948144963,
    -5.708788097199));
#4153 = CARTESIAN_POINT('',(-8.675168542579,-54.14138726429,
    -5.739777891457));
#4154 = CARTESIAN_POINT('',(-8.642124613791,-54.15323741673,
    -5.768851193995));
#4155 = CARTESIAN_POINT('',(-8.607816081222,-54.16487943732,
    -5.795982662386));
#4156 = CARTESIAN_POINT('',(-8.572350514074,-54.1761667717,
    -5.821149268546));
#4157 = CARTESIAN_POINT('',(-8.455604285759,-54.21067003276,
    -5.89523867795));
#4158 = CARTESIAN_POINT('',(-8.369940542438,-54.23209904352,
    -5.936771382892));
#4159 = CARTESIAN_POINT('',(-8.280280476541,-54.24960749389,
    -5.96823263954));
#4160 = CARTESIAN_POINT('',(-8.187957557238,-54.2618080279,
    -5.989362816793));
#4161 = CARTESIAN_POINT('',(-8.094152608275,-54.26794919243,-6.));
#4162 = CARTESIAN_POINT('',(-8.,-54.26794919243,-6.));
#4163 = ORIENTED_EDGE('',*,*,#2367,.F.);
#4164 = CYLINDRICAL_SURFACE('',#4165,2.);
#4165 = AXIS2_PLACEMENT_3D('',#4166,#4167,#4168);
#4166 = CARTESIAN_POINT('',(-52.,-56.,-5.));
#4167 = DIRECTION('',(1.,0.,0.));
#4168 = DIRECTION('',(0.,1.,0.));
#4169 = ADVANCED_FACE('',(#4170),#4189,.T.);
#4170 = FACE_BOUND('',#4171,.T.);
#4171 = EDGE_LOOP('',(#4172,#4173,#4182,#4188));
#4172 = ORIENTED_EDGE('',*,*,#2510,.F.);
#4173 = ORIENTED_EDGE('',*,*,#4174,.T.);
#4174 = EDGE_CURVE('',#2502,#4175,#4177,.T.);
#4175 = VERTEX_POINT('',#4176);
#4176 = CARTESIAN_POINT('',(-46.,75.,-4.));
#4177 = CIRCLE('',#4178,4.);
#4178 = AXIS2_PLACEMENT_3D('',#4179,#4180,#4181);
#4179 = CARTESIAN_POINT('',(-46.,71.,-4.));
#4180 = DIRECTION('',(0.,0.,1.));
#4181 = DIRECTION('',(1.,0.,0.));
#4182 = ORIENTED_EDGE('',*,*,#4183,.T.);
#4183 = EDGE_CURVE('',#4175,#2426,#4184,.T.);
#4184 = LINE('',#4185,#4186);
#4185 = CARTESIAN_POINT('',(-46.,75.,-8.));
#4186 = VECTOR('',#4187,1.);
#4187 = DIRECTION('',(0.,0.,1.));
#4188 = ORIENTED_EDGE('',*,*,#2425,.T.);
#4189 = CYLINDRICAL_SURFACE('',#4190,4.);
#4190 = AXIS2_PLACEMENT_3D('',#4191,#4192,#4193);
#4191 = CARTESIAN_POINT('',(-46.,71.,-8.));
#4192 = DIRECTION('',(0.,0.,1.));
#4193 = DIRECTION('',(1.,0.,0.));
#4194 = ADVANCED_FACE('',(#4195),#4214,.T.);
#4195 = FACE_BOUND('',#4196,.T.);
#4196 = EDGE_LOOP('',(#4197,#4206,#4207,#4208));
#4197 = ORIENTED_EDGE('',*,*,#4198,.T.);
#4198 = EDGE_CURVE('',#4199,#2463,#4201,.T.);
#4199 = VERTEX_POINT('',#4200);
#4200 = CARTESIAN_POINT('',(-56.,75.,4.));
#4201 = CIRCLE('',#4202,4.);
#4202 = AXIS2_PLACEMENT_3D('',#4203,#4204,#4205);
#4203 = CARTESIAN_POINT('',(-56.,71.,4.));
#4204 = DIRECTION('',(1.,0.,6.E-17));
#4205 = DIRECTION('',(-6.E-17,0.,1.));
#4206 = ORIENTED_EDGE('',*,*,#2477,.T.);
#4207 = ORIENTED_EDGE('',*,*,#2436,.F.);
#4208 = ORIENTED_EDGE('',*,*,#4209,.F.);
#4209 = EDGE_CURVE('',#4199,#2426,#4210,.T.);
#4210 = LINE('',#4211,#4212);
#4211 = CARTESIAN_POINT('',(-60.,75.,4.));
#4212 = VECTOR('',#4213,1.);
#4213 = DIRECTION('',(1.,0.,0.));
#4214 = CYLINDRICAL_SURFACE('',#4215,4.);
#4215 = AXIS2_PLACEMENT_3D('',#4216,#4217,#4218);
#4216 = CARTESIAN_POINT('',(-60.,71.,4.));
#4217 = DIRECTION('',(1.,0.,0.));
#4218 = DIRECTION('',(0.,1.,0.));
#4219 = ADVANCED_FACE('',(#4220),#4247,.T.);
#4220 = FACE_BOUND('',#4221,.T.);
#4221 = EDGE_LOOP('',(#4222,#4231,#4232,#4241));
#4222 = ORIENTED_EDGE('',*,*,#4223,.F.);
#4223 = EDGE_CURVE('',#2461,#4224,#4226,.T.);
#4224 = VERTEX_POINT('',#4225);
#4225 = CARTESIAN_POINT('',(-60.,-71.,4.));
#4226 = CIRCLE('',#4227,4.);
#4227 = AXIS2_PLACEMENT_3D('',#4228,#4229,#4230);
#4228 = CARTESIAN_POINT('',(-56.,-71.,4.));
#4229 = DIRECTION('',(0.,-1.,0.));
#4230 = DIRECTION('',(-1.,0.,0.));
#4231 = ORIENTED_EDGE('',*,*,#2460,.T.);
#4232 = ORIENTED_EDGE('',*,*,#4233,.F.);
#4233 = EDGE_CURVE('',#4234,#2463,#4236,.T.);
#4234 = VERTEX_POINT('',#4235);
#4235 = CARTESIAN_POINT('',(-60.,71.,4.));
#4236 = CIRCLE('',#4237,4.);
#4237 = AXIS2_PLACEMENT_3D('',#4238,#4239,#4240);
#4238 = CARTESIAN_POINT('',(-56.,71.,4.));
#4239 = DIRECTION('',(0.,1.,-0.));
#4240 = DIRECTION('',(-1.,0.,2.2E-16));
#4241 = ORIENTED_EDGE('',*,*,#4242,.F.);
#4242 = EDGE_CURVE('',#4224,#4234,#4243,.T.);
#4243 = LINE('',#4244,#4245);
#4244 = CARTESIAN_POINT('',(-60.,-75.,4.));
#4245 = VECTOR('',#4246,1.);
#4246 = DIRECTION('',(0.,1.,0.));
#4247 = CYLINDRICAL_SURFACE('',#4248,4.);
#4248 = AXIS2_PLACEMENT_3D('',#4249,#4250,#4251);
#4249 = CARTESIAN_POINT('',(-56.,-75.,4.));
#4250 = DIRECTION('',(0.,1.,0.));
#4251 = DIRECTION('',(-1.,0.,0.));
#4252 = ADVANCED_FACE('',(#4253),#4266,.T.);
#4253 = FACE_BOUND('',#4254,.T.);
#4254 = EDGE_LOOP('',(#4255,#4256,#4263,#4264,#4265));
#4255 = ORIENTED_EDGE('',*,*,#4000,.F.);
#4256 = ORIENTED_EDGE('',*,*,#4257,.T.);
#4257 = EDGE_CURVE('',#3993,#4175,#4258,.T.);
#4258 = CIRCLE('',#4259,4.);
#4259 = AXIS2_PLACEMENT_3D('',#4260,#4261,#4262);
#4260 = CARTESIAN_POINT('',(-46.,71.,-4.));
#4261 = DIRECTION('',(1.,-6.E-17,0.));
#4262 = DIRECTION('',(6.E-17,1.,0.));
#4263 = ORIENTED_EDGE('',*,*,#4174,.F.);
#4264 = ORIENTED_EDGE('',*,*,#2501,.T.);
#4265 = ORIENTED_EDGE('',*,*,#3463,.T.);
#4266 = SPHERICAL_SURFACE('',#4267,4.);
#4267 = AXIS2_PLACEMENT_3D('',#4268,#4269,#4270);
#4268 = CARTESIAN_POINT('',(-46.,71.,-4.));
#4269 = DIRECTION('',(0.,0.,1.));
#4270 = DIRECTION('',(1.,0.,0.));
#4271 = ADVANCED_FACE('',(#4272),#4285,.T.);
#4272 = FACE_BOUND('',#4273,.F.);
#4273 = EDGE_LOOP('',(#4274,#4275,#4282,#4283,#4284));
#4274 = ORIENTED_EDGE('',*,*,#3983,.F.);
#4275 = ORIENTED_EDGE('',*,*,#4276,.T.);
#4276 = EDGE_CURVE('',#3984,#4082,#4277,.T.);
#4277 = CIRCLE('',#4278,4.);
#4278 = AXIS2_PLACEMENT_3D('',#4279,#4280,#4281);
#4279 = CARTESIAN_POINT('',(-46.,-71.,-4.));
#4280 = DIRECTION('',(-1.,-6.E-17,0.));
#4281 = DIRECTION('',(6.E-17,-1.,0.));
#4282 = ORIENTED_EDGE('',*,*,#4081,.F.);
#4283 = ORIENTED_EDGE('',*,*,#4054,.T.);
#4284 = ORIENTED_EDGE('',*,*,#2753,.T.);
#4285 = SPHERICAL_SURFACE('',#4286,4.);
#4286 = AXIS2_PLACEMENT_3D('',#4287,#4288,#4289);
#4287 = CARTESIAN_POINT('',(-46.,-71.,-4.));
#4288 = DIRECTION('',(0.,0.,1.));
#4289 = DIRECTION('',(1.,0.,0.));
#4290 = ADVANCED_FACE('',(#4291),#4301,.T.);
#4291 = FACE_BOUND('',#4292,.T.);
#4292 = EDGE_LOOP('',(#4293,#4294,#4295,#4296,#4297,#4298,#4299,#4300));
#4293 = ORIENTED_EDGE('',*,*,#2939,.F.);
#4294 = ORIENTED_EDGE('',*,*,#2978,.T.);
#4295 = ORIENTED_EDGE('',*,*,#2996,.T.);
#4296 = ORIENTED_EDGE('',*,*,#3020,.F.);
#4297 = ORIENTED_EDGE('',*,*,#3043,.T.);
#4298 = ORIENTED_EDGE('',*,*,#3076,.T.);
#4299 = ORIENTED_EDGE('',*,*,#3101,.F.);
#4300 = ORIENTED_EDGE('',*,*,#3118,.F.);
#4301 = PLANE('',#4302);
#4302 = AXIS2_PLACEMENT_3D('',#4303,#4304,#4305);
#4303 = CARTESIAN_POINT('',(68.522584351082,-86.11889067313,-2.));
#4304 = DIRECTION('',(0.,0.,1.));
#4305 = DIRECTION('',(-0.819152044289,-0.573576436351,0.));
#4306 = ADVANCED_FACE('',(#4307),#4313,.T.);
#4307 = FACE_BOUND('',#4308,.F.);
#4308 = EDGE_LOOP('',(#4309,#4310,#4311,#4312));
#4309 = ORIENTED_EDGE('',*,*,#3886,.F.);
#4310 = ORIENTED_EDGE('',*,*,#4134,.T.);
#4311 = ORIENTED_EDGE('',*,*,#3312,.T.);
#4312 = ORIENTED_EDGE('',*,*,#3944,.F.);
#4313 = CYLINDRICAL_SURFACE('',#4314,1.);
#4314 = AXIS2_PLACEMENT_3D('',#4315,#4316,#4317);
#4315 = CARTESIAN_POINT('',(-8.,-155.,-5.));
#4316 = DIRECTION('',(0.,1.,0.));
#4317 = DIRECTION('',(-1.,0.,0.));
#4318 = ADVANCED_FACE('',(#4319),#4329,.T.);
#4319 = FACE_BOUND('',#4320,.T.);
#4320 = EDGE_LOOP('',(#4321,#4322,#4323,#4324,#4325,#4326,#4327,#4328));
#4321 = ORIENTED_EDGE('',*,*,#3644,.F.);
#4322 = ORIENTED_EDGE('',*,*,#3683,.T.);
#4323 = ORIENTED_EDGE('',*,*,#3701,.T.);
#4324 = ORIENTED_EDGE('',*,*,#3725,.F.);
#4325 = ORIENTED_EDGE('',*,*,#3748,.T.);
#4326 = ORIENTED_EDGE('',*,*,#3781,.T.);
#4327 = ORIENTED_EDGE('',*,*,#3806,.F.);
#4328 = ORIENTED_EDGE('',*,*,#3823,.F.);
#4329 = PLANE('',#4330);
#4330 = AXIS2_PLACEMENT_3D('',#4331,#4332,#4333);
#4331 = CARTESIAN_POINT('',(70.816890096486,89.395498850288,-2.));
#4332 = DIRECTION('',(0.,0.,1.));
#4333 = DIRECTION('',(-0.819152044289,0.573576436351,0.));
#4334 = ADVANCED_FACE('',(#4335),#4360,.F.);
#4335 = FACE_BOUND('',#4336,.F.);
#4336 = EDGE_LOOP('',(#4337,#4347,#4353,#4354));
#4337 = ORIENTED_EDGE('',*,*,#4338,.F.);
#4338 = EDGE_CURVE('',#4339,#4341,#4343,.T.);
#4339 = VERTEX_POINT('',#4340);
#4340 = CARTESIAN_POINT('',(-56.,-71.,-8.));
#4341 = VERTEX_POINT('',#4342);
#4342 = CARTESIAN_POINT('',(-56.,71.,-8.));
#4343 = LINE('',#4344,#4345);
#4344 = CARTESIAN_POINT('',(-56.,-75.,-8.));
#4345 = VECTOR('',#4346,1.);
#4346 = DIRECTION('',(0.,1.,0.));
#4347 = ORIENTED_EDGE('',*,*,#4348,.T.);
#4348 = EDGE_CURVE('',#4339,#3984,#4349,.T.);
#4349 = LINE('',#4350,#4351);
#4350 = CARTESIAN_POINT('',(-60.,-71.,-8.));
#4351 = VECTOR('',#4352,1.);
#4352 = DIRECTION('',(1.,0.,0.));
#4353 = ORIENTED_EDGE('',*,*,#3992,.T.);
#4354 = ORIENTED_EDGE('',*,*,#4355,.F.);
#4355 = EDGE_CURVE('',#4341,#3993,#4356,.T.);
#4356 = LINE('',#4357,#4358);
#4357 = CARTESIAN_POINT('',(-60.,71.,-8.));
#4358 = VECTOR('',#4359,1.);
#4359 = DIRECTION('',(1.,0.,0.));
#4360 = PLANE('',#4361);
#4361 = AXIS2_PLACEMENT_3D('',#4362,#4363,#4364);
#4362 = CARTESIAN_POINT('',(-60.,-75.,-8.));
#4363 = DIRECTION('',(0.,0.,1.));
#4364 = DIRECTION('',(1.,0.,0.));
#4365 = ADVANCED_FACE('',(#4366),#4384,.F.);
#4366 = FACE_BOUND('',#4367,.F.);
#4367 = EDGE_LOOP('',(#4368,#4376,#4377,#4378));
#4368 = ORIENTED_EDGE('',*,*,#4369,.T.);
#4369 = EDGE_CURVE('',#4370,#4106,#4372,.T.);
#4370 = VERTEX_POINT('',#4371);
#4371 = CARTESIAN_POINT('',(-56.,-75.,-4.));
#4372 = LINE('',#4373,#4374);
#4373 = CARTESIAN_POINT('',(-56.,-75.,-8.));
#4374 = VECTOR('',#4375,1.);
#4375 = DIRECTION('',(0.,0.,1.));
#4376 = ORIENTED_EDGE('',*,*,#4116,.T.);
#4377 = ORIENTED_EDGE('',*,*,#4090,.F.);
#4378 = ORIENTED_EDGE('',*,*,#4379,.F.);
#4379 = EDGE_CURVE('',#4370,#4082,#4380,.T.);
#4380 = LINE('',#4381,#4382);
#4381 = CARTESIAN_POINT('',(-60.,-75.,-4.));
#4382 = VECTOR('',#4383,1.);
#4383 = DIRECTION('',(1.,0.,0.));
#4384 = PLANE('',#4385);
#4385 = AXIS2_PLACEMENT_3D('',#4386,#4387,#4388);
#4386 = CARTESIAN_POINT('',(-60.,-75.,-8.));
#4387 = DIRECTION('',(0.,1.,0.));
#4388 = DIRECTION('',(0.,0.,1.));
#4389 = ADVANCED_FACE('',(#4390),#4401,.T.);
#4390 = FACE_BOUND('',#4391,.F.);
#4391 = EDGE_LOOP('',(#4392,#4393,#4394));
#4392 = ORIENTED_EDGE('',*,*,#4223,.F.);
#4393 = ORIENTED_EDGE('',*,*,#4105,.T.);
#4394 = ORIENTED_EDGE('',*,*,#4395,.F.);
#4395 = EDGE_CURVE('',#4224,#4106,#4396,.T.);
#4396 = CIRCLE('',#4397,4.);
#4397 = AXIS2_PLACEMENT_3D('',#4398,#4399,#4400);
#4398 = CARTESIAN_POINT('',(-56.,-71.,4.));
#4399 = DIRECTION('',(0.,0.,1.));
#4400 = DIRECTION('',(-1.,0.,0.));
#4401 = SPHERICAL_SURFACE('',#4402,4.);
#4402 = AXIS2_PLACEMENT_3D('',#4403,#4404,#4405);
#4403 = CARTESIAN_POINT('',(-56.,-71.,4.));
#4404 = DIRECTION('',(-0.,-0.,-1.));
#4405 = DIRECTION('',(-1.,0.,0.));
#4406 = ADVANCED_FACE('',(#4407),#4425,.T.);
#4407 = FACE_BOUND('',#4408,.T.);
#4408 = EDGE_LOOP('',(#4409,#4417,#4418,#4419));
#4409 = ORIENTED_EDGE('',*,*,#4410,.T.);
#4410 = EDGE_CURVE('',#4411,#4199,#4413,.T.);
#4411 = VERTEX_POINT('',#4412);
#4412 = CARTESIAN_POINT('',(-56.,75.,-4.));
#4413 = LINE('',#4414,#4415);
#4414 = CARTESIAN_POINT('',(-56.,75.,-8.));
#4415 = VECTOR('',#4416,1.);
#4416 = DIRECTION('',(0.,0.,1.));
#4417 = ORIENTED_EDGE('',*,*,#4209,.T.);
#4418 = ORIENTED_EDGE('',*,*,#4183,.F.);
#4419 = ORIENTED_EDGE('',*,*,#4420,.F.);
#4420 = EDGE_CURVE('',#4411,#4175,#4421,.T.);
#4421 = LINE('',#4422,#4423);
#4422 = CARTESIAN_POINT('',(-60.,75.,-4.));
#4423 = VECTOR('',#4424,1.);
#4424 = DIRECTION('',(1.,0.,0.));
#4425 = PLANE('',#4426);
#4426 = AXIS2_PLACEMENT_3D('',#4427,#4428,#4429);
#4427 = CARTESIAN_POINT('',(-60.,75.,-8.));
#4428 = DIRECTION('',(0.,1.,0.));
#4429 = DIRECTION('',(0.,0.,1.));
#4430 = ADVANCED_FACE('',(#4431),#4442,.T.);
#4431 = FACE_BOUND('',#4432,.F.);
#4432 = EDGE_LOOP('',(#4433,#4440,#4441));
#4433 = ORIENTED_EDGE('',*,*,#4434,.F.);
#4434 = EDGE_CURVE('',#4199,#4234,#4435,.T.);
#4435 = CIRCLE('',#4436,4.);
#4436 = AXIS2_PLACEMENT_3D('',#4437,#4438,#4439);
#4437 = CARTESIAN_POINT('',(-56.,71.,4.));
#4438 = DIRECTION('',(2.2E-16,0.,1.));
#4439 = DIRECTION('',(-1.,0.,2.2E-16));
#4440 = ORIENTED_EDGE('',*,*,#4198,.T.);
#4441 = ORIENTED_EDGE('',*,*,#4233,.F.);
#4442 = SPHERICAL_SURFACE('',#4443,4.);
#4443 = AXIS2_PLACEMENT_3D('',#4444,#4445,#4446);
#4444 = CARTESIAN_POINT('',(-56.,71.,4.));
#4445 = DIRECTION('',(0.,-1.,0.));
#4446 = DIRECTION('',(-1.,0.,2.2E-16));
#4447 = ADVANCED_FACE('',(#4448),#4473,.F.);
#4448 = FACE_BOUND('',#4449,.F.);
#4449 = EDGE_LOOP('',(#4450,#4458,#4466,#4472));
#4450 = ORIENTED_EDGE('',*,*,#4451,.F.);
#4451 = EDGE_CURVE('',#4452,#4224,#4454,.T.);
#4452 = VERTEX_POINT('',#4453);
#4453 = CARTESIAN_POINT('',(-60.,-71.,-4.));
#4454 = LINE('',#4455,#4456);
#4455 = CARTESIAN_POINT('',(-60.,-71.,-8.));
#4456 = VECTOR('',#4457,1.);
#4457 = DIRECTION('',(0.,0.,1.));
#4458 = ORIENTED_EDGE('',*,*,#4459,.T.);
#4459 = EDGE_CURVE('',#4452,#4460,#4462,.T.);
#4460 = VERTEX_POINT('',#4461);
#4461 = CARTESIAN_POINT('',(-60.,71.,-4.));
#4462 = LINE('',#4463,#4464);
#4463 = CARTESIAN_POINT('',(-60.,-75.,-4.));
#4464 = VECTOR('',#4465,1.);
#4465 = DIRECTION('',(0.,1.,0.));
#4466 = ORIENTED_EDGE('',*,*,#4467,.T.);
#4467 = EDGE_CURVE('',#4460,#4234,#4468,.T.);
#4468 = LINE('',#4469,#4470);
#4469 = CARTESIAN_POINT('',(-60.,71.,-8.));
#4470 = VECTOR('',#4471,1.);
#4471 = DIRECTION('',(0.,0.,1.));
#4472 = ORIENTED_EDGE('',*,*,#4242,.F.);
#4473 = PLANE('',#4474);
#4474 = AXIS2_PLACEMENT_3D('',#4475,#4476,#4477);
#4475 = CARTESIAN_POINT('',(-60.,-75.,-8.));
#4476 = DIRECTION('',(1.,0.,0.));
#4477 = DIRECTION('',(0.,0.,1.));
#4478 = ADVANCED_FACE('',(#4479),#4491,.T.);
#4479 = FACE_BOUND('',#4480,.F.);
#4480 = EDGE_LOOP('',(#4481,#4488,#4489,#4490));
#4481 = ORIENTED_EDGE('',*,*,#4482,.F.);
#4482 = EDGE_CURVE('',#4341,#4411,#4483,.T.);
#4483 = CIRCLE('',#4484,4.);
#4484 = AXIS2_PLACEMENT_3D('',#4485,#4486,#4487);
#4485 = CARTESIAN_POINT('',(-56.,71.,-4.));
#4486 = DIRECTION('',(1.,6.E-17,-0.));
#4487 = DIRECTION('',(-6.E-17,1.,0.));
#4488 = ORIENTED_EDGE('',*,*,#4355,.T.);
#4489 = ORIENTED_EDGE('',*,*,#4257,.T.);
#4490 = ORIENTED_EDGE('',*,*,#4420,.F.);
#4491 = CYLINDRICAL_SURFACE('',#4492,4.);
#4492 = AXIS2_PLACEMENT_3D('',#4493,#4494,#4495);
#4493 = CARTESIAN_POINT('',(-60.,71.,-4.));
#4494 = DIRECTION('',(1.,0.,0.));
#4495 = DIRECTION('',(0.,1.,0.));
#4496 = ADVANCED_FACE('',(#4497),#4509,.T.);
#4497 = FACE_BOUND('',#4498,.T.);
#4498 = EDGE_LOOP('',(#4499,#4506,#4507,#4508));
#4499 = ORIENTED_EDGE('',*,*,#4500,.F.);
#4500 = EDGE_CURVE('',#4339,#4370,#4501,.T.);
#4501 = CIRCLE('',#4502,4.);
#4502 = AXIS2_PLACEMENT_3D('',#4503,#4504,#4505);
#4503 = CARTESIAN_POINT('',(-56.,-71.,-4.));
#4504 = DIRECTION('',(-1.,6.E-17,0.));
#4505 = DIRECTION('',(-6.E-17,-1.,0.));
#4506 = ORIENTED_EDGE('',*,*,#4348,.T.);
#4507 = ORIENTED_EDGE('',*,*,#4276,.T.);
#4508 = ORIENTED_EDGE('',*,*,#4379,.F.);
#4509 = CYLINDRICAL_SURFACE('',#4510,4.);
#4510 = AXIS2_PLACEMENT_3D('',#4511,#4512,#4513);
#4511 = CARTESIAN_POINT('',(-60.,-71.,-4.));
#4512 = DIRECTION('',(1.,0.,0.));
#4513 = DIRECTION('',(0.,-1.,0.));
#4514 = ADVANCED_FACE('',(#4515),#4533,.T.);
#4515 = FACE_BOUND('',#4516,.F.);
#4516 = EDGE_LOOP('',(#4517,#4524,#4525,#4532));
#4517 = ORIENTED_EDGE('',*,*,#4518,.F.);
#4518 = EDGE_CURVE('',#4339,#4452,#4519,.T.);
#4519 = CIRCLE('',#4520,4.);
#4520 = AXIS2_PLACEMENT_3D('',#4521,#4522,#4523);
#4521 = CARTESIAN_POINT('',(-56.,-71.,-4.));
#4522 = DIRECTION('',(0.,1.,-0.));
#4523 = DIRECTION('',(-1.,0.,0.));
#4524 = ORIENTED_EDGE('',*,*,#4338,.T.);
#4525 = ORIENTED_EDGE('',*,*,#4526,.T.);
#4526 = EDGE_CURVE('',#4341,#4460,#4527,.T.);
#4527 = CIRCLE('',#4528,4.);
#4528 = AXIS2_PLACEMENT_3D('',#4529,#4530,#4531);
#4529 = CARTESIAN_POINT('',(-56.,71.,-4.));
#4530 = DIRECTION('',(0.,1.,-0.));
#4531 = DIRECTION('',(-1.,0.,0.));
#4532 = ORIENTED_EDGE('',*,*,#4459,.F.);
#4533 = CYLINDRICAL_SURFACE('',#4534,4.);
#4534 = AXIS2_PLACEMENT_3D('',#4535,#4536,#4537);
#4535 = CARTESIAN_POINT('',(-56.,-75.,-4.));
#4536 = DIRECTION('',(0.,1.,0.));
#4537 = DIRECTION('',(-1.,0.,0.));
#4538 = ADVANCED_FACE('',(#4539),#4551,.T.);
#4539 = FACE_BOUND('',#4540,.T.);
#4540 = EDGE_LOOP('',(#4541,#4542,#4549,#4550));
#4541 = ORIENTED_EDGE('',*,*,#4451,.F.);
#4542 = ORIENTED_EDGE('',*,*,#4543,.T.);
#4543 = EDGE_CURVE('',#4452,#4370,#4544,.T.);
#4544 = CIRCLE('',#4545,4.);
#4545 = AXIS2_PLACEMENT_3D('',#4546,#4547,#4548);
#4546 = CARTESIAN_POINT('',(-56.,-71.,-4.));
#4547 = DIRECTION('',(0.,0.,1.));
#4548 = DIRECTION('',(-1.,0.,0.));
#4549 = ORIENTED_EDGE('',*,*,#4369,.T.);
#4550 = ORIENTED_EDGE('',*,*,#4395,.F.);
#4551 = CYLINDRICAL_SURFACE('',#4552,4.);
#4552 = AXIS2_PLACEMENT_3D('',#4553,#4554,#4555);
#4553 = CARTESIAN_POINT('',(-56.,-71.,-8.));
#4554 = DIRECTION('',(0.,0.,1.));
#4555 = DIRECTION('',(-1.,0.,0.));
#4556 = ADVANCED_FACE('',(#4557),#4569,.T.);
#4557 = FACE_BOUND('',#4558,.F.);
#4558 = EDGE_LOOP('',(#4559,#4560,#4567,#4568));
#4559 = ORIENTED_EDGE('',*,*,#4467,.F.);
#4560 = ORIENTED_EDGE('',*,*,#4561,.T.);
#4561 = EDGE_CURVE('',#4460,#4411,#4562,.T.);
#4562 = CIRCLE('',#4563,4.);
#4563 = AXIS2_PLACEMENT_3D('',#4564,#4565,#4566);
#4564 = CARTESIAN_POINT('',(-56.,71.,-4.));
#4565 = DIRECTION('',(0.,0.,-1.));
#4566 = DIRECTION('',(-1.,0.,0.));
#4567 = ORIENTED_EDGE('',*,*,#4410,.T.);
#4568 = ORIENTED_EDGE('',*,*,#4434,.T.);
#4569 = CYLINDRICAL_SURFACE('',#4570,4.);
#4570 = AXIS2_PLACEMENT_3D('',#4571,#4572,#4573);
#4571 = CARTESIAN_POINT('',(-56.,71.,-8.));
#4572 = DIRECTION('',(0.,0.,1.));
#4573 = DIRECTION('',(-1.,0.,0.));
#4574 = ADVANCED_FACE('',(#4575),#4580,.T.);
#4575 = FACE_BOUND('',#4576,.F.);
#4576 = EDGE_LOOP('',(#4577,#4578,#4579));
#4577 = ORIENTED_EDGE('',*,*,#4526,.F.);
#4578 = ORIENTED_EDGE('',*,*,#4482,.T.);
#4579 = ORIENTED_EDGE('',*,*,#4561,.F.);
#4580 = SPHERICAL_SURFACE('',#4581,4.);
#4581 = AXIS2_PLACEMENT_3D('',#4582,#4583,#4584);
#4582 = CARTESIAN_POINT('',(-56.,71.,-4.));
#4583 = DIRECTION('',(0.,0.,1.));
#4584 = DIRECTION('',(-1.,0.,0.));
#4585 = ADVANCED_FACE('',(#4586),#4591,.T.);
#4586 = FACE_BOUND('',#4587,.T.);
#4587 = EDGE_LOOP('',(#4588,#4589,#4590));
#4588 = ORIENTED_EDGE('',*,*,#4518,.F.);
#4589 = ORIENTED_EDGE('',*,*,#4500,.T.);
#4590 = ORIENTED_EDGE('',*,*,#4543,.F.);
#4591 = SPHERICAL_SURFACE('',#4592,4.);
#4592 = AXIS2_PLACEMENT_3D('',#4593,#4594,#4595);
#4593 = CARTESIAN_POINT('',(-56.,-71.,-4.));
#4594 = DIRECTION('',(0.,0.,1.));
#4595 = DIRECTION('',(-1.,0.,0.));
#4596 = ( GEOMETRIC_REPRESENTATION_CONTEXT(3) 
GLOBAL_UNCERTAINTY_ASSIGNED_CONTEXT((#4600)) 
GLOBAL_UNIT_ASSIGNED_CONTEXT((#4597,#4598,#4599)) REPRESENTATION_CONTEXT
('Context #1','3D Context with UNIT and UNCERTAINTY') );
#4597 = ( LENGTH_UNIT() NAMED_UNIT(*) SI_UNIT(.MILLI.,.METRE.) );
#4598 = ( NAMED_UNIT(*) PLANE_ANGLE_UNIT() SI_UNIT($,.RADIAN.) );
#4599 = ( NAMED_UNIT(*) SI_UNIT($,.STERADIAN.) SOLID_ANGLE_UNIT() );
#4600 = UNCERTAINTY_MEASURE_WITH_UNIT(LENGTH_MEASURE(2.E-07),#4597,
  'distance_accuracy_value','confusion accuracy');
#4601 = PRODUCT_RELATED_PRODUCT_CATEGORY('part',$,(#7));
ENDSEC;
END-ISO-10303-21;
