ISO-10303-21;
HEADER;
FILE_DESCRIPTION(('FreeCAD Model'),'2;1');
FILE_NAME('Open CASCADE Shape Model','2026-09-13T19:00:01',('FreeCAD'),(
    'FreeCAD'),'Open CASCADE STEP processor 7.8','FreeCAD','Unknown');
FILE_SCHEMA(('AUTOMOTIVE_DESIGN { 1 0 10303 214 1 1 1 1 }'));
ENDSEC;
DATA;
#1 = APPLICATION_PROTOCOL_DEFINITION('international standard',
  'automotive_design',2000,#2);
#2 = APPLICATION_CONTEXT(
  'core data for automotive mechanical design processes');
#3 = SHAPE_DEFINITION_REPRESENTATION(#4,#10);
#4 = PRODUCT_DEFINITION_SHAPE('','',#5);
#5 = PRODUCT_DEFINITION('design','',#6,#9);
#6 = PRODUCT_DEFINITION_FORMATION('','',#7);
#7 = PRODUCT('Open CASCADE STEP translator 7.8 14',
  'Open CASCADE STEP translator 7.8 14','',(#8));
#8 = PRODUCT_CONTEXT('',#2,'mechanical');
#9 = PRODUCT_DEFINITION_CONTEXT('part definition',#2,'design');
#10 = ADVANCED_BREP_SHAPE_REPRESENTATION('',(#11,#15),#5653);
#11 = AXIS2_PLACEMENT_3D('',#12,#13,#14);
#12 = CARTESIAN_POINT('',(0.,0.,0.));
#13 = DIRECTION('',(0.,0.,1.));
#14 = DIRECTION('',(1.,0.,-0.));
#15 = MANIFOLD_SOLID_BREP('',#16);
#16 = CLOSED_SHELL('',(#17,#50,#82,#281,#459,#470,#512,#568,#585,#627,
    #668,#724,#789,#806,#823,#864,#889,#954,#971,#988,#1076,#1101,#1149,
    #1166,#1223,#1248,#1470,#1487,#1505,#1546,#1692,#1732,#1749,#1767,
    #1785,#1826,#1867,#2006,#2031,#2056,#2068,#2085,#2126,#2168,#2180,
    #2197,#2239,#2280,#2315,#2379,#2391,#2418,#2430,#2471,#2495,#2529,
    #2538,#2555,#2572,#2630,#2647,#2672,#2689,#2768,#2809,#2867,#2884,
    #2909,#2926,#2976,#3000,#3064,#3081,#3121,#3146,#3170,#3195,#3219,
    #3244,#3268,#3286,#3303,#3315,#3332,#3349,#3373,#3437,#3454,#3471,
    #3511,#3536,#3560,#3585,#3609,#3634,#3658,#3676,#3688,#3705,#3722,
    #3757,#3774,#3809,#3826,#3858,#3875,#3899,#3924,#3959,#3971,#3983,
    #3999,#4015,#4047,#4064,#4096,#4113,#4138,#4596,#4613,#4630,#4655,
    #4672,#4697,#4714,#4841,#4858,#4875,#4893,#4910,#4921,#4938,#4955,
    #4973,#4990,#5001,#5493,#5510,#5534,#5551,#5568,#5592,#5609,#5620,
    #5631,#5642));
#17 = ADVANCED_FACE('',(#18),#45,.T.);
#18 = FACE_BOUND('',#19,.T.);
#19 = EDGE_LOOP('',(#20,#31,#39));
#20 = ORIENTED_EDGE('',*,*,#21,.F.);
#21 = EDGE_CURVE('',#22,#24,#26,.T.);
#22 = VERTEX_POINT('',#23);
#23 = CARTESIAN_POINT('',(-9.,-153.,5.));
#24 = VERTEX_POINT('',#25);
#25 = CARTESIAN_POINT('',(-8.,-153.,6.));
#26 = CIRCLE('',#27,1.);
#27 = AXIS2_PLACEMENT_3D('',#28,#29,#30);
#28 = CARTESIAN_POINT('',(-8.,-153.,5.));
#29 = DIRECTION('',(0.,1.,-0.));
#30 = DIRECTION('',(-1.,0.,0.));
#31 = ORIENTED_EDGE('',*,*,#32,.T.);
#32 = EDGE_CURVE('',#22,#33,#35,.T.);
#33 = VERTEX_POINT('',#34);
#34 = CARTESIAN_POINT('',(-9.,-153.,6.));
#35 = LINE('',#36,#37);
#36 = CARTESIAN_POINT('',(-9.,-153.,-6.));
#37 = VECTOR('',#38,1.);
#38 = DIRECTION('',(0.,0.,1.));
#39 = ORIENTED_EDGE('',*,*,#40,.T.);
#40 = EDGE_CURVE('',#33,#24,#41,.T.);
#41 = LINE('',#42,#43);
#42 = CARTESIAN_POINT('',(-9.,-153.,6.));
#43 = VECTOR('',#44,1.);
#44 = DIRECTION('',(1.,0.,0.));
#45 = PLANE('',#46);
#46 = AXIS2_PLACEMENT_3D('',#47,#48,#49);
#47 = CARTESIAN_POINT('',(-9.,-153.,-6.));
#48 = DIRECTION('',(0.,1.,0.));
#49 = DIRECTION('',(0.,0.,1.));
#50 = ADVANCED_FACE('',(#51),#77,.T.);
#51 = FACE_BOUND('',#52,.T.);
#52 = EDGE_LOOP('',(#53,#61,#62,#70));
#53 = ORIENTED_EDGE('',*,*,#54,.F.);
#54 = EDGE_CURVE('',#22,#55,#57,.T.);
#55 = VERTEX_POINT('',#56);
#56 = CARTESIAN_POINT('',(-9.,153.,5.));
#57 = LINE('',#58,#59);
#58 = CARTESIAN_POINT('',(-9.,-155.,5.));
#59 = VECTOR('',#60,1.);
#60 = DIRECTION('',(0.,1.,0.));
#61 = ORIENTED_EDGE('',*,*,#21,.T.);
#62 = ORIENTED_EDGE('',*,*,#63,.T.);
#63 = EDGE_CURVE('',#24,#64,#66,.T.);
#64 = VERTEX_POINT('',#65);
#65 = CARTESIAN_POINT('',(-8.,153.,6.));
#66 = LINE('',#67,#68);
#67 = CARTESIAN_POINT('',(-8.,-155.,6.));
#68 = VECTOR('',#69,1.);
#69 = DIRECTION('',(0.,1.,0.));
#70 = ORIENTED_EDGE('',*,*,#71,.F.);
#71 = EDGE_CURVE('',#55,#64,#72,.T.);
#72 = CIRCLE('',#73,1.);
#73 = AXIS2_PLACEMENT_3D('',#74,#75,#76);
#74 = CARTESIAN_POINT('',(-8.,153.,5.));
#75 = DIRECTION('',(0.,1.,-0.));
#76 = DIRECTION('',(-1.,0.,0.));
#77 = CYLINDRICAL_SURFACE('',#78,1.);
#78 = AXIS2_PLACEMENT_3D('',#79,#80,#81);
#79 = CARTESIAN_POINT('',(-8.,-155.,5.));
#80 = DIRECTION('',(0.,1.,0.));
#81 = DIRECTION('',(-1.,0.,0.));
#82 = ADVANCED_FACE('',(#83,#265),#276,.T.);
#83 = FACE_BOUND('',#84,.T.);
#84 = EDGE_LOOP('',(#85,#86,#94,#102,#110,#118,#126,#134,#143,#151,#160,
    #168,#176,#184,#193,#201,#210,#218,#226,#234,#242,#250,#258,#264));
#85 = ORIENTED_EDGE('',*,*,#40,.F.);
#86 = ORIENTED_EDGE('',*,*,#87,.F.);
#87 = EDGE_CURVE('',#88,#33,#90,.T.);
#88 = VERTEX_POINT('',#89);
#89 = CARTESIAN_POINT('',(-9.,-164.,6.));
#90 = LINE('',#91,#92);
#91 = CARTESIAN_POINT('',(-9.,-172.,6.));
#92 = VECTOR('',#93,1.);
#93 = DIRECTION('',(0.,1.,0.));
#94 = ORIENTED_EDGE('',*,*,#95,.T.);
#95 = EDGE_CURVE('',#88,#96,#98,.T.);
#96 = VERTEX_POINT('',#97);
#97 = CARTESIAN_POINT('',(9.,-164.,6.));
#98 = LINE('',#99,#100);
#99 = CARTESIAN_POINT('',(-9.,-164.,6.));
#100 = VECTOR('',#101,1.);
#101 = DIRECTION('',(1.,0.,0.));
#102 = ORIENTED_EDGE('',*,*,#103,.T.);
#103 = EDGE_CURVE('',#96,#104,#106,.T.);
#104 = VERTEX_POINT('',#105);
#105 = CARTESIAN_POINT('',(9.,-153.,6.));
#106 = LINE('',#107,#108);
#107 = CARTESIAN_POINT('',(9.,-172.,6.));
#108 = VECTOR('',#109,1.);
#109 = DIRECTION('',(0.,1.,0.));
#110 = ORIENTED_EDGE('',*,*,#111,.F.);
#111 = EDGE_CURVE('',#112,#104,#114,.T.);
#112 = VERTEX_POINT('',#113);
#113 = CARTESIAN_POINT('',(8.,-153.,6.));
#114 = LINE('',#115,#116);
#115 = CARTESIAN_POINT('',(-9.,-153.,6.));
#116 = VECTOR('',#117,1.);
#117 = DIRECTION('',(1.,0.,0.));
#118 = ORIENTED_EDGE('',*,*,#119,.T.);
#119 = EDGE_CURVE('',#112,#120,#122,.T.);
#120 = VERTEX_POINT('',#121);
#121 = CARTESIAN_POINT('',(8.,-71.73205080756,6.));
#122 = LINE('',#123,#124);
#123 = CARTESIAN_POINT('',(8.,-155.,6.));
#124 = VECTOR('',#125,1.);
#125 = DIRECTION('',(0.,1.,0.));
#126 = ORIENTED_EDGE('',*,*,#127,.F.);
#127 = EDGE_CURVE('',#128,#120,#130,.T.);
#128 = VERTEX_POINT('',#129);
#129 = CARTESIAN_POINT('',(1.,-71.73205080756,6.));
#130 = LINE('',#131,#132);
#131 = CARTESIAN_POINT('',(-1.,-71.73205080756,6.));
#132 = VECTOR('',#133,1.);
#133 = DIRECTION('',(1.,0.,0.));
#134 = ORIENTED_EDGE('',*,*,#135,.T.);
#135 = EDGE_CURVE('',#128,#136,#138,.T.);
#136 = VERTEX_POINT('',#137);
#137 = CARTESIAN_POINT('',(-0.732050807569,-70.,6.));
#138 = CIRCLE('',#139,1.732050807569);
#139 = AXIS2_PLACEMENT_3D('',#140,#141,#142);
#140 = CARTESIAN_POINT('',(1.,-70.,6.));
#141 = DIRECTION('',(0.,0.,-1.));
#142 = DIRECTION('',(-1.,0.,0.));
#143 = ORIENTED_EDGE('',*,*,#144,.T.);
#144 = EDGE_CURVE('',#136,#145,#147,.T.);
#145 = VERTEX_POINT('',#146);
#146 = CARTESIAN_POINT('',(-0.732050807569,-56.,6.));
#147 = LINE('',#148,#149);
#148 = CARTESIAN_POINT('',(-0.732050807569,-72.,6.));
#149 = VECTOR('',#150,1.);
#150 = DIRECTION('',(0.,1.,0.));
#151 = ORIENTED_EDGE('',*,*,#152,.F.);
#152 = EDGE_CURVE('',#153,#145,#155,.T.);
#153 = VERTEX_POINT('',#154);
#154 = CARTESIAN_POINT('',(1.,-54.26794919243,6.));
#155 = CIRCLE('',#156,1.732050807569);
#156 = AXIS2_PLACEMENT_3D('',#157,#158,#159);
#157 = CARTESIAN_POINT('',(1.,-56.,6.));
#158 = DIRECTION('',(-0.,0.,1.));
#159 = DIRECTION('',(0.,-1.,0.));
#160 = ORIENTED_EDGE('',*,*,#161,.T.);
#161 = EDGE_CURVE('',#153,#162,#164,.T.);
#162 = VERTEX_POINT('',#163);
#163 = CARTESIAN_POINT('',(8.,-54.26794919243,6.));
#164 = LINE('',#165,#166);
#165 = CARTESIAN_POINT('',(-1.,-54.26794919243,6.));
#166 = VECTOR('',#167,1.);
#167 = DIRECTION('',(1.,0.,0.));
#168 = ORIENTED_EDGE('',*,*,#169,.T.);
#169 = EDGE_CURVE('',#162,#170,#172,.T.);
#170 = VERTEX_POINT('',#171);
#171 = CARTESIAN_POINT('',(8.,54.267949192431,6.));
#172 = LINE('',#173,#174);
#173 = CARTESIAN_POINT('',(8.,-155.,6.));
#174 = VECTOR('',#175,1.);
#175 = DIRECTION('',(0.,1.,0.));
#176 = ORIENTED_EDGE('',*,*,#177,.F.);
#177 = EDGE_CURVE('',#178,#170,#180,.T.);
#178 = VERTEX_POINT('',#179);
#179 = CARTESIAN_POINT('',(1.,54.267949192431,6.));
#180 = LINE('',#181,#182);
#181 = CARTESIAN_POINT('',(-1.,54.267949192431,6.));
#182 = VECTOR('',#183,1.);
#183 = DIRECTION('',(1.,0.,0.));
#184 = ORIENTED_EDGE('',*,*,#185,.T.);
#185 = EDGE_CURVE('',#178,#186,#188,.T.);
#186 = VERTEX_POINT('',#187);
#187 = CARTESIAN_POINT('',(-0.732050807569,56.,6.));
#188 = CIRCLE('',#189,1.732050807569);
#189 = AXIS2_PLACEMENT_3D('',#190,#191,#192);
#190 = CARTESIAN_POINT('',(1.,56.,6.));
#191 = DIRECTION('',(0.,0.,-1.));
#192 = DIRECTION('',(-1.,0.,0.));
#193 = ORIENTED_EDGE('',*,*,#194,.T.);
#194 = EDGE_CURVE('',#186,#195,#197,.T.);
#195 = VERTEX_POINT('',#196);
#196 = CARTESIAN_POINT('',(-0.732050807569,70.,6.));
#197 = LINE('',#198,#199);
#198 = CARTESIAN_POINT('',(-0.732050807569,54.,6.));
#199 = VECTOR('',#200,1.);
#200 = DIRECTION('',(0.,1.,0.));
#201 = ORIENTED_EDGE('',*,*,#202,.F.);
#202 = EDGE_CURVE('',#203,#195,#205,.T.);
#203 = VERTEX_POINT('',#204);
#204 = CARTESIAN_POINT('',(1.,71.732050807569,6.));
#205 = CIRCLE('',#206,1.732050807569);
#206 = AXIS2_PLACEMENT_3D('',#207,#208,#209);
#207 = CARTESIAN_POINT('',(1.,70.,6.));
#208 = DIRECTION('',(-0.,0.,1.));
#209 = DIRECTION('',(0.,-1.,0.));
#210 = ORIENTED_EDGE('',*,*,#211,.T.);
#211 = EDGE_CURVE('',#203,#212,#214,.T.);
#212 = VERTEX_POINT('',#213);
#213 = CARTESIAN_POINT('',(8.,71.732050807569,6.));
#214 = LINE('',#215,#216);
#215 = CARTESIAN_POINT('',(-1.,71.732050807569,6.));
#216 = VECTOR('',#217,1.);
#217 = DIRECTION('',(1.,0.,0.));
#218 = ORIENTED_EDGE('',*,*,#219,.T.);
#219 = EDGE_CURVE('',#212,#220,#222,.T.);
#220 = VERTEX_POINT('',#221);
#221 = CARTESIAN_POINT('',(8.,153.,6.));
#222 = LINE('',#223,#224);
#223 = CARTESIAN_POINT('',(8.,-155.,6.));
#224 = VECTOR('',#225,1.);
#225 = DIRECTION('',(0.,1.,0.));
#226 = ORIENTED_EDGE('',*,*,#227,.T.);
#227 = EDGE_CURVE('',#220,#228,#230,.T.);
#228 = VERTEX_POINT('',#229);
#229 = CARTESIAN_POINT('',(9.,153.,6.));
#230 = LINE('',#231,#232);
#231 = CARTESIAN_POINT('',(-9.,153.,6.));
#232 = VECTOR('',#233,1.);
#233 = DIRECTION('',(1.,0.,0.));
#234 = ORIENTED_EDGE('',*,*,#235,.T.);
#235 = EDGE_CURVE('',#228,#236,#238,.T.);
#236 = VERTEX_POINT('',#237);
#237 = CARTESIAN_POINT('',(9.,164.,6.));
#238 = LINE('',#239,#240);
#239 = CARTESIAN_POINT('',(9.,153.,6.));
#240 = VECTOR('',#241,1.);
#241 = DIRECTION('',(0.,1.,0.));
#242 = ORIENTED_EDGE('',*,*,#243,.F.);
#243 = EDGE_CURVE('',#244,#236,#246,.T.);
#244 = VERTEX_POINT('',#245);
#245 = CARTESIAN_POINT('',(-9.,164.,6.));
#246 = LINE('',#247,#248);
#247 = CARTESIAN_POINT('',(-9.,164.,6.));
#248 = VECTOR('',#249,1.);
#249 = DIRECTION('',(1.,0.,0.));
#250 = ORIENTED_EDGE('',*,*,#251,.F.);
#251 = EDGE_CURVE('',#252,#244,#254,.T.);
#252 = VERTEX_POINT('',#253);
#253 = CARTESIAN_POINT('',(-9.,153.,6.));
#254 = LINE('',#255,#256);
#255 = CARTESIAN_POINT('',(-9.,153.,6.));
#256 = VECTOR('',#257,1.);
#257 = DIRECTION('',(0.,1.,0.));
#258 = ORIENTED_EDGE('',*,*,#259,.T.);
#259 = EDGE_CURVE('',#252,#64,#260,.T.);
#260 = LINE('',#261,#262);
#261 = CARTESIAN_POINT('',(-9.,153.,6.));
#262 = VECTOR('',#263,1.);
#263 = DIRECTION('',(1.,0.,0.));
#264 = ORIENTED_EDGE('',*,*,#63,.F.);
#265 = FACE_BOUND('',#266,.T.);
#266 = EDGE_LOOP('',(#267));
#267 = ORIENTED_EDGE('',*,*,#268,.F.);
#268 = EDGE_CURVE('',#269,#269,#271,.T.);
#269 = VERTEX_POINT('',#270);
#270 = CARTESIAN_POINT('',(1.25,0.,6.));
#271 = CIRCLE('',#272,1.25);
#272 = AXIS2_PLACEMENT_3D('',#273,#274,#275);
#273 = CARTESIAN_POINT('',(0.,0.,6.));
#274 = DIRECTION('',(0.,0.,1.));
#275 = DIRECTION('',(1.,0.,0.));
#276 = PLANE('',#277);
#277 = AXIS2_PLACEMENT_3D('',#278,#279,#280);
#278 = CARTESIAN_POINT('',(-0.240104260673,-5.E-15,6.));
#279 = DIRECTION('',(0.,0.,1.));
#280 = DIRECTION('',(1.,0.,0.));
#281 = ADVANCED_FACE('',(#282,#432,#443),#454,.T.);
#282 = FACE_BOUND('',#283,.T.);
#283 = EDGE_LOOP('',(#284,#285,#286,#287,#293,#294,#303,#312,#320,#328,
    #336,#344,#352,#360,#368,#376,#384,#392,#400,#408,#416,#425));
#284 = ORIENTED_EDGE('',*,*,#87,.T.);
#285 = ORIENTED_EDGE('',*,*,#32,.F.);
#286 = ORIENTED_EDGE('',*,*,#54,.T.);
#287 = ORIENTED_EDGE('',*,*,#288,.T.);
#288 = EDGE_CURVE('',#55,#252,#289,.T.);
#289 = LINE('',#290,#291);
#290 = CARTESIAN_POINT('',(-9.,153.,-6.));
#291 = VECTOR('',#292,1.);
#292 = DIRECTION('',(0.,0.,1.));
#293 = ORIENTED_EDGE('',*,*,#251,.T.);
#294 = ORIENTED_EDGE('',*,*,#295,.F.);
#295 = EDGE_CURVE('',#296,#244,#298,.T.);
#296 = VERTEX_POINT('',#297);
#297 = CARTESIAN_POINT('',(-9.,172.,10.));
#298 = CIRCLE('',#299,10.);
#299 = AXIS2_PLACEMENT_3D('',#300,#301,#302);
#300 = CARTESIAN_POINT('',(-9.,172.,0.));
#301 = DIRECTION('',(1.,0.,-0.));
#302 = DIRECTION('',(0.,0.,1.));
#303 = ORIENTED_EDGE('',*,*,#304,.F.);
#304 = EDGE_CURVE('',#305,#296,#307,.T.);
#305 = VERTEX_POINT('',#306);
#306 = CARTESIAN_POINT('',(-9.,164.,-6.));
#307 = CIRCLE('',#308,10.);
#308 = AXIS2_PLACEMENT_3D('',#309,#310,#311);
#309 = CARTESIAN_POINT('',(-9.,172.,0.));
#310 = DIRECTION('',(1.,0.,-0.));
#311 = DIRECTION('',(0.,0.,1.));
#312 = ORIENTED_EDGE('',*,*,#313,.F.);
#313 = EDGE_CURVE('',#314,#305,#316,.T.);
#314 = VERTEX_POINT('',#315);
#315 = CARTESIAN_POINT('',(-9.,153.,-6.));
#316 = LINE('',#317,#318);
#317 = CARTESIAN_POINT('',(-9.,153.,-6.));
#318 = VECTOR('',#319,1.);
#319 = DIRECTION('',(0.,1.,0.));
#320 = ORIENTED_EDGE('',*,*,#321,.T.);
#321 = EDGE_CURVE('',#314,#322,#324,.T.);
#322 = VERTEX_POINT('',#323);
#323 = CARTESIAN_POINT('',(-9.,153.,-5.));
#324 = LINE('',#325,#326);
#325 = CARTESIAN_POINT('',(-9.,153.,-6.));
#326 = VECTOR('',#327,1.);
#327 = DIRECTION('',(0.,0.,1.));
#328 = ORIENTED_EDGE('',*,*,#329,.F.);
#329 = EDGE_CURVE('',#330,#322,#332,.T.);
#330 = VERTEX_POINT('',#331);
#331 = CARTESIAN_POINT('',(-9.,95.,-5.));
#332 = LINE('',#333,#334);
#333 = CARTESIAN_POINT('',(-9.,-155.,-5.));
#334 = VECTOR('',#335,1.);
#335 = DIRECTION('',(0.,1.,0.));
#336 = ORIENTED_EDGE('',*,*,#337,.T.);
#337 = EDGE_CURVE('',#330,#338,#340,.T.);
#338 = VERTEX_POINT('',#339);
#339 = CARTESIAN_POINT('',(-9.,95.,-4.));
#340 = LINE('',#341,#342);
#341 = CARTESIAN_POINT('',(-9.,95.,-8.));
#342 = VECTOR('',#343,1.);
#343 = DIRECTION('',(0.,0.,1.));
#344 = ORIENTED_EDGE('',*,*,#345,.T.);
#345 = EDGE_CURVE('',#338,#346,#348,.T.);
#346 = VERTEX_POINT('',#347);
#347 = CARTESIAN_POINT('',(-9.,77.,-4.));
#348 = LINE('',#349,#350);
#349 = CARTESIAN_POINT('',(-9.,-39.,-4.));
#350 = VECTOR('',#351,1.);
#351 = DIRECTION('',(0.,-1.,0.));
#352 = ORIENTED_EDGE('',*,*,#353,.F.);
#353 = EDGE_CURVE('',#354,#346,#356,.T.);
#354 = VERTEX_POINT('',#355);
#355 = CARTESIAN_POINT('',(-9.,77.,-5.));
#356 = LINE('',#357,#358);
#357 = CARTESIAN_POINT('',(-9.,77.,-8.));
#358 = VECTOR('',#359,1.);
#359 = DIRECTION('',(0.,0.,1.));
#360 = ORIENTED_EDGE('',*,*,#361,.F.);
#361 = EDGE_CURVE('',#362,#354,#364,.T.);
#362 = VERTEX_POINT('',#363);
#363 = CARTESIAN_POINT('',(-9.,-77.,-5.));
#364 = LINE('',#365,#366);
#365 = CARTESIAN_POINT('',(-9.,-155.,-5.));
#366 = VECTOR('',#367,1.);
#367 = DIRECTION('',(0.,1.,0.));
#368 = ORIENTED_EDGE('',*,*,#369,.T.);
#369 = EDGE_CURVE('',#362,#370,#372,.T.);
#370 = VERTEX_POINT('',#371);
#371 = CARTESIAN_POINT('',(-9.,-77.,-4.));
#372 = LINE('',#373,#374);
#373 = CARTESIAN_POINT('',(-9.,-77.,-8.));
#374 = VECTOR('',#375,1.);
#375 = DIRECTION('',(0.,0.,1.));
#376 = ORIENTED_EDGE('',*,*,#377,.T.);
#377 = EDGE_CURVE('',#370,#378,#380,.T.);
#378 = VERTEX_POINT('',#379);
#379 = CARTESIAN_POINT('',(-9.,-95.,-4.));
#380 = LINE('',#381,#382);
#381 = CARTESIAN_POINT('',(-9.,-125.,-4.));
#382 = VECTOR('',#383,1.);
#383 = DIRECTION('',(0.,-1.,0.));
#384 = ORIENTED_EDGE('',*,*,#385,.F.);
#385 = EDGE_CURVE('',#386,#378,#388,.T.);
#386 = VERTEX_POINT('',#387);
#387 = CARTESIAN_POINT('',(-9.,-95.,-5.));
#388 = LINE('',#389,#390);
#389 = CARTESIAN_POINT('',(-9.,-95.,-8.));
#390 = VECTOR('',#391,1.);
#391 = DIRECTION('',(0.,0.,1.));
#392 = ORIENTED_EDGE('',*,*,#393,.F.);
#393 = EDGE_CURVE('',#394,#386,#396,.T.);
#394 = VERTEX_POINT('',#395);
#395 = CARTESIAN_POINT('',(-9.,-153.,-5.));
#396 = LINE('',#397,#398);
#397 = CARTESIAN_POINT('',(-9.,-155.,-5.));
#398 = VECTOR('',#399,1.);
#399 = DIRECTION('',(0.,1.,0.));
#400 = ORIENTED_EDGE('',*,*,#401,.F.);
#401 = EDGE_CURVE('',#402,#394,#404,.T.);
#402 = VERTEX_POINT('',#403);
#403 = CARTESIAN_POINT('',(-9.,-153.,-6.));
#404 = LINE('',#405,#406);
#405 = CARTESIAN_POINT('',(-9.,-153.,-6.));
#406 = VECTOR('',#407,1.);
#407 = DIRECTION('',(0.,0.,1.));
#408 = ORIENTED_EDGE('',*,*,#409,.F.);
#409 = EDGE_CURVE('',#410,#402,#412,.T.);
#410 = VERTEX_POINT('',#411);
#411 = CARTESIAN_POINT('',(-9.,-164.,-6.));
#412 = LINE('',#413,#414);
#413 = CARTESIAN_POINT('',(-9.,-172.,-6.));
#414 = VECTOR('',#415,1.);
#415 = DIRECTION('',(0.,1.,0.));
#416 = ORIENTED_EDGE('',*,*,#417,.F.);
#417 = EDGE_CURVE('',#418,#410,#420,.T.);
#418 = VERTEX_POINT('',#419);
#419 = CARTESIAN_POINT('',(-9.,-172.,10.));
#420 = CIRCLE('',#421,10.);
#421 = AXIS2_PLACEMENT_3D('',#422,#423,#424);
#422 = CARTESIAN_POINT('',(-9.,-172.,0.));
#423 = DIRECTION('',(1.,0.,-0.));
#424 = DIRECTION('',(0.,0.,1.));
#425 = ORIENTED_EDGE('',*,*,#426,.F.);
#426 = EDGE_CURVE('',#88,#418,#427,.T.);
#427 = CIRCLE('',#428,10.);
#428 = AXIS2_PLACEMENT_3D('',#429,#430,#431);
#429 = CARTESIAN_POINT('',(-9.,-172.,0.));
#430 = DIRECTION('',(1.,0.,-0.));
#431 = DIRECTION('',(0.,0.,1.));
#432 = FACE_BOUND('',#433,.T.);
#433 = EDGE_LOOP('',(#434));
#434 = ORIENTED_EDGE('',*,*,#435,.T.);
#435 = EDGE_CURVE('',#436,#436,#438,.T.);
#436 = VERTEX_POINT('',#437);
#437 = CARTESIAN_POINT('',(-9.,172.,6.));
#438 = CIRCLE('',#439,6.);
#439 = AXIS2_PLACEMENT_3D('',#440,#441,#442);
#440 = CARTESIAN_POINT('',(-9.,172.,0.));
#441 = DIRECTION('',(1.,0.,-0.));
#442 = DIRECTION('',(0.,0.,1.));
#443 = FACE_BOUND('',#444,.T.);
#444 = EDGE_LOOP('',(#445));
#445 = ORIENTED_EDGE('',*,*,#446,.T.);
#446 = EDGE_CURVE('',#447,#447,#449,.T.);
#447 = VERTEX_POINT('',#448);
#448 = CARTESIAN_POINT('',(-9.,-172.,6.));
#449 = CIRCLE('',#450,6.);
#450 = AXIS2_PLACEMENT_3D('',#451,#452,#453);
#451 = CARTESIAN_POINT('',(-9.,-172.,0.));
#452 = DIRECTION('',(1.,0.,-0.));
#453 = DIRECTION('',(0.,0.,1.));
#454 = PLANE('',#455);
#455 = AXIS2_PLACEMENT_3D('',#456,#457,#458);
#456 = CARTESIAN_POINT('',(-9.,-4.13E-15,6.795766172421E-02));
#457 = DIRECTION('',(-1.,-0.,-0.));
#458 = DIRECTION('',(0.,0.,-1.));
#459 = ADVANCED_FACE('',(#460),#465,.F.);
#460 = FACE_BOUND('',#461,.F.);
#461 = EDGE_LOOP('',(#462,#463,#464));
#462 = ORIENTED_EDGE('',*,*,#71,.F.);
#463 = ORIENTED_EDGE('',*,*,#288,.T.);
#464 = ORIENTED_EDGE('',*,*,#259,.T.);
#465 = PLANE('',#466);
#466 = AXIS2_PLACEMENT_3D('',#467,#468,#469);
#467 = CARTESIAN_POINT('',(-9.,153.,-6.));
#468 = DIRECTION('',(0.,1.,0.));
#469 = DIRECTION('',(0.,0.,1.));
#470 = ADVANCED_FACE('',(#471),#507,.T.);
#471 = FACE_BOUND('',#472,.T.);
#472 = EDGE_LOOP('',(#473,#481,#488,#489,#490,#498,#505,#506));
#473 = ORIENTED_EDGE('',*,*,#474,.T.);
#474 = EDGE_CURVE('',#418,#475,#477,.T.);
#475 = VERTEX_POINT('',#476);
#476 = CARTESIAN_POINT('',(11.,-172.,10.));
#477 = LINE('',#478,#479);
#478 = CARTESIAN_POINT('',(-9.,-172.,10.));
#479 = VECTOR('',#480,1.);
#480 = DIRECTION('',(1.,0.,0.));
#481 = ORIENTED_EDGE('',*,*,#482,.F.);
#482 = EDGE_CURVE('',#475,#475,#483,.T.);
#483 = CIRCLE('',#484,10.);
#484 = AXIS2_PLACEMENT_3D('',#485,#486,#487);
#485 = CARTESIAN_POINT('',(11.,-172.,0.));
#486 = DIRECTION('',(1.,0.,-0.));
#487 = DIRECTION('',(0.,0.,1.));
#488 = ORIENTED_EDGE('',*,*,#474,.F.);
#489 = ORIENTED_EDGE('',*,*,#417,.T.);
#490 = ORIENTED_EDGE('',*,*,#491,.T.);
#491 = EDGE_CURVE('',#410,#492,#494,.T.);
#492 = VERTEX_POINT('',#493);
#493 = CARTESIAN_POINT('',(9.,-164.,-6.));
#494 = LINE('',#495,#496);
#495 = CARTESIAN_POINT('',(-9.,-164.,-6.));
#496 = VECTOR('',#497,1.);
#497 = DIRECTION('',(1.,0.,0.));
#498 = ORIENTED_EDGE('',*,*,#499,.T.);
#499 = EDGE_CURVE('',#492,#96,#500,.T.);
#500 = CIRCLE('',#501,10.);
#501 = AXIS2_PLACEMENT_3D('',#502,#503,#504);
#502 = CARTESIAN_POINT('',(9.,-172.,0.));
#503 = DIRECTION('',(1.,0.,-0.));
#504 = DIRECTION('',(0.,0.,1.));
#505 = ORIENTED_EDGE('',*,*,#95,.F.);
#506 = ORIENTED_EDGE('',*,*,#426,.T.);
#507 = CYLINDRICAL_SURFACE('',#508,10.);
#508 = AXIS2_PLACEMENT_3D('',#509,#510,#511);
#509 = CARTESIAN_POINT('',(-9.,-172.,0.));
#510 = DIRECTION('',(1.,0.,0.));
#511 = DIRECTION('',(0.,0.,1.));
#512 = ADVANCED_FACE('',(#513),#563,.T.);
#513 = FACE_BOUND('',#514,.T.);
#514 = EDGE_LOOP('',(#515,#516,#517,#525,#533,#541,#549,#557));
#515 = ORIENTED_EDGE('',*,*,#103,.F.);
#516 = ORIENTED_EDGE('',*,*,#499,.F.);
#517 = ORIENTED_EDGE('',*,*,#518,.T.);
#518 = EDGE_CURVE('',#492,#519,#521,.T.);
#519 = VERTEX_POINT('',#520);
#520 = CARTESIAN_POINT('',(9.,-153.,-6.));
#521 = LINE('',#522,#523);
#522 = CARTESIAN_POINT('',(9.,-172.,-6.));
#523 = VECTOR('',#524,1.);
#524 = DIRECTION('',(0.,1.,0.));
#525 = ORIENTED_EDGE('',*,*,#526,.T.);
#526 = EDGE_CURVE('',#519,#527,#529,.T.);
#527 = VERTEX_POINT('',#528);
#528 = CARTESIAN_POINT('',(9.,-153.,-5.));
#529 = LINE('',#530,#531);
#530 = CARTESIAN_POINT('',(9.,-153.,-6.));
#531 = VECTOR('',#532,1.);
#532 = DIRECTION('',(0.,0.,1.));
#533 = ORIENTED_EDGE('',*,*,#534,.T.);
#534 = EDGE_CURVE('',#527,#535,#537,.T.);
#535 = VERTEX_POINT('',#536);
#536 = CARTESIAN_POINT('',(9.,-72.,-5.));
#537 = LINE('',#538,#539);
#538 = CARTESIAN_POINT('',(9.,-155.,-5.));
#539 = VECTOR('',#540,1.);
#540 = DIRECTION('',(0.,1.,0.));
#541 = ORIENTED_EDGE('',*,*,#542,.T.);
#542 = EDGE_CURVE('',#535,#543,#545,.T.);
#543 = VERTEX_POINT('',#544);
#544 = CARTESIAN_POINT('',(9.,-72.,5.));
#545 = LINE('',#546,#547);
#546 = CARTESIAN_POINT('',(9.,-72.,-6.5));
#547 = VECTOR('',#548,1.);
#548 = DIRECTION('',(0.,0.,1.));
#549 = ORIENTED_EDGE('',*,*,#550,.F.);
#550 = EDGE_CURVE('',#551,#543,#553,.T.);
#551 = VERTEX_POINT('',#552);
#552 = CARTESIAN_POINT('',(9.,-153.,5.));
#553 = LINE('',#554,#555);
#554 = CARTESIAN_POINT('',(9.,-155.,5.));
#555 = VECTOR('',#556,1.);
#556 = DIRECTION('',(0.,1.,0.));
#557 = ORIENTED_EDGE('',*,*,#558,.T.);
#558 = EDGE_CURVE('',#551,#104,#559,.T.);
#559 = LINE('',#560,#561);
#560 = CARTESIAN_POINT('',(9.,-153.,-6.));
#561 = VECTOR('',#562,1.);
#562 = DIRECTION('',(0.,0.,1.));
#563 = PLANE('',#564);
#564 = AXIS2_PLACEMENT_3D('',#565,#566,#567);
#565 = CARTESIAN_POINT('',(9.,-118.8737497994,2.7E-16));
#566 = DIRECTION('',(1.,0.,0.));
#567 = DIRECTION('',(0.,0.,1.));
#568 = ADVANCED_FACE('',(#569),#580,.T.);
#569 = FACE_BOUND('',#570,.T.);
#570 = EDGE_LOOP('',(#571,#572,#579));
#571 = ORIENTED_EDGE('',*,*,#558,.F.);
#572 = ORIENTED_EDGE('',*,*,#573,.F.);
#573 = EDGE_CURVE('',#112,#551,#574,.T.);
#574 = CIRCLE('',#575,1.);
#575 = AXIS2_PLACEMENT_3D('',#576,#577,#578);
#576 = CARTESIAN_POINT('',(8.,-153.,5.));
#577 = DIRECTION('',(-0.,1.,0.));
#578 = DIRECTION('',(1.,0.,0.));
#579 = ORIENTED_EDGE('',*,*,#111,.T.);
#580 = PLANE('',#581);
#581 = AXIS2_PLACEMENT_3D('',#582,#583,#584);
#582 = CARTESIAN_POINT('',(-9.,-153.,-6.));
#583 = DIRECTION('',(0.,1.,0.));
#584 = DIRECTION('',(0.,0.,1.));
#585 = ADVANCED_FACE('',(#586),#622,.T.);
#586 = FACE_BOUND('',#587,.T.);
#587 = EDGE_LOOP('',(#588,#596,#603,#604,#605,#606,#615,#621));
#588 = ORIENTED_EDGE('',*,*,#589,.T.);
#589 = EDGE_CURVE('',#296,#590,#592,.T.);
#590 = VERTEX_POINT('',#591);
#591 = CARTESIAN_POINT('',(11.,172.,10.));
#592 = LINE('',#593,#594);
#593 = CARTESIAN_POINT('',(-9.,172.,10.));
#594 = VECTOR('',#595,1.);
#595 = DIRECTION('',(1.,0.,0.));
#596 = ORIENTED_EDGE('',*,*,#597,.F.);
#597 = EDGE_CURVE('',#590,#590,#598,.T.);
#598 = CIRCLE('',#599,10.);
#599 = AXIS2_PLACEMENT_3D('',#600,#601,#602);
#600 = CARTESIAN_POINT('',(11.,172.,0.));
#601 = DIRECTION('',(1.,0.,-0.));
#602 = DIRECTION('',(0.,0.,1.));
#603 = ORIENTED_EDGE('',*,*,#589,.F.);
#604 = ORIENTED_EDGE('',*,*,#295,.T.);
#605 = ORIENTED_EDGE('',*,*,#243,.T.);
#606 = ORIENTED_EDGE('',*,*,#607,.T.);
#607 = EDGE_CURVE('',#236,#608,#610,.T.);
#608 = VERTEX_POINT('',#609);
#609 = CARTESIAN_POINT('',(9.,164.,-6.));
#610 = CIRCLE('',#611,10.);
#611 = AXIS2_PLACEMENT_3D('',#612,#613,#614);
#612 = CARTESIAN_POINT('',(9.,172.,0.));
#613 = DIRECTION('',(1.,0.,-0.));
#614 = DIRECTION('',(0.,0.,1.));
#615 = ORIENTED_EDGE('',*,*,#616,.F.);
#616 = EDGE_CURVE('',#305,#608,#617,.T.);
#617 = LINE('',#618,#619);
#618 = CARTESIAN_POINT('',(-9.,164.,-6.));
#619 = VECTOR('',#620,1.);
#620 = DIRECTION('',(1.,0.,0.));
#621 = ORIENTED_EDGE('',*,*,#304,.T.);
#622 = CYLINDRICAL_SURFACE('',#623,10.);
#623 = AXIS2_PLACEMENT_3D('',#624,#625,#626);
#624 = CARTESIAN_POINT('',(-9.,172.,0.));
#625 = DIRECTION('',(1.,0.,0.));
#626 = DIRECTION('',(0.,0.,1.));
#627 = ADVANCED_FACE('',(#628),#663,.T.);
#628 = FACE_BOUND('',#629,.F.);
#629 = EDGE_LOOP('',(#630,#631,#632,#662));
#630 = ORIENTED_EDGE('',*,*,#573,.F.);
#631 = ORIENTED_EDGE('',*,*,#119,.T.);
#632 = ORIENTED_EDGE('',*,*,#633,.F.);
#633 = EDGE_CURVE('',#543,#120,#634,.T.);
#634 = B_SPLINE_CURVE_WITH_KNOTS('',6,(#635,#636,#637,#638,#639,#640,
    #641,#642,#643,#644,#645,#646,#647,#648,#649,#650,#651,#652,#653,
    #654,#655,#656,#657,#658,#659,#660,#661),.UNSPECIFIED.,.F.,.F.,(7,5,
    5,5,5,7),(0.,0.274210682696,0.379303277276,0.449436454292,
    0.621678663552,1.),.UNSPECIFIED.);
#635 = CARTESIAN_POINT('',(9.,-72.,5.));
#636 = CARTESIAN_POINT('',(9.,-72.,5.078821409952));
#637 = CARTESIAN_POINT('',(8.992544636755,-71.99627222204,5.157369629081
    ));
#638 = CARTESIAN_POINT('',(8.977730726939,-71.98886572148,5.234516963771
    ));
#639 = CARTESIAN_POINT('',(8.955948994015,-71.97813006114,5.309156328432
    ));
#640 = CARTESIAN_POINT('',(8.927880408968,-71.96470984643,5.380263274095
    ));
#641 = CARTESIAN_POINT('',(8.881768542146,-71.94355007764,5.472547605807
    ));
#642 = CARTESIAN_POINT('',(8.868197012556,-71.9374016141,5.49751514533)
  );
#643 = CARTESIAN_POINT('',(8.853867241795,-71.93100431014,5.521859186306
    ));
#644 = CARTESIAN_POINT('',(8.838816563605,-71.92439575917,5.545559537511
    ));
#645 = CARTESIAN_POINT('',(8.823082454748,-71.91761420827,5.568597869428
    ));
#646 = CARTESIAN_POINT('',(8.795771452595,-71.90608342306,5.60587947882)
  );
#647 = CARTESIAN_POINT('',(8.784551658535,-71.90140805566,5.620500558127
    ));
#648 = CARTESIAN_POINT('',(8.773053343039,-71.89668354971,5.634817274406
    ));
#649 = CARTESIAN_POINT('',(8.761286250638,-71.89192084833,5.648826441481
    ));
#650 = CARTESIAN_POINT('',(8.749259680173,-71.88713074395,5.662525364757
    ));
#651 = CARTESIAN_POINT('',(8.706830546089,-71.87051855036,5.708788097199
    ));
#652 = CARTESIAN_POINT('',(8.675168542579,-71.8586127357,5.739777891457)
  );
#653 = CARTESIAN_POINT('',(8.642124613791,-71.84676258326,5.768851193995
    ));
#654 = CARTESIAN_POINT('',(8.607816081222,-71.83512056267,5.795982662386
    ));
#655 = CARTESIAN_POINT('',(8.572350514075,-71.82383322829,5.821149268546
    ));
#656 = CARTESIAN_POINT('',(8.455604285759,-71.78932996723,5.89523867795)
  );
#657 = CARTESIAN_POINT('',(8.369940542438,-71.76790095647,5.936771382892
    ));
#658 = CARTESIAN_POINT('',(8.280280476541,-71.75039250611,5.96823263954)
  );
#659 = CARTESIAN_POINT('',(8.187957557238,-71.73819197209,5.989362816793
    ));
#660 = CARTESIAN_POINT('',(8.094152608275,-71.73205080756,6.));
#661 = CARTESIAN_POINT('',(8.,-71.73205080756,6.));
#662 = ORIENTED_EDGE('',*,*,#550,.F.);
#663 = CYLINDRICAL_SURFACE('',#664,1.);
#664 = AXIS2_PLACEMENT_3D('',#665,#666,#667);
#665 = CARTESIAN_POINT('',(8.,-155.,5.));
#666 = DIRECTION('',(0.,1.,0.));
#667 = DIRECTION('',(1.,0.,0.));
#668 = ADVANCED_FACE('',(#669),#719,.T.);
#669 = FACE_BOUND('',#670,.T.);
#670 = EDGE_LOOP('',(#671,#681,#687,#688,#689,#697,#705,#713));
#671 = ORIENTED_EDGE('',*,*,#672,.F.);
#672 = EDGE_CURVE('',#673,#675,#677,.T.);
#673 = VERTEX_POINT('',#674);
#674 = CARTESIAN_POINT('',(9.,153.,-6.));
#675 = VERTEX_POINT('',#676);
#676 = CARTESIAN_POINT('',(9.,153.,-5.));
#677 = LINE('',#678,#679);
#678 = CARTESIAN_POINT('',(9.,153.,-6.));
#679 = VECTOR('',#680,1.);
#680 = DIRECTION('',(0.,0.,1.));
#681 = ORIENTED_EDGE('',*,*,#682,.T.);
#682 = EDGE_CURVE('',#673,#608,#683,.T.);
#683 = LINE('',#684,#685);
#684 = CARTESIAN_POINT('',(9.,153.,-6.));
#685 = VECTOR('',#686,1.);
#686 = DIRECTION('',(0.,1.,0.));
#687 = ORIENTED_EDGE('',*,*,#607,.F.);
#688 = ORIENTED_EDGE('',*,*,#235,.F.);
#689 = ORIENTED_EDGE('',*,*,#690,.F.);
#690 = EDGE_CURVE('',#691,#228,#693,.T.);
#691 = VERTEX_POINT('',#692);
#692 = CARTESIAN_POINT('',(9.,153.,5.));
#693 = LINE('',#694,#695);
#694 = CARTESIAN_POINT('',(9.,153.,-6.));
#695 = VECTOR('',#696,1.);
#696 = DIRECTION('',(0.,0.,1.));
#697 = ORIENTED_EDGE('',*,*,#698,.F.);
#698 = EDGE_CURVE('',#699,#691,#701,.T.);
#699 = VERTEX_POINT('',#700);
#700 = CARTESIAN_POINT('',(9.,72.,5.));
#701 = LINE('',#702,#703);
#702 = CARTESIAN_POINT('',(9.,-155.,5.));
#703 = VECTOR('',#704,1.);
#704 = DIRECTION('',(0.,1.,0.));
#705 = ORIENTED_EDGE('',*,*,#706,.F.);
#706 = EDGE_CURVE('',#707,#699,#709,.T.);
#707 = VERTEX_POINT('',#708);
#708 = CARTESIAN_POINT('',(9.,72.,-5.));
#709 = LINE('',#710,#711);
#710 = CARTESIAN_POINT('',(9.,72.,-6.5));
#711 = VECTOR('',#712,1.);
#712 = DIRECTION('',(0.,0.,1.));
#713 = ORIENTED_EDGE('',*,*,#714,.T.);
#714 = EDGE_CURVE('',#707,#675,#715,.T.);
#715 = LINE('',#716,#717);
#716 = CARTESIAN_POINT('',(9.,-155.,-5.));
#717 = VECTOR('',#718,1.);
#718 = DIRECTION('',(0.,1.,0.));
#719 = PLANE('',#720);
#720 = AXIS2_PLACEMENT_3D('',#721,#722,#723);
#721 = CARTESIAN_POINT('',(9.,118.87374979942,0.));
#722 = DIRECTION('',(1.,0.,0.));
#723 = DIRECTION('',(0.,0.,1.));
#724 = ADVANCED_FACE('',(#725),#784,.T.);
#725 = FACE_BOUND('',#726,.F.);
#726 = EDGE_LOOP('',(#727,#736,#744,#757,#776,#782,#783));
#727 = ORIENTED_EDGE('',*,*,#728,.F.);
#728 = EDGE_CURVE('',#729,#128,#731,.T.);
#729 = VERTEX_POINT('',#730);
#730 = CARTESIAN_POINT('',(1.,-70.,7.));
#731 = CIRCLE('',#732,2.);
#732 = AXIS2_PLACEMENT_3D('',#733,#734,#735);
#733 = CARTESIAN_POINT('',(1.,-70.,5.));
#734 = DIRECTION('',(1.,-6.E-17,0.));
#735 = DIRECTION('',(-6.E-17,-1.,0.));
#736 = ORIENTED_EDGE('',*,*,#737,.T.);
#737 = EDGE_CURVE('',#729,#738,#740,.T.);
#738 = VERTEX_POINT('',#739);
#739 = CARTESIAN_POINT('',(43.354248688935,-70.,7.));
#740 = LINE('',#741,#742);
#741 = CARTESIAN_POINT('',(-1.,-70.,7.));
#742 = VECTOR('',#743,1.);
#743 = DIRECTION('',(1.,0.,0.));
#744 = ORIENTED_EDGE('',*,*,#745,.F.);
#745 = EDGE_CURVE('',#746,#738,#748,.T.);
#746 = VERTEX_POINT('',#747);
#747 = CARTESIAN_POINT('',(43.078374016945,-71.,6.732050807569));
#748 = B_SPLINE_CURVE_WITH_KNOTS('',7,(#749,#750,#751,#752,#753,#754,
    #755,#756),.UNSPECIFIED.,.F.,.F.,(8,8),(0.,1.),
  .PIECEWISE_BEZIER_KNOTS.);
#749 = CARTESIAN_POINT('',(43.078373693012,-71.0000006,6.732050461159));
#750 = CARTESIAN_POINT('',(43.146142658641,-70.87447650851,
    6.804521887142));
#751 = CARTESIAN_POINT('',(43.209049534014,-70.74072969839,
    6.867590017163));
#752 = CARTESIAN_POINT('',(43.263948804226,-70.60042293313,
    6.919444000709));
#753 = CARTESIAN_POINT('',(43.307907975972,-70.45513524242,
    6.959130534515));
#754 = CARTESIAN_POINT('',(43.33854065425,-70.30607719634,6.986146987293
    ));
#755 = CARTESIAN_POINT('',(43.354248688935,-70.15410393716,7.));
#756 = CARTESIAN_POINT('',(43.354248688935,-70.,7.));
#757 = ORIENTED_EDGE('',*,*,#758,.F.);
#758 = EDGE_CURVE('',#759,#746,#761,.T.);
#759 = VERTEX_POINT('',#760);
#760 = CARTESIAN_POINT('',(42.258342613226,-72.,5.));
#761 = B_SPLINE_CURVE_WITH_KNOTS('',7,(#762,#763,#764,#765,#766,#767,
    #768,#769,#770,#771,#772,#773,#774,#775),.UNSPECIFIED.,.F.,.F.,(8,6,
    8),(0.,0.342811219459,1.),.UNSPECIFIED.);
#762 = CARTESIAN_POINT('',(42.258342613226,-72.,5.));
#763 = CARTESIAN_POINT('',(42.287433075072,-72.,5.108846541451));
#764 = CARTESIAN_POINT('',(42.318420248531,-71.99308863757,
    5.216891436971));
#765 = CARTESIAN_POINT('',(42.351173351046,-71.97945029705,
    5.323597343085));
#766 = CARTESIAN_POINT('',(42.385560464333,-71.95931877029,
    5.428477450939));
#767 = CARTESIAN_POINT('',(42.421449526968,-71.93296512117,5.53109401883
    ));
#768 = CARTESIAN_POINT('',(42.458709326983,-71.90068555019,
    5.631056904747));
#769 = CARTESIAN_POINT('',(42.571019441929,-71.79013989407,
    5.913909940624));
#770 = CARTESIAN_POINT('',(42.649371534473,-71.69686791774,
    6.088733134308));
#771 = CARTESIAN_POINT('',(42.731392215993,-71.58513534146,
    6.250181905666));
#772 = CARTESIAN_POINT('',(42.816209505957,-71.4572637176,6.396437087216
    ));
#773 = CARTESIAN_POINT('',(42.902929587534,-71.31562048024,
    6.526106620635));
#774 = CARTESIAN_POINT('',(42.990632508542,-71.16251803784,
    6.638220974671));
#775 = CARTESIAN_POINT('',(43.078374016945,-71.,6.732050807569));
#776 = ORIENTED_EDGE('',*,*,#777,.F.);
#777 = EDGE_CURVE('',#543,#759,#778,.T.);
#778 = LINE('',#779,#780);
#779 = CARTESIAN_POINT('',(-1.,-72.,5.));
#780 = VECTOR('',#781,1.);
#781 = DIRECTION('',(1.,0.,0.));
#782 = ORIENTED_EDGE('',*,*,#633,.T.);
#783 = ORIENTED_EDGE('',*,*,#127,.F.);
#784 = CYLINDRICAL_SURFACE('',#785,2.);
#785 = AXIS2_PLACEMENT_3D('',#786,#787,#788);
#786 = CARTESIAN_POINT('',(-1.,-70.,5.));
#787 = DIRECTION('',(1.,0.,0.));
#788 = DIRECTION('',(0.,-1.,0.));
#789 = ADVANCED_FACE('',(#790),#801,.F.);
#790 = FACE_BOUND('',#791,.F.);
#791 = EDGE_LOOP('',(#792,#793,#800));
#792 = ORIENTED_EDGE('',*,*,#690,.F.);
#793 = ORIENTED_EDGE('',*,*,#794,.F.);
#794 = EDGE_CURVE('',#220,#691,#795,.T.);
#795 = CIRCLE('',#796,1.);
#796 = AXIS2_PLACEMENT_3D('',#797,#798,#799);
#797 = CARTESIAN_POINT('',(8.,153.,5.));
#798 = DIRECTION('',(-0.,1.,0.));
#799 = DIRECTION('',(1.,0.,0.));
#800 = ORIENTED_EDGE('',*,*,#227,.T.);
#801 = PLANE('',#802);
#802 = AXIS2_PLACEMENT_3D('',#803,#804,#805);
#803 = CARTESIAN_POINT('',(-9.,153.,-6.));
#804 = DIRECTION('',(0.,1.,0.));
#805 = DIRECTION('',(0.,0.,1.));
#806 = ADVANCED_FACE('',(#807),#818,.T.);
#807 = FACE_BOUND('',#808,.F.);
#808 = EDGE_LOOP('',(#809,#816,#817));
#809 = ORIENTED_EDGE('',*,*,#810,.F.);
#810 = EDGE_CURVE('',#729,#136,#811,.T.);
#811 = CIRCLE('',#812,2.);
#812 = AXIS2_PLACEMENT_3D('',#813,#814,#815);
#813 = CARTESIAN_POINT('',(1.,-70.,5.));
#814 = DIRECTION('',(0.,-1.,0.));
#815 = DIRECTION('',(-1.,0.,0.));
#816 = ORIENTED_EDGE('',*,*,#728,.T.);
#817 = ORIENTED_EDGE('',*,*,#135,.T.);
#818 = SPHERICAL_SURFACE('',#819,2.);
#819 = AXIS2_PLACEMENT_3D('',#820,#821,#822);
#820 = CARTESIAN_POINT('',(1.,-70.,5.));
#821 = DIRECTION('',(-0.,-0.,-1.));
#822 = DIRECTION('',(-1.,0.,0.));
#823 = ADVANCED_FACE('',(#824),#859,.T.);
#824 = FACE_BOUND('',#825,.F.);
#825 = EDGE_LOOP('',(#826,#827,#857,#858));
#826 = ORIENTED_EDGE('',*,*,#698,.F.);
#827 = ORIENTED_EDGE('',*,*,#828,.T.);
#828 = EDGE_CURVE('',#699,#212,#829,.T.);
#829 = B_SPLINE_CURVE_WITH_KNOTS('',6,(#830,#831,#832,#833,#834,#835,
    #836,#837,#838,#839,#840,#841,#842,#843,#844,#845,#846,#847,#848,
    #849,#850,#851,#852,#853,#854,#855,#856),.UNSPECIFIED.,.F.,.F.,(7,5,
    5,5,5,7),(0.,0.274210711473,0.379303309079,0.449436482836,
    0.621678683886,1.),.UNSPECIFIED.);
#830 = CARTESIAN_POINT('',(9.,72.,5.));
#831 = CARTESIAN_POINT('',(9.,72.,5.078821409952));
#832 = CARTESIAN_POINT('',(8.992544636755,71.996272222045,5.157369629081
    ));
#833 = CARTESIAN_POINT('',(8.977730726939,71.988865721482,5.234516963771
    ));
#834 = CARTESIAN_POINT('',(8.955948994015,71.978130061148,5.309156328432
    ));
#835 = CARTESIAN_POINT('',(8.927880408968,71.964709846432,5.380263274095
    ));
#836 = CARTESIAN_POINT('',(8.881768543119,71.943550078089,5.47254760386)
  );
#837 = CARTESIAN_POINT('',(8.868197012157,71.937401613942,5.497515145711
    ));
#838 = CARTESIAN_POINT('',(8.85386724069,71.931004309654,5.521859188125)
  );
#839 = CARTESIAN_POINT('',(8.838816563414,71.924395759077,5.545559538103
    ));
#840 = CARTESIAN_POINT('',(8.823082455981,71.917614208791,5.568597867745
    ));
#841 = CARTESIAN_POINT('',(8.795771452595,71.906083423063,5.60587947882)
  );
#842 = CARTESIAN_POINT('',(8.784551658535,71.901408055664,5.620500558127
    ));
#843 = CARTESIAN_POINT('',(8.773053343039,71.896683549715,5.634817274406
    ));
#844 = CARTESIAN_POINT('',(8.761286250638,71.891920848332,5.648826441481
    ));
#845 = CARTESIAN_POINT('',(8.749259680173,71.887130743951,5.662525364757
    ));
#846 = CARTESIAN_POINT('',(8.706830546125,71.870518550375,5.70878809716)
  );
#847 = CARTESIAN_POINT('',(8.675168542516,71.85861273568,5.739777891538)
  );
#848 = CARTESIAN_POINT('',(8.642124613665,71.846762583222,5.768851194089
    ));
#849 = CARTESIAN_POINT('',(8.607816081221,71.835120562683,5.795982662357
    ));
#850 = CARTESIAN_POINT('',(8.572350514297,71.823833228361,5.821149268405
    ));
#851 = CARTESIAN_POINT('',(8.455604285759,71.789329967236,5.89523867795)
  );
#852 = CARTESIAN_POINT('',(8.369940542438,71.767900956478,5.936771382892
    ));
#853 = CARTESIAN_POINT('',(8.280280476541,71.75039250611,5.96823263954)
  );
#854 = CARTESIAN_POINT('',(8.187957557238,71.738191972094,5.989362816793
    ));
#855 = CARTESIAN_POINT('',(8.094152608275,71.732050807569,6.));
#856 = CARTESIAN_POINT('',(8.,71.732050807569,6.));
#857 = ORIENTED_EDGE('',*,*,#219,.T.);
#858 = ORIENTED_EDGE('',*,*,#794,.T.);
#859 = CYLINDRICAL_SURFACE('',#860,1.);
#860 = AXIS2_PLACEMENT_3D('',#861,#862,#863);
#861 = CARTESIAN_POINT('',(8.,-155.,5.));
#862 = DIRECTION('',(0.,1.,0.));
#863 = DIRECTION('',(1.,0.,0.));
#864 = ADVANCED_FACE('',(#865),#884,.T.);
#865 = FACE_BOUND('',#866,.T.);
#866 = EDGE_LOOP('',(#867,#868,#876,#883));
#867 = ORIENTED_EDGE('',*,*,#810,.F.);
#868 = ORIENTED_EDGE('',*,*,#869,.T.);
#869 = EDGE_CURVE('',#729,#870,#872,.T.);
#870 = VERTEX_POINT('',#871);
#871 = CARTESIAN_POINT('',(1.,-56.,7.));
#872 = LINE('',#873,#874);
#873 = CARTESIAN_POINT('',(1.,-72.,7.));
#874 = VECTOR('',#875,1.);
#875 = DIRECTION('',(0.,1.,0.));
#876 = ORIENTED_EDGE('',*,*,#877,.F.);
#877 = EDGE_CURVE('',#145,#870,#878,.T.);
#878 = CIRCLE('',#879,2.);
#879 = AXIS2_PLACEMENT_3D('',#880,#881,#882);
#880 = CARTESIAN_POINT('',(1.,-56.,5.));
#881 = DIRECTION('',(0.,1.,-0.));
#882 = DIRECTION('',(-1.,0.,0.));
#883 = ORIENTED_EDGE('',*,*,#144,.F.);
#884 = CYLINDRICAL_SURFACE('',#885,2.);
#885 = AXIS2_PLACEMENT_3D('',#886,#887,#888);
#886 = CARTESIAN_POINT('',(1.,-72.,5.));
#887 = DIRECTION('',(0.,1.,0.));
#888 = DIRECTION('',(-1.,0.,0.));
#889 = ADVANCED_FACE('',(#890),#949,.T.);
#890 = FACE_BOUND('',#891,.T.);
#891 = EDGE_LOOP('',(#892,#893,#902,#910,#923,#942,#948));
#892 = ORIENTED_EDGE('',*,*,#211,.F.);
#893 = ORIENTED_EDGE('',*,*,#894,.T.);
#894 = EDGE_CURVE('',#203,#895,#897,.T.);
#895 = VERTEX_POINT('',#896);
#896 = CARTESIAN_POINT('',(1.,70.,7.));
#897 = CIRCLE('',#898,2.);
#898 = AXIS2_PLACEMENT_3D('',#899,#900,#901);
#899 = CARTESIAN_POINT('',(1.,70.,5.));
#900 = DIRECTION('',(1.,0.,6.E-17));
#901 = DIRECTION('',(-6.E-17,0.,1.));
#902 = ORIENTED_EDGE('',*,*,#903,.T.);
#903 = EDGE_CURVE('',#895,#904,#906,.T.);
#904 = VERTEX_POINT('',#905);
#905 = CARTESIAN_POINT('',(43.354248688935,70.,7.));
#906 = LINE('',#907,#908);
#907 = CARTESIAN_POINT('',(-1.,70.,7.));
#908 = VECTOR('',#909,1.);
#909 = DIRECTION('',(1.,0.,0.));
#910 = ORIENTED_EDGE('',*,*,#911,.F.);
#911 = EDGE_CURVE('',#912,#904,#914,.T.);
#912 = VERTEX_POINT('',#913);
#913 = CARTESIAN_POINT('',(43.078374016945,71.,6.732050807569));
#914 = B_SPLINE_CURVE_WITH_KNOTS('',7,(#915,#916,#917,#918,#919,#920,
    #921,#922),.UNSPECIFIED.,.F.,.F.,(8,8),(0.,1.),
  .PIECEWISE_BEZIER_KNOTS.);
#915 = CARTESIAN_POINT('',(43.078373693012,71.0000006,6.732050461159));
#916 = CARTESIAN_POINT('',(43.146142658642,70.874476508517,
    6.804521887143));
#917 = CARTESIAN_POINT('',(43.209049534011,70.740729698404,
    6.867590017159));
#918 = CARTESIAN_POINT('',(43.263948804229,70.600422933128,
    6.919444000713));
#919 = CARTESIAN_POINT('',(43.30790797597,70.455135242415,6.959130534513
    ));
#920 = CARTESIAN_POINT('',(43.33854065425,70.306077196353,6.986146987294
    ));
#921 = CARTESIAN_POINT('',(43.354248688935,70.154103937164,7.));
#922 = CARTESIAN_POINT('',(43.354248688935,70.,7.));
#923 = ORIENTED_EDGE('',*,*,#924,.F.);
#924 = EDGE_CURVE('',#925,#912,#927,.T.);
#925 = VERTEX_POINT('',#926);
#926 = CARTESIAN_POINT('',(42.258342613226,72.,5.));
#927 = B_SPLINE_CURVE_WITH_KNOTS('',7,(#928,#929,#930,#931,#932,#933,
    #934,#935,#936,#937,#938,#939,#940,#941),.UNSPECIFIED.,.F.,.F.,(8,6,
    8),(0.,0.376739730165,1.),.UNSPECIFIED.);
#928 = CARTESIAN_POINT('',(42.258342613226,72.,5.));
#929 = CARTESIAN_POINT('',(42.29020073408,72.,5.119202173222));
#930 = CARTESIAN_POINT('',(42.324333601344,71.991711242311,
    5.237442815699));
#931 = CARTESIAN_POINT('',(42.36057104172,71.975374885376,5.354021976034
    ));
#932 = CARTESIAN_POINT('',(42.39874268285,71.951303168382,5.468315416836
    ));
#933 = CARTESIAN_POINT('',(42.438679552827,71.919854439037,
    5.579769199292));
#934 = CARTESIAN_POINT('',(42.480215103486,71.881414731298,5.68789510669
    ));
#935 = CARTESIAN_POINT('',(42.59427409583,71.761892327282,5.964934643149
    ));
#936 = CARTESIAN_POINT('',(42.669266562177,71.669389515187,
    6.127270878396));
#937 = CARTESIAN_POINT('',(42.747465286993,71.560666431253,
    6.277472998682));
#938 = CARTESIAN_POINT('',(42.828183662996,71.437576423667,
    6.414092520302));
#939 = CARTESIAN_POINT('',(42.910725393559,71.301960872894,
    6.535973223322));
#940 = CARTESIAN_POINT('',(42.994374656268,71.155586694665,
    6.642222787522));
#941 = CARTESIAN_POINT('',(43.078374016945,71.,6.732050807569));
#942 = ORIENTED_EDGE('',*,*,#943,.F.);
#943 = EDGE_CURVE('',#699,#925,#944,.T.);
#944 = LINE('',#945,#946);
#945 = CARTESIAN_POINT('',(-1.,72.,5.));
#946 = VECTOR('',#947,1.);
#947 = DIRECTION('',(1.,0.,0.));
#948 = ORIENTED_EDGE('',*,*,#828,.T.);
#949 = CYLINDRICAL_SURFACE('',#950,2.);
#950 = AXIS2_PLACEMENT_3D('',#951,#952,#953);
#951 = CARTESIAN_POINT('',(-1.,70.,5.));
#952 = DIRECTION('',(1.,0.,0.));
#953 = DIRECTION('',(0.,1.,0.));
#954 = ADVANCED_FACE('',(#955),#966,.T.);
#955 = FACE_BOUND('',#956,.F.);
#956 = EDGE_LOOP('',(#957,#958,#965));
#957 = ORIENTED_EDGE('',*,*,#152,.F.);
#958 = ORIENTED_EDGE('',*,*,#959,.T.);
#959 = EDGE_CURVE('',#153,#870,#960,.T.);
#960 = CIRCLE('',#961,2.);
#961 = AXIS2_PLACEMENT_3D('',#962,#963,#964);
#962 = CARTESIAN_POINT('',(1.,-56.,5.));
#963 = DIRECTION('',(1.,0.,6.E-17));
#964 = DIRECTION('',(-6.E-17,0.,1.));
#965 = ORIENTED_EDGE('',*,*,#877,.F.);
#966 = SPHERICAL_SURFACE('',#967,2.);
#967 = AXIS2_PLACEMENT_3D('',#968,#969,#970);
#968 = CARTESIAN_POINT('',(1.,-56.,5.));
#969 = DIRECTION('',(0.,-1.,0.));
#970 = DIRECTION('',(-1.,0.,0.));
#971 = ADVANCED_FACE('',(#972),#983,.T.);
#972 = FACE_BOUND('',#973,.F.);
#973 = EDGE_LOOP('',(#974,#975,#976));
#974 = ORIENTED_EDGE('',*,*,#202,.F.);
#975 = ORIENTED_EDGE('',*,*,#894,.T.);
#976 = ORIENTED_EDGE('',*,*,#977,.F.);
#977 = EDGE_CURVE('',#195,#895,#978,.T.);
#978 = CIRCLE('',#979,2.);
#979 = AXIS2_PLACEMENT_3D('',#980,#981,#982);
#980 = CARTESIAN_POINT('',(1.,70.,5.));
#981 = DIRECTION('',(0.,1.,-0.));
#982 = DIRECTION('',(-1.,0.,0.));
#983 = SPHERICAL_SURFACE('',#984,2.);
#984 = AXIS2_PLACEMENT_3D('',#985,#986,#987);
#985 = CARTESIAN_POINT('',(1.,70.,5.));
#986 = DIRECTION('',(0.,-1.,0.));
#987 = DIRECTION('',(-1.,0.,0.));
#988 = ADVANCED_FACE('',(#989),#1071,.T.);
#989 = FACE_BOUND('',#990,.T.);
#990 = EDGE_LOOP('',(#991,#992,#993,#1001,#1033,#1041));
#991 = ORIENTED_EDGE('',*,*,#161,.F.);
#992 = ORIENTED_EDGE('',*,*,#959,.T.);
#993 = ORIENTED_EDGE('',*,*,#994,.T.);
#994 = EDGE_CURVE('',#870,#995,#997,.T.);
#995 = VERTEX_POINT('',#996);
#996 = CARTESIAN_POINT('',(43.354248688935,-56.,7.));
#997 = LINE('',#998,#999);
#998 = CARTESIAN_POINT('',(-1.,-56.,7.));
#999 = VECTOR('',#1000,1.);
#1000 = DIRECTION('',(1.,0.,0.));
#1001 = ORIENTED_EDGE('',*,*,#1002,.F.);
#1002 = EDGE_CURVE('',#1003,#995,#1005,.T.);
#1003 = VERTEX_POINT('',#1004);
#1004 = CARTESIAN_POINT('',(42.127016653793,-54.,5.));
#1005 = B_SPLINE_CURVE_WITH_KNOTS('',6,(#1006,#1007,#1008,#1009,#1010,
    #1011,#1012,#1013,#1014,#1015,#1016,#1017,#1018,#1019,#1020,#1021,
    #1022,#1023,#1024,#1025,#1026,#1027,#1028,#1029,#1030,#1031,#1032),
  .UNSPECIFIED.,.F.,.F.,(7,5,5,5,5,7),(0.,0.179760926494,0.281634620395,
    0.523918029452,0.789722546201,1.),.UNSPECIFIED.);
#1006 = CARTESIAN_POINT('',(42.127016653793,-54.,5.));
#1007 = CARTESIAN_POINT('',(42.156472587009,-54.,5.114082338795));
#1008 = CARTESIAN_POINT('',(42.189719616933,-54.00780930341,
    5.226189088745));
#1009 = CARTESIAN_POINT('',(42.226425067805,-54.02291871126,
    5.335541359744));
#1010 = CARTESIAN_POINT('',(42.266105665332,-54.0447130962,5.4414348053)
  );
#1011 = CARTESIAN_POINT('',(42.308149408358,-54.07246026769,
    5.543239417715));
#1012 = CARTESIAN_POINT('',(42.376596220458,-54.12391060165,5.6954615588
    ));
#1013 = CARTESIAN_POINT('',(42.401928027934,-54.14419028616,
    5.74913145015));
#1014 = CARTESIAN_POINT('',(42.427749563942,-54.16602650625,
    5.801396388116));
#1015 = CARTESIAN_POINT('',(42.453979406046,-54.18931506862,
    5.852248922839));
#1016 = CARTESIAN_POINT('',(42.4805380084,-54.21395997127,5.901686763783
    ));
#1017 = CARTESIAN_POINT('',(42.57110845931,-54.30150260756,
    6.063931734843));
#1018 = CARTESIAN_POINT('',(42.636325337579,-54.3703404795,
    6.170227309455));
#1019 = CARTESIAN_POINT('',(42.702061906463,-54.44531549669,
    6.268797762394));
#1020 = CARTESIAN_POINT('',(42.76749011844,-54.52569922093,
    6.359932203206));
#1021 = CARTESIAN_POINT('',(42.8318408309,-54.61103631006,6.4438869394)
  );
#1022 = CARTESIAN_POINT('',(42.962777282736,-54.79991534568,
    6.605204875607));
#1023 = CARTESIAN_POINT('',(43.029055695228,-54.90453823736,
    6.681237710402));
#1024 = CARTESIAN_POINT('',(43.091889783465,-55.01454946853,
    6.74893555219));
#1025 = CARTESIAN_POINT('',(43.149884559915,-55.12965544641,
    6.808141477207));
#1026 = CARTESIAN_POINT('',(43.201403865288,-55.24967302131,
    6.858569573581));
#1027 = CARTESIAN_POINT('',(43.278877410288,-55.47325256531,
    6.932186903437));
#1028 = CARTESIAN_POINT('',(43.30801105485,-55.57526592356,6.95894842728
    ));
#1029 = CARTESIAN_POINT('',(43.330826467529,-55.67965130617,
    6.979343835858));
#1030 = CARTESIAN_POINT('',(43.346408163405,-55.78566052297,
    6.993085225617));
#1031 = CARTESIAN_POINT('',(43.354248688935,-55.89264646769,7.));
#1032 = CARTESIAN_POINT('',(43.354248688935,-56.,7.));
#1033 = ORIENTED_EDGE('',*,*,#1034,.F.);
#1034 = EDGE_CURVE('',#1035,#1003,#1037,.T.);
#1035 = VERTEX_POINT('',#1036);
#1036 = CARTESIAN_POINT('',(9.,-54.,5.));
#1037 = LINE('',#1038,#1039);
#1038 = CARTESIAN_POINT('',(-1.,-54.,5.));
#1039 = VECTOR('',#1040,1.);
#1040 = DIRECTION('',(1.,0.,0.));
#1041 = ORIENTED_EDGE('',*,*,#1042,.T.);
#1042 = EDGE_CURVE('',#1035,#162,#1043,.T.);
#1043 = B_SPLINE_CURVE_WITH_KNOTS('',6,(#1044,#1045,#1046,#1047,#1048,
    #1049,#1050,#1051,#1052,#1053,#1054,#1055,#1056,#1057,#1058,#1059,
    #1060,#1061,#1062,#1063,#1064,#1065,#1066,#1067,#1068,#1069,#1070),
  .UNSPECIFIED.,.F.,.F.,(7,5,5,5,5,7),(0.,0.274210682596,0.379303277166,
    0.449436454195,0.621678663484,1.),.UNSPECIFIED.);
#1044 = CARTESIAN_POINT('',(9.,-54.,5.));
#1045 = CARTESIAN_POINT('',(9.,-54.,5.078821409952));
#1046 = CARTESIAN_POINT('',(8.992544636755,-54.00372777795,
    5.157369629081));
#1047 = CARTESIAN_POINT('',(8.977730726939,-54.01113427851,
    5.234516963771));
#1048 = CARTESIAN_POINT('',(8.955948994015,-54.02186993885,
    5.309156328432));
#1049 = CARTESIAN_POINT('',(8.927880408968,-54.03529015356,
    5.380263274095));
#1050 = CARTESIAN_POINT('',(8.881768542143,-54.05644992235,
    5.472547605814));
#1051 = CARTESIAN_POINT('',(8.868197012558,-54.06259838589,
    5.497515145328));
#1052 = CARTESIAN_POINT('',(8.853867241799,-54.06899568985,5.5218591863)
  );
#1053 = CARTESIAN_POINT('',(8.838816563606,-54.07560424082,
    5.545559537509));
#1054 = CARTESIAN_POINT('',(8.823082454743,-54.08238579173,
    5.568597869434));
#1055 = CARTESIAN_POINT('',(8.795771452595,-54.09391657693,5.60587947882
    ));
#1056 = CARTESIAN_POINT('',(8.784551658535,-54.09859194433,
    5.620500558127));
#1057 = CARTESIAN_POINT('',(8.773053343039,-54.10331645028,
    5.634817274406));
#1058 = CARTESIAN_POINT('',(8.761286250638,-54.10807915166,
    5.648826441481));
#1059 = CARTESIAN_POINT('',(8.749259680173,-54.11286925604,
    5.662525364757));
#1060 = CARTESIAN_POINT('',(8.706830546089,-54.12948144963,
    5.708788097199));
#1061 = CARTESIAN_POINT('',(8.675168542579,-54.14138726429,
    5.739777891457));
#1062 = CARTESIAN_POINT('',(8.642124613791,-54.15323741673,
    5.768851193995));
#1063 = CARTESIAN_POINT('',(8.607816081222,-54.16487943732,
    5.795982662386));
#1064 = CARTESIAN_POINT('',(8.572350514075,-54.1761667717,5.821149268546
    ));
#1065 = CARTESIAN_POINT('',(8.455604285759,-54.21067003276,5.89523867795
    ));
#1066 = CARTESIAN_POINT('',(8.369940542438,-54.23209904352,
    5.936771382891));
#1067 = CARTESIAN_POINT('',(8.280280476541,-54.24960749389,5.96823263954
    ));
#1068 = CARTESIAN_POINT('',(8.187957557239,-54.2618080279,5.989362816793
    ));
#1069 = CARTESIAN_POINT('',(8.094152608275,-54.26794919243,6.));
#1070 = CARTESIAN_POINT('',(8.,-54.26794919243,6.));
#1071 = CYLINDRICAL_SURFACE('',#1072,2.);
#1072 = AXIS2_PLACEMENT_3D('',#1073,#1074,#1075);
#1073 = CARTESIAN_POINT('',(-1.,-56.,5.));
#1074 = DIRECTION('',(1.,0.,0.));
#1075 = DIRECTION('',(0.,1.,0.));
#1076 = ADVANCED_FACE('',(#1077),#1096,.T.);
#1077 = FACE_BOUND('',#1078,.T.);
#1078 = EDGE_LOOP('',(#1079,#1088,#1094,#1095));
#1079 = ORIENTED_EDGE('',*,*,#1080,.F.);
#1080 = EDGE_CURVE('',#1081,#186,#1083,.T.);
#1081 = VERTEX_POINT('',#1082);
#1082 = CARTESIAN_POINT('',(1.,56.,7.));
#1083 = CIRCLE('',#1084,2.);
#1084 = AXIS2_PLACEMENT_3D('',#1085,#1086,#1087);
#1085 = CARTESIAN_POINT('',(1.,56.,5.));
#1086 = DIRECTION('',(0.,-1.,0.));
#1087 = DIRECTION('',(-1.,0.,0.));
#1088 = ORIENTED_EDGE('',*,*,#1089,.T.);
#1089 = EDGE_CURVE('',#1081,#895,#1090,.T.);
#1090 = LINE('',#1091,#1092);
#1091 = CARTESIAN_POINT('',(1.,54.,7.));
#1092 = VECTOR('',#1093,1.);
#1093 = DIRECTION('',(0.,1.,0.));
#1094 = ORIENTED_EDGE('',*,*,#977,.F.);
#1095 = ORIENTED_EDGE('',*,*,#194,.F.);
#1096 = CYLINDRICAL_SURFACE('',#1097,2.);
#1097 = AXIS2_PLACEMENT_3D('',#1098,#1099,#1100);
#1098 = CARTESIAN_POINT('',(1.,54.,5.));
#1099 = DIRECTION('',(0.,1.,0.));
#1100 = DIRECTION('',(-1.,0.,0.));
#1101 = ADVANCED_FACE('',(#1102),#1144,.T.);
#1102 = FACE_BOUND('',#1103,.F.);
#1103 = EDGE_LOOP('',(#1104,#1112,#1113,#1114));
#1104 = ORIENTED_EDGE('',*,*,#1105,.F.);
#1105 = EDGE_CURVE('',#1035,#1106,#1108,.T.);
#1106 = VERTEX_POINT('',#1107);
#1107 = CARTESIAN_POINT('',(9.,54.,5.));
#1108 = LINE('',#1109,#1110);
#1109 = CARTESIAN_POINT('',(9.,-155.,5.));
#1110 = VECTOR('',#1111,1.);
#1111 = DIRECTION('',(0.,1.,0.));
#1112 = ORIENTED_EDGE('',*,*,#1042,.T.);
#1113 = ORIENTED_EDGE('',*,*,#169,.T.);
#1114 = ORIENTED_EDGE('',*,*,#1115,.F.);
#1115 = EDGE_CURVE('',#1106,#170,#1116,.T.);
#1116 = B_SPLINE_CURVE_WITH_KNOTS('',6,(#1117,#1118,#1119,#1120,#1121,
    #1122,#1123,#1124,#1125,#1126,#1127,#1128,#1129,#1130,#1131,#1132,
    #1133,#1134,#1135,#1136,#1137,#1138,#1139,#1140,#1141,#1142,#1143),
  .UNSPECIFIED.,.F.,.F.,(7,5,5,5,5,7),(0.,0.274210711473,0.37930330908,
    0.449436482836,0.621678683887,1.),.UNSPECIFIED.);
#1117 = CARTESIAN_POINT('',(9.,54.,5.));
#1118 = CARTESIAN_POINT('',(9.,54.,5.078821409952));
#1119 = CARTESIAN_POINT('',(8.992544636755,54.003727777955,
    5.157369629081));
#1120 = CARTESIAN_POINT('',(8.977730726939,54.011134278518,
    5.234516963771));
#1121 = CARTESIAN_POINT('',(8.955948994015,54.021869938852,
    5.309156328432));
#1122 = CARTESIAN_POINT('',(8.927880408968,54.035290153568,
    5.380263274095));
#1123 = CARTESIAN_POINT('',(8.881768543119,54.056449921911,5.47254760386
    ));
#1124 = CARTESIAN_POINT('',(8.868197012157,54.062598386058,
    5.497515145711));
#1125 = CARTESIAN_POINT('',(8.85386724069,54.068995690346,5.521859188125
    ));
#1126 = CARTESIAN_POINT('',(8.838816563414,54.075604240923,
    5.545559538103));
#1127 = CARTESIAN_POINT('',(8.823082455981,54.082385791209,
    5.568597867745));
#1128 = CARTESIAN_POINT('',(8.795771452595,54.093916576937,5.60587947882
    ));
#1129 = CARTESIAN_POINT('',(8.784551658535,54.098591944336,
    5.620500558127));
#1130 = CARTESIAN_POINT('',(8.773053343039,54.103316450285,
    5.634817274406));
#1131 = CARTESIAN_POINT('',(8.761286250638,54.108079151668,
    5.648826441481));
#1132 = CARTESIAN_POINT('',(8.749259680173,54.112869256049,
    5.662525364757));
#1133 = CARTESIAN_POINT('',(8.706830546125,54.129481449625,5.70878809716
    ));
#1134 = CARTESIAN_POINT('',(8.675168542516,54.14138726432,5.739777891538
    ));
#1135 = CARTESIAN_POINT('',(8.642124613665,54.153237416778,
    5.768851194089));
#1136 = CARTESIAN_POINT('',(8.607816081221,54.164879437317,
    5.795982662357));
#1137 = CARTESIAN_POINT('',(8.572350514297,54.176166771639,
    5.821149268405));
#1138 = CARTESIAN_POINT('',(8.455604285759,54.210670032764,5.89523867795
    ));
#1139 = CARTESIAN_POINT('',(8.369940542438,54.232099043522,
    5.936771382892));
#1140 = CARTESIAN_POINT('',(8.280280476541,54.24960749389,5.96823263954)
  );
#1141 = CARTESIAN_POINT('',(8.187957557238,54.261808027906,
    5.989362816793));
#1142 = CARTESIAN_POINT('',(8.094152608275,54.267949192431,6.));
#1143 = CARTESIAN_POINT('',(8.,54.267949192431,6.));
#1144 = CYLINDRICAL_SURFACE('',#1145,1.);
#1145 = AXIS2_PLACEMENT_3D('',#1146,#1147,#1148);
#1146 = CARTESIAN_POINT('',(8.,-155.,5.));
#1147 = DIRECTION('',(0.,1.,0.));
#1148 = DIRECTION('',(1.,0.,0.));
#1149 = ADVANCED_FACE('',(#1150),#1161,.T.);
#1150 = FACE_BOUND('',#1151,.F.);
#1151 = EDGE_LOOP('',(#1152,#1153,#1160));
#1152 = ORIENTED_EDGE('',*,*,#1080,.F.);
#1153 = ORIENTED_EDGE('',*,*,#1154,.T.);
#1154 = EDGE_CURVE('',#1081,#178,#1155,.T.);
#1155 = CIRCLE('',#1156,2.);
#1156 = AXIS2_PLACEMENT_3D('',#1157,#1158,#1159);
#1157 = CARTESIAN_POINT('',(1.,56.,5.));
#1158 = DIRECTION('',(1.,-6.E-17,0.));
#1159 = DIRECTION('',(-6.E-17,-1.,0.));
#1160 = ORIENTED_EDGE('',*,*,#185,.T.);
#1161 = SPHERICAL_SURFACE('',#1162,2.);
#1162 = AXIS2_PLACEMENT_3D('',#1163,#1164,#1165);
#1163 = CARTESIAN_POINT('',(1.,56.,5.));
#1164 = DIRECTION('',(-0.,-0.,-1.));
#1165 = DIRECTION('',(-1.,0.,0.));
#1166 = ADVANCED_FACE('',(#1167),#1218,.T.);
#1167 = FACE_BOUND('',#1168,.F.);
#1168 = EDGE_LOOP('',(#1169,#1170,#1178,#1210,#1216,#1217));
#1169 = ORIENTED_EDGE('',*,*,#1154,.F.);
#1170 = ORIENTED_EDGE('',*,*,#1171,.T.);
#1171 = EDGE_CURVE('',#1081,#1172,#1174,.T.);
#1172 = VERTEX_POINT('',#1173);
#1173 = CARTESIAN_POINT('',(43.354248688935,56.,7.));
#1174 = LINE('',#1175,#1176);
#1175 = CARTESIAN_POINT('',(-1.,56.,7.));
#1176 = VECTOR('',#1177,1.);
#1177 = DIRECTION('',(1.,0.,0.));
#1178 = ORIENTED_EDGE('',*,*,#1179,.F.);
#1179 = EDGE_CURVE('',#1180,#1172,#1182,.T.);
#1180 = VERTEX_POINT('',#1181);
#1181 = CARTESIAN_POINT('',(42.127016653793,54.,5.));
#1182 = B_SPLINE_CURVE_WITH_KNOTS('',6,(#1183,#1184,#1185,#1186,#1187,
    #1188,#1189,#1190,#1191,#1192,#1193,#1194,#1195,#1196,#1197,#1198,
    #1199,#1200,#1201,#1202,#1203,#1204,#1205,#1206,#1207,#1208,#1209),
  .UNSPECIFIED.,.F.,.F.,(7,5,5,5,5,7),(0.,0.17976092628,0.281634620152,
    0.523918029146,0.789722545994,1.),.UNSPECIFIED.);
#1183 = CARTESIAN_POINT('',(42.127016653793,54.,5.));
#1184 = CARTESIAN_POINT('',(42.156472587036,54.,5.114082338898));
#1185 = CARTESIAN_POINT('',(42.189719616931,54.007809303425,
    5.226189088713));
#1186 = CARTESIAN_POINT('',(42.226425067771,54.022918711252,
    5.335541359648));
#1187 = CARTESIAN_POINT('',(42.266105665315,54.044713096185,
    5.441434805281));
#1188 = CARTESIAN_POINT('',(42.308149408397,54.072460267725,
    5.543239417803));
#1189 = CARTESIAN_POINT('',(42.376596220458,54.123910601659,5.6954615588
    ));
#1190 = CARTESIAN_POINT('',(42.401928027934,54.144190286169,
    5.74913145015));
#1191 = CARTESIAN_POINT('',(42.427749563942,54.16602650625,
    5.801396388116));
#1192 = CARTESIAN_POINT('',(42.453979406046,54.189315068629,
    5.852248922839));
#1193 = CARTESIAN_POINT('',(42.4805380084,54.213959971279,5.901686763783
    ));
#1194 = CARTESIAN_POINT('',(42.571108459311,54.301502607568,
    6.063931734846));
#1195 = CARTESIAN_POINT('',(42.63632533758,54.370340479502,
    6.170227309456));
#1196 = CARTESIAN_POINT('',(42.702061906463,54.445315496694,
    6.268797762393));
#1197 = CARTESIAN_POINT('',(42.767490118438,54.52569922093,
    6.359932203204));
#1198 = CARTESIAN_POINT('',(42.831840830899,54.611036310066,
    6.443886939399));
#1199 = CARTESIAN_POINT('',(42.962777282781,54.799915345746,
    6.605204875662));
#1200 = CARTESIAN_POINT('',(43.02905569521,54.904538237352,
    6.681237710372));
#1201 = CARTESIAN_POINT('',(43.091889783424,55.014549468467,
    6.748935552152));
#1202 = CARTESIAN_POINT('',(43.149884559919,55.129655446396,
    6.808141477212));
#1203 = CARTESIAN_POINT('',(43.201403865315,55.249673021394,
    6.858569573607));
#1204 = CARTESIAN_POINT('',(43.278877410288,55.473252565317,
    6.932186903437));
#1205 = CARTESIAN_POINT('',(43.30801105485,55.57526592356,6.95894842728)
  );
#1206 = CARTESIAN_POINT('',(43.330826467529,55.679651306175,
    6.979343835858));
#1207 = CARTESIAN_POINT('',(43.346408163405,55.78566052297,
    6.993085225617));
#1208 = CARTESIAN_POINT('',(43.354248688935,55.892646467698,7.));
#1209 = CARTESIAN_POINT('',(43.354248688935,56.,7.));
#1210 = ORIENTED_EDGE('',*,*,#1211,.F.);
#1211 = EDGE_CURVE('',#1106,#1180,#1212,.T.);
#1212 = LINE('',#1213,#1214);
#1213 = CARTESIAN_POINT('',(-1.,54.,5.));
#1214 = VECTOR('',#1215,1.);
#1215 = DIRECTION('',(1.,0.,0.));
#1216 = ORIENTED_EDGE('',*,*,#1115,.T.);
#1217 = ORIENTED_EDGE('',*,*,#177,.F.);
#1218 = CYLINDRICAL_SURFACE('',#1219,2.);
#1219 = AXIS2_PLACEMENT_3D('',#1220,#1221,#1222);
#1220 = CARTESIAN_POINT('',(-1.,56.,5.));
#1221 = DIRECTION('',(1.,0.,0.));
#1222 = DIRECTION('',(0.,-1.,0.));
#1223 = ADVANCED_FACE('',(#1224),#1243,.F.);
#1224 = FACE_BOUND('',#1225,.F.);
#1225 = EDGE_LOOP('',(#1226,#1227,#1235,#1242));
#1226 = ORIENTED_EDGE('',*,*,#268,.F.);
#1227 = ORIENTED_EDGE('',*,*,#1228,.F.);
#1228 = EDGE_CURVE('',#1229,#269,#1231,.T.);
#1229 = VERTEX_POINT('',#1230);
#1230 = CARTESIAN_POINT('',(1.25,0.,-1.));
#1231 = LINE('',#1232,#1233);
#1232 = CARTESIAN_POINT('',(1.25,-3.1E-16,-1.));
#1233 = VECTOR('',#1234,1.);
#1234 = DIRECTION('',(0.,0.,1.));
#1235 = ORIENTED_EDGE('',*,*,#1236,.T.);
#1236 = EDGE_CURVE('',#1229,#1229,#1237,.T.);
#1237 = CIRCLE('',#1238,1.25);
#1238 = AXIS2_PLACEMENT_3D('',#1239,#1240,#1241);
#1239 = CARTESIAN_POINT('',(0.,0.,-1.));
#1240 = DIRECTION('',(0.,0.,1.));
#1241 = DIRECTION('',(1.,0.,0.));
#1242 = ORIENTED_EDGE('',*,*,#1228,.T.);
#1243 = CYLINDRICAL_SURFACE('',#1244,1.25);
#1244 = AXIS2_PLACEMENT_3D('',#1245,#1246,#1247);
#1245 = CARTESIAN_POINT('',(0.,0.,-1.));
#1246 = DIRECTION('',(0.,0.,1.));
#1247 = DIRECTION('',(1.,0.,0.));
#1248 = ADVANCED_FACE('',(#1249),#1465,.T.);
#1249 = FACE_BOUND('',#1250,.T.);
#1250 = EDGE_LOOP('',(#1251,#1259,#1267,#1275,#1283,#1291,#1299,#1307,
    #1315,#1323,#1331,#1337,#1338,#1339,#1340,#1348,#1356,#1364,#1373,
    #1381,#1390,#1398,#1406,#1414,#1423,#1431,#1440,#1448,#1456,#1462,
    #1463,#1464));
#1251 = ORIENTED_EDGE('',*,*,#1252,.T.);
#1252 = EDGE_CURVE('',#402,#1253,#1255,.T.);
#1253 = VERTEX_POINT('',#1254);
#1254 = CARTESIAN_POINT('',(-8.,-153.,-6.));
#1255 = LINE('',#1256,#1257);
#1256 = CARTESIAN_POINT('',(-9.,-153.,-6.));
#1257 = VECTOR('',#1258,1.);
#1258 = DIRECTION('',(1.,0.,0.));
#1259 = ORIENTED_EDGE('',*,*,#1260,.T.);
#1260 = EDGE_CURVE('',#1253,#1261,#1263,.T.);
#1261 = VERTEX_POINT('',#1262);
#1262 = CARTESIAN_POINT('',(-8.,-95.,-6.));
#1263 = LINE('',#1264,#1265);
#1264 = CARTESIAN_POINT('',(-8.,-155.,-6.));
#1265 = VECTOR('',#1266,1.);
#1266 = DIRECTION('',(0.,1.,0.));
#1267 = ORIENTED_EDGE('',*,*,#1268,.F.);
#1268 = EDGE_CURVE('',#1269,#1261,#1271,.T.);
#1269 = VERTEX_POINT('',#1270);
#1270 = CARTESIAN_POINT('',(1.,-95.,-6.));
#1271 = LINE('',#1272,#1273);
#1272 = CARTESIAN_POINT('',(-36.,-95.,-6.));
#1273 = VECTOR('',#1274,1.);
#1274 = DIRECTION('',(-1.,0.,0.));
#1275 = ORIENTED_EDGE('',*,*,#1276,.T.);
#1276 = EDGE_CURVE('',#1269,#1277,#1279,.T.);
#1277 = VERTEX_POINT('',#1278);
#1278 = CARTESIAN_POINT('',(1.,-77.,-6.));
#1279 = LINE('',#1280,#1281);
#1280 = CARTESIAN_POINT('',(1.,-125.,-6.));
#1281 = VECTOR('',#1282,1.);
#1282 = DIRECTION('',(0.,1.,0.));
#1283 = ORIENTED_EDGE('',*,*,#1284,.T.);
#1284 = EDGE_CURVE('',#1277,#1285,#1287,.T.);
#1285 = VERTEX_POINT('',#1286);
#1286 = CARTESIAN_POINT('',(-8.,-77.,-6.));
#1287 = LINE('',#1288,#1289);
#1288 = CARTESIAN_POINT('',(-36.,-77.,-6.));
#1289 = VECTOR('',#1290,1.);
#1290 = DIRECTION('',(-1.,0.,0.));
#1291 = ORIENTED_EDGE('',*,*,#1292,.T.);
#1292 = EDGE_CURVE('',#1285,#1293,#1295,.T.);
#1293 = VERTEX_POINT('',#1294);
#1294 = CARTESIAN_POINT('',(-8.,77.,-6.));
#1295 = LINE('',#1296,#1297);
#1296 = CARTESIAN_POINT('',(-8.,-155.,-6.));
#1297 = VECTOR('',#1298,1.);
#1298 = DIRECTION('',(0.,1.,0.));
#1299 = ORIENTED_EDGE('',*,*,#1300,.F.);
#1300 = EDGE_CURVE('',#1301,#1293,#1303,.T.);
#1301 = VERTEX_POINT('',#1302);
#1302 = CARTESIAN_POINT('',(1.,77.,-6.));
#1303 = LINE('',#1304,#1305);
#1304 = CARTESIAN_POINT('',(-36.,77.,-6.));
#1305 = VECTOR('',#1306,1.);
#1306 = DIRECTION('',(-1.,0.,0.));
#1307 = ORIENTED_EDGE('',*,*,#1308,.T.);
#1308 = EDGE_CURVE('',#1301,#1309,#1311,.T.);
#1309 = VERTEX_POINT('',#1310);
#1310 = CARTESIAN_POINT('',(1.,95.,-6.));
#1311 = LINE('',#1312,#1313);
#1312 = CARTESIAN_POINT('',(1.,-39.,-6.));
#1313 = VECTOR('',#1314,1.);
#1314 = DIRECTION('',(0.,1.,0.));
#1315 = ORIENTED_EDGE('',*,*,#1316,.T.);
#1316 = EDGE_CURVE('',#1309,#1317,#1319,.T.);
#1317 = VERTEX_POINT('',#1318);
#1318 = CARTESIAN_POINT('',(-8.,95.,-6.));
#1319 = LINE('',#1320,#1321);
#1320 = CARTESIAN_POINT('',(-36.,95.,-6.));
#1321 = VECTOR('',#1322,1.);
#1322 = DIRECTION('',(-1.,0.,0.));
#1323 = ORIENTED_EDGE('',*,*,#1324,.T.);
#1324 = EDGE_CURVE('',#1317,#1325,#1327,.T.);
#1325 = VERTEX_POINT('',#1326);
#1326 = CARTESIAN_POINT('',(-8.,153.,-6.));
#1327 = LINE('',#1328,#1329);
#1328 = CARTESIAN_POINT('',(-8.,-155.,-6.));
#1329 = VECTOR('',#1330,1.);
#1330 = DIRECTION('',(0.,1.,0.));
#1331 = ORIENTED_EDGE('',*,*,#1332,.F.);
#1332 = EDGE_CURVE('',#314,#1325,#1333,.T.);
#1333 = LINE('',#1334,#1335);
#1334 = CARTESIAN_POINT('',(-9.,153.,-6.));
#1335 = VECTOR('',#1336,1.);
#1336 = DIRECTION('',(1.,0.,0.));
#1337 = ORIENTED_EDGE('',*,*,#313,.T.);
#1338 = ORIENTED_EDGE('',*,*,#616,.T.);
#1339 = ORIENTED_EDGE('',*,*,#682,.F.);
#1340 = ORIENTED_EDGE('',*,*,#1341,.F.);
#1341 = EDGE_CURVE('',#1342,#673,#1344,.T.);
#1342 = VERTEX_POINT('',#1343);
#1343 = CARTESIAN_POINT('',(8.,153.,-6.));
#1344 = LINE('',#1345,#1346);
#1345 = CARTESIAN_POINT('',(-9.,153.,-6.));
#1346 = VECTOR('',#1347,1.);
#1347 = DIRECTION('',(1.,0.,0.));
#1348 = ORIENTED_EDGE('',*,*,#1349,.F.);
#1349 = EDGE_CURVE('',#1350,#1342,#1352,.T.);
#1350 = VERTEX_POINT('',#1351);
#1351 = CARTESIAN_POINT('',(8.,71.732050807569,-6.));
#1352 = LINE('',#1353,#1354);
#1353 = CARTESIAN_POINT('',(8.,-155.,-6.));
#1354 = VECTOR('',#1355,1.);
#1355 = DIRECTION('',(0.,1.,0.));
#1356 = ORIENTED_EDGE('',*,*,#1357,.F.);
#1357 = EDGE_CURVE('',#1358,#1350,#1360,.T.);
#1358 = VERTEX_POINT('',#1359);
#1359 = CARTESIAN_POINT('',(1.,71.732050807569,-6.));
#1360 = LINE('',#1361,#1362);
#1361 = CARTESIAN_POINT('',(-1.,71.732050807569,-6.));
#1362 = VECTOR('',#1363,1.);
#1363 = DIRECTION('',(1.,0.,0.));
#1364 = ORIENTED_EDGE('',*,*,#1365,.T.);
#1365 = EDGE_CURVE('',#1358,#1366,#1368,.T.);
#1366 = VERTEX_POINT('',#1367);
#1367 = CARTESIAN_POINT('',(-0.732050807569,70.,-6.));
#1368 = CIRCLE('',#1369,1.732050807569);
#1369 = AXIS2_PLACEMENT_3D('',#1370,#1371,#1372);
#1370 = CARTESIAN_POINT('',(1.,70.,-6.));
#1371 = DIRECTION('',(0.,0.,1.));
#1372 = DIRECTION('',(-1.,0.,0.));
#1373 = ORIENTED_EDGE('',*,*,#1374,.F.);
#1374 = EDGE_CURVE('',#1375,#1366,#1377,.T.);
#1375 = VERTEX_POINT('',#1376);
#1376 = CARTESIAN_POINT('',(-0.732050807569,56.,-6.));
#1377 = LINE('',#1378,#1379);
#1378 = CARTESIAN_POINT('',(-0.732050807569,54.,-6.));
#1379 = VECTOR('',#1380,1.);
#1380 = DIRECTION('',(0.,1.,0.));
#1381 = ORIENTED_EDGE('',*,*,#1382,.T.);
#1382 = EDGE_CURVE('',#1375,#1383,#1385,.T.);
#1383 = VERTEX_POINT('',#1384);
#1384 = CARTESIAN_POINT('',(1.,54.267949192431,-6.));
#1385 = CIRCLE('',#1386,1.732050807569);
#1386 = AXIS2_PLACEMENT_3D('',#1387,#1388,#1389);
#1387 = CARTESIAN_POINT('',(1.,56.,-6.));
#1388 = DIRECTION('',(0.,0.,1.));
#1389 = DIRECTION('',(-1.,0.,0.));
#1390 = ORIENTED_EDGE('',*,*,#1391,.T.);
#1391 = EDGE_CURVE('',#1383,#1392,#1394,.T.);
#1392 = VERTEX_POINT('',#1393);
#1393 = CARTESIAN_POINT('',(8.,54.267949192431,-6.));
#1394 = LINE('',#1395,#1396);
#1395 = CARTESIAN_POINT('',(-1.,54.267949192431,-6.));
#1396 = VECTOR('',#1397,1.);
#1397 = DIRECTION('',(1.,0.,0.));
#1398 = ORIENTED_EDGE('',*,*,#1399,.F.);
#1399 = EDGE_CURVE('',#1400,#1392,#1402,.T.);
#1400 = VERTEX_POINT('',#1401);
#1401 = CARTESIAN_POINT('',(8.,-54.26794919243,-6.));
#1402 = LINE('',#1403,#1404);
#1403 = CARTESIAN_POINT('',(8.,-155.,-6.));
#1404 = VECTOR('',#1405,1.);
#1405 = DIRECTION('',(0.,1.,0.));
#1406 = ORIENTED_EDGE('',*,*,#1407,.F.);
#1407 = EDGE_CURVE('',#1408,#1400,#1410,.T.);
#1408 = VERTEX_POINT('',#1409);
#1409 = CARTESIAN_POINT('',(1.,-54.26794919243,-6.));
#1410 = LINE('',#1411,#1412);
#1411 = CARTESIAN_POINT('',(-1.,-54.26794919243,-6.));
#1412 = VECTOR('',#1413,1.);
#1413 = DIRECTION('',(1.,0.,0.));
#1414 = ORIENTED_EDGE('',*,*,#1415,.T.);
#1415 = EDGE_CURVE('',#1408,#1416,#1418,.T.);
#1416 = VERTEX_POINT('',#1417);
#1417 = CARTESIAN_POINT('',(-0.732050807569,-56.,-6.));
#1418 = CIRCLE('',#1419,1.732050807569);
#1419 = AXIS2_PLACEMENT_3D('',#1420,#1421,#1422);
#1420 = CARTESIAN_POINT('',(1.,-56.,-6.));
#1421 = DIRECTION('',(0.,0.,1.));
#1422 = DIRECTION('',(-1.,0.,0.));
#1423 = ORIENTED_EDGE('',*,*,#1424,.F.);
#1424 = EDGE_CURVE('',#1425,#1416,#1427,.T.);
#1425 = VERTEX_POINT('',#1426);
#1426 = CARTESIAN_POINT('',(-0.732050807569,-70.,-6.));
#1427 = LINE('',#1428,#1429);
#1428 = CARTESIAN_POINT('',(-0.732050807569,-72.,-6.));
#1429 = VECTOR('',#1430,1.);
#1430 = DIRECTION('',(0.,1.,0.));
#1431 = ORIENTED_EDGE('',*,*,#1432,.T.);
#1432 = EDGE_CURVE('',#1425,#1433,#1435,.T.);
#1433 = VERTEX_POINT('',#1434);
#1434 = CARTESIAN_POINT('',(1.,-71.73205080756,-6.));
#1435 = CIRCLE('',#1436,1.732050807569);
#1436 = AXIS2_PLACEMENT_3D('',#1437,#1438,#1439);
#1437 = CARTESIAN_POINT('',(1.,-70.,-6.));
#1438 = DIRECTION('',(0.,0.,1.));
#1439 = DIRECTION('',(-1.,0.,0.));
#1440 = ORIENTED_EDGE('',*,*,#1441,.T.);
#1441 = EDGE_CURVE('',#1433,#1442,#1444,.T.);
#1442 = VERTEX_POINT('',#1443);
#1443 = CARTESIAN_POINT('',(8.,-71.73205080756,-6.));
#1444 = LINE('',#1445,#1446);
#1445 = CARTESIAN_POINT('',(-1.,-71.73205080756,-6.));
#1446 = VECTOR('',#1447,1.);
#1447 = DIRECTION('',(1.,0.,0.));
#1448 = ORIENTED_EDGE('',*,*,#1449,.F.);
#1449 = EDGE_CURVE('',#1450,#1442,#1452,.T.);
#1450 = VERTEX_POINT('',#1451);
#1451 = CARTESIAN_POINT('',(8.,-153.,-6.));
#1452 = LINE('',#1453,#1454);
#1453 = CARTESIAN_POINT('',(8.,-155.,-6.));
#1454 = VECTOR('',#1455,1.);
#1455 = DIRECTION('',(0.,1.,0.));
#1456 = ORIENTED_EDGE('',*,*,#1457,.T.);
#1457 = EDGE_CURVE('',#1450,#519,#1458,.T.);
#1458 = LINE('',#1459,#1460);
#1459 = CARTESIAN_POINT('',(-9.,-153.,-6.));
#1460 = VECTOR('',#1461,1.);
#1461 = DIRECTION('',(1.,0.,0.));
#1462 = ORIENTED_EDGE('',*,*,#518,.F.);
#1463 = ORIENTED_EDGE('',*,*,#491,.F.);
#1464 = ORIENTED_EDGE('',*,*,#409,.T.);
#1465 = PLANE('',#1466);
#1466 = AXIS2_PLACEMENT_3D('',#1467,#1468,#1469);
#1467 = CARTESIAN_POINT('',(3.043180540186E-02,2.08E-15,-6.));
#1468 = DIRECTION('',(-0.,-0.,-1.));
#1469 = DIRECTION('',(-1.,0.,0.));
#1470 = ADVANCED_FACE('',(#1471),#1482,.T.);
#1471 = FACE_BOUND('',#1472,.T.);
#1472 = EDGE_LOOP('',(#1473,#1474,#1475));
#1473 = ORIENTED_EDGE('',*,*,#1252,.F.);
#1474 = ORIENTED_EDGE('',*,*,#401,.T.);
#1475 = ORIENTED_EDGE('',*,*,#1476,.F.);
#1476 = EDGE_CURVE('',#1253,#394,#1477,.T.);
#1477 = CIRCLE('',#1478,1.);
#1478 = AXIS2_PLACEMENT_3D('',#1479,#1480,#1481);
#1479 = CARTESIAN_POINT('',(-8.,-153.,-5.));
#1480 = DIRECTION('',(0.,1.,-0.));
#1481 = DIRECTION('',(-1.,0.,0.));
#1482 = PLANE('',#1483);
#1483 = AXIS2_PLACEMENT_3D('',#1484,#1485,#1486);
#1484 = CARTESIAN_POINT('',(-9.,-153.,-6.));
#1485 = DIRECTION('',(0.,1.,0.));
#1486 = DIRECTION('',(0.,0.,1.));
#1487 = ADVANCED_FACE('',(#1488),#1500,.T.);
#1488 = FACE_BOUND('',#1489,.F.);
#1489 = EDGE_LOOP('',(#1490,#1491,#1492,#1499));
#1490 = ORIENTED_EDGE('',*,*,#1476,.F.);
#1491 = ORIENTED_EDGE('',*,*,#1260,.T.);
#1492 = ORIENTED_EDGE('',*,*,#1493,.T.);
#1493 = EDGE_CURVE('',#1261,#386,#1494,.T.);
#1494 = CIRCLE('',#1495,1.);
#1495 = AXIS2_PLACEMENT_3D('',#1496,#1497,#1498);
#1496 = CARTESIAN_POINT('',(-8.,-95.,-5.));
#1497 = DIRECTION('',(0.,1.,-0.));
#1498 = DIRECTION('',(-1.,0.,0.));
#1499 = ORIENTED_EDGE('',*,*,#393,.F.);
#1500 = CYLINDRICAL_SURFACE('',#1501,1.);
#1501 = AXIS2_PLACEMENT_3D('',#1502,#1503,#1504);
#1502 = CARTESIAN_POINT('',(-8.,-155.,-5.));
#1503 = DIRECTION('',(0.,1.,0.));
#1504 = DIRECTION('',(-1.,0.,0.));
#1505 = ADVANCED_FACE('',(#1506),#1541,.F.);
#1506 = FACE_BOUND('',#1507,.F.);
#1507 = EDGE_LOOP('',(#1508,#1516,#1524,#1532,#1538,#1539,#1540));
#1508 = ORIENTED_EDGE('',*,*,#1509,.F.);
#1509 = EDGE_CURVE('',#1510,#1269,#1512,.T.);
#1510 = VERTEX_POINT('',#1511);
#1511 = CARTESIAN_POINT('',(1.,-95.,-10.));
#1512 = LINE('',#1513,#1514);
#1513 = CARTESIAN_POINT('',(1.,-95.,-10.));
#1514 = VECTOR('',#1515,1.);
#1515 = DIRECTION('',(0.,0.,1.));
#1516 = ORIENTED_EDGE('',*,*,#1517,.F.);
#1517 = EDGE_CURVE('',#1518,#1510,#1520,.T.);
#1518 = VERTEX_POINT('',#1519);
#1519 = CARTESIAN_POINT('',(-58.87113439552,-95.,-10.));
#1520 = LINE('',#1521,#1522);
#1521 = CARTESIAN_POINT('',(-63.,-95.,-10.));
#1522 = VECTOR('',#1523,1.);
#1523 = DIRECTION('',(1.,0.,0.));
#1524 = ORIENTED_EDGE('',*,*,#1525,.F.);
#1525 = EDGE_CURVE('',#1526,#1518,#1528,.T.);
#1526 = VERTEX_POINT('',#1527);
#1527 = CARTESIAN_POINT('',(-58.87113439552,-95.,-4.));
#1528 = LINE('',#1529,#1530);
#1529 = CARTESIAN_POINT('',(-58.87113439552,-95.,-10.));
#1530 = VECTOR('',#1531,1.);
#1531 = DIRECTION('',(0.,0.,-1.));
#1532 = ORIENTED_EDGE('',*,*,#1533,.T.);
#1533 = EDGE_CURVE('',#1526,#378,#1534,.T.);
#1534 = LINE('',#1535,#1536);
#1535 = CARTESIAN_POINT('',(-63.,-95.,-4.));
#1536 = VECTOR('',#1537,1.);
#1537 = DIRECTION('',(1.,0.,0.));
#1538 = ORIENTED_EDGE('',*,*,#385,.F.);
#1539 = ORIENTED_EDGE('',*,*,#1493,.F.);
#1540 = ORIENTED_EDGE('',*,*,#1268,.F.);
#1541 = PLANE('',#1542);
#1542 = AXIS2_PLACEMENT_3D('',#1543,#1544,#1545);
#1543 = CARTESIAN_POINT('',(-63.,-95.,-10.));
#1544 = DIRECTION('',(0.,1.,0.));
#1545 = DIRECTION('',(0.,0.,1.));
#1546 = ADVANCED_FACE('',(#1547,#1665,#1676),#1687,.T.);
#1547 = FACE_BOUND('',#1548,.T.);
#1548 = EDGE_LOOP('',(#1549,#1557,#1565,#1573,#1581,#1590,#1598,#1607,
    #1615,#1624,#1632,#1641,#1649,#1657,#1663,#1664));
#1549 = ORIENTED_EDGE('',*,*,#1550,.F.);
#1550 = EDGE_CURVE('',#1551,#370,#1553,.T.);
#1551 = VERTEX_POINT('',#1552);
#1552 = CARTESIAN_POINT('',(-63.,-77.,-4.));
#1553 = LINE('',#1554,#1555);
#1554 = CARTESIAN_POINT('',(-63.,-77.,-4.));
#1555 = VECTOR('',#1556,1.);
#1556 = DIRECTION('',(1.,0.,0.));
#1557 = ORIENTED_EDGE('',*,*,#1558,.F.);
#1558 = EDGE_CURVE('',#1559,#1551,#1561,.T.);
#1559 = VERTEX_POINT('',#1560);
#1560 = CARTESIAN_POINT('',(-63.,-78.9988745673,-4.));
#1561 = LINE('',#1562,#1563);
#1562 = CARTESIAN_POINT('',(-63.,-95.,-4.));
#1563 = VECTOR('',#1564,1.);
#1564 = DIRECTION('',(0.,1.,0.));
#1565 = ORIENTED_EDGE('',*,*,#1566,.F.);
#1566 = EDGE_CURVE('',#1567,#1559,#1569,.T.);
#1567 = VERTEX_POINT('',#1568);
#1568 = CARTESIAN_POINT('',(-63.36039642392,-78.74652227453,-4.));
#1569 = LINE('',#1570,#1571);
#1570 = CARTESIAN_POINT('',(-63.36039642392,-78.74652227453,-4.));
#1571 = VECTOR('',#1572,1.);
#1572 = DIRECTION('',(0.819152044289,-0.573576436351,0.));
#1573 = ORIENTED_EDGE('',*,*,#1574,.F.);
#1574 = EDGE_CURVE('',#1575,#1567,#1577,.T.);
#1575 = VERTEX_POINT('',#1576);
#1576 = CARTESIAN_POINT('',(-68.86673021289,-86.6103818997,-4.));
#1577 = LINE('',#1578,#1579);
#1578 = CARTESIAN_POINT('',(-75.97907802364,-96.76786724888,-4.));
#1579 = VECTOR('',#1580,1.);
#1580 = DIRECTION('',(0.573576436351,0.819152044289,0.));
#1581 = ORIENTED_EDGE('',*,*,#1582,.T.);
#1582 = EDGE_CURVE('',#1575,#1583,#1585,.T.);
#1583 = VERTEX_POINT('',#1584);
#1584 = CARTESIAN_POINT('',(-68.0310931245,-86.46303653494,-4.));
#1585 = CIRCLE('',#1586,0.6);
#1586 = AXIS2_PLACEMENT_3D('',#1587,#1588,#1589);
#1587 = CARTESIAN_POINT('',(-68.37523898631,-86.95452776151,-4.));
#1588 = DIRECTION('',(-0.,0.,-1.));
#1589 = DIRECTION('',(-0.573576436351,-0.819152044289,0.));
#1590 = ORIENTED_EDGE('',*,*,#1591,.T.);
#1591 = EDGE_CURVE('',#1583,#1592,#1594,.T.);
#1592 = VERTEX_POINT('',#1593);
#1593 = CARTESIAN_POINT('',(-63.28001126763,-89.78977986577,-4.));
#1594 = LINE('',#1595,#1596);
#1595 = CARTESIAN_POINT('',(-68.52258435108,-86.11889067313,-4.));
#1596 = VECTOR('',#1597,1.);
#1597 = DIRECTION('',(0.819152044289,-0.573576436351,0.));
#1598 = ORIENTED_EDGE('',*,*,#1599,.F.);
#1599 = EDGE_CURVE('',#1600,#1592,#1602,.T.);
#1600 = VERTEX_POINT('',#1601);
#1601 = CARTESIAN_POINT('',(-63.13266590287,-90.62541695416,-4.));
#1602 = CIRCLE('',#1603,0.6);
#1603 = AXIS2_PLACEMENT_3D('',#1604,#1605,#1606);
#1604 = CARTESIAN_POINT('',(-63.62415712944,-90.28127109235,-4.));
#1605 = DIRECTION('',(0.,0.,1.));
#1606 = DIRECTION('',(-0.573576436351,-0.819152044289,0.));
#1607 = ORIENTED_EDGE('',*,*,#1608,.F.);
#1608 = EDGE_CURVE('',#1609,#1600,#1611,.T.);
#1609 = VERTEX_POINT('',#1610);
#1610 = CARTESIAN_POINT('',(-64.73867992465,-92.91904267817,-4.));
#1611 = LINE('',#1612,#1613);
#1612 = CARTESIAN_POINT('',(-65.08282578646,-93.41053390474,-4.));
#1613 = VECTOR('',#1614,1.);
#1614 = DIRECTION('',(0.573576436351,0.819152044289,0.));
#1615 = ORIENTED_EDGE('',*,*,#1616,.T.);
#1616 = EDGE_CURVE('',#1609,#1617,#1619,.T.);
#1617 = VERTEX_POINT('',#1618);
#1618 = CARTESIAN_POINT('',(-65.57431701303,-93.06638804293,-4.));
#1619 = CIRCLE('',#1620,0.6);
#1620 = AXIS2_PLACEMENT_3D('',#1621,#1622,#1623);
#1621 = CARTESIAN_POINT('',(-65.23017115122,-92.57489681636,-4.));
#1622 = DIRECTION('',(-0.,0.,-1.));
#1623 = DIRECTION('',(-0.573576436351,-0.819152044289,0.));
#1624 = ORIENTED_EDGE('',*,*,#1625,.F.);
#1625 = EDGE_CURVE('',#1626,#1617,#1628,.T.);
#1626 = VERTEX_POINT('',#1627);
#1627 = CARTESIAN_POINT('',(-70.32539886991,-89.73964471209,-4.));
#1628 = LINE('',#1629,#1630);
#1629 = CARTESIAN_POINT('',(-70.81689009648,-89.39549885028,-4.));
#1630 = VECTOR('',#1631,1.);
#1631 = DIRECTION('',(0.819152044289,-0.573576436351,0.));
#1632 = ORIENTED_EDGE('',*,*,#1633,.F.);
#1633 = EDGE_CURVE('',#1634,#1626,#1636,.T.);
#1634 = VERTEX_POINT('',#1635);
#1635 = CARTESIAN_POINT('',(-70.47274423467,-88.90400762371,-4.));
#1636 = CIRCLE('',#1637,0.6);
#1637 = AXIS2_PLACEMENT_3D('',#1638,#1639,#1640);
#1638 = CARTESIAN_POINT('',(-69.9812530081,-89.24815348552,-4.));
#1639 = DIRECTION('',(0.,0.,1.));
#1640 = DIRECTION('',(-0.573576436351,-0.819152044289,0.));
#1641 = ORIENTED_EDGE('',*,*,#1642,.F.);
#1642 = EDGE_CURVE('',#1643,#1634,#1645,.T.);
#1643 = VERTEX_POINT('',#1644);
#1644 = CARTESIAN_POINT('',(-75.97907802364,-96.76786724888,-4.));
#1645 = LINE('',#1646,#1647);
#1646 = CARTESIAN_POINT('',(-75.97907802364,-96.76786724888,-4.));
#1647 = VECTOR('',#1648,1.);
#1648 = DIRECTION('',(0.573576436351,0.819152044289,0.));
#1649 = ORIENTED_EDGE('',*,*,#1650,.T.);
#1650 = EDGE_CURVE('',#1643,#1651,#1653,.T.);
#1651 = VERTEX_POINT('',#1652);
#1652 = CARTESIAN_POINT('',(-65.33010144788,-104.2243609214,-4.));
#1653 = LINE('',#1654,#1655);
#1654 = CARTESIAN_POINT('',(-75.97907802364,-96.76786724888,-4.));
#1655 = VECTOR('',#1656,1.);
#1656 = DIRECTION('',(0.819152044289,-0.573576436351,0.));
#1657 = ORIENTED_EDGE('',*,*,#1658,.T.);
#1658 = EDGE_CURVE('',#1651,#1526,#1659,.T.);
#1659 = LINE('',#1660,#1661);
#1660 = CARTESIAN_POINT('',(-65.33010144788,-104.2243609214,-4.));
#1661 = VECTOR('',#1662,1.);
#1662 = DIRECTION('',(0.573576436351,0.819152044289,0.));
#1663 = ORIENTED_EDGE('',*,*,#1533,.T.);
#1664 = ORIENTED_EDGE('',*,*,#377,.F.);
#1665 = FACE_BOUND('',#1666,.T.);
#1666 = EDGE_LOOP('',(#1667));
#1667 = ORIENTED_EDGE('',*,*,#1668,.F.);
#1668 = EDGE_CURVE('',#1669,#1669,#1671,.T.);
#1669 = VERTEX_POINT('',#1670);
#1670 = CARTESIAN_POINT('',(-68.7073754687,-94.27004853252,-4.));
#1671 = CIRCLE('',#1672,1.25);
#1672 = AXIS2_PLACEMENT_3D('',#1673,#1674,#1675);
#1673 = CARTESIAN_POINT('',(-69.9573754687,-94.27004853252,-4.));
#1674 = DIRECTION('',(0.,0.,1.));
#1675 = DIRECTION('',(1.,0.,0.));
#1676 = FACE_BOUND('',#1677,.T.);
#1677 = EDGE_LOOP('',(#1678));
#1678 = ORIENTED_EDGE('',*,*,#1679,.F.);
#1679 = EDGE_CURVE('',#1680,#1680,#1682,.T.);
#1680 = VERTEX_POINT('',#1681);
#1681 = CARTESIAN_POINT('',(-62.39803466884,-85.25937604534,-4.));
#1682 = CIRCLE('',#1683,1.25);
#1683 = AXIS2_PLACEMENT_3D('',#1684,#1685,#1686);
#1684 = CARTESIAN_POINT('',(-63.64803466884,-85.25937604534,-4.));
#1685 = DIRECTION('',(0.,0.,1.));
#1686 = DIRECTION('',(1.,0.,0.));
#1687 = PLANE('',#1688);
#1688 = AXIS2_PLACEMENT_3D('',#1689,#1690,#1691);
#1689 = CARTESIAN_POINT('',(-41.64065775013,-87.90011989179,-4.));
#1690 = DIRECTION('',(0.,0.,1.));
#1691 = DIRECTION('',(1.,0.,0.));
#1692 = ADVANCED_FACE('',(#1693),#1727,.T.);
#1693 = FACE_BOUND('',#1694,.T.);
#1694 = EDGE_LOOP('',(#1695,#1703,#1711,#1717,#1718,#1719,#1726));
#1695 = ORIENTED_EDGE('',*,*,#1696,.F.);
#1696 = EDGE_CURVE('',#1697,#1277,#1699,.T.);
#1697 = VERTEX_POINT('',#1698);
#1698 = CARTESIAN_POINT('',(1.,-77.,-10.));
#1699 = LINE('',#1700,#1701);
#1700 = CARTESIAN_POINT('',(1.,-77.,-10.));
#1701 = VECTOR('',#1702,1.);
#1702 = DIRECTION('',(0.,0.,1.));
#1703 = ORIENTED_EDGE('',*,*,#1704,.F.);
#1704 = EDGE_CURVE('',#1705,#1697,#1707,.T.);
#1705 = VERTEX_POINT('',#1706);
#1706 = CARTESIAN_POINT('',(-63.,-77.,-10.));
#1707 = LINE('',#1708,#1709);
#1708 = CARTESIAN_POINT('',(-63.,-77.,-10.));
#1709 = VECTOR('',#1710,1.);
#1710 = DIRECTION('',(1.,0.,0.));
#1711 = ORIENTED_EDGE('',*,*,#1712,.T.);
#1712 = EDGE_CURVE('',#1705,#1551,#1713,.T.);
#1713 = LINE('',#1714,#1715);
#1714 = CARTESIAN_POINT('',(-63.,-77.,-10.));
#1715 = VECTOR('',#1716,1.);
#1716 = DIRECTION('',(0.,0.,1.));
#1717 = ORIENTED_EDGE('',*,*,#1550,.T.);
#1718 = ORIENTED_EDGE('',*,*,#369,.F.);
#1719 = ORIENTED_EDGE('',*,*,#1720,.F.);
#1720 = EDGE_CURVE('',#1285,#362,#1721,.T.);
#1721 = CIRCLE('',#1722,1.);
#1722 = AXIS2_PLACEMENT_3D('',#1723,#1724,#1725);
#1723 = CARTESIAN_POINT('',(-8.,-77.,-5.));
#1724 = DIRECTION('',(0.,1.,-0.));
#1725 = DIRECTION('',(-1.,0.,0.));
#1726 = ORIENTED_EDGE('',*,*,#1284,.F.);
#1727 = PLANE('',#1728);
#1728 = AXIS2_PLACEMENT_3D('',#1729,#1730,#1731);
#1729 = CARTESIAN_POINT('',(-63.,-77.,-10.));
#1730 = DIRECTION('',(0.,1.,0.));
#1731 = DIRECTION('',(0.,0.,1.));
#1732 = ADVANCED_FACE('',(#1733),#1744,.F.);
#1733 = FACE_BOUND('',#1734,.F.);
#1734 = EDGE_LOOP('',(#1735,#1736,#1737));
#1735 = ORIENTED_EDGE('',*,*,#1332,.F.);
#1736 = ORIENTED_EDGE('',*,*,#321,.T.);
#1737 = ORIENTED_EDGE('',*,*,#1738,.F.);
#1738 = EDGE_CURVE('',#1325,#322,#1739,.T.);
#1739 = CIRCLE('',#1740,1.);
#1740 = AXIS2_PLACEMENT_3D('',#1741,#1742,#1743);
#1741 = CARTESIAN_POINT('',(-8.,153.,-5.));
#1742 = DIRECTION('',(0.,1.,-0.));
#1743 = DIRECTION('',(-1.,0.,0.));
#1744 = PLANE('',#1745);
#1745 = AXIS2_PLACEMENT_3D('',#1746,#1747,#1748);
#1746 = CARTESIAN_POINT('',(-9.,153.,-6.));
#1747 = DIRECTION('',(0.,1.,0.));
#1748 = DIRECTION('',(0.,0.,1.));
#1749 = ADVANCED_FACE('',(#1750),#1762,.T.);
#1750 = FACE_BOUND('',#1751,.F.);
#1751 = EDGE_LOOP('',(#1752,#1753,#1754,#1761));
#1752 = ORIENTED_EDGE('',*,*,#1720,.F.);
#1753 = ORIENTED_EDGE('',*,*,#1292,.T.);
#1754 = ORIENTED_EDGE('',*,*,#1755,.T.);
#1755 = EDGE_CURVE('',#1293,#354,#1756,.T.);
#1756 = CIRCLE('',#1757,1.);
#1757 = AXIS2_PLACEMENT_3D('',#1758,#1759,#1760);
#1758 = CARTESIAN_POINT('',(-8.,77.,-5.));
#1759 = DIRECTION('',(0.,1.,-0.));
#1760 = DIRECTION('',(-1.,0.,0.));
#1761 = ORIENTED_EDGE('',*,*,#361,.F.);
#1762 = CYLINDRICAL_SURFACE('',#1763,1.);
#1763 = AXIS2_PLACEMENT_3D('',#1764,#1765,#1766);
#1764 = CARTESIAN_POINT('',(-8.,-155.,-5.));
#1765 = DIRECTION('',(0.,1.,0.));
#1766 = DIRECTION('',(-1.,0.,0.));
#1767 = ADVANCED_FACE('',(#1768),#1780,.T.);
#1768 = FACE_BOUND('',#1769,.F.);
#1769 = EDGE_LOOP('',(#1770,#1777,#1778,#1779));
#1770 = ORIENTED_EDGE('',*,*,#1771,.F.);
#1771 = EDGE_CURVE('',#1317,#330,#1772,.T.);
#1772 = CIRCLE('',#1773,1.);
#1773 = AXIS2_PLACEMENT_3D('',#1774,#1775,#1776);
#1774 = CARTESIAN_POINT('',(-8.,95.,-5.));
#1775 = DIRECTION('',(0.,1.,-0.));
#1776 = DIRECTION('',(-1.,0.,0.));
#1777 = ORIENTED_EDGE('',*,*,#1324,.T.);
#1778 = ORIENTED_EDGE('',*,*,#1738,.T.);
#1779 = ORIENTED_EDGE('',*,*,#329,.F.);
#1780 = CYLINDRICAL_SURFACE('',#1781,1.);
#1781 = AXIS2_PLACEMENT_3D('',#1782,#1783,#1784);
#1782 = CARTESIAN_POINT('',(-8.,-155.,-5.));
#1783 = DIRECTION('',(0.,1.,0.));
#1784 = DIRECTION('',(-1.,0.,0.));
#1785 = ADVANCED_FACE('',(#1786),#1821,.F.);
#1786 = FACE_BOUND('',#1787,.F.);
#1787 = EDGE_LOOP('',(#1788,#1796,#1804,#1812,#1818,#1819,#1820));
#1788 = ORIENTED_EDGE('',*,*,#1789,.F.);
#1789 = EDGE_CURVE('',#1790,#1301,#1792,.T.);
#1790 = VERTEX_POINT('',#1791);
#1791 = CARTESIAN_POINT('',(1.,77.,-10.));
#1792 = LINE('',#1793,#1794);
#1793 = CARTESIAN_POINT('',(1.,77.,-10.));
#1794 = VECTOR('',#1795,1.);
#1795 = DIRECTION('',(0.,0.,1.));
#1796 = ORIENTED_EDGE('',*,*,#1797,.F.);
#1797 = EDGE_CURVE('',#1798,#1790,#1800,.T.);
#1798 = VERTEX_POINT('',#1799);
#1799 = CARTESIAN_POINT('',(-63.,77.,-10.));
#1800 = LINE('',#1801,#1802);
#1801 = CARTESIAN_POINT('',(-63.,77.,-10.));
#1802 = VECTOR('',#1803,1.);
#1803 = DIRECTION('',(1.,0.,0.));
#1804 = ORIENTED_EDGE('',*,*,#1805,.T.);
#1805 = EDGE_CURVE('',#1798,#1806,#1808,.T.);
#1806 = VERTEX_POINT('',#1807);
#1807 = CARTESIAN_POINT('',(-63.,77.,-4.));
#1808 = LINE('',#1809,#1810);
#1809 = CARTESIAN_POINT('',(-63.,77.,-10.));
#1810 = VECTOR('',#1811,1.);
#1811 = DIRECTION('',(0.,0.,1.));
#1812 = ORIENTED_EDGE('',*,*,#1813,.T.);
#1813 = EDGE_CURVE('',#1806,#346,#1814,.T.);
#1814 = LINE('',#1815,#1816);
#1815 = CARTESIAN_POINT('',(-63.,77.,-4.));
#1816 = VECTOR('',#1817,1.);
#1817 = DIRECTION('',(1.,0.,0.));
#1818 = ORIENTED_EDGE('',*,*,#353,.F.);
#1819 = ORIENTED_EDGE('',*,*,#1755,.F.);
#1820 = ORIENTED_EDGE('',*,*,#1300,.F.);
#1821 = PLANE('',#1822);
#1822 = AXIS2_PLACEMENT_3D('',#1823,#1824,#1825);
#1823 = CARTESIAN_POINT('',(-63.,77.,-10.));
#1824 = DIRECTION('',(0.,1.,0.));
#1825 = DIRECTION('',(0.,0.,1.));
#1826 = ADVANCED_FACE('',(#1827),#1862,.T.);
#1827 = FACE_BOUND('',#1828,.T.);
#1828 = EDGE_LOOP('',(#1829,#1837,#1845,#1853,#1859,#1860,#1861));
#1829 = ORIENTED_EDGE('',*,*,#1830,.F.);
#1830 = EDGE_CURVE('',#1831,#1309,#1833,.T.);
#1831 = VERTEX_POINT('',#1832);
#1832 = CARTESIAN_POINT('',(1.,95.,-10.));
#1833 = LINE('',#1834,#1835);
#1834 = CARTESIAN_POINT('',(1.,95.,-10.));
#1835 = VECTOR('',#1836,1.);
#1836 = DIRECTION('',(0.,0.,1.));
#1837 = ORIENTED_EDGE('',*,*,#1838,.F.);
#1838 = EDGE_CURVE('',#1839,#1831,#1841,.T.);
#1839 = VERTEX_POINT('',#1840);
#1840 = CARTESIAN_POINT('',(-58.87113439552,95.,-10.));
#1841 = LINE('',#1842,#1843);
#1842 = CARTESIAN_POINT('',(-63.,95.,-10.));
#1843 = VECTOR('',#1844,1.);
#1844 = DIRECTION('',(1.,0.,0.));
#1845 = ORIENTED_EDGE('',*,*,#1846,.F.);
#1846 = EDGE_CURVE('',#1847,#1839,#1849,.T.);
#1847 = VERTEX_POINT('',#1848);
#1848 = CARTESIAN_POINT('',(-58.87113439552,95.,-4.));
#1849 = LINE('',#1850,#1851);
#1850 = CARTESIAN_POINT('',(-58.87113439552,95.,-10.));
#1851 = VECTOR('',#1852,1.);
#1852 = DIRECTION('',(0.,0.,-1.));
#1853 = ORIENTED_EDGE('',*,*,#1854,.T.);
#1854 = EDGE_CURVE('',#1847,#338,#1855,.T.);
#1855 = LINE('',#1856,#1857);
#1856 = CARTESIAN_POINT('',(-63.,95.,-4.));
#1857 = VECTOR('',#1858,1.);
#1858 = DIRECTION('',(1.,0.,0.));
#1859 = ORIENTED_EDGE('',*,*,#337,.F.);
#1860 = ORIENTED_EDGE('',*,*,#1771,.F.);
#1861 = ORIENTED_EDGE('',*,*,#1316,.F.);
#1862 = PLANE('',#1863);
#1863 = AXIS2_PLACEMENT_3D('',#1864,#1865,#1866);
#1864 = CARTESIAN_POINT('',(-63.,95.,-10.));
#1865 = DIRECTION('',(0.,1.,0.));
#1866 = DIRECTION('',(0.,0.,1.));
#1867 = ADVANCED_FACE('',(#1868,#1979,#1990),#2001,.T.);
#1868 = FACE_BOUND('',#1869,.T.);
#1869 = EDGE_LOOP('',(#1870,#1871,#1879,#1887,#1895,#1904,#1912,#1921,
    #1929,#1938,#1946,#1955,#1963,#1971,#1977,#1978));
#1870 = ORIENTED_EDGE('',*,*,#1854,.F.);
#1871 = ORIENTED_EDGE('',*,*,#1872,.T.);
#1872 = EDGE_CURVE('',#1847,#1873,#1875,.T.);
#1873 = VERTEX_POINT('',#1874);
#1874 = CARTESIAN_POINT('',(-65.33010144788,104.22436092145,-4.));
#1875 = LINE('',#1876,#1877);
#1876 = CARTESIAN_POINT('',(-52.71141984816,86.203015947095,-4.));
#1877 = VECTOR('',#1878,1.);
#1878 = DIRECTION('',(-0.573576436351,0.819152044289,0.));
#1879 = ORIENTED_EDGE('',*,*,#1880,.F.);
#1880 = EDGE_CURVE('',#1881,#1873,#1883,.T.);
#1881 = VERTEX_POINT('',#1882);
#1882 = CARTESIAN_POINT('',(-75.97907802364,96.767867248889,-4.));
#1883 = LINE('',#1884,#1885);
#1884 = CARTESIAN_POINT('',(-75.97907802364,96.767867248889,-4.));
#1885 = VECTOR('',#1886,1.);
#1886 = DIRECTION('',(0.819152044289,0.573576436351,0.));
#1887 = ORIENTED_EDGE('',*,*,#1888,.F.);
#1888 = EDGE_CURVE('',#1889,#1881,#1891,.T.);
#1889 = VERTEX_POINT('',#1890);
#1890 = CARTESIAN_POINT('',(-70.47274423467,88.904007623715,-4.));
#1891 = LINE('',#1892,#1893);
#1892 = CARTESIAN_POINT('',(-63.36039642392,78.746522274531,-4.));
#1893 = VECTOR('',#1894,1.);
#1894 = DIRECTION('',(-0.573576436351,0.819152044289,0.));
#1895 = ORIENTED_EDGE('',*,*,#1896,.T.);
#1896 = EDGE_CURVE('',#1889,#1897,#1899,.T.);
#1897 = VERTEX_POINT('',#1898);
#1898 = CARTESIAN_POINT('',(-70.32539886991,89.739644712099,-4.));
#1899 = CIRCLE('',#1900,0.6);
#1900 = AXIS2_PLACEMENT_3D('',#1901,#1902,#1903);
#1901 = CARTESIAN_POINT('',(-69.9812530081,89.248153485525,-4.));
#1902 = DIRECTION('',(0.,-0.,-1.));
#1903 = DIRECTION('',(0.573576436351,-0.819152044289,0.));
#1904 = ORIENTED_EDGE('',*,*,#1905,.T.);
#1905 = EDGE_CURVE('',#1897,#1906,#1908,.T.);
#1906 = VERTEX_POINT('',#1907);
#1907 = CARTESIAN_POINT('',(-65.57431701303,93.066388042935,-4.));
#1908 = LINE('',#1909,#1910);
#1909 = CARTESIAN_POINT('',(-70.81689009648,89.395498850288,-4.));
#1910 = VECTOR('',#1911,1.);
#1911 = DIRECTION('',(0.819152044289,0.573576436351,0.));
#1912 = ORIENTED_EDGE('',*,*,#1913,.F.);
#1913 = EDGE_CURVE('',#1914,#1906,#1916,.T.);
#1914 = VERTEX_POINT('',#1915);
#1915 = CARTESIAN_POINT('',(-64.73867992465,92.919042678172,-4.));
#1916 = CIRCLE('',#1917,0.6);
#1917 = AXIS2_PLACEMENT_3D('',#1918,#1919,#1920);
#1918 = CARTESIAN_POINT('',(-65.23017115122,92.574896816361,-4.));
#1919 = DIRECTION('',(-0.,0.,1.));
#1920 = DIRECTION('',(0.573576436351,-0.819152044289,0.));
#1921 = ORIENTED_EDGE('',*,*,#1922,.F.);
#1922 = EDGE_CURVE('',#1923,#1914,#1925,.T.);
#1923 = VERTEX_POINT('',#1924);
#1924 = CARTESIAN_POINT('',(-63.13266590287,90.625416954163,-4.));
#1925 = LINE('',#1926,#1927);
#1926 = CARTESIAN_POINT('',(-62.78852004105,90.133925727589,-4.));
#1927 = VECTOR('',#1928,1.);
#1928 = DIRECTION('',(-0.573576436351,0.819152044289,0.));
#1929 = ORIENTED_EDGE('',*,*,#1930,.T.);
#1930 = EDGE_CURVE('',#1923,#1931,#1933,.T.);
#1931 = VERTEX_POINT('',#1932);
#1932 = CARTESIAN_POINT('',(-63.28001126763,89.789779865779,-4.));
#1933 = CIRCLE('',#1934,0.6);
#1934 = AXIS2_PLACEMENT_3D('',#1935,#1936,#1937);
#1935 = CARTESIAN_POINT('',(-63.62415712944,90.281271092352,-4.));
#1936 = DIRECTION('',(0.,-0.,-1.));
#1937 = DIRECTION('',(0.573576436351,-0.819152044289,0.));
#1938 = ORIENTED_EDGE('',*,*,#1939,.F.);
#1939 = EDGE_CURVE('',#1940,#1931,#1942,.T.);
#1940 = VERTEX_POINT('',#1941);
#1941 = CARTESIAN_POINT('',(-68.0310931245,86.463036534943,-4.));
#1942 = LINE('',#1943,#1944);
#1943 = CARTESIAN_POINT('',(-68.52258435108,86.118890673132,-4.));
#1944 = VECTOR('',#1945,1.);
#1945 = DIRECTION('',(0.819152044289,0.573576436351,0.));
#1946 = ORIENTED_EDGE('',*,*,#1947,.F.);
#1947 = EDGE_CURVE('',#1948,#1940,#1950,.T.);
#1948 = VERTEX_POINT('',#1949);
#1949 = CARTESIAN_POINT('',(-68.86673021289,86.610381899705,-4.));
#1950 = CIRCLE('',#1951,0.6);
#1951 = AXIS2_PLACEMENT_3D('',#1952,#1953,#1954);
#1952 = CARTESIAN_POINT('',(-68.37523898631,86.954527761516,-4.));
#1953 = DIRECTION('',(-0.,0.,1.));
#1954 = DIRECTION('',(0.573576436351,-0.819152044289,0.));
#1955 = ORIENTED_EDGE('',*,*,#1956,.F.);
#1956 = EDGE_CURVE('',#1957,#1948,#1959,.T.);
#1957 = VERTEX_POINT('',#1958);
#1958 = CARTESIAN_POINT('',(-63.36039642392,78.746522274531,-4.));
#1959 = LINE('',#1960,#1961);
#1960 = CARTESIAN_POINT('',(-63.36039642392,78.746522274531,-4.));
#1961 = VECTOR('',#1962,1.);
#1962 = DIRECTION('',(-0.573576436351,0.819152044289,0.));
#1963 = ORIENTED_EDGE('',*,*,#1964,.T.);
#1964 = EDGE_CURVE('',#1957,#1965,#1967,.T.);
#1965 = VERTEX_POINT('',#1966);
#1966 = CARTESIAN_POINT('',(-63.,78.998874567306,-4.));
#1967 = LINE('',#1968,#1969);
#1968 = CARTESIAN_POINT('',(-63.36039642392,78.746522274531,-4.));
#1969 = VECTOR('',#1970,1.);
#1970 = DIRECTION('',(0.819152044289,0.573576436351,0.));
#1971 = ORIENTED_EDGE('',*,*,#1972,.F.);
#1972 = EDGE_CURVE('',#1806,#1965,#1973,.T.);
#1973 = LINE('',#1974,#1975);
#1974 = CARTESIAN_POINT('',(-63.,77.,-4.));
#1975 = VECTOR('',#1976,1.);
#1976 = DIRECTION('',(0.,1.,0.));
#1977 = ORIENTED_EDGE('',*,*,#1813,.T.);
#1978 = ORIENTED_EDGE('',*,*,#345,.F.);
#1979 = FACE_BOUND('',#1980,.T.);
#1980 = EDGE_LOOP('',(#1981));
#1981 = ORIENTED_EDGE('',*,*,#1982,.F.);
#1982 = EDGE_CURVE('',#1983,#1983,#1985,.T.);
#1983 = VERTEX_POINT('',#1984);
#1984 = CARTESIAN_POINT('',(-62.39803466884,85.259376045349,-4.));
#1985 = CIRCLE('',#1986,1.25);
#1986 = AXIS2_PLACEMENT_3D('',#1987,#1988,#1989);
#1987 = CARTESIAN_POINT('',(-63.64803466884,85.259376045349,-4.));
#1988 = DIRECTION('',(0.,0.,1.));
#1989 = DIRECTION('',(1.,0.,0.));
#1990 = FACE_BOUND('',#1991,.T.);
#1991 = EDGE_LOOP('',(#1992));
#1992 = ORIENTED_EDGE('',*,*,#1993,.F.);
#1993 = EDGE_CURVE('',#1994,#1994,#1996,.T.);
#1994 = VERTEX_POINT('',#1995);
#1995 = CARTESIAN_POINT('',(-68.7073754687,94.270048532528,-4.));
#1996 = CIRCLE('',#1997,1.25);
#1997 = AXIS2_PLACEMENT_3D('',#1998,#1999,#2000);
#1998 = CARTESIAN_POINT('',(-69.9573754687,94.270048532528,-4.));
#1999 = DIRECTION('',(0.,0.,1.));
#2000 = DIRECTION('',(1.,0.,0.));
#2001 = PLANE('',#2002);
#2002 = AXIS2_PLACEMENT_3D('',#2003,#2004,#2005);
#2003 = CARTESIAN_POINT('',(-41.64065775013,87.900119891795,-4.));
#2004 = DIRECTION('',(0.,0.,1.));
#2005 = DIRECTION('',(1.,0.,0.));
#2006 = ADVANCED_FACE('',(#2007),#2026,.F.);
#2007 = FACE_BOUND('',#2008,.F.);
#2008 = EDGE_LOOP('',(#2009,#2018,#2024,#2025));
#2009 = ORIENTED_EDGE('',*,*,#2010,.F.);
#2010 = EDGE_CURVE('',#2011,#2011,#2013,.T.);
#2011 = VERTEX_POINT('',#2012);
#2012 = CARTESIAN_POINT('',(11.,172.,6.));
#2013 = CIRCLE('',#2014,6.);
#2014 = AXIS2_PLACEMENT_3D('',#2015,#2016,#2017);
#2015 = CARTESIAN_POINT('',(11.,172.,0.));
#2016 = DIRECTION('',(1.,0.,-0.));
#2017 = DIRECTION('',(0.,0.,1.));
#2018 = ORIENTED_EDGE('',*,*,#2019,.F.);
#2019 = EDGE_CURVE('',#436,#2011,#2020,.T.);
#2020 = LINE('',#2021,#2022);
#2021 = CARTESIAN_POINT('',(-20.,172.,6.));
#2022 = VECTOR('',#2023,1.);
#2023 = DIRECTION('',(1.,0.,0.));
#2024 = ORIENTED_EDGE('',*,*,#435,.T.);
#2025 = ORIENTED_EDGE('',*,*,#2019,.T.);
#2026 = CYLINDRICAL_SURFACE('',#2027,6.);
#2027 = AXIS2_PLACEMENT_3D('',#2028,#2029,#2030);
#2028 = CARTESIAN_POINT('',(-20.,172.,0.));
#2029 = DIRECTION('',(1.,0.,0.));
#2030 = DIRECTION('',(0.,0.,1.));
#2031 = ADVANCED_FACE('',(#2032),#2051,.F.);
#2032 = FACE_BOUND('',#2033,.F.);
#2033 = EDGE_LOOP('',(#2034,#2043,#2049,#2050));
#2034 = ORIENTED_EDGE('',*,*,#2035,.F.);
#2035 = EDGE_CURVE('',#2036,#2036,#2038,.T.);
#2036 = VERTEX_POINT('',#2037);
#2037 = CARTESIAN_POINT('',(11.,-172.,6.));
#2038 = CIRCLE('',#2039,6.);
#2039 = AXIS2_PLACEMENT_3D('',#2040,#2041,#2042);
#2040 = CARTESIAN_POINT('',(11.,-172.,0.));
#2041 = DIRECTION('',(1.,0.,-0.));
#2042 = DIRECTION('',(0.,0.,1.));
#2043 = ORIENTED_EDGE('',*,*,#2044,.F.);
#2044 = EDGE_CURVE('',#447,#2036,#2045,.T.);
#2045 = LINE('',#2046,#2047);
#2046 = CARTESIAN_POINT('',(-20.,-172.,6.));
#2047 = VECTOR('',#2048,1.);
#2048 = DIRECTION('',(1.,0.,0.));
#2049 = ORIENTED_EDGE('',*,*,#446,.T.);
#2050 = ORIENTED_EDGE('',*,*,#2044,.T.);
#2051 = CYLINDRICAL_SURFACE('',#2052,6.);
#2052 = AXIS2_PLACEMENT_3D('',#2053,#2054,#2055);
#2053 = CARTESIAN_POINT('',(-20.,-172.,0.));
#2054 = DIRECTION('',(1.,0.,0.));
#2055 = DIRECTION('',(0.,0.,1.));
#2056 = ADVANCED_FACE('',(#2057,#2060),#2063,.T.);
#2057 = FACE_BOUND('',#2058,.T.);
#2058 = EDGE_LOOP('',(#2059));
#2059 = ORIENTED_EDGE('',*,*,#482,.T.);
#2060 = FACE_BOUND('',#2061,.T.);
#2061 = EDGE_LOOP('',(#2062));
#2062 = ORIENTED_EDGE('',*,*,#2035,.F.);
#2063 = PLANE('',#2064);
#2064 = AXIS2_PLACEMENT_3D('',#2065,#2066,#2067);
#2065 = CARTESIAN_POINT('',(11.,-172.,0.));
#2066 = DIRECTION('',(1.,0.,0.));
#2067 = DIRECTION('',(0.,0.,1.));
#2068 = ADVANCED_FACE('',(#2069),#2080,.T.);
#2069 = FACE_BOUND('',#2070,.T.);
#2070 = EDGE_LOOP('',(#2071,#2072,#2079));
#2071 = ORIENTED_EDGE('',*,*,#1457,.F.);
#2072 = ORIENTED_EDGE('',*,*,#2073,.F.);
#2073 = EDGE_CURVE('',#527,#1450,#2074,.T.);
#2074 = CIRCLE('',#2075,1.);
#2075 = AXIS2_PLACEMENT_3D('',#2076,#2077,#2078);
#2076 = CARTESIAN_POINT('',(8.,-153.,-5.));
#2077 = DIRECTION('',(-0.,1.,0.));
#2078 = DIRECTION('',(1.,0.,0.));
#2079 = ORIENTED_EDGE('',*,*,#526,.F.);
#2080 = PLANE('',#2081);
#2081 = AXIS2_PLACEMENT_3D('',#2082,#2083,#2084);
#2082 = CARTESIAN_POINT('',(-9.,-153.,-6.));
#2083 = DIRECTION('',(0.,1.,0.));
#2084 = DIRECTION('',(0.,0.,1.));
#2085 = ADVANCED_FACE('',(#2086),#2121,.T.);
#2086 = FACE_BOUND('',#2087,.T.);
#2087 = EDGE_LOOP('',(#2088,#2089,#2090,#2120));
#2088 = ORIENTED_EDGE('',*,*,#2073,.T.);
#2089 = ORIENTED_EDGE('',*,*,#1449,.T.);
#2090 = ORIENTED_EDGE('',*,*,#2091,.F.);
#2091 = EDGE_CURVE('',#535,#1442,#2092,.T.);
#2092 = B_SPLINE_CURVE_WITH_KNOTS('',6,(#2093,#2094,#2095,#2096,#2097,
    #2098,#2099,#2100,#2101,#2102,#2103,#2104,#2105,#2106,#2107,#2108,
    #2109,#2110,#2111,#2112,#2113,#2114,#2115,#2116,#2117,#2118,#2119),
  .UNSPECIFIED.,.F.,.F.,(7,5,5,5,5,7),(0.,0.274210711473,0.379303309079,
    0.449436482836,0.621678683886,1.),.UNSPECIFIED.);
#2093 = CARTESIAN_POINT('',(9.,-72.,-5.));
#2094 = CARTESIAN_POINT('',(9.,-72.,-5.078821409952));
#2095 = CARTESIAN_POINT('',(8.992544636755,-71.99627222204,
    -5.157369629081));
#2096 = CARTESIAN_POINT('',(8.977730726939,-71.98886572148,
    -5.234516963771));
#2097 = CARTESIAN_POINT('',(8.955948994015,-71.97813006114,
    -5.309156328432));
#2098 = CARTESIAN_POINT('',(8.927880408968,-71.96470984643,
    -5.380263274095));
#2099 = CARTESIAN_POINT('',(8.881768543119,-71.94355007808,
    -5.47254760386));
#2100 = CARTESIAN_POINT('',(8.868197012157,-71.93740161394,
    -5.497515145711));
#2101 = CARTESIAN_POINT('',(8.85386724069,-71.93100430965,
    -5.521859188125));
#2102 = CARTESIAN_POINT('',(8.838816563414,-71.92439575907,
    -5.545559538103));
#2103 = CARTESIAN_POINT('',(8.823082455981,-71.91761420879,
    -5.568597867745));
#2104 = CARTESIAN_POINT('',(8.795771452595,-71.90608342306,
    -5.60587947882));
#2105 = CARTESIAN_POINT('',(8.784551658535,-71.90140805566,
    -5.620500558127));
#2106 = CARTESIAN_POINT('',(8.773053343039,-71.89668354971,
    -5.634817274406));
#2107 = CARTESIAN_POINT('',(8.761286250638,-71.89192084833,
    -5.648826441481));
#2108 = CARTESIAN_POINT('',(8.749259680173,-71.88713074395,
    -5.662525364757));
#2109 = CARTESIAN_POINT('',(8.706830546125,-71.87051855037,
    -5.70878809716));
#2110 = CARTESIAN_POINT('',(8.675168542516,-71.85861273568,
    -5.739777891538));
#2111 = CARTESIAN_POINT('',(8.642124613665,-71.84676258322,
    -5.768851194089));
#2112 = CARTESIAN_POINT('',(8.607816081221,-71.83512056268,
    -5.795982662358));
#2113 = CARTESIAN_POINT('',(8.572350514297,-71.82383322836,
    -5.821149268405));
#2114 = CARTESIAN_POINT('',(8.455604285759,-71.78932996723,
    -5.89523867795));
#2115 = CARTESIAN_POINT('',(8.369940542438,-71.76790095647,
    -5.936771382892));
#2116 = CARTESIAN_POINT('',(8.280280476541,-71.75039250611,
    -5.96823263954));
#2117 = CARTESIAN_POINT('',(8.187957557238,-71.73819197209,
    -5.989362816793));
#2118 = CARTESIAN_POINT('',(8.094152608275,-71.73205080756,-6.));
#2119 = CARTESIAN_POINT('',(8.,-71.73205080756,-6.));
#2120 = ORIENTED_EDGE('',*,*,#534,.F.);
#2121 = CYLINDRICAL_SURFACE('',#2122,1.);
#2122 = AXIS2_PLACEMENT_3D('',#2123,#2124,#2125);
#2123 = CARTESIAN_POINT('',(8.,-155.,-5.));
#2124 = DIRECTION('',(0.,1.,0.));
#2125 = DIRECTION('',(1.,0.,0.));
#2126 = ADVANCED_FACE('',(#2127),#2163,.F.);
#2127 = FACE_BOUND('',#2128,.F.);
#2128 = EDGE_LOOP('',(#2129,#2137,#2138,#2139,#2148,#2156));
#2129 = ORIENTED_EDGE('',*,*,#2130,.F.);
#2130 = EDGE_CURVE('',#535,#2131,#2133,.T.);
#2131 = VERTEX_POINT('',#2132);
#2132 = CARTESIAN_POINT('',(42.258342613226,-72.,-5.));
#2133 = LINE('',#2134,#2135);
#2134 = CARTESIAN_POINT('',(-1.,-72.,-5.));
#2135 = VECTOR('',#2136,1.);
#2136 = DIRECTION('',(1.,0.,0.));
#2137 = ORIENTED_EDGE('',*,*,#542,.T.);
#2138 = ORIENTED_EDGE('',*,*,#777,.T.);
#2139 = ORIENTED_EDGE('',*,*,#2140,.F.);
#2140 = EDGE_CURVE('',#2141,#759,#2143,.T.);
#2141 = VERTEX_POINT('',#2142);
#2142 = CARTESIAN_POINT('',(42.127016653793,-72.,4.));
#2143 = CIRCLE('',#2144,3.872983346207);
#2144 = AXIS2_PLACEMENT_3D('',#2145,#2146,#2147);
#2145 = CARTESIAN_POINT('',(46.,-72.,4.));
#2146 = DIRECTION('',(0.,1.,0.));
#2147 = DIRECTION('',(0.,0.,1.));
#2148 = ORIENTED_EDGE('',*,*,#2149,.F.);
#2149 = EDGE_CURVE('',#2150,#2141,#2152,.T.);
#2150 = VERTEX_POINT('',#2151);
#2151 = CARTESIAN_POINT('',(42.127016653793,-72.,-4.));
#2152 = LINE('',#2153,#2154);
#2153 = CARTESIAN_POINT('',(42.127016653793,-72.,-8.));
#2154 = VECTOR('',#2155,1.);
#2155 = DIRECTION('',(0.,0.,1.));
#2156 = ORIENTED_EDGE('',*,*,#2157,.F.);
#2157 = EDGE_CURVE('',#2131,#2150,#2158,.T.);
#2158 = CIRCLE('',#2159,3.872983346207);
#2159 = AXIS2_PLACEMENT_3D('',#2160,#2161,#2162);
#2160 = CARTESIAN_POINT('',(46.,-72.,-4.));
#2161 = DIRECTION('',(0.,1.,0.));
#2162 = DIRECTION('',(0.,0.,1.));
#2163 = PLANE('',#2164);
#2164 = AXIS2_PLACEMENT_3D('',#2165,#2166,#2167);
#2165 = CARTESIAN_POINT('',(-1.,-72.,-7.));
#2166 = DIRECTION('',(0.,1.,0.));
#2167 = DIRECTION('',(0.,0.,1.));
#2168 = ADVANCED_FACE('',(#2169,#2172),#2175,.T.);
#2169 = FACE_BOUND('',#2170,.T.);
#2170 = EDGE_LOOP('',(#2171));
#2171 = ORIENTED_EDGE('',*,*,#597,.T.);
#2172 = FACE_BOUND('',#2173,.T.);
#2173 = EDGE_LOOP('',(#2174));
#2174 = ORIENTED_EDGE('',*,*,#2010,.F.);
#2175 = PLANE('',#2176);
#2176 = AXIS2_PLACEMENT_3D('',#2177,#2178,#2179);
#2177 = CARTESIAN_POINT('',(11.,172.,0.));
#2178 = DIRECTION('',(1.,0.,0.));
#2179 = DIRECTION('',(0.,0.,1.));
#2180 = ADVANCED_FACE('',(#2181),#2192,.F.);
#2181 = FACE_BOUND('',#2182,.F.);
#2182 = EDGE_LOOP('',(#2183,#2184,#2191));
#2183 = ORIENTED_EDGE('',*,*,#1341,.F.);
#2184 = ORIENTED_EDGE('',*,*,#2185,.F.);
#2185 = EDGE_CURVE('',#675,#1342,#2186,.T.);
#2186 = CIRCLE('',#2187,1.);
#2187 = AXIS2_PLACEMENT_3D('',#2188,#2189,#2190);
#2188 = CARTESIAN_POINT('',(8.,153.,-5.));
#2189 = DIRECTION('',(-0.,1.,0.));
#2190 = DIRECTION('',(1.,0.,0.));
#2191 = ORIENTED_EDGE('',*,*,#672,.F.);
#2192 = PLANE('',#2193);
#2193 = AXIS2_PLACEMENT_3D('',#2194,#2195,#2196);
#2194 = CARTESIAN_POINT('',(-9.,153.,-6.));
#2195 = DIRECTION('',(0.,1.,0.));
#2196 = DIRECTION('',(0.,0.,1.));
#2197 = ADVANCED_FACE('',(#2198),#2234,.T.);
#2198 = FACE_BOUND('',#2199,.T.);
#2199 = EDGE_LOOP('',(#2200,#2208,#2209,#2210,#2219,#2227));
#2200 = ORIENTED_EDGE('',*,*,#2201,.F.);
#2201 = EDGE_CURVE('',#707,#2202,#2204,.T.);
#2202 = VERTEX_POINT('',#2203);
#2203 = CARTESIAN_POINT('',(42.258342613226,72.,-5.));
#2204 = LINE('',#2205,#2206);
#2205 = CARTESIAN_POINT('',(-1.,72.,-5.));
#2206 = VECTOR('',#2207,1.);
#2207 = DIRECTION('',(1.,0.,0.));
#2208 = ORIENTED_EDGE('',*,*,#706,.T.);
#2209 = ORIENTED_EDGE('',*,*,#943,.T.);
#2210 = ORIENTED_EDGE('',*,*,#2211,.T.);
#2211 = EDGE_CURVE('',#925,#2212,#2214,.T.);
#2212 = VERTEX_POINT('',#2213);
#2213 = CARTESIAN_POINT('',(42.127016653793,72.,4.));
#2214 = CIRCLE('',#2215,3.872983346207);
#2215 = AXIS2_PLACEMENT_3D('',#2216,#2217,#2218);
#2216 = CARTESIAN_POINT('',(46.,72.,4.));
#2217 = DIRECTION('',(-0.,-1.,0.));
#2218 = DIRECTION('',(-1.,0.,2.2E-16));
#2219 = ORIENTED_EDGE('',*,*,#2220,.F.);
#2220 = EDGE_CURVE('',#2221,#2212,#2223,.T.);
#2221 = VERTEX_POINT('',#2222);
#2222 = CARTESIAN_POINT('',(42.127016653793,72.,-4.));
#2223 = LINE('',#2224,#2225);
#2224 = CARTESIAN_POINT('',(42.127016653793,72.,-8.));
#2225 = VECTOR('',#2226,1.);
#2226 = DIRECTION('',(0.,0.,1.));
#2227 = ORIENTED_EDGE('',*,*,#2228,.F.);
#2228 = EDGE_CURVE('',#2202,#2221,#2229,.T.);
#2229 = CIRCLE('',#2230,3.872983346207);
#2230 = AXIS2_PLACEMENT_3D('',#2231,#2232,#2233);
#2231 = CARTESIAN_POINT('',(46.,72.,-4.));
#2232 = DIRECTION('',(0.,1.,0.));
#2233 = DIRECTION('',(0.,0.,1.));
#2234 = PLANE('',#2235);
#2235 = AXIS2_PLACEMENT_3D('',#2236,#2237,#2238);
#2236 = CARTESIAN_POINT('',(-1.,72.,-7.));
#2237 = DIRECTION('',(0.,1.,0.));
#2238 = DIRECTION('',(0.,0.,1.));
#2239 = ADVANCED_FACE('',(#2240),#2275,.T.);
#2240 = FACE_BOUND('',#2241,.T.);
#2241 = EDGE_LOOP('',(#2242,#2243,#2273,#2274));
#2242 = ORIENTED_EDGE('',*,*,#714,.F.);
#2243 = ORIENTED_EDGE('',*,*,#2244,.T.);
#2244 = EDGE_CURVE('',#707,#1350,#2245,.T.);
#2245 = B_SPLINE_CURVE_WITH_KNOTS('',6,(#2246,#2247,#2248,#2249,#2250,
    #2251,#2252,#2253,#2254,#2255,#2256,#2257,#2258,#2259,#2260,#2261,
    #2262,#2263,#2264,#2265,#2266,#2267,#2268,#2269,#2270,#2271,#2272),
  .UNSPECIFIED.,.F.,.F.,(7,5,5,5,5,7),(0.,0.274210711473,0.37930330908,
    0.449436482836,0.621678683886,1.),.UNSPECIFIED.);
#2246 = CARTESIAN_POINT('',(9.,72.,-5.));
#2247 = CARTESIAN_POINT('',(9.,72.,-5.078821409952));
#2248 = CARTESIAN_POINT('',(8.992544636755,71.996272222045,
    -5.157369629081));
#2249 = CARTESIAN_POINT('',(8.977730726939,71.988865721482,
    -5.234516963772));
#2250 = CARTESIAN_POINT('',(8.955948994015,71.978130061148,
    -5.309156328432));
#2251 = CARTESIAN_POINT('',(8.927880408968,71.964709846432,
    -5.380263274095));
#2252 = CARTESIAN_POINT('',(8.881768543119,71.943550078089,
    -5.47254760386));
#2253 = CARTESIAN_POINT('',(8.868197012157,71.937401613942,
    -5.497515145711));
#2254 = CARTESIAN_POINT('',(8.85386724069,71.931004309654,
    -5.521859188125));
#2255 = CARTESIAN_POINT('',(8.838816563414,71.924395759077,
    -5.545559538103));
#2256 = CARTESIAN_POINT('',(8.823082455981,71.917614208791,
    -5.568597867745));
#2257 = CARTESIAN_POINT('',(8.795771452595,71.906083423063,
    -5.60587947882));
#2258 = CARTESIAN_POINT('',(8.784551658536,71.901408055664,
    -5.620500558127));
#2259 = CARTESIAN_POINT('',(8.773053343039,71.896683549715,
    -5.634817274406));
#2260 = CARTESIAN_POINT('',(8.761286250638,71.891920848332,
    -5.648826441481));
#2261 = CARTESIAN_POINT('',(8.749259680173,71.887130743951,
    -5.662525364757));
#2262 = CARTESIAN_POINT('',(8.706830546125,71.870518550375,
    -5.70878809716));
#2263 = CARTESIAN_POINT('',(8.675168542516,71.85861273568,
    -5.739777891538));
#2264 = CARTESIAN_POINT('',(8.642124613665,71.846762583222,
    -5.768851194089));
#2265 = CARTESIAN_POINT('',(8.607816081221,71.835120562683,
    -5.795982662358));
#2266 = CARTESIAN_POINT('',(8.572350514297,71.823833228361,
    -5.821149268405));
#2267 = CARTESIAN_POINT('',(8.455604285759,71.789329967236,
    -5.89523867795));
#2268 = CARTESIAN_POINT('',(8.369940542438,71.767900956478,
    -5.936771382892));
#2269 = CARTESIAN_POINT('',(8.280280476541,71.75039250611,-5.96823263954
    ));
#2270 = CARTESIAN_POINT('',(8.187957557238,71.738191972094,
    -5.989362816793));
#2271 = CARTESIAN_POINT('',(8.094152608275,71.732050807569,-6.));
#2272 = CARTESIAN_POINT('',(8.,71.732050807569,-6.));
#2273 = ORIENTED_EDGE('',*,*,#1349,.T.);
#2274 = ORIENTED_EDGE('',*,*,#2185,.F.);
#2275 = CYLINDRICAL_SURFACE('',#2276,1.);
#2276 = AXIS2_PLACEMENT_3D('',#2277,#2278,#2279);
#2277 = CARTESIAN_POINT('',(8.,-155.,-5.));
#2278 = DIRECTION('',(0.,1.,0.));
#2279 = DIRECTION('',(1.,0.,0.));
#2280 = ADVANCED_FACE('',(#2281),#2310,.T.);
#2281 = FACE_BOUND('',#2282,.F.);
#2282 = EDGE_LOOP('',(#2283,#2292,#2301,#2308,#2309));
#2283 = ORIENTED_EDGE('',*,*,#2284,.F.);
#2284 = EDGE_CURVE('',#2285,#746,#2287,.T.);
#2285 = VERTEX_POINT('',#2286);
#2286 = CARTESIAN_POINT('',(46.,-71.,8.));
#2287 = CIRCLE('',#2288,4.);
#2288 = AXIS2_PLACEMENT_3D('',#2289,#2290,#2291);
#2289 = CARTESIAN_POINT('',(46.,-71.,4.));
#2290 = DIRECTION('',(0.,-1.,0.));
#2291 = DIRECTION('',(-1.,0.,0.));
#2292 = ORIENTED_EDGE('',*,*,#2293,.T.);
#2293 = EDGE_CURVE('',#2285,#2294,#2296,.T.);
#2294 = VERTEX_POINT('',#2295);
#2295 = CARTESIAN_POINT('',(46.,-75.,4.));
#2296 = CIRCLE('',#2297,4.);
#2297 = AXIS2_PLACEMENT_3D('',#2298,#2299,#2300);
#2298 = CARTESIAN_POINT('',(46.,-71.,4.));
#2299 = DIRECTION('',(1.,-6.E-17,0.));
#2300 = DIRECTION('',(-6.E-17,-1.,0.));
#2301 = ORIENTED_EDGE('',*,*,#2302,.F.);
#2302 = EDGE_CURVE('',#2141,#2294,#2303,.T.);
#2303 = CIRCLE('',#2304,4.);
#2304 = AXIS2_PLACEMENT_3D('',#2305,#2306,#2307);
#2305 = CARTESIAN_POINT('',(46.,-71.,4.));
#2306 = DIRECTION('',(0.,0.,1.));
#2307 = DIRECTION('',(-1.,0.,0.));
#2308 = ORIENTED_EDGE('',*,*,#2140,.T.);
#2309 = ORIENTED_EDGE('',*,*,#758,.T.);
#2310 = SPHERICAL_SURFACE('',#2311,4.);
#2311 = AXIS2_PLACEMENT_3D('',#2312,#2313,#2314);
#2312 = CARTESIAN_POINT('',(46.,-71.,4.));
#2313 = DIRECTION('',(-0.,-0.,-1.));
#2314 = DIRECTION('',(-1.,0.,0.));
#2315 = ADVANCED_FACE('',(#2316),#2374,.T.);
#2316 = FACE_BOUND('',#2317,.T.);
#2317 = EDGE_LOOP('',(#2318,#2319,#2327,#2334,#2335,#2341,#2342,#2351,
    #2359,#2366,#2367,#2373));
#2318 = ORIENTED_EDGE('',*,*,#2284,.F.);
#2319 = ORIENTED_EDGE('',*,*,#2320,.T.);
#2320 = EDGE_CURVE('',#2285,#2321,#2323,.T.);
#2321 = VERTEX_POINT('',#2322);
#2322 = CARTESIAN_POINT('',(46.,71.,8.));
#2323 = LINE('',#2324,#2325);
#2324 = CARTESIAN_POINT('',(46.,-75.,8.));
#2325 = VECTOR('',#2326,1.);
#2326 = DIRECTION('',(0.,1.,0.));
#2327 = ORIENTED_EDGE('',*,*,#2328,.F.);
#2328 = EDGE_CURVE('',#912,#2321,#2329,.T.);
#2329 = CIRCLE('',#2330,4.);
#2330 = AXIS2_PLACEMENT_3D('',#2331,#2332,#2333);
#2331 = CARTESIAN_POINT('',(46.,71.,4.));
#2332 = DIRECTION('',(0.,1.,-0.));
#2333 = DIRECTION('',(-1.,0.,2.2E-16));
#2334 = ORIENTED_EDGE('',*,*,#911,.T.);
#2335 = ORIENTED_EDGE('',*,*,#2336,.F.);
#2336 = EDGE_CURVE('',#1172,#904,#2337,.T.);
#2337 = LINE('',#2338,#2339);
#2338 = CARTESIAN_POINT('',(43.354248688935,-75.,7.));
#2339 = VECTOR('',#2340,1.);
#2340 = DIRECTION('',(0.,1.,0.));
#2341 = ORIENTED_EDGE('',*,*,#1179,.F.);
#2342 = ORIENTED_EDGE('',*,*,#2343,.F.);
#2343 = EDGE_CURVE('',#2344,#1180,#2346,.T.);
#2344 = VERTEX_POINT('',#2345);
#2345 = CARTESIAN_POINT('',(42.,54.,4.));
#2346 = CIRCLE('',#2347,4.);
#2347 = AXIS2_PLACEMENT_3D('',#2348,#2349,#2350);
#2348 = CARTESIAN_POINT('',(46.,54.,4.));
#2349 = DIRECTION('',(0.,1.,-0.));
#2350 = DIRECTION('',(-1.,0.,0.));
#2351 = ORIENTED_EDGE('',*,*,#2352,.F.);
#2352 = EDGE_CURVE('',#2353,#2344,#2355,.T.);
#2353 = VERTEX_POINT('',#2354);
#2354 = CARTESIAN_POINT('',(42.,-54.,4.));
#2355 = LINE('',#2356,#2357);
#2356 = CARTESIAN_POINT('',(42.,-75.,4.));
#2357 = VECTOR('',#2358,1.);
#2358 = DIRECTION('',(0.,1.,0.));
#2359 = ORIENTED_EDGE('',*,*,#2360,.T.);
#2360 = EDGE_CURVE('',#2353,#1003,#2361,.T.);
#2361 = CIRCLE('',#2362,4.);
#2362 = AXIS2_PLACEMENT_3D('',#2363,#2364,#2365);
#2363 = CARTESIAN_POINT('',(46.,-54.,4.));
#2364 = DIRECTION('',(0.,1.,-0.));
#2365 = DIRECTION('',(-1.,0.,0.));
#2366 = ORIENTED_EDGE('',*,*,#1002,.T.);
#2367 = ORIENTED_EDGE('',*,*,#2368,.F.);
#2368 = EDGE_CURVE('',#738,#995,#2369,.T.);
#2369 = LINE('',#2370,#2371);
#2370 = CARTESIAN_POINT('',(43.354248688935,-75.,7.));
#2371 = VECTOR('',#2372,1.);
#2372 = DIRECTION('',(0.,1.,0.));
#2373 = ORIENTED_EDGE('',*,*,#745,.F.);
#2374 = CYLINDRICAL_SURFACE('',#2375,4.);
#2375 = AXIS2_PLACEMENT_3D('',#2376,#2377,#2378);
#2376 = CARTESIAN_POINT('',(46.,-75.,4.));
#2377 = DIRECTION('',(0.,1.,0.));
#2378 = DIRECTION('',(-1.,0.,0.));
#2379 = ADVANCED_FACE('',(#2380),#2386,.T.);
#2380 = FACE_BOUND('',#2381,.T.);
#2381 = EDGE_LOOP('',(#2382,#2383,#2384,#2385));
#2382 = ORIENTED_EDGE('',*,*,#869,.F.);
#2383 = ORIENTED_EDGE('',*,*,#737,.T.);
#2384 = ORIENTED_EDGE('',*,*,#2368,.T.);
#2385 = ORIENTED_EDGE('',*,*,#994,.F.);
#2386 = PLANE('',#2387);
#2387 = AXIS2_PLACEMENT_3D('',#2388,#2389,#2390);
#2388 = CARTESIAN_POINT('',(-1.,-72.,7.));
#2389 = DIRECTION('',(0.,0.,1.));
#2390 = DIRECTION('',(1.,0.,0.));
#2391 = ADVANCED_FACE('',(#2392),#2413,.T.);
#2392 = FACE_BOUND('',#2393,.F.);
#2393 = EDGE_LOOP('',(#2394,#2403,#2410,#2411,#2412));
#2394 = ORIENTED_EDGE('',*,*,#2395,.F.);
#2395 = EDGE_CURVE('',#2396,#2212,#2398,.T.);
#2396 = VERTEX_POINT('',#2397);
#2397 = CARTESIAN_POINT('',(46.,75.,4.));
#2398 = CIRCLE('',#2399,4.);
#2399 = AXIS2_PLACEMENT_3D('',#2400,#2401,#2402);
#2400 = CARTESIAN_POINT('',(46.,71.,4.));
#2401 = DIRECTION('',(2.2E-16,0.,1.));
#2402 = DIRECTION('',(-1.,0.,2.2E-16));
#2403 = ORIENTED_EDGE('',*,*,#2404,.T.);
#2404 = EDGE_CURVE('',#2396,#2321,#2405,.T.);
#2405 = CIRCLE('',#2406,4.);
#2406 = AXIS2_PLACEMENT_3D('',#2407,#2408,#2409);
#2407 = CARTESIAN_POINT('',(46.,71.,4.));
#2408 = DIRECTION('',(1.,0.,6.E-17));
#2409 = DIRECTION('',(-6.E-17,0.,1.));
#2410 = ORIENTED_EDGE('',*,*,#2328,.F.);
#2411 = ORIENTED_EDGE('',*,*,#924,.F.);
#2412 = ORIENTED_EDGE('',*,*,#2211,.T.);
#2413 = SPHERICAL_SURFACE('',#2414,4.);
#2414 = AXIS2_PLACEMENT_3D('',#2415,#2416,#2417);
#2415 = CARTESIAN_POINT('',(46.,71.,4.));
#2416 = DIRECTION('',(0.,-1.,0.));
#2417 = DIRECTION('',(-1.,0.,2.2E-16));
#2418 = ADVANCED_FACE('',(#2419),#2425,.T.);
#2419 = FACE_BOUND('',#2420,.T.);
#2420 = EDGE_LOOP('',(#2421,#2422,#2423,#2424));
#2421 = ORIENTED_EDGE('',*,*,#1089,.F.);
#2422 = ORIENTED_EDGE('',*,*,#1171,.T.);
#2423 = ORIENTED_EDGE('',*,*,#2336,.T.);
#2424 = ORIENTED_EDGE('',*,*,#903,.F.);
#2425 = PLANE('',#2426);
#2426 = AXIS2_PLACEMENT_3D('',#2427,#2428,#2429);
#2427 = CARTESIAN_POINT('',(-1.,54.,7.));
#2428 = DIRECTION('',(0.,0.,1.));
#2429 = DIRECTION('',(1.,0.,0.));
#2430 = ADVANCED_FACE('',(#2431),#2466,.T.);
#2431 = FACE_BOUND('',#2432,.T.);
#2432 = EDGE_LOOP('',(#2433,#2443,#2449,#2450,#2451,#2459));
#2433 = ORIENTED_EDGE('',*,*,#2434,.F.);
#2434 = EDGE_CURVE('',#2435,#2437,#2439,.T.);
#2435 = VERTEX_POINT('',#2436);
#2436 = CARTESIAN_POINT('',(9.,-54.,-5.));
#2437 = VERTEX_POINT('',#2438);
#2438 = CARTESIAN_POINT('',(42.127016653793,-54.,-5.));
#2439 = LINE('',#2440,#2441);
#2440 = CARTESIAN_POINT('',(-1.,-54.,-5.));
#2441 = VECTOR('',#2442,1.);
#2442 = DIRECTION('',(1.,0.,0.));
#2443 = ORIENTED_EDGE('',*,*,#2444,.T.);
#2444 = EDGE_CURVE('',#2435,#1035,#2445,.T.);
#2445 = LINE('',#2446,#2447);
#2446 = CARTESIAN_POINT('',(9.,-54.,-6.5));
#2447 = VECTOR('',#2448,1.);
#2448 = DIRECTION('',(0.,0.,1.));
#2449 = ORIENTED_EDGE('',*,*,#1034,.T.);
#2450 = ORIENTED_EDGE('',*,*,#2360,.F.);
#2451 = ORIENTED_EDGE('',*,*,#2452,.F.);
#2452 = EDGE_CURVE('',#2453,#2353,#2455,.T.);
#2453 = VERTEX_POINT('',#2454);
#2454 = CARTESIAN_POINT('',(42.,-54.,-4.));
#2455 = LINE('',#2456,#2457);
#2456 = CARTESIAN_POINT('',(42.,-54.,-7.5));
#2457 = VECTOR('',#2458,1.);
#2458 = DIRECTION('',(0.,0.,1.));
#2459 = ORIENTED_EDGE('',*,*,#2460,.F.);
#2460 = EDGE_CURVE('',#2437,#2453,#2461,.T.);
#2461 = CIRCLE('',#2462,4.);
#2462 = AXIS2_PLACEMENT_3D('',#2463,#2464,#2465);
#2463 = CARTESIAN_POINT('',(46.,-54.,-4.));
#2464 = DIRECTION('',(0.,1.,-0.));
#2465 = DIRECTION('',(-1.,0.,0.));
#2466 = PLANE('',#2467);
#2467 = AXIS2_PLACEMENT_3D('',#2468,#2469,#2470);
#2468 = CARTESIAN_POINT('',(-1.,-54.,-7.));
#2469 = DIRECTION('',(0.,1.,0.));
#2470 = DIRECTION('',(0.,0.,1.));
#2471 = ADVANCED_FACE('',(#2472),#2490,.T.);
#2472 = FACE_BOUND('',#2473,.T.);
#2473 = EDGE_LOOP('',(#2474,#2475,#2483,#2489));
#2474 = ORIENTED_EDGE('',*,*,#2444,.F.);
#2475 = ORIENTED_EDGE('',*,*,#2476,.T.);
#2476 = EDGE_CURVE('',#2435,#2477,#2479,.T.);
#2477 = VERTEX_POINT('',#2478);
#2478 = CARTESIAN_POINT('',(9.,54.,-5.));
#2479 = LINE('',#2480,#2481);
#2480 = CARTESIAN_POINT('',(9.,-155.,-5.));
#2481 = VECTOR('',#2482,1.);
#2482 = DIRECTION('',(0.,1.,0.));
#2483 = ORIENTED_EDGE('',*,*,#2484,.T.);
#2484 = EDGE_CURVE('',#2477,#1106,#2485,.T.);
#2485 = LINE('',#2486,#2487);
#2486 = CARTESIAN_POINT('',(9.,54.,-6.5));
#2487 = VECTOR('',#2488,1.);
#2488 = DIRECTION('',(0.,0.,1.));
#2489 = ORIENTED_EDGE('',*,*,#1105,.F.);
#2490 = PLANE('',#2491);
#2491 = AXIS2_PLACEMENT_3D('',#2492,#2493,#2494);
#2492 = CARTESIAN_POINT('',(9.,-155.,-6.));
#2493 = DIRECTION('',(1.,0.,0.));
#2494 = DIRECTION('',(0.,0.,1.));
#2495 = ADVANCED_FACE('',(#2496),#2524,.F.);
#2496 = FACE_BOUND('',#2497,.F.);
#2497 = EDGE_LOOP('',(#2498,#2506,#2507,#2508,#2509,#2517));
#2498 = ORIENTED_EDGE('',*,*,#2499,.F.);
#2499 = EDGE_CURVE('',#2477,#2500,#2502,.T.);
#2500 = VERTEX_POINT('',#2501);
#2501 = CARTESIAN_POINT('',(42.127016653793,54.,-5.));
#2502 = LINE('',#2503,#2504);
#2503 = CARTESIAN_POINT('',(-1.,54.,-5.));
#2504 = VECTOR('',#2505,1.);
#2505 = DIRECTION('',(1.,0.,0.));
#2506 = ORIENTED_EDGE('',*,*,#2484,.T.);
#2507 = ORIENTED_EDGE('',*,*,#1211,.T.);
#2508 = ORIENTED_EDGE('',*,*,#2343,.F.);
#2509 = ORIENTED_EDGE('',*,*,#2510,.F.);
#2510 = EDGE_CURVE('',#2511,#2344,#2513,.T.);
#2511 = VERTEX_POINT('',#2512);
#2512 = CARTESIAN_POINT('',(42.,54.,-4.));
#2513 = LINE('',#2514,#2515);
#2514 = CARTESIAN_POINT('',(42.,54.,-7.5));
#2515 = VECTOR('',#2516,1.);
#2516 = DIRECTION('',(0.,0.,1.));
#2517 = ORIENTED_EDGE('',*,*,#2518,.F.);
#2518 = EDGE_CURVE('',#2500,#2511,#2519,.T.);
#2519 = CIRCLE('',#2520,4.);
#2520 = AXIS2_PLACEMENT_3D('',#2521,#2522,#2523);
#2521 = CARTESIAN_POINT('',(46.,54.,-4.));
#2522 = DIRECTION('',(0.,1.,-0.));
#2523 = DIRECTION('',(-1.,0.,0.));
#2524 = PLANE('',#2525);
#2525 = AXIS2_PLACEMENT_3D('',#2526,#2527,#2528);
#2526 = CARTESIAN_POINT('',(-1.,54.,-7.));
#2527 = DIRECTION('',(0.,1.,0.));
#2528 = DIRECTION('',(0.,0.,1.));
#2529 = ADVANCED_FACE('',(#2530),#2533,.T.);
#2530 = FACE_BOUND('',#2531,.F.);
#2531 = EDGE_LOOP('',(#2532));
#2532 = ORIENTED_EDGE('',*,*,#1236,.F.);
#2533 = PLANE('',#2534);
#2534 = AXIS2_PLACEMENT_3D('',#2535,#2536,#2537);
#2535 = CARTESIAN_POINT('',(0.,0.,-1.));
#2536 = DIRECTION('',(0.,0.,1.));
#2537 = DIRECTION('',(1.,0.,0.));
#2538 = ADVANCED_FACE('',(#2539),#2550,.T.);
#2539 = FACE_BOUND('',#2540,.T.);
#2540 = EDGE_LOOP('',(#2541,#2542,#2548,#2549));
#2541 = ORIENTED_EDGE('',*,*,#1509,.F.);
#2542 = ORIENTED_EDGE('',*,*,#2543,.T.);
#2543 = EDGE_CURVE('',#1510,#1697,#2544,.T.);
#2544 = LINE('',#2545,#2546);
#2545 = CARTESIAN_POINT('',(1.,-95.,-10.));
#2546 = VECTOR('',#2547,1.);
#2547 = DIRECTION('',(0.,1.,0.));
#2548 = ORIENTED_EDGE('',*,*,#1696,.T.);
#2549 = ORIENTED_EDGE('',*,*,#1276,.F.);
#2550 = PLANE('',#2551);
#2551 = AXIS2_PLACEMENT_3D('',#2552,#2553,#2554);
#2552 = CARTESIAN_POINT('',(1.,-95.,-10.));
#2553 = DIRECTION('',(1.,0.,0.));
#2554 = DIRECTION('',(0.,0.,1.));
#2555 = ADVANCED_FACE('',(#2556),#2567,.T.);
#2556 = FACE_BOUND('',#2557,.T.);
#2557 = EDGE_LOOP('',(#2558,#2559,#2565,#2566));
#2558 = ORIENTED_EDGE('',*,*,#1789,.F.);
#2559 = ORIENTED_EDGE('',*,*,#2560,.T.);
#2560 = EDGE_CURVE('',#1790,#1831,#2561,.T.);
#2561 = LINE('',#2562,#2563);
#2562 = CARTESIAN_POINT('',(1.,77.,-10.));
#2563 = VECTOR('',#2564,1.);
#2564 = DIRECTION('',(0.,1.,0.));
#2565 = ORIENTED_EDGE('',*,*,#1830,.T.);
#2566 = ORIENTED_EDGE('',*,*,#1308,.F.);
#2567 = PLANE('',#2568);
#2568 = AXIS2_PLACEMENT_3D('',#2569,#2570,#2571);
#2569 = CARTESIAN_POINT('',(1.,77.,-10.));
#2570 = DIRECTION('',(1.,0.,0.));
#2571 = DIRECTION('',(0.,0.,1.));
#2572 = ADVANCED_FACE('',(#2573),#2625,.T.);
#2573 = FACE_BOUND('',#2574,.F.);
#2574 = EDGE_LOOP('',(#2575,#2584,#2592,#2605,#2622,#2623,#2624));
#2575 = ORIENTED_EDGE('',*,*,#2576,.F.);
#2576 = EDGE_CURVE('',#2577,#1358,#2579,.T.);
#2577 = VERTEX_POINT('',#2578);
#2578 = CARTESIAN_POINT('',(1.,70.,-7.));
#2579 = CIRCLE('',#2580,2.);
#2580 = AXIS2_PLACEMENT_3D('',#2581,#2582,#2583);
#2581 = CARTESIAN_POINT('',(1.,70.,-5.));
#2582 = DIRECTION('',(1.,6.E-17,-0.));
#2583 = DIRECTION('',(-6.E-17,1.,0.));
#2584 = ORIENTED_EDGE('',*,*,#2585,.T.);
#2585 = EDGE_CURVE('',#2577,#2586,#2588,.T.);
#2586 = VERTEX_POINT('',#2587);
#2587 = CARTESIAN_POINT('',(43.354248688935,70.,-7.));
#2588 = LINE('',#2589,#2590);
#2589 = CARTESIAN_POINT('',(-1.,70.,-7.));
#2590 = VECTOR('',#2591,1.);
#2591 = DIRECTION('',(1.,0.,0.));
#2592 = ORIENTED_EDGE('',*,*,#2593,.F.);
#2593 = EDGE_CURVE('',#2594,#2586,#2596,.T.);
#2594 = VERTEX_POINT('',#2595);
#2595 = CARTESIAN_POINT('',(43.078374016945,71.,-6.732050807569));
#2596 = B_SPLINE_CURVE_WITH_KNOTS('',7,(#2597,#2598,#2599,#2600,#2601,
    #2602,#2603,#2604),.UNSPECIFIED.,.F.,.F.,(8,8),(0.,1.),
  .PIECEWISE_BEZIER_KNOTS.);
#2597 = CARTESIAN_POINT('',(43.078373693012,71.0000006,-6.732050461159)
  );
#2598 = CARTESIAN_POINT('',(43.146142658641,70.874476508519,
    -6.804521887142));
#2599 = CARTESIAN_POINT('',(43.209049534014,70.7407296984,
    -6.867590017162));
#2600 = CARTESIAN_POINT('',(43.263948804226,70.600422933129,
    -6.919444000709));
#2601 = CARTESIAN_POINT('',(43.307907975972,70.455135242421,
    -6.959130534515));
#2602 = CARTESIAN_POINT('',(43.33854065425,70.306077196347,
    -6.986146987293));
#2603 = CARTESIAN_POINT('',(43.354248688935,70.154103937167,-7.));
#2604 = CARTESIAN_POINT('',(43.354248688935,70.,-7.));
#2605 = ORIENTED_EDGE('',*,*,#2606,.F.);
#2606 = EDGE_CURVE('',#2202,#2594,#2607,.T.);
#2607 = B_SPLINE_CURVE_WITH_KNOTS('',7,(#2608,#2609,#2610,#2611,#2612,
    #2613,#2614,#2615,#2616,#2617,#2618,#2619,#2620,#2621),
  .UNSPECIFIED.,.F.,.F.,(8,6,8),(0.,0.342811219459,1.),.UNSPECIFIED.);
#2608 = CARTESIAN_POINT('',(42.258342613226,72.,-5.));
#2609 = CARTESIAN_POINT('',(42.287433075072,72.,-5.108846541451));
#2610 = CARTESIAN_POINT('',(42.318420248531,71.993088637571,
    -5.216891436971));
#2611 = CARTESIAN_POINT('',(42.351173351046,71.979450297055,
    -5.323597343085));
#2612 = CARTESIAN_POINT('',(42.385560464333,71.959318770293,
    -5.428477450939));
#2613 = CARTESIAN_POINT('',(42.421449526968,71.932965121176,
    -5.53109401883));
#2614 = CARTESIAN_POINT('',(42.458709326983,71.900685550199,
    -5.631056904747));
#2615 = CARTESIAN_POINT('',(42.571019441929,71.790139894074,
    -5.913909940624));
#2616 = CARTESIAN_POINT('',(42.649371534473,71.696867917744,
    -6.088733134308));
#2617 = CARTESIAN_POINT('',(42.731392215993,71.585135341465,
    -6.250181905665));
#2618 = CARTESIAN_POINT('',(42.816209505957,71.4572637176,
    -6.396437087217));
#2619 = CARTESIAN_POINT('',(42.902929587533,71.315620480245,
    -6.526106620635));
#2620 = CARTESIAN_POINT('',(42.990632508542,71.162518037844,
    -6.638220974671));
#2621 = CARTESIAN_POINT('',(43.078374016945,71.,-6.732050807569));
#2622 = ORIENTED_EDGE('',*,*,#2201,.F.);
#2623 = ORIENTED_EDGE('',*,*,#2244,.T.);
#2624 = ORIENTED_EDGE('',*,*,#1357,.F.);
#2625 = CYLINDRICAL_SURFACE('',#2626,2.);
#2626 = AXIS2_PLACEMENT_3D('',#2627,#2628,#2629);
#2627 = CARTESIAN_POINT('',(-1.,70.,-5.));
#2628 = DIRECTION('',(1.,0.,0.));
#2629 = DIRECTION('',(0.,1.,0.));
#2630 = ADVANCED_FACE('',(#2631),#2642,.T.);
#2631 = FACE_BOUND('',#2632,.F.);
#2632 = EDGE_LOOP('',(#2633,#2640,#2641));
#2633 = ORIENTED_EDGE('',*,*,#2634,.F.);
#2634 = EDGE_CURVE('',#2577,#1366,#2635,.T.);
#2635 = CIRCLE('',#2636,2.);
#2636 = AXIS2_PLACEMENT_3D('',#2637,#2638,#2639);
#2637 = CARTESIAN_POINT('',(1.,70.,-5.));
#2638 = DIRECTION('',(0.,1.,-0.));
#2639 = DIRECTION('',(-1.,0.,0.));
#2640 = ORIENTED_EDGE('',*,*,#2576,.T.);
#2641 = ORIENTED_EDGE('',*,*,#1365,.T.);
#2642 = SPHERICAL_SURFACE('',#2643,2.);
#2643 = AXIS2_PLACEMENT_3D('',#2644,#2645,#2646);
#2644 = CARTESIAN_POINT('',(1.,70.,-5.));
#2645 = DIRECTION('',(0.,0.,1.));
#2646 = DIRECTION('',(-1.,0.,0.));
#2647 = ADVANCED_FACE('',(#2648),#2667,.T.);
#2648 = FACE_BOUND('',#2649,.F.);
#2649 = EDGE_LOOP('',(#2650,#2659,#2665,#2666));
#2650 = ORIENTED_EDGE('',*,*,#2651,.F.);
#2651 = EDGE_CURVE('',#2652,#1375,#2654,.T.);
#2652 = VERTEX_POINT('',#2653);
#2653 = CARTESIAN_POINT('',(1.,56.,-7.));
#2654 = CIRCLE('',#2655,2.);
#2655 = AXIS2_PLACEMENT_3D('',#2656,#2657,#2658);
#2656 = CARTESIAN_POINT('',(1.,56.,-5.));
#2657 = DIRECTION('',(0.,1.,-0.));
#2658 = DIRECTION('',(-1.,0.,0.));
#2659 = ORIENTED_EDGE('',*,*,#2660,.T.);
#2660 = EDGE_CURVE('',#2652,#2577,#2661,.T.);
#2661 = LINE('',#2662,#2663);
#2662 = CARTESIAN_POINT('',(1.,54.,-7.));
#2663 = VECTOR('',#2664,1.);
#2664 = DIRECTION('',(0.,1.,0.));
#2665 = ORIENTED_EDGE('',*,*,#2634,.T.);
#2666 = ORIENTED_EDGE('',*,*,#1374,.F.);
#2667 = CYLINDRICAL_SURFACE('',#2668,2.);
#2668 = AXIS2_PLACEMENT_3D('',#2669,#2670,#2671);
#2669 = CARTESIAN_POINT('',(1.,54.,-5.));
#2670 = DIRECTION('',(0.,1.,0.));
#2671 = DIRECTION('',(-1.,0.,0.));
#2672 = ADVANCED_FACE('',(#2673),#2684,.T.);
#2673 = FACE_BOUND('',#2674,.T.);
#2674 = EDGE_LOOP('',(#2675,#2676,#2683));
#2675 = ORIENTED_EDGE('',*,*,#2651,.F.);
#2676 = ORIENTED_EDGE('',*,*,#2677,.T.);
#2677 = EDGE_CURVE('',#2652,#1383,#2678,.T.);
#2678 = CIRCLE('',#2679,2.);
#2679 = AXIS2_PLACEMENT_3D('',#2680,#2681,#2682);
#2680 = CARTESIAN_POINT('',(1.,56.,-5.));
#2681 = DIRECTION('',(-1.,6.E-17,0.));
#2682 = DIRECTION('',(-6.E-17,-1.,0.));
#2683 = ORIENTED_EDGE('',*,*,#1382,.F.);
#2684 = SPHERICAL_SURFACE('',#2685,2.);
#2685 = AXIS2_PLACEMENT_3D('',#2686,#2687,#2688);
#2686 = CARTESIAN_POINT('',(1.,56.,-5.));
#2687 = DIRECTION('',(0.,0.,1.));
#2688 = DIRECTION('',(-1.,0.,0.));
#2689 = ADVANCED_FACE('',(#2690),#2763,.T.);
#2690 = FACE_BOUND('',#2691,.T.);
#2691 = EDGE_LOOP('',(#2692,#2693,#2701,#2731,#2732,#2762));
#2692 = ORIENTED_EDGE('',*,*,#2677,.F.);
#2693 = ORIENTED_EDGE('',*,*,#2694,.T.);
#2694 = EDGE_CURVE('',#2652,#2695,#2697,.T.);
#2695 = VERTEX_POINT('',#2696);
#2696 = CARTESIAN_POINT('',(43.354248688935,56.,-7.));
#2697 = LINE('',#2698,#2699);
#2698 = CARTESIAN_POINT('',(-1.,56.,-7.));
#2699 = VECTOR('',#2700,1.);
#2700 = DIRECTION('',(1.,0.,0.));
#2701 = ORIENTED_EDGE('',*,*,#2702,.F.);
#2702 = EDGE_CURVE('',#2500,#2695,#2703,.T.);
#2703 = B_SPLINE_CURVE_WITH_KNOTS('',6,(#2704,#2705,#2706,#2707,#2708,
    #2709,#2710,#2711,#2712,#2713,#2714,#2715,#2716,#2717,#2718,#2719,
    #2720,#2721,#2722,#2723,#2724,#2725,#2726,#2727,#2728,#2729,#2730),
  .UNSPECIFIED.,.F.,.F.,(7,5,5,5,5,7),(0.,0.179760888327,0.281634574733,
    0.523917999028,0.789722532691,1.),.UNSPECIFIED.);
#2704 = CARTESIAN_POINT('',(42.127016653793,54.,-5.));
#2705 = CARTESIAN_POINT('',(42.156472587035,54.,-5.114082338894));
#2706 = CARTESIAN_POINT('',(42.189719616931,54.007809303425,
    -5.226189088714));
#2707 = CARTESIAN_POINT('',(42.226425067773,54.022918711253,
    -5.335541359651));
#2708 = CARTESIAN_POINT('',(42.266105665316,54.044713096186,
    -5.441434805282));
#2709 = CARTESIAN_POINT('',(42.308149408396,54.072460267724,
    -5.5432394178));
#2710 = CARTESIAN_POINT('',(42.376596223872,54.123910604225,
    -5.695461566392));
#2711 = CARTESIAN_POINT('',(42.401928026885,54.144190284961,
    -5.749131448665));
#2712 = CARTESIAN_POINT('',(42.427749560394,54.166026503189,
    -5.801396381023));
#2713 = CARTESIAN_POINT('',(42.453979405195,54.189315068198,
    -5.852248920527));
#2714 = CARTESIAN_POINT('',(42.480538012061,54.213959974818,
    -5.901686770341));
#2715 = CARTESIAN_POINT('',(42.571108459304,54.301502607561,
    -6.063931734833));
#2716 = CARTESIAN_POINT('',(42.636325337574,54.370340479495,
    -6.170227309448));
#2717 = CARTESIAN_POINT('',(42.702061906463,54.445315496694,
    -6.268797762395));
#2718 = CARTESIAN_POINT('',(42.767490118445,54.525699220937,
    -6.359932203214));
#2719 = CARTESIAN_POINT('',(42.831840830906,54.611036310076,
    -6.443886939407));
#2720 = CARTESIAN_POINT('',(42.96277728278,54.799915345745,
    -6.605204875662));
#2721 = CARTESIAN_POINT('',(43.02905569521,54.904538237352,
    -6.681237710372));
#2722 = CARTESIAN_POINT('',(43.091889783424,55.014549468467,
    -6.748935552152));
#2723 = CARTESIAN_POINT('',(43.149884559919,55.129655446396,
    -6.808141477212));
#2724 = CARTESIAN_POINT('',(43.201403865315,55.249673021394,
    -6.858569573607));
#2725 = CARTESIAN_POINT('',(43.278877410288,55.473252565317,
    -6.932186903437));
#2726 = CARTESIAN_POINT('',(43.30801105485,55.575265923561,
    -6.95894842728));
#2727 = CARTESIAN_POINT('',(43.330826467529,55.679651306174,
    -6.979343835858));
#2728 = CARTESIAN_POINT('',(43.346408163405,55.785660522971,
    -6.993085225617));
#2729 = CARTESIAN_POINT('',(43.354248688935,55.892646467698,-7.));
#2730 = CARTESIAN_POINT('',(43.354248688935,56.,-7.));
#2731 = ORIENTED_EDGE('',*,*,#2499,.F.);
#2732 = ORIENTED_EDGE('',*,*,#2733,.T.);
#2733 = EDGE_CURVE('',#2477,#1392,#2734,.T.);
#2734 = B_SPLINE_CURVE_WITH_KNOTS('',6,(#2735,#2736,#2737,#2738,#2739,
    #2740,#2741,#2742,#2743,#2744,#2745,#2746,#2747,#2748,#2749,#2750,
    #2751,#2752,#2753,#2754,#2755,#2756,#2757,#2758,#2759,#2760,#2761),
  .UNSPECIFIED.,.F.,.F.,(7,5,5,5,5,7),(0.,0.274210682697,0.379303277277,
    0.449436454293,0.621678663552,1.),.UNSPECIFIED.);
#2735 = CARTESIAN_POINT('',(9.,54.,-5.));
#2736 = CARTESIAN_POINT('',(9.,54.,-5.078821409952));
#2737 = CARTESIAN_POINT('',(8.992544636755,54.003727777955,
    -5.157369629081));
#2738 = CARTESIAN_POINT('',(8.977730726939,54.011134278518,
    -5.234516963771));
#2739 = CARTESIAN_POINT('',(8.955948994015,54.021869938852,
    -5.309156328432));
#2740 = CARTESIAN_POINT('',(8.927880408968,54.035290153568,
    -5.380263274095));
#2741 = CARTESIAN_POINT('',(8.881768542146,54.056449922358,
    -5.472547605807));
#2742 = CARTESIAN_POINT('',(8.868197012556,54.062598385899,
    -5.49751514533));
#2743 = CARTESIAN_POINT('',(8.853867241795,54.06899568986,
    -5.521859186306));
#2744 = CARTESIAN_POINT('',(8.838816563606,54.075604240823,
    -5.545559537511));
#2745 = CARTESIAN_POINT('',(8.823082454748,54.08238579173,
    -5.568597869428));
#2746 = CARTESIAN_POINT('',(8.795771452595,54.093916576937,
    -5.60587947882));
#2747 = CARTESIAN_POINT('',(8.784551658535,54.098591944336,
    -5.620500558127));
#2748 = CARTESIAN_POINT('',(8.773053343039,54.103316450285,
    -5.634817274406));
#2749 = CARTESIAN_POINT('',(8.761286250638,54.108079151668,
    -5.648826441481));
#2750 = CARTESIAN_POINT('',(8.749259680173,54.112869256049,
    -5.662525364757));
#2751 = CARTESIAN_POINT('',(8.706830546089,54.129481449639,
    -5.708788097199));
#2752 = CARTESIAN_POINT('',(8.675168542579,54.141387264291,
    -5.739777891457));
#2753 = CARTESIAN_POINT('',(8.642124613791,54.153237416738,
    -5.768851193995));
#2754 = CARTESIAN_POINT('',(8.607816081222,54.164879437324,
    -5.795982662386));
#2755 = CARTESIAN_POINT('',(8.572350514075,54.176166771705,
    -5.821149268546));
#2756 = CARTESIAN_POINT('',(8.455604285759,54.210670032764,
    -5.89523867795));
#2757 = CARTESIAN_POINT('',(8.369940542438,54.232099043522,
    -5.936771382892));
#2758 = CARTESIAN_POINT('',(8.280280476541,54.24960749389,-5.96823263954
    ));
#2759 = CARTESIAN_POINT('',(8.187957557239,54.261808027906,
    -5.989362816793));
#2760 = CARTESIAN_POINT('',(8.094152608275,54.267949192431,-6.));
#2761 = CARTESIAN_POINT('',(8.,54.267949192431,-6.));
#2762 = ORIENTED_EDGE('',*,*,#1391,.F.);
#2763 = CYLINDRICAL_SURFACE('',#2764,2.);
#2764 = AXIS2_PLACEMENT_3D('',#2765,#2766,#2767);
#2765 = CARTESIAN_POINT('',(-1.,56.,-5.));
#2766 = DIRECTION('',(1.,0.,0.));
#2767 = DIRECTION('',(0.,-1.,0.));
#2768 = ADVANCED_FACE('',(#2769),#2804,.T.);
#2769 = FACE_BOUND('',#2770,.T.);
#2770 = EDGE_LOOP('',(#2771,#2772,#2802,#2803));
#2771 = ORIENTED_EDGE('',*,*,#2476,.F.);
#2772 = ORIENTED_EDGE('',*,*,#2773,.T.);
#2773 = EDGE_CURVE('',#2435,#1400,#2774,.T.);
#2774 = B_SPLINE_CURVE_WITH_KNOTS('',6,(#2775,#2776,#2777,#2778,#2779,
    #2780,#2781,#2782,#2783,#2784,#2785,#2786,#2787,#2788,#2789,#2790,
    #2791,#2792,#2793,#2794,#2795,#2796,#2797,#2798,#2799,#2800,#2801),
  .UNSPECIFIED.,.F.,.F.,(7,5,5,5,5,7),(0.,0.274210682697,0.379303277277,
    0.449436454293,0.621678663552,1.),.UNSPECIFIED.);
#2775 = CARTESIAN_POINT('',(9.,-54.,-5.));
#2776 = CARTESIAN_POINT('',(9.,-54.,-5.078821409952));
#2777 = CARTESIAN_POINT('',(8.992544636755,-54.00372777795,
    -5.157369629081));
#2778 = CARTESIAN_POINT('',(8.977730726939,-54.01113427851,
    -5.234516963772));
#2779 = CARTESIAN_POINT('',(8.955948994015,-54.02186993885,
    -5.309156328432));
#2780 = CARTESIAN_POINT('',(8.927880408968,-54.03529015356,
    -5.380263274095));
#2781 = CARTESIAN_POINT('',(8.881768542146,-54.05644992235,
    -5.472547605807));
#2782 = CARTESIAN_POINT('',(8.868197012556,-54.06259838589,
    -5.49751514533));
#2783 = CARTESIAN_POINT('',(8.853867241795,-54.06899568986,
    -5.521859186306));
#2784 = CARTESIAN_POINT('',(8.838816563605,-54.07560424082,
    -5.545559537511));
#2785 = CARTESIAN_POINT('',(8.823082454748,-54.08238579173,
    -5.568597869428));
#2786 = CARTESIAN_POINT('',(8.795771452595,-54.09391657693,
    -5.60587947882));
#2787 = CARTESIAN_POINT('',(8.784551658535,-54.09859194433,
    -5.620500558127));
#2788 = CARTESIAN_POINT('',(8.773053343039,-54.10331645028,
    -5.634817274406));
#2789 = CARTESIAN_POINT('',(8.761286250638,-54.10807915166,
    -5.648826441481));
#2790 = CARTESIAN_POINT('',(8.749259680173,-54.11286925604,
    -5.662525364757));
#2791 = CARTESIAN_POINT('',(8.706830546089,-54.12948144963,
    -5.708788097199));
#2792 = CARTESIAN_POINT('',(8.675168542579,-54.14138726429,
    -5.739777891457));
#2793 = CARTESIAN_POINT('',(8.642124613791,-54.15323741673,
    -5.768851193995));
#2794 = CARTESIAN_POINT('',(8.607816081222,-54.16487943732,
    -5.795982662386));
#2795 = CARTESIAN_POINT('',(8.572350514074,-54.1761667717,
    -5.821149268546));
#2796 = CARTESIAN_POINT('',(8.455604285759,-54.21067003276,
    -5.89523867795));
#2797 = CARTESIAN_POINT('',(8.369940542438,-54.23209904352,
    -5.936771382892));
#2798 = CARTESIAN_POINT('',(8.280280476541,-54.24960749389,
    -5.96823263954));
#2799 = CARTESIAN_POINT('',(8.187957557238,-54.2618080279,
    -5.989362816793));
#2800 = CARTESIAN_POINT('',(8.094152608275,-54.26794919243,-6.));
#2801 = CARTESIAN_POINT('',(8.,-54.26794919243,-6.));
#2802 = ORIENTED_EDGE('',*,*,#1399,.T.);
#2803 = ORIENTED_EDGE('',*,*,#2733,.F.);
#2804 = CYLINDRICAL_SURFACE('',#2805,1.);
#2805 = AXIS2_PLACEMENT_3D('',#2806,#2807,#2808);
#2806 = CARTESIAN_POINT('',(8.,-155.,-5.));
#2807 = DIRECTION('',(0.,1.,0.));
#2808 = DIRECTION('',(1.,0.,0.));
#2809 = ADVANCED_FACE('',(#2810),#2862,.T.);
#2810 = FACE_BOUND('',#2811,.F.);
#2811 = EDGE_LOOP('',(#2812,#2821,#2829,#2859,#2860,#2861));
#2812 = ORIENTED_EDGE('',*,*,#2813,.F.);
#2813 = EDGE_CURVE('',#2814,#1408,#2816,.T.);
#2814 = VERTEX_POINT('',#2815);
#2815 = CARTESIAN_POINT('',(1.,-56.,-7.));
#2816 = CIRCLE('',#2817,2.);
#2817 = AXIS2_PLACEMENT_3D('',#2818,#2819,#2820);
#2818 = CARTESIAN_POINT('',(1.,-56.,-5.));
#2819 = DIRECTION('',(1.,6.E-17,-0.));
#2820 = DIRECTION('',(-6.E-17,1.,0.));
#2821 = ORIENTED_EDGE('',*,*,#2822,.T.);
#2822 = EDGE_CURVE('',#2814,#2823,#2825,.T.);
#2823 = VERTEX_POINT('',#2824);
#2824 = CARTESIAN_POINT('',(43.354248688935,-56.,-7.));
#2825 = LINE('',#2826,#2827);
#2826 = CARTESIAN_POINT('',(-1.,-56.,-7.));
#2827 = VECTOR('',#2828,1.);
#2828 = DIRECTION('',(1.,0.,0.));
#2829 = ORIENTED_EDGE('',*,*,#2830,.F.);
#2830 = EDGE_CURVE('',#2437,#2823,#2831,.T.);
#2831 = B_SPLINE_CURVE_WITH_KNOTS('',6,(#2832,#2833,#2834,#2835,#2836,
    #2837,#2838,#2839,#2840,#2841,#2842,#2843,#2844,#2845,#2846,#2847,
    #2848,#2849,#2850,#2851,#2852,#2853,#2854,#2855,#2856,#2857,#2858),
  .UNSPECIFIED.,.F.,.F.,(7,5,5,5,5,7),(0.,0.179760913997,0.281634605471,
    0.523918019556,0.789722541831,1.),.UNSPECIFIED.);
#2832 = CARTESIAN_POINT('',(42.127016653793,-54.,-5.));
#2833 = CARTESIAN_POINT('',(42.156472587028,-54.,-5.11408233887));
#2834 = CARTESIAN_POINT('',(42.189719616931,-54.00780930342,
    -5.226189088722));
#2835 = CARTESIAN_POINT('',(42.226425067781,-54.02291871125,
    -5.335541359674));
#2836 = CARTESIAN_POINT('',(42.26610566532,-54.04471309619,
    -5.441434805286));
#2837 = CARTESIAN_POINT('',(42.308149408386,-54.07246026771,
    -5.543239417779));
#2838 = CARTESIAN_POINT('',(42.376596221573,-54.12391060249,
    -5.69546156128));
#2839 = CARTESIAN_POINT('',(42.401928027591,-54.14419028577,
    -5.749131449665));
#2840 = CARTESIAN_POINT('',(42.427749562783,-54.16602650525,
    -5.801396385799));
#2841 = CARTESIAN_POINT('',(42.453979405768,-54.18931506848,
    -5.852248922084));
#2842 = CARTESIAN_POINT('',(42.480538009596,-54.21395997243,
    -5.901686765925));
#2843 = CARTESIAN_POINT('',(42.571108459308,-54.30150260756,
    -6.06393173484));
#2844 = CARTESIAN_POINT('',(42.636325337577,-54.37034047949,
    -6.170227309452));
#2845 = CARTESIAN_POINT('',(42.702061906463,-54.44531549669,
    -6.268797762394));
#2846 = CARTESIAN_POINT('',(42.767490118442,-54.52569922093,
    -6.359932203209));
#2847 = CARTESIAN_POINT('',(42.831840830902,-54.61103631007,
    -6.443886939403));
#2848 = CARTESIAN_POINT('',(42.962777282736,-54.79991534568,
    -6.605204875607));
#2849 = CARTESIAN_POINT('',(43.029055695228,-54.90453823736,
    -6.681237710402));
#2850 = CARTESIAN_POINT('',(43.091889783464,-55.01454946853,
    -6.74893555219));
#2851 = CARTESIAN_POINT('',(43.149884559915,-55.12965544641,
    -6.808141477207));
#2852 = CARTESIAN_POINT('',(43.201403865288,-55.24967302131,
    -6.858569573581));
#2853 = CARTESIAN_POINT('',(43.278877410288,-55.47325256531,
    -6.932186903437));
#2854 = CARTESIAN_POINT('',(43.30801105485,-55.57526592356,
    -6.95894842728));
#2855 = CARTESIAN_POINT('',(43.330826467529,-55.67965130617,
    -6.979343835858));
#2856 = CARTESIAN_POINT('',(43.346408163405,-55.78566052297,
    -6.993085225617));
#2857 = CARTESIAN_POINT('',(43.354248688935,-55.89264646769,-7.));
#2858 = CARTESIAN_POINT('',(43.354248688935,-56.,-7.));
#2859 = ORIENTED_EDGE('',*,*,#2434,.F.);
#2860 = ORIENTED_EDGE('',*,*,#2773,.T.);
#2861 = ORIENTED_EDGE('',*,*,#1407,.F.);
#2862 = CYLINDRICAL_SURFACE('',#2863,2.);
#2863 = AXIS2_PLACEMENT_3D('',#2864,#2865,#2866);
#2864 = CARTESIAN_POINT('',(-1.,-56.,-5.));
#2865 = DIRECTION('',(1.,0.,0.));
#2866 = DIRECTION('',(0.,1.,0.));
#2867 = ADVANCED_FACE('',(#2868),#2879,.T.);
#2868 = FACE_BOUND('',#2869,.F.);
#2869 = EDGE_LOOP('',(#2870,#2877,#2878));
#2870 = ORIENTED_EDGE('',*,*,#2871,.F.);
#2871 = EDGE_CURVE('',#2814,#1416,#2872,.T.);
#2872 = CIRCLE('',#2873,2.);
#2873 = AXIS2_PLACEMENT_3D('',#2874,#2875,#2876);
#2874 = CARTESIAN_POINT('',(1.,-56.,-5.));
#2875 = DIRECTION('',(0.,1.,-0.));
#2876 = DIRECTION('',(-1.,0.,0.));
#2877 = ORIENTED_EDGE('',*,*,#2813,.T.);
#2878 = ORIENTED_EDGE('',*,*,#1415,.T.);
#2879 = SPHERICAL_SURFACE('',#2880,2.);
#2880 = AXIS2_PLACEMENT_3D('',#2881,#2882,#2883);
#2881 = CARTESIAN_POINT('',(1.,-56.,-5.));
#2882 = DIRECTION('',(0.,0.,1.));
#2883 = DIRECTION('',(-1.,0.,0.));
#2884 = ADVANCED_FACE('',(#2885),#2904,.T.);
#2885 = FACE_BOUND('',#2886,.F.);
#2886 = EDGE_LOOP('',(#2887,#2896,#2902,#2903));
#2887 = ORIENTED_EDGE('',*,*,#2888,.F.);
#2888 = EDGE_CURVE('',#2889,#1425,#2891,.T.);
#2889 = VERTEX_POINT('',#2890);
#2890 = CARTESIAN_POINT('',(1.,-70.,-7.));
#2891 = CIRCLE('',#2892,2.);
#2892 = AXIS2_PLACEMENT_3D('',#2893,#2894,#2895);
#2893 = CARTESIAN_POINT('',(1.,-70.,-5.));
#2894 = DIRECTION('',(0.,1.,-0.));
#2895 = DIRECTION('',(-1.,0.,0.));
#2896 = ORIENTED_EDGE('',*,*,#2897,.T.);
#2897 = EDGE_CURVE('',#2889,#2814,#2898,.T.);
#2898 = LINE('',#2899,#2900);
#2899 = CARTESIAN_POINT('',(1.,-72.,-7.));
#2900 = VECTOR('',#2901,1.);
#2901 = DIRECTION('',(0.,1.,0.));
#2902 = ORIENTED_EDGE('',*,*,#2871,.T.);
#2903 = ORIENTED_EDGE('',*,*,#1424,.F.);
#2904 = CYLINDRICAL_SURFACE('',#2905,2.);
#2905 = AXIS2_PLACEMENT_3D('',#2906,#2907,#2908);
#2906 = CARTESIAN_POINT('',(1.,-72.,-5.));
#2907 = DIRECTION('',(0.,1.,0.));
#2908 = DIRECTION('',(-1.,0.,0.));
#2909 = ADVANCED_FACE('',(#2910),#2921,.T.);
#2910 = FACE_BOUND('',#2911,.T.);
#2911 = EDGE_LOOP('',(#2912,#2913,#2920));
#2912 = ORIENTED_EDGE('',*,*,#2888,.F.);
#2913 = ORIENTED_EDGE('',*,*,#2914,.T.);
#2914 = EDGE_CURVE('',#2889,#1433,#2915,.T.);
#2915 = CIRCLE('',#2916,2.);
#2916 = AXIS2_PLACEMENT_3D('',#2917,#2918,#2919);
#2917 = CARTESIAN_POINT('',(1.,-70.,-5.));
#2918 = DIRECTION('',(-1.,6.E-17,0.));
#2919 = DIRECTION('',(-6.E-17,-1.,0.));
#2920 = ORIENTED_EDGE('',*,*,#1432,.F.);
#2921 = SPHERICAL_SURFACE('',#2922,2.);
#2922 = AXIS2_PLACEMENT_3D('',#2923,#2924,#2925);
#2923 = CARTESIAN_POINT('',(1.,-70.,-5.));
#2924 = DIRECTION('',(0.,0.,1.));
#2925 = DIRECTION('',(-1.,0.,0.));
#2926 = ADVANCED_FACE('',(#2927),#2971,.T.);
#2927 = FACE_BOUND('',#2928,.T.);
#2928 = EDGE_LOOP('',(#2929,#2930,#2938,#2951,#2968,#2969,#2970));
#2929 = ORIENTED_EDGE('',*,*,#2914,.F.);
#2930 = ORIENTED_EDGE('',*,*,#2931,.T.);
#2931 = EDGE_CURVE('',#2889,#2932,#2934,.T.);
#2932 = VERTEX_POINT('',#2933);
#2933 = CARTESIAN_POINT('',(43.354248688935,-70.,-7.));
#2934 = LINE('',#2935,#2936);
#2935 = CARTESIAN_POINT('',(-1.,-70.,-7.));
#2936 = VECTOR('',#2937,1.);
#2937 = DIRECTION('',(1.,0.,0.));
#2938 = ORIENTED_EDGE('',*,*,#2939,.F.);
#2939 = EDGE_CURVE('',#2940,#2932,#2942,.T.);
#2940 = VERTEX_POINT('',#2941);
#2941 = CARTESIAN_POINT('',(43.078374016945,-71.,-6.732050807569));
#2942 = B_SPLINE_CURVE_WITH_KNOTS('',7,(#2943,#2944,#2945,#2946,#2947,
    #2948,#2949,#2950),.UNSPECIFIED.,.F.,.F.,(8,8),(0.,1.),
  .PIECEWISE_BEZIER_KNOTS.);
#2943 = CARTESIAN_POINT('',(43.078373693012,-71.0000006,-6.732050461159)
  );
#2944 = CARTESIAN_POINT('',(43.146142658642,-70.87447650851,
    -6.804521887143));
#2945 = CARTESIAN_POINT('',(43.209049534011,-70.7407296984,
    -6.867590017159));
#2946 = CARTESIAN_POINT('',(43.263948804229,-70.60042293312,
    -6.919444000713));
#2947 = CARTESIAN_POINT('',(43.30790797597,-70.45513524241,
    -6.959130534513));
#2948 = CARTESIAN_POINT('',(43.33854065425,-70.30607719635,
    -6.986146987294));
#2949 = CARTESIAN_POINT('',(43.354248688935,-70.15410393716,-7.));
#2950 = CARTESIAN_POINT('',(43.354248688935,-70.,-7.));
#2951 = ORIENTED_EDGE('',*,*,#2952,.F.);
#2952 = EDGE_CURVE('',#2131,#2940,#2953,.T.);
#2953 = B_SPLINE_CURVE_WITH_KNOTS('',7,(#2954,#2955,#2956,#2957,#2958,
    #2959,#2960,#2961,#2962,#2963,#2964,#2965,#2966,#2967),
  .UNSPECIFIED.,.F.,.F.,(8,6,8),(0.,0.342811219459,1.),.UNSPECIFIED.);
#2954 = CARTESIAN_POINT('',(42.258342613226,-72.,-5.));
#2955 = CARTESIAN_POINT('',(42.287433075072,-72.,-5.108846541451));
#2956 = CARTESIAN_POINT('',(42.318420248531,-71.99308863757,
    -5.216891436971));
#2957 = CARTESIAN_POINT('',(42.351173351046,-71.97945029705,
    -5.323597343085));
#2958 = CARTESIAN_POINT('',(42.385560464333,-71.95931877029,
    -5.428477450939));
#2959 = CARTESIAN_POINT('',(42.421449526968,-71.93296512117,
    -5.53109401883));
#2960 = CARTESIAN_POINT('',(42.458709326983,-71.90068555019,
    -5.631056904747));
#2961 = CARTESIAN_POINT('',(42.571019441929,-71.79013989407,
    -5.913909940624));
#2962 = CARTESIAN_POINT('',(42.649371534473,-71.69686791774,
    -6.088733134308));
#2963 = CARTESIAN_POINT('',(42.731392215993,-71.58513534146,
    -6.250181905665));
#2964 = CARTESIAN_POINT('',(42.816209505957,-71.45726371759,
    -6.396437087217));
#2965 = CARTESIAN_POINT('',(42.902929587533,-71.31562048024,
    -6.526106620635));
#2966 = CARTESIAN_POINT('',(42.990632508542,-71.16251803784,
    -6.638220974671));
#2967 = CARTESIAN_POINT('',(43.078374016945,-71.,-6.732050807569));
#2968 = ORIENTED_EDGE('',*,*,#2130,.F.);
#2969 = ORIENTED_EDGE('',*,*,#2091,.T.);
#2970 = ORIENTED_EDGE('',*,*,#1441,.F.);
#2971 = CYLINDRICAL_SURFACE('',#2972,2.);
#2972 = AXIS2_PLACEMENT_3D('',#2973,#2974,#2975);
#2973 = CARTESIAN_POINT('',(-1.,-70.,-5.));
#2974 = DIRECTION('',(1.,0.,0.));
#2975 = DIRECTION('',(0.,-1.,0.));
#2976 = ADVANCED_FACE('',(#2977),#2995,.T.);
#2977 = FACE_BOUND('',#2978,.T.);
#2978 = EDGE_LOOP('',(#2979,#2980,#2988,#2994));
#2979 = ORIENTED_EDGE('',*,*,#1658,.F.);
#2980 = ORIENTED_EDGE('',*,*,#2981,.F.);
#2981 = EDGE_CURVE('',#2982,#1651,#2984,.T.);
#2982 = VERTEX_POINT('',#2983);
#2983 = CARTESIAN_POINT('',(-65.33010144788,-104.2243609214,-10.));
#2984 = LINE('',#2985,#2986);
#2985 = CARTESIAN_POINT('',(-65.33010144788,-104.2243609214,-10.));
#2986 = VECTOR('',#2987,1.);
#2987 = DIRECTION('',(0.,0.,1.));
#2988 = ORIENTED_EDGE('',*,*,#2989,.T.);
#2989 = EDGE_CURVE('',#2982,#1518,#2990,.T.);
#2990 = LINE('',#2991,#2992);
#2991 = CARTESIAN_POINT('',(-65.33010144788,-104.2243609214,-10.));
#2992 = VECTOR('',#2993,1.);
#2993 = DIRECTION('',(0.573576436351,0.819152044289,0.));
#2994 = ORIENTED_EDGE('',*,*,#1525,.F.);
#2995 = PLANE('',#2996);
#2996 = AXIS2_PLACEMENT_3D('',#2997,#2998,#2999);
#2997 = CARTESIAN_POINT('',(-65.33010144788,-104.2243609214,-10.));
#2998 = DIRECTION('',(0.819152044289,-0.573576436351,0.));
#2999 = DIRECTION('',(0.,0.,1.));
#3000 = ADVANCED_FACE('',(#3001,#3037,#3048),#3059,.T.);
#3001 = FACE_BOUND('',#3002,.T.);
#3002 = EDGE_LOOP('',(#3003,#3011,#3012,#3013,#3014,#3015,#3023,#3031));
#3003 = ORIENTED_EDGE('',*,*,#3004,.T.);
#3004 = EDGE_CURVE('',#3005,#1705,#3007,.T.);
#3005 = VERTEX_POINT('',#3006);
#3006 = CARTESIAN_POINT('',(-63.,-78.9988745673,-10.));
#3007 = LINE('',#3008,#3009);
#3008 = CARTESIAN_POINT('',(-63.,-95.,-10.));
#3009 = VECTOR('',#3010,1.);
#3010 = DIRECTION('',(0.,1.,0.));
#3011 = ORIENTED_EDGE('',*,*,#1704,.T.);
#3012 = ORIENTED_EDGE('',*,*,#2543,.F.);
#3013 = ORIENTED_EDGE('',*,*,#1517,.F.);
#3014 = ORIENTED_EDGE('',*,*,#2989,.F.);
#3015 = ORIENTED_EDGE('',*,*,#3016,.F.);
#3016 = EDGE_CURVE('',#3017,#2982,#3019,.T.);
#3017 = VERTEX_POINT('',#3018);
#3018 = CARTESIAN_POINT('',(-75.97907802364,-96.76786724888,-10.));
#3019 = LINE('',#3020,#3021);
#3020 = CARTESIAN_POINT('',(-75.97907802364,-96.76786724888,-10.));
#3021 = VECTOR('',#3022,1.);
#3022 = DIRECTION('',(0.819152044289,-0.573576436351,0.));
#3023 = ORIENTED_EDGE('',*,*,#3024,.T.);
#3024 = EDGE_CURVE('',#3017,#3025,#3027,.T.);
#3025 = VERTEX_POINT('',#3026);
#3026 = CARTESIAN_POINT('',(-63.36039642392,-78.74652227453,-10.));
#3027 = LINE('',#3028,#3029);
#3028 = CARTESIAN_POINT('',(-75.97907802364,-96.76786724888,-10.));
#3029 = VECTOR('',#3030,1.);
#3030 = DIRECTION('',(0.573576436351,0.819152044289,0.));
#3031 = ORIENTED_EDGE('',*,*,#3032,.T.);
#3032 = EDGE_CURVE('',#3025,#3005,#3033,.T.);
#3033 = LINE('',#3034,#3035);
#3034 = CARTESIAN_POINT('',(-63.36039642392,-78.74652227453,-10.));
#3035 = VECTOR('',#3036,1.);
#3036 = DIRECTION('',(0.819152044289,-0.573576436351,0.));
#3037 = FACE_BOUND('',#3038,.T.);
#3038 = EDGE_LOOP('',(#3039));
#3039 = ORIENTED_EDGE('',*,*,#3040,.T.);
#3040 = EDGE_CURVE('',#3041,#3041,#3043,.T.);
#3041 = VERTEX_POINT('',#3042);
#3042 = CARTESIAN_POINT('',(-68.7073754687,-94.27004853252,-10.));
#3043 = CIRCLE('',#3044,1.25);
#3044 = AXIS2_PLACEMENT_3D('',#3045,#3046,#3047);
#3045 = CARTESIAN_POINT('',(-69.9573754687,-94.27004853252,-10.));
#3046 = DIRECTION('',(0.,0.,1.));
#3047 = DIRECTION('',(1.,0.,0.));
#3048 = FACE_BOUND('',#3049,.T.);
#3049 = EDGE_LOOP('',(#3050));
#3050 = ORIENTED_EDGE('',*,*,#3051,.T.);
#3051 = EDGE_CURVE('',#3052,#3052,#3054,.T.);
#3052 = VERTEX_POINT('',#3053);
#3053 = CARTESIAN_POINT('',(-62.39803466884,-85.25937604534,-10.));
#3054 = CIRCLE('',#3055,1.25);
#3055 = AXIS2_PLACEMENT_3D('',#3056,#3057,#3058);
#3056 = CARTESIAN_POINT('',(-63.64803466884,-85.25937604534,-10.));
#3057 = DIRECTION('',(0.,0.,1.));
#3058 = DIRECTION('',(1.,0.,0.));
#3059 = PLANE('',#3060);
#3060 = AXIS2_PLACEMENT_3D('',#3061,#3062,#3063);
#3061 = CARTESIAN_POINT('',(-36.74582090701,-87.70070639075,-10.));
#3062 = DIRECTION('',(-0.,-0.,-1.));
#3063 = DIRECTION('',(-1.,0.,0.));
#3064 = ADVANCED_FACE('',(#3065),#3076,.F.);
#3065 = FACE_BOUND('',#3066,.F.);
#3066 = EDGE_LOOP('',(#3067,#3068,#3074,#3075));
#3067 = ORIENTED_EDGE('',*,*,#3016,.F.);
#3068 = ORIENTED_EDGE('',*,*,#3069,.T.);
#3069 = EDGE_CURVE('',#3017,#1643,#3070,.T.);
#3070 = LINE('',#3071,#3072);
#3071 = CARTESIAN_POINT('',(-75.97907802364,-96.76786724888,-10.));
#3072 = VECTOR('',#3073,1.);
#3073 = DIRECTION('',(0.,0.,1.));
#3074 = ORIENTED_EDGE('',*,*,#1650,.T.);
#3075 = ORIENTED_EDGE('',*,*,#2981,.F.);
#3076 = PLANE('',#3077);
#3077 = AXIS2_PLACEMENT_3D('',#3078,#3079,#3080);
#3078 = CARTESIAN_POINT('',(-75.97907802364,-96.76786724888,-10.));
#3079 = DIRECTION('',(0.573576436351,0.819152044289,0.));
#3080 = DIRECTION('',(0.,0.,1.));
#3081 = ADVANCED_FACE('',(#3082),#3116,.T.);
#3082 = FACE_BOUND('',#3083,.T.);
#3083 = EDGE_LOOP('',(#3084,#3085,#3086,#3094,#3102,#3108,#3109,#3115));
#3084 = ORIENTED_EDGE('',*,*,#3069,.T.);
#3085 = ORIENTED_EDGE('',*,*,#1642,.T.);
#3086 = ORIENTED_EDGE('',*,*,#3087,.T.);
#3087 = EDGE_CURVE('',#1634,#3088,#3090,.T.);
#3088 = VERTEX_POINT('',#3089);
#3089 = CARTESIAN_POINT('',(-70.47274423467,-88.90400762371,-2.));
#3090 = LINE('',#3091,#3092);
#3091 = CARTESIAN_POINT('',(-70.47274423467,-88.90400762371,-4.));
#3092 = VECTOR('',#3093,1.);
#3093 = DIRECTION('',(0.,0.,1.));
#3094 = ORIENTED_EDGE('',*,*,#3095,.T.);
#3095 = EDGE_CURVE('',#3088,#3096,#3098,.T.);
#3096 = VERTEX_POINT('',#3097);
#3097 = CARTESIAN_POINT('',(-68.86673021289,-86.6103818997,-2.));
#3098 = LINE('',#3099,#3100);
#3099 = CARTESIAN_POINT('',(-70.81689009648,-89.39549885028,-2.));
#3100 = VECTOR('',#3101,1.);
#3101 = DIRECTION('',(0.573576436351,0.819152044289,0.));
#3102 = ORIENTED_EDGE('',*,*,#3103,.F.);
#3103 = EDGE_CURVE('',#1575,#3096,#3104,.T.);
#3104 = LINE('',#3105,#3106);
#3105 = CARTESIAN_POINT('',(-68.86673021289,-86.6103818997,-4.));
#3106 = VECTOR('',#3107,1.);
#3107 = DIRECTION('',(0.,0.,1.));
#3108 = ORIENTED_EDGE('',*,*,#1574,.T.);
#3109 = ORIENTED_EDGE('',*,*,#3110,.F.);
#3110 = EDGE_CURVE('',#3025,#1567,#3111,.T.);
#3111 = LINE('',#3112,#3113);
#3112 = CARTESIAN_POINT('',(-63.36039642392,-78.74652227453,-10.));
#3113 = VECTOR('',#3114,1.);
#3114 = DIRECTION('',(0.,0.,1.));
#3115 = ORIENTED_EDGE('',*,*,#3024,.F.);
#3116 = PLANE('',#3117);
#3117 = AXIS2_PLACEMENT_3D('',#3118,#3119,#3120);
#3118 = CARTESIAN_POINT('',(-69.66973722378,-87.75719476171,-6.64));
#3119 = DIRECTION('',(-0.819152044289,0.573576436351,-2.06E-15));
#3120 = DIRECTION('',(-0.573576436351,-0.819152044289,1.972152263053E-31
    ));
#3121 = ADVANCED_FACE('',(#3122),#3141,.T.);
#3122 = FACE_BOUND('',#3123,.T.);
#3123 = EDGE_LOOP('',(#3124,#3125,#3133,#3140));
#3124 = ORIENTED_EDGE('',*,*,#1633,.T.);
#3125 = ORIENTED_EDGE('',*,*,#3126,.T.);
#3126 = EDGE_CURVE('',#1626,#3127,#3129,.T.);
#3127 = VERTEX_POINT('',#3128);
#3128 = CARTESIAN_POINT('',(-70.32539886991,-89.73964471209,-2.));
#3129 = LINE('',#3130,#3131);
#3130 = CARTESIAN_POINT('',(-70.32539886991,-89.73964471209,-4.));
#3131 = VECTOR('',#3132,1.);
#3132 = DIRECTION('',(0.,0.,1.));
#3133 = ORIENTED_EDGE('',*,*,#3134,.F.);
#3134 = EDGE_CURVE('',#3088,#3127,#3135,.T.);
#3135 = CIRCLE('',#3136,0.6);
#3136 = AXIS2_PLACEMENT_3D('',#3137,#3138,#3139);
#3137 = CARTESIAN_POINT('',(-69.9812530081,-89.24815348552,-2.));
#3138 = DIRECTION('',(0.,0.,1.));
#3139 = DIRECTION('',(-0.573576436351,-0.819152044289,0.));
#3140 = ORIENTED_EDGE('',*,*,#3087,.F.);
#3141 = CYLINDRICAL_SURFACE('',#3142,0.6);
#3142 = AXIS2_PLACEMENT_3D('',#3143,#3144,#3145);
#3143 = CARTESIAN_POINT('',(-69.9812530081,-89.24815348552,-4.));
#3144 = DIRECTION('',(0.,0.,1.));
#3145 = DIRECTION('',(-0.819152044289,0.573576436351,0.));
#3146 = ADVANCED_FACE('',(#3147),#3165,.F.);
#3147 = FACE_BOUND('',#3148,.F.);
#3148 = EDGE_LOOP('',(#3149,#3150,#3151,#3159));
#3149 = ORIENTED_EDGE('',*,*,#1625,.F.);
#3150 = ORIENTED_EDGE('',*,*,#3126,.T.);
#3151 = ORIENTED_EDGE('',*,*,#3152,.T.);
#3152 = EDGE_CURVE('',#3127,#3153,#3155,.T.);
#3153 = VERTEX_POINT('',#3154);
#3154 = CARTESIAN_POINT('',(-65.57431701303,-93.06638804293,-2.));
#3155 = LINE('',#3156,#3157);
#3156 = CARTESIAN_POINT('',(-70.81689009648,-89.39549885028,-2.));
#3157 = VECTOR('',#3158,1.);
#3158 = DIRECTION('',(0.819152044289,-0.573576436351,0.));
#3159 = ORIENTED_EDGE('',*,*,#3160,.F.);
#3160 = EDGE_CURVE('',#1617,#3153,#3161,.T.);
#3161 = LINE('',#3162,#3163);
#3162 = CARTESIAN_POINT('',(-65.57431701303,-93.06638804293,-4.));
#3163 = VECTOR('',#3164,1.);
#3164 = DIRECTION('',(0.,0.,1.));
#3165 = PLANE('',#3166);
#3166 = AXIS2_PLACEMENT_3D('',#3167,#3168,#3169);
#3167 = CARTESIAN_POINT('',(-70.81689009648,-89.39549885028,-4.));
#3168 = DIRECTION('',(0.573576436351,0.819152044289,0.));
#3169 = DIRECTION('',(0.,0.,1.));
#3170 = ADVANCED_FACE('',(#3171),#3190,.T.);
#3171 = FACE_BOUND('',#3172,.F.);
#3172 = EDGE_LOOP('',(#3173,#3174,#3175,#3184));
#3173 = ORIENTED_EDGE('',*,*,#1616,.T.);
#3174 = ORIENTED_EDGE('',*,*,#3160,.T.);
#3175 = ORIENTED_EDGE('',*,*,#3176,.F.);
#3176 = EDGE_CURVE('',#3177,#3153,#3179,.T.);
#3177 = VERTEX_POINT('',#3178);
#3178 = CARTESIAN_POINT('',(-64.73867992465,-92.91904267817,-2.));
#3179 = CIRCLE('',#3180,0.6);
#3180 = AXIS2_PLACEMENT_3D('',#3181,#3182,#3183);
#3181 = CARTESIAN_POINT('',(-65.23017115122,-92.57489681636,-2.));
#3182 = DIRECTION('',(-0.,0.,-1.));
#3183 = DIRECTION('',(-0.573576436351,-0.819152044289,0.));
#3184 = ORIENTED_EDGE('',*,*,#3185,.F.);
#3185 = EDGE_CURVE('',#1609,#3177,#3186,.T.);
#3186 = LINE('',#3187,#3188);
#3187 = CARTESIAN_POINT('',(-64.73867992465,-92.91904267817,-4.));
#3188 = VECTOR('',#3189,1.);
#3189 = DIRECTION('',(0.,0.,1.));
#3190 = CYLINDRICAL_SURFACE('',#3191,0.6);
#3191 = AXIS2_PLACEMENT_3D('',#3192,#3193,#3194);
#3192 = CARTESIAN_POINT('',(-65.23017115122,-92.57489681636,-4.));
#3193 = DIRECTION('',(0.,0.,1.));
#3194 = DIRECTION('',(0.819152044289,-0.573576436351,0.));
#3195 = ADVANCED_FACE('',(#3196),#3214,.T.);
#3196 = FACE_BOUND('',#3197,.T.);
#3197 = EDGE_LOOP('',(#3198,#3206,#3207,#3208));
#3198 = ORIENTED_EDGE('',*,*,#3199,.F.);
#3199 = EDGE_CURVE('',#3177,#3200,#3202,.T.);
#3200 = VERTEX_POINT('',#3201);
#3201 = CARTESIAN_POINT('',(-63.13266590287,-90.62541695416,-2.));
#3202 = LINE('',#3203,#3204);
#3203 = CARTESIAN_POINT('',(-65.08282578646,-93.41053390474,-2.));
#3204 = VECTOR('',#3205,1.);
#3205 = DIRECTION('',(0.573576436351,0.819152044289,0.));
#3206 = ORIENTED_EDGE('',*,*,#3185,.F.);
#3207 = ORIENTED_EDGE('',*,*,#1608,.T.);
#3208 = ORIENTED_EDGE('',*,*,#3209,.T.);
#3209 = EDGE_CURVE('',#1600,#3200,#3210,.T.);
#3210 = LINE('',#3211,#3212);
#3211 = CARTESIAN_POINT('',(-63.13266590287,-90.62541695416,-4.));
#3212 = VECTOR('',#3213,1.);
#3213 = DIRECTION('',(0.,0.,1.));
#3214 = PLANE('',#3215);
#3215 = AXIS2_PLACEMENT_3D('',#3216,#3217,#3218);
#3216 = CARTESIAN_POINT('',(-65.08282578646,-93.41053390474,-4.));
#3217 = DIRECTION('',(0.819152044289,-0.573576436351,0.));
#3218 = DIRECTION('',(0.,0.,1.));
#3219 = ADVANCED_FACE('',(#3220),#3239,.T.);
#3220 = FACE_BOUND('',#3221,.T.);
#3221 = EDGE_LOOP('',(#3222,#3223,#3231,#3238));
#3222 = ORIENTED_EDGE('',*,*,#1599,.T.);
#3223 = ORIENTED_EDGE('',*,*,#3224,.T.);
#3224 = EDGE_CURVE('',#1592,#3225,#3227,.T.);
#3225 = VERTEX_POINT('',#3226);
#3226 = CARTESIAN_POINT('',(-63.28001126763,-89.78977986577,-2.));
#3227 = LINE('',#3228,#3229);
#3228 = CARTESIAN_POINT('',(-63.28001126763,-89.78977986577,-4.));
#3229 = VECTOR('',#3230,1.);
#3230 = DIRECTION('',(0.,0.,1.));
#3231 = ORIENTED_EDGE('',*,*,#3232,.F.);
#3232 = EDGE_CURVE('',#3200,#3225,#3233,.T.);
#3233 = CIRCLE('',#3234,0.6);
#3234 = AXIS2_PLACEMENT_3D('',#3235,#3236,#3237);
#3235 = CARTESIAN_POINT('',(-63.62415712944,-90.28127109235,-2.));
#3236 = DIRECTION('',(0.,0.,1.));
#3237 = DIRECTION('',(-0.573576436351,-0.819152044289,0.));
#3238 = ORIENTED_EDGE('',*,*,#3209,.F.);
#3239 = CYLINDRICAL_SURFACE('',#3240,0.6);
#3240 = AXIS2_PLACEMENT_3D('',#3241,#3242,#3243);
#3241 = CARTESIAN_POINT('',(-63.62415712944,-90.28127109235,-4.));
#3242 = DIRECTION('',(0.,0.,1.));
#3243 = DIRECTION('',(0.819152044289,-0.573576436351,0.));
#3244 = ADVANCED_FACE('',(#3245),#3263,.T.);
#3245 = FACE_BOUND('',#3246,.T.);
#3246 = EDGE_LOOP('',(#3247,#3248,#3256,#3262));
#3247 = ORIENTED_EDGE('',*,*,#1591,.F.);
#3248 = ORIENTED_EDGE('',*,*,#3249,.T.);
#3249 = EDGE_CURVE('',#1583,#3250,#3252,.T.);
#3250 = VERTEX_POINT('',#3251);
#3251 = CARTESIAN_POINT('',(-68.0310931245,-86.46303653494,-2.));
#3252 = LINE('',#3253,#3254);
#3253 = CARTESIAN_POINT('',(-68.0310931245,-86.46303653494,-4.));
#3254 = VECTOR('',#3255,1.);
#3255 = DIRECTION('',(0.,0.,1.));
#3256 = ORIENTED_EDGE('',*,*,#3257,.T.);
#3257 = EDGE_CURVE('',#3250,#3225,#3258,.T.);
#3258 = LINE('',#3259,#3260);
#3259 = CARTESIAN_POINT('',(-68.52258435108,-86.11889067313,-2.));
#3260 = VECTOR('',#3261,1.);
#3261 = DIRECTION('',(0.819152044289,-0.573576436351,0.));
#3262 = ORIENTED_EDGE('',*,*,#3224,.F.);
#3263 = PLANE('',#3264);
#3264 = AXIS2_PLACEMENT_3D('',#3265,#3266,#3267);
#3265 = CARTESIAN_POINT('',(-68.52258435108,-86.11889067313,-4.));
#3266 = DIRECTION('',(0.573576436351,0.819152044289,0.));
#3267 = DIRECTION('',(0.,0.,1.));
#3268 = ADVANCED_FACE('',(#3269),#3281,.T.);
#3269 = FACE_BOUND('',#3270,.F.);
#3270 = EDGE_LOOP('',(#3271,#3272,#3273,#3280));
#3271 = ORIENTED_EDGE('',*,*,#1582,.T.);
#3272 = ORIENTED_EDGE('',*,*,#3249,.T.);
#3273 = ORIENTED_EDGE('',*,*,#3274,.F.);
#3274 = EDGE_CURVE('',#3096,#3250,#3275,.T.);
#3275 = CIRCLE('',#3276,0.6);
#3276 = AXIS2_PLACEMENT_3D('',#3277,#3278,#3279);
#3277 = CARTESIAN_POINT('',(-68.37523898631,-86.95452776151,-2.));
#3278 = DIRECTION('',(-0.,0.,-1.));
#3279 = DIRECTION('',(-0.573576436351,-0.819152044289,0.));
#3280 = ORIENTED_EDGE('',*,*,#3103,.F.);
#3281 = CYLINDRICAL_SURFACE('',#3282,0.6);
#3282 = AXIS2_PLACEMENT_3D('',#3283,#3284,#3285);
#3283 = CARTESIAN_POINT('',(-68.37523898631,-86.95452776151,-4.));
#3284 = DIRECTION('',(0.,0.,1.));
#3285 = DIRECTION('',(-0.819152044289,0.573576436351,0.));
#3286 = ADVANCED_FACE('',(#3287),#3298,.T.);
#3287 = FACE_BOUND('',#3288,.T.);
#3288 = EDGE_LOOP('',(#3289,#3290,#3291,#3292));
#3289 = ORIENTED_EDGE('',*,*,#3032,.F.);
#3290 = ORIENTED_EDGE('',*,*,#3110,.T.);
#3291 = ORIENTED_EDGE('',*,*,#1566,.T.);
#3292 = ORIENTED_EDGE('',*,*,#3293,.F.);
#3293 = EDGE_CURVE('',#3005,#1559,#3294,.T.);
#3294 = LINE('',#3295,#3296);
#3295 = CARTESIAN_POINT('',(-63.,-78.9988745673,-10.));
#3296 = VECTOR('',#3297,1.);
#3297 = DIRECTION('',(0.,0.,1.));
#3298 = PLANE('',#3299);
#3299 = AXIS2_PLACEMENT_3D('',#3300,#3301,#3302);
#3300 = CARTESIAN_POINT('',(-63.36039642392,-78.74652227453,-10.));
#3301 = DIRECTION('',(0.573576436351,0.819152044289,0.));
#3302 = DIRECTION('',(0.,0.,1.));
#3303 = ADVANCED_FACE('',(#3304),#3310,.F.);
#3304 = FACE_BOUND('',#3305,.F.);
#3305 = EDGE_LOOP('',(#3306,#3307,#3308,#3309));
#3306 = ORIENTED_EDGE('',*,*,#3293,.F.);
#3307 = ORIENTED_EDGE('',*,*,#3004,.T.);
#3308 = ORIENTED_EDGE('',*,*,#1712,.T.);
#3309 = ORIENTED_EDGE('',*,*,#1558,.F.);
#3310 = PLANE('',#3311);
#3311 = AXIS2_PLACEMENT_3D('',#3312,#3313,#3314);
#3312 = CARTESIAN_POINT('',(-63.,-95.,-10.));
#3313 = DIRECTION('',(1.,0.,0.));
#3314 = DIRECTION('',(0.,0.,1.));
#3315 = ADVANCED_FACE('',(#3316),#3327,.F.);
#3316 = FACE_BOUND('',#3317,.F.);
#3317 = EDGE_LOOP('',(#3318,#3319,#3325,#3326));
#3318 = ORIENTED_EDGE('',*,*,#1668,.F.);
#3319 = ORIENTED_EDGE('',*,*,#3320,.F.);
#3320 = EDGE_CURVE('',#3041,#1669,#3321,.T.);
#3321 = LINE('',#3322,#3323);
#3322 = CARTESIAN_POINT('',(-68.7073754687,-94.27004853252,-10.1));
#3323 = VECTOR('',#3324,1.);
#3324 = DIRECTION('',(0.,0.,1.));
#3325 = ORIENTED_EDGE('',*,*,#3040,.T.);
#3326 = ORIENTED_EDGE('',*,*,#3320,.T.);
#3327 = CYLINDRICAL_SURFACE('',#3328,1.25);
#3328 = AXIS2_PLACEMENT_3D('',#3329,#3330,#3331);
#3329 = CARTESIAN_POINT('',(-69.9573754687,-94.27004853252,-10.1));
#3330 = DIRECTION('',(0.,0.,1.));
#3331 = DIRECTION('',(1.,0.,0.));
#3332 = ADVANCED_FACE('',(#3333),#3344,.F.);
#3333 = FACE_BOUND('',#3334,.F.);
#3334 = EDGE_LOOP('',(#3335,#3336,#3342,#3343));
#3335 = ORIENTED_EDGE('',*,*,#1679,.F.);
#3336 = ORIENTED_EDGE('',*,*,#3337,.F.);
#3337 = EDGE_CURVE('',#3052,#1680,#3338,.T.);
#3338 = LINE('',#3339,#3340);
#3339 = CARTESIAN_POINT('',(-62.39803466884,-85.25937604534,-10.1));
#3340 = VECTOR('',#3341,1.);
#3341 = DIRECTION('',(0.,0.,1.));
#3342 = ORIENTED_EDGE('',*,*,#3051,.T.);
#3343 = ORIENTED_EDGE('',*,*,#3337,.T.);
#3344 = CYLINDRICAL_SURFACE('',#3345,1.25);
#3345 = AXIS2_PLACEMENT_3D('',#3346,#3347,#3348);
#3346 = CARTESIAN_POINT('',(-63.64803466884,-85.25937604534,-10.1));
#3347 = DIRECTION('',(0.,0.,1.));
#3348 = DIRECTION('',(1.,0.,0.));
#3349 = ADVANCED_FACE('',(#3350),#3368,.F.);
#3350 = FACE_BOUND('',#3351,.F.);
#3351 = EDGE_LOOP('',(#3352,#3353,#3354,#3362));
#3352 = ORIENTED_EDGE('',*,*,#1972,.F.);
#3353 = ORIENTED_EDGE('',*,*,#1805,.F.);
#3354 = ORIENTED_EDGE('',*,*,#3355,.T.);
#3355 = EDGE_CURVE('',#1798,#3356,#3358,.T.);
#3356 = VERTEX_POINT('',#3357);
#3357 = CARTESIAN_POINT('',(-63.,78.998874567306,-10.));
#3358 = LINE('',#3359,#3360);
#3359 = CARTESIAN_POINT('',(-63.,77.,-10.));
#3360 = VECTOR('',#3361,1.);
#3361 = DIRECTION('',(0.,1.,0.));
#3362 = ORIENTED_EDGE('',*,*,#3363,.T.);
#3363 = EDGE_CURVE('',#3356,#1965,#3364,.T.);
#3364 = LINE('',#3365,#3366);
#3365 = CARTESIAN_POINT('',(-63.,78.998874567306,-10.));
#3366 = VECTOR('',#3367,1.);
#3367 = DIRECTION('',(0.,0.,1.));
#3368 = PLANE('',#3369);
#3369 = AXIS2_PLACEMENT_3D('',#3370,#3371,#3372);
#3370 = CARTESIAN_POINT('',(-63.,77.,-10.));
#3371 = DIRECTION('',(1.,0.,0.));
#3372 = DIRECTION('',(0.,0.,1.));
#3373 = ADVANCED_FACE('',(#3374,#3410,#3421),#3432,.T.);
#3374 = FACE_BOUND('',#3375,.T.);
#3375 = EDGE_LOOP('',(#3376,#3377,#3385,#3393,#3401,#3407,#3408,#3409));
#3376 = ORIENTED_EDGE('',*,*,#3355,.T.);
#3377 = ORIENTED_EDGE('',*,*,#3378,.F.);
#3378 = EDGE_CURVE('',#3379,#3356,#3381,.T.);
#3379 = VERTEX_POINT('',#3380);
#3380 = CARTESIAN_POINT('',(-63.36039642392,78.746522274531,-10.));
#3381 = LINE('',#3382,#3383);
#3382 = CARTESIAN_POINT('',(-63.36039642392,78.746522274531,-10.));
#3383 = VECTOR('',#3384,1.);
#3384 = DIRECTION('',(0.819152044289,0.573576436351,0.));
#3385 = ORIENTED_EDGE('',*,*,#3386,.T.);
#3386 = EDGE_CURVE('',#3379,#3387,#3389,.T.);
#3387 = VERTEX_POINT('',#3388);
#3388 = CARTESIAN_POINT('',(-75.97907802364,96.767867248889,-10.));
#3389 = LINE('',#3390,#3391);
#3390 = CARTESIAN_POINT('',(-63.36039642392,78.746522274531,-10.));
#3391 = VECTOR('',#3392,1.);
#3392 = DIRECTION('',(-0.573576436351,0.819152044289,0.));
#3393 = ORIENTED_EDGE('',*,*,#3394,.T.);
#3394 = EDGE_CURVE('',#3387,#3395,#3397,.T.);
#3395 = VERTEX_POINT('',#3396);
#3396 = CARTESIAN_POINT('',(-65.33010144788,104.22436092145,-10.));
#3397 = LINE('',#3398,#3399);
#3398 = CARTESIAN_POINT('',(-75.97907802364,96.767867248889,-10.));
#3399 = VECTOR('',#3400,1.);
#3400 = DIRECTION('',(0.819152044289,0.573576436351,0.));
#3401 = ORIENTED_EDGE('',*,*,#3402,.F.);
#3402 = EDGE_CURVE('',#1839,#3395,#3403,.T.);
#3403 = LINE('',#3404,#3405);
#3404 = CARTESIAN_POINT('',(-52.71141984816,86.203015947095,-10.));
#3405 = VECTOR('',#3406,1.);
#3406 = DIRECTION('',(-0.573576436351,0.819152044289,0.));
#3407 = ORIENTED_EDGE('',*,*,#1838,.T.);
#3408 = ORIENTED_EDGE('',*,*,#2560,.F.);
#3409 = ORIENTED_EDGE('',*,*,#1797,.F.);
#3410 = FACE_BOUND('',#3411,.T.);
#3411 = EDGE_LOOP('',(#3412));
#3412 = ORIENTED_EDGE('',*,*,#3413,.T.);
#3413 = EDGE_CURVE('',#3414,#3414,#3416,.T.);
#3414 = VERTEX_POINT('',#3415);
#3415 = CARTESIAN_POINT('',(-62.39803466884,85.259376045349,-10.));
#3416 = CIRCLE('',#3417,1.25);
#3417 = AXIS2_PLACEMENT_3D('',#3418,#3419,#3420);
#3418 = CARTESIAN_POINT('',(-63.64803466884,85.259376045349,-10.));
#3419 = DIRECTION('',(0.,0.,1.));
#3420 = DIRECTION('',(1.,0.,0.));
#3421 = FACE_BOUND('',#3422,.T.);
#3422 = EDGE_LOOP('',(#3423));
#3423 = ORIENTED_EDGE('',*,*,#3424,.T.);
#3424 = EDGE_CURVE('',#3425,#3425,#3427,.T.);
#3425 = VERTEX_POINT('',#3426);
#3426 = CARTESIAN_POINT('',(-68.7073754687,94.270048532528,-10.));
#3427 = CIRCLE('',#3428,1.25);
#3428 = AXIS2_PLACEMENT_3D('',#3429,#3430,#3431);
#3429 = CARTESIAN_POINT('',(-69.9573754687,94.270048532528,-10.));
#3430 = DIRECTION('',(0.,0.,1.));
#3431 = DIRECTION('',(1.,0.,0.));
#3432 = PLANE('',#3433);
#3433 = AXIS2_PLACEMENT_3D('',#3434,#3435,#3436);
#3434 = CARTESIAN_POINT('',(-36.74582090701,87.700706390756,-10.));
#3435 = DIRECTION('',(-0.,-0.,-1.));
#3436 = DIRECTION('',(-1.,0.,0.));
#3437 = ADVANCED_FACE('',(#3438),#3449,.T.);
#3438 = FACE_BOUND('',#3439,.T.);
#3439 = EDGE_LOOP('',(#3440,#3441,#3442,#3448));
#3440 = ORIENTED_EDGE('',*,*,#1846,.T.);
#3441 = ORIENTED_EDGE('',*,*,#3402,.T.);
#3442 = ORIENTED_EDGE('',*,*,#3443,.T.);
#3443 = EDGE_CURVE('',#3395,#1873,#3444,.T.);
#3444 = LINE('',#3445,#3446);
#3445 = CARTESIAN_POINT('',(-65.33010144788,104.22436092145,-10.));
#3446 = VECTOR('',#3447,1.);
#3447 = DIRECTION('',(0.,0.,1.));
#3448 = ORIENTED_EDGE('',*,*,#1872,.F.);
#3449 = PLANE('',#3450);
#3450 = AXIS2_PLACEMENT_3D('',#3451,#3452,#3453);
#3451 = CARTESIAN_POINT('',(-52.71141984816,86.203015947095,-10.));
#3452 = DIRECTION('',(0.819152044289,0.573576436351,0.));
#3453 = DIRECTION('',(0.,0.,1.));
#3454 = ADVANCED_FACE('',(#3455),#3466,.F.);
#3455 = FACE_BOUND('',#3456,.F.);
#3456 = EDGE_LOOP('',(#3457,#3458,#3464,#3465));
#3457 = ORIENTED_EDGE('',*,*,#3378,.F.);
#3458 = ORIENTED_EDGE('',*,*,#3459,.T.);
#3459 = EDGE_CURVE('',#3379,#1957,#3460,.T.);
#3460 = LINE('',#3461,#3462);
#3461 = CARTESIAN_POINT('',(-63.36039642392,78.746522274531,-10.));
#3462 = VECTOR('',#3463,1.);
#3463 = DIRECTION('',(0.,0.,1.));
#3464 = ORIENTED_EDGE('',*,*,#1964,.T.);
#3465 = ORIENTED_EDGE('',*,*,#3363,.F.);
#3466 = PLANE('',#3467);
#3467 = AXIS2_PLACEMENT_3D('',#3468,#3469,#3470);
#3468 = CARTESIAN_POINT('',(-63.36039642392,78.746522274531,-10.));
#3469 = DIRECTION('',(-0.573576436351,0.819152044289,0.));
#3470 = DIRECTION('',(0.,0.,1.));
#3471 = ADVANCED_FACE('',(#3472),#3506,.T.);
#3472 = FACE_BOUND('',#3473,.T.);
#3473 = EDGE_LOOP('',(#3474,#3475,#3476,#3484,#3492,#3498,#3499,#3505));
#3474 = ORIENTED_EDGE('',*,*,#3459,.T.);
#3475 = ORIENTED_EDGE('',*,*,#1956,.T.);
#3476 = ORIENTED_EDGE('',*,*,#3477,.T.);
#3477 = EDGE_CURVE('',#1948,#3478,#3480,.T.);
#3478 = VERTEX_POINT('',#3479);
#3479 = CARTESIAN_POINT('',(-68.86673021289,86.610381899705,-2.));
#3480 = LINE('',#3481,#3482);
#3481 = CARTESIAN_POINT('',(-68.86673021289,86.610381899705,-4.));
#3482 = VECTOR('',#3483,1.);
#3483 = DIRECTION('',(0.,0.,1.));
#3484 = ORIENTED_EDGE('',*,*,#3485,.T.);
#3485 = EDGE_CURVE('',#3478,#3486,#3488,.T.);
#3486 = VERTEX_POINT('',#3487);
#3487 = CARTESIAN_POINT('',(-70.47274423467,88.904007623715,-2.));
#3488 = LINE('',#3489,#3490);
#3489 = CARTESIAN_POINT('',(-68.52258435108,86.118890673132,-2.));
#3490 = VECTOR('',#3491,1.);
#3491 = DIRECTION('',(-0.573576436351,0.819152044289,0.));
#3492 = ORIENTED_EDGE('',*,*,#3493,.F.);
#3493 = EDGE_CURVE('',#1889,#3486,#3494,.T.);
#3494 = LINE('',#3495,#3496);
#3495 = CARTESIAN_POINT('',(-70.47274423467,88.904007623715,-4.));
#3496 = VECTOR('',#3497,1.);
#3497 = DIRECTION('',(0.,0.,1.));
#3498 = ORIENTED_EDGE('',*,*,#1888,.T.);
#3499 = ORIENTED_EDGE('',*,*,#3500,.F.);
#3500 = EDGE_CURVE('',#3387,#1881,#3501,.T.);
#3501 = LINE('',#3502,#3503);
#3502 = CARTESIAN_POINT('',(-75.97907802364,96.767867248889,-10.));
#3503 = VECTOR('',#3504,1.);
#3504 = DIRECTION('',(0.,0.,1.));
#3505 = ORIENTED_EDGE('',*,*,#3386,.F.);
#3506 = PLANE('',#3507);
#3507 = AXIS2_PLACEMENT_3D('',#3508,#3509,#3510);
#3508 = CARTESIAN_POINT('',(-69.66973722378,87.75719476171,-6.64));
#3509 = DIRECTION('',(-0.819152044289,-0.573576436351,-2.43E-15));
#3510 = DIRECTION('',(0.573576436351,-0.819152044289,1.972152263053E-31)
  );
#3511 = ADVANCED_FACE('',(#3512),#3531,.T.);
#3512 = FACE_BOUND('',#3513,.T.);
#3513 = EDGE_LOOP('',(#3514,#3515,#3523,#3530));
#3514 = ORIENTED_EDGE('',*,*,#1947,.T.);
#3515 = ORIENTED_EDGE('',*,*,#3516,.T.);
#3516 = EDGE_CURVE('',#1940,#3517,#3519,.T.);
#3517 = VERTEX_POINT('',#3518);
#3518 = CARTESIAN_POINT('',(-68.0310931245,86.463036534943,-2.));
#3519 = LINE('',#3520,#3521);
#3520 = CARTESIAN_POINT('',(-68.0310931245,86.463036534943,-4.));
#3521 = VECTOR('',#3522,1.);
#3522 = DIRECTION('',(0.,0.,1.));
#3523 = ORIENTED_EDGE('',*,*,#3524,.F.);
#3524 = EDGE_CURVE('',#3478,#3517,#3525,.T.);
#3525 = CIRCLE('',#3526,0.6);
#3526 = AXIS2_PLACEMENT_3D('',#3527,#3528,#3529);
#3527 = CARTESIAN_POINT('',(-68.37523898631,86.954527761516,-2.));
#3528 = DIRECTION('',(-0.,0.,1.));
#3529 = DIRECTION('',(0.573576436351,-0.819152044289,0.));
#3530 = ORIENTED_EDGE('',*,*,#3477,.F.);
#3531 = CYLINDRICAL_SURFACE('',#3532,0.6);
#3532 = AXIS2_PLACEMENT_3D('',#3533,#3534,#3535);
#3533 = CARTESIAN_POINT('',(-68.37523898631,86.954527761516,-4.));
#3534 = DIRECTION('',(0.,0.,1.));
#3535 = DIRECTION('',(-0.819152044289,-0.573576436351,0.));
#3536 = ADVANCED_FACE('',(#3537),#3555,.F.);
#3537 = FACE_BOUND('',#3538,.F.);
#3538 = EDGE_LOOP('',(#3539,#3540,#3541,#3549));
#3539 = ORIENTED_EDGE('',*,*,#1939,.F.);
#3540 = ORIENTED_EDGE('',*,*,#3516,.T.);
#3541 = ORIENTED_EDGE('',*,*,#3542,.T.);
#3542 = EDGE_CURVE('',#3517,#3543,#3545,.T.);
#3543 = VERTEX_POINT('',#3544);
#3544 = CARTESIAN_POINT('',(-63.28001126763,89.789779865779,-2.));
#3545 = LINE('',#3546,#3547);
#3546 = CARTESIAN_POINT('',(-68.52258435108,86.118890673132,-2.));
#3547 = VECTOR('',#3548,1.);
#3548 = DIRECTION('',(0.819152044289,0.573576436351,0.));
#3549 = ORIENTED_EDGE('',*,*,#3550,.F.);
#3550 = EDGE_CURVE('',#1931,#3543,#3551,.T.);
#3551 = LINE('',#3552,#3553);
#3552 = CARTESIAN_POINT('',(-63.28001126763,89.789779865779,-4.));
#3553 = VECTOR('',#3554,1.);
#3554 = DIRECTION('',(0.,0.,1.));
#3555 = PLANE('',#3556);
#3556 = AXIS2_PLACEMENT_3D('',#3557,#3558,#3559);
#3557 = CARTESIAN_POINT('',(-68.52258435108,86.118890673132,-4.));
#3558 = DIRECTION('',(-0.573576436351,0.819152044289,0.));
#3559 = DIRECTION('',(0.,0.,1.));
#3560 = ADVANCED_FACE('',(#3561),#3580,.T.);
#3561 = FACE_BOUND('',#3562,.F.);
#3562 = EDGE_LOOP('',(#3563,#3564,#3565,#3574));
#3563 = ORIENTED_EDGE('',*,*,#1930,.T.);
#3564 = ORIENTED_EDGE('',*,*,#3550,.T.);
#3565 = ORIENTED_EDGE('',*,*,#3566,.F.);
#3566 = EDGE_CURVE('',#3567,#3543,#3569,.T.);
#3567 = VERTEX_POINT('',#3568);
#3568 = CARTESIAN_POINT('',(-63.13266590287,90.625416954163,-2.));
#3569 = CIRCLE('',#3570,0.6);
#3570 = AXIS2_PLACEMENT_3D('',#3571,#3572,#3573);
#3571 = CARTESIAN_POINT('',(-63.62415712944,90.281271092352,-2.));
#3572 = DIRECTION('',(0.,-0.,-1.));
#3573 = DIRECTION('',(0.573576436351,-0.819152044289,0.));
#3574 = ORIENTED_EDGE('',*,*,#3575,.F.);
#3575 = EDGE_CURVE('',#1923,#3567,#3576,.T.);
#3576 = LINE('',#3577,#3578);
#3577 = CARTESIAN_POINT('',(-63.13266590287,90.625416954163,-4.));
#3578 = VECTOR('',#3579,1.);
#3579 = DIRECTION('',(0.,0.,1.));
#3580 = CYLINDRICAL_SURFACE('',#3581,0.6);
#3581 = AXIS2_PLACEMENT_3D('',#3582,#3583,#3584);
#3582 = CARTESIAN_POINT('',(-63.62415712944,90.281271092352,-4.));
#3583 = DIRECTION('',(0.,0.,1.));
#3584 = DIRECTION('',(0.819152044289,0.573576436351,0.));
#3585 = ADVANCED_FACE('',(#3586),#3604,.T.);
#3586 = FACE_BOUND('',#3587,.T.);
#3587 = EDGE_LOOP('',(#3588,#3596,#3597,#3598));
#3588 = ORIENTED_EDGE('',*,*,#3589,.F.);
#3589 = EDGE_CURVE('',#3567,#3590,#3592,.T.);
#3590 = VERTEX_POINT('',#3591);
#3591 = CARTESIAN_POINT('',(-64.73867992465,92.919042678172,-2.));
#3592 = LINE('',#3593,#3594);
#3593 = CARTESIAN_POINT('',(-62.78852004105,90.133925727589,-2.));
#3594 = VECTOR('',#3595,1.);
#3595 = DIRECTION('',(-0.573576436351,0.819152044289,0.));
#3596 = ORIENTED_EDGE('',*,*,#3575,.F.);
#3597 = ORIENTED_EDGE('',*,*,#1922,.T.);
#3598 = ORIENTED_EDGE('',*,*,#3599,.T.);
#3599 = EDGE_CURVE('',#1914,#3590,#3600,.T.);
#3600 = LINE('',#3601,#3602);
#3601 = CARTESIAN_POINT('',(-64.73867992465,92.919042678172,-4.));
#3602 = VECTOR('',#3603,1.);
#3603 = DIRECTION('',(0.,0.,1.));
#3604 = PLANE('',#3605);
#3605 = AXIS2_PLACEMENT_3D('',#3606,#3607,#3608);
#3606 = CARTESIAN_POINT('',(-62.78852004105,90.133925727589,-4.));
#3607 = DIRECTION('',(0.819152044289,0.573576436351,0.));
#3608 = DIRECTION('',(0.,0.,1.));
#3609 = ADVANCED_FACE('',(#3610),#3629,.T.);
#3610 = FACE_BOUND('',#3611,.T.);
#3611 = EDGE_LOOP('',(#3612,#3613,#3621,#3628));
#3612 = ORIENTED_EDGE('',*,*,#1913,.T.);
#3613 = ORIENTED_EDGE('',*,*,#3614,.T.);
#3614 = EDGE_CURVE('',#1906,#3615,#3617,.T.);
#3615 = VERTEX_POINT('',#3616);
#3616 = CARTESIAN_POINT('',(-65.57431701303,93.066388042935,-2.));
#3617 = LINE('',#3618,#3619);
#3618 = CARTESIAN_POINT('',(-65.57431701303,93.066388042935,-4.));
#3619 = VECTOR('',#3620,1.);
#3620 = DIRECTION('',(0.,0.,1.));
#3621 = ORIENTED_EDGE('',*,*,#3622,.F.);
#3622 = EDGE_CURVE('',#3590,#3615,#3623,.T.);
#3623 = CIRCLE('',#3624,0.6);
#3624 = AXIS2_PLACEMENT_3D('',#3625,#3626,#3627);
#3625 = CARTESIAN_POINT('',(-65.23017115122,92.574896816361,-2.));
#3626 = DIRECTION('',(-0.,0.,1.));
#3627 = DIRECTION('',(0.573576436351,-0.819152044289,0.));
#3628 = ORIENTED_EDGE('',*,*,#3599,.F.);
#3629 = CYLINDRICAL_SURFACE('',#3630,0.6);
#3630 = AXIS2_PLACEMENT_3D('',#3631,#3632,#3633);
#3631 = CARTESIAN_POINT('',(-65.23017115122,92.574896816361,-4.));
#3632 = DIRECTION('',(0.,0.,1.));
#3633 = DIRECTION('',(0.819152044289,0.573576436351,0.));
#3634 = ADVANCED_FACE('',(#3635),#3653,.T.);
#3635 = FACE_BOUND('',#3636,.T.);
#3636 = EDGE_LOOP('',(#3637,#3638,#3646,#3652));
#3637 = ORIENTED_EDGE('',*,*,#1905,.F.);
#3638 = ORIENTED_EDGE('',*,*,#3639,.T.);
#3639 = EDGE_CURVE('',#1897,#3640,#3642,.T.);
#3640 = VERTEX_POINT('',#3641);
#3641 = CARTESIAN_POINT('',(-70.32539886991,89.739644712099,-2.));
#3642 = LINE('',#3643,#3644);
#3643 = CARTESIAN_POINT('',(-70.32539886991,89.739644712099,-4.));
#3644 = VECTOR('',#3645,1.);
#3645 = DIRECTION('',(0.,0.,1.));
#3646 = ORIENTED_EDGE('',*,*,#3647,.T.);
#3647 = EDGE_CURVE('',#3640,#3615,#3648,.T.);
#3648 = LINE('',#3649,#3650);
#3649 = CARTESIAN_POINT('',(-70.81689009648,89.395498850288,-2.));
#3650 = VECTOR('',#3651,1.);
#3651 = DIRECTION('',(0.819152044289,0.573576436351,0.));
#3652 = ORIENTED_EDGE('',*,*,#3614,.F.);
#3653 = PLANE('',#3654);
#3654 = AXIS2_PLACEMENT_3D('',#3655,#3656,#3657);
#3655 = CARTESIAN_POINT('',(-70.81689009648,89.395498850288,-4.));
#3656 = DIRECTION('',(-0.573576436351,0.819152044289,0.));
#3657 = DIRECTION('',(0.,0.,1.));
#3658 = ADVANCED_FACE('',(#3659),#3671,.T.);
#3659 = FACE_BOUND('',#3660,.F.);
#3660 = EDGE_LOOP('',(#3661,#3662,#3663,#3670));
#3661 = ORIENTED_EDGE('',*,*,#1896,.T.);
#3662 = ORIENTED_EDGE('',*,*,#3639,.T.);
#3663 = ORIENTED_EDGE('',*,*,#3664,.F.);
#3664 = EDGE_CURVE('',#3486,#3640,#3665,.T.);
#3665 = CIRCLE('',#3666,0.6);
#3666 = AXIS2_PLACEMENT_3D('',#3667,#3668,#3669);
#3667 = CARTESIAN_POINT('',(-69.9812530081,89.248153485525,-2.));
#3668 = DIRECTION('',(0.,-0.,-1.));
#3669 = DIRECTION('',(0.573576436351,-0.819152044289,0.));
#3670 = ORIENTED_EDGE('',*,*,#3493,.F.);
#3671 = CYLINDRICAL_SURFACE('',#3672,0.6);
#3672 = AXIS2_PLACEMENT_3D('',#3673,#3674,#3675);
#3673 = CARTESIAN_POINT('',(-69.9812530081,89.248153485525,-4.));
#3674 = DIRECTION('',(0.,0.,1.));
#3675 = DIRECTION('',(-0.819152044289,-0.573576436351,0.));
#3676 = ADVANCED_FACE('',(#3677),#3683,.T.);
#3677 = FACE_BOUND('',#3678,.T.);
#3678 = EDGE_LOOP('',(#3679,#3680,#3681,#3682));
#3679 = ORIENTED_EDGE('',*,*,#3394,.F.);
#3680 = ORIENTED_EDGE('',*,*,#3500,.T.);
#3681 = ORIENTED_EDGE('',*,*,#1880,.T.);
#3682 = ORIENTED_EDGE('',*,*,#3443,.F.);
#3683 = PLANE('',#3684);
#3684 = AXIS2_PLACEMENT_3D('',#3685,#3686,#3687);
#3685 = CARTESIAN_POINT('',(-75.97907802364,96.767867248889,-10.));
#3686 = DIRECTION('',(-0.573576436351,0.819152044289,0.));
#3687 = DIRECTION('',(0.,0.,1.));
#3688 = ADVANCED_FACE('',(#3689),#3700,.F.);
#3689 = FACE_BOUND('',#3690,.F.);
#3690 = EDGE_LOOP('',(#3691,#3692,#3698,#3699));
#3691 = ORIENTED_EDGE('',*,*,#1982,.F.);
#3692 = ORIENTED_EDGE('',*,*,#3693,.F.);
#3693 = EDGE_CURVE('',#3414,#1983,#3694,.T.);
#3694 = LINE('',#3695,#3696);
#3695 = CARTESIAN_POINT('',(-62.39803466884,85.259376045349,-10.1));
#3696 = VECTOR('',#3697,1.);
#3697 = DIRECTION('',(0.,0.,1.));
#3698 = ORIENTED_EDGE('',*,*,#3413,.T.);
#3699 = ORIENTED_EDGE('',*,*,#3693,.T.);
#3700 = CYLINDRICAL_SURFACE('',#3701,1.25);
#3701 = AXIS2_PLACEMENT_3D('',#3702,#3703,#3704);
#3702 = CARTESIAN_POINT('',(-63.64803466884,85.259376045349,-10.1));
#3703 = DIRECTION('',(0.,0.,1.));
#3704 = DIRECTION('',(1.,0.,0.));
#3705 = ADVANCED_FACE('',(#3706),#3717,.F.);
#3706 = FACE_BOUND('',#3707,.F.);
#3707 = EDGE_LOOP('',(#3708,#3709,#3715,#3716));
#3708 = ORIENTED_EDGE('',*,*,#1993,.F.);
#3709 = ORIENTED_EDGE('',*,*,#3710,.F.);
#3710 = EDGE_CURVE('',#3425,#1994,#3711,.T.);
#3711 = LINE('',#3712,#3713);
#3712 = CARTESIAN_POINT('',(-68.7073754687,94.270048532528,-10.1));
#3713 = VECTOR('',#3714,1.);
#3714 = DIRECTION('',(0.,0.,1.));
#3715 = ORIENTED_EDGE('',*,*,#3424,.T.);
#3716 = ORIENTED_EDGE('',*,*,#3710,.T.);
#3717 = CYLINDRICAL_SURFACE('',#3718,1.25);
#3718 = AXIS2_PLACEMENT_3D('',#3719,#3720,#3721);
#3719 = CARTESIAN_POINT('',(-69.9573754687,94.270048532528,-10.1));
#3720 = DIRECTION('',(0.,0.,1.));
#3721 = DIRECTION('',(1.,0.,0.));
#3722 = ADVANCED_FACE('',(#3723),#3752,.T.);
#3723 = FACE_BOUND('',#3724,.T.);
#3724 = EDGE_LOOP('',(#3725,#3734,#3743,#3750,#3751));
#3725 = ORIENTED_EDGE('',*,*,#3726,.F.);
#3726 = EDGE_CURVE('',#3727,#2940,#3729,.T.);
#3727 = VERTEX_POINT('',#3728);
#3728 = CARTESIAN_POINT('',(46.,-71.,-8.));
#3729 = CIRCLE('',#3730,4.);
#3730 = AXIS2_PLACEMENT_3D('',#3731,#3732,#3733);
#3731 = CARTESIAN_POINT('',(46.,-71.,-4.));
#3732 = DIRECTION('',(0.,1.,-0.));
#3733 = DIRECTION('',(-1.,0.,0.));
#3734 = ORIENTED_EDGE('',*,*,#3735,.T.);
#3735 = EDGE_CURVE('',#3727,#3736,#3738,.T.);
#3736 = VERTEX_POINT('',#3737);
#3737 = CARTESIAN_POINT('',(46.,-75.,-4.));
#3738 = CIRCLE('',#3739,4.);
#3739 = AXIS2_PLACEMENT_3D('',#3740,#3741,#3742);
#3740 = CARTESIAN_POINT('',(46.,-71.,-4.));
#3741 = DIRECTION('',(-1.,6.E-17,0.));
#3742 = DIRECTION('',(-6.E-17,-1.,0.));
#3743 = ORIENTED_EDGE('',*,*,#3744,.F.);
#3744 = EDGE_CURVE('',#2150,#3736,#3745,.T.);
#3745 = CIRCLE('',#3746,4.);
#3746 = AXIS2_PLACEMENT_3D('',#3747,#3748,#3749);
#3747 = CARTESIAN_POINT('',(46.,-71.,-4.));
#3748 = DIRECTION('',(0.,0.,1.));
#3749 = DIRECTION('',(-1.,0.,0.));
#3750 = ORIENTED_EDGE('',*,*,#2157,.F.);
#3751 = ORIENTED_EDGE('',*,*,#2952,.T.);
#3752 = SPHERICAL_SURFACE('',#3753,4.);
#3753 = AXIS2_PLACEMENT_3D('',#3754,#3755,#3756);
#3754 = CARTESIAN_POINT('',(46.,-71.,-4.));
#3755 = DIRECTION('',(0.,0.,1.));
#3756 = DIRECTION('',(-1.,0.,0.));
#3757 = ADVANCED_FACE('',(#3758),#3769,.T.);
#3758 = FACE_BOUND('',#3759,.T.);
#3759 = EDGE_LOOP('',(#3760,#3761,#3762,#3768));
#3760 = ORIENTED_EDGE('',*,*,#2149,.F.);
#3761 = ORIENTED_EDGE('',*,*,#3744,.T.);
#3762 = ORIENTED_EDGE('',*,*,#3763,.T.);
#3763 = EDGE_CURVE('',#3736,#2294,#3764,.T.);
#3764 = LINE('',#3765,#3766);
#3765 = CARTESIAN_POINT('',(46.,-75.,-8.));
#3766 = VECTOR('',#3767,1.);
#3767 = DIRECTION('',(0.,0.,1.));
#3768 = ORIENTED_EDGE('',*,*,#2302,.F.);
#3769 = CYLINDRICAL_SURFACE('',#3770,4.);
#3770 = AXIS2_PLACEMENT_3D('',#3771,#3772,#3773);
#3771 = CARTESIAN_POINT('',(46.,-71.,-8.));
#3772 = DIRECTION('',(0.,0.,1.));
#3773 = DIRECTION('',(-1.,0.,0.));
#3774 = ADVANCED_FACE('',(#3775),#3804,.T.);
#3775 = FACE_BOUND('',#3776,.F.);
#3776 = EDGE_LOOP('',(#3777,#3786,#3795,#3802,#3803));
#3777 = ORIENTED_EDGE('',*,*,#3778,.F.);
#3778 = EDGE_CURVE('',#3779,#2594,#3781,.T.);
#3779 = VERTEX_POINT('',#3780);
#3780 = CARTESIAN_POINT('',(46.,71.,-8.));
#3781 = CIRCLE('',#3782,4.);
#3782 = AXIS2_PLACEMENT_3D('',#3783,#3784,#3785);
#3783 = CARTESIAN_POINT('',(46.,71.,-4.));
#3784 = DIRECTION('',(0.,1.,-0.));
#3785 = DIRECTION('',(-1.,0.,0.));
#3786 = ORIENTED_EDGE('',*,*,#3787,.T.);
#3787 = EDGE_CURVE('',#3779,#3788,#3790,.T.);
#3788 = VERTEX_POINT('',#3789);
#3789 = CARTESIAN_POINT('',(46.,75.,-4.));
#3790 = CIRCLE('',#3791,4.);
#3791 = AXIS2_PLACEMENT_3D('',#3792,#3793,#3794);
#3792 = CARTESIAN_POINT('',(46.,71.,-4.));
#3793 = DIRECTION('',(1.,6.E-17,-0.));
#3794 = DIRECTION('',(-6.E-17,1.,0.));
#3795 = ORIENTED_EDGE('',*,*,#3796,.F.);
#3796 = EDGE_CURVE('',#2221,#3788,#3797,.T.);
#3797 = CIRCLE('',#3798,4.);
#3798 = AXIS2_PLACEMENT_3D('',#3799,#3800,#3801);
#3799 = CARTESIAN_POINT('',(46.,71.,-4.));
#3800 = DIRECTION('',(0.,0.,-1.));
#3801 = DIRECTION('',(-1.,0.,0.));
#3802 = ORIENTED_EDGE('',*,*,#2228,.F.);
#3803 = ORIENTED_EDGE('',*,*,#2606,.T.);
#3804 = SPHERICAL_SURFACE('',#3805,4.);
#3805 = AXIS2_PLACEMENT_3D('',#3806,#3807,#3808);
#3806 = CARTESIAN_POINT('',(46.,71.,-4.));
#3807 = DIRECTION('',(0.,0.,1.));
#3808 = DIRECTION('',(-1.,0.,0.));
#3809 = ADVANCED_FACE('',(#3810),#3821,.T.);
#3810 = FACE_BOUND('',#3811,.F.);
#3811 = EDGE_LOOP('',(#3812,#3813,#3814,#3820));
#3812 = ORIENTED_EDGE('',*,*,#2220,.F.);
#3813 = ORIENTED_EDGE('',*,*,#3796,.T.);
#3814 = ORIENTED_EDGE('',*,*,#3815,.T.);
#3815 = EDGE_CURVE('',#3788,#2396,#3816,.T.);
#3816 = LINE('',#3817,#3818);
#3817 = CARTESIAN_POINT('',(46.,75.,-8.));
#3818 = VECTOR('',#3819,1.);
#3819 = DIRECTION('',(0.,0.,1.));
#3820 = ORIENTED_EDGE('',*,*,#2395,.T.);
#3821 = CYLINDRICAL_SURFACE('',#3822,4.);
#3822 = AXIS2_PLACEMENT_3D('',#3823,#3824,#3825);
#3823 = CARTESIAN_POINT('',(46.,71.,-8.));
#3824 = DIRECTION('',(0.,0.,1.));
#3825 = DIRECTION('',(-1.,0.,0.));
#3826 = ADVANCED_FACE('',(#3827),#3853,.T.);
#3827 = FACE_BOUND('',#3828,.F.);
#3828 = EDGE_LOOP('',(#3829,#3830,#3838,#3847));
#3829 = ORIENTED_EDGE('',*,*,#2293,.F.);
#3830 = ORIENTED_EDGE('',*,*,#3831,.T.);
#3831 = EDGE_CURVE('',#2285,#3832,#3834,.T.);
#3832 = VERTEX_POINT('',#3833);
#3833 = CARTESIAN_POINT('',(56.,-71.,8.));
#3834 = LINE('',#3835,#3836);
#3835 = CARTESIAN_POINT('',(42.,-71.,8.));
#3836 = VECTOR('',#3837,1.);
#3837 = DIRECTION('',(1.,0.,0.));
#3838 = ORIENTED_EDGE('',*,*,#3839,.T.);
#3839 = EDGE_CURVE('',#3832,#3840,#3842,.T.);
#3840 = VERTEX_POINT('',#3841);
#3841 = CARTESIAN_POINT('',(56.,-75.,4.));
#3842 = CIRCLE('',#3843,4.);
#3843 = AXIS2_PLACEMENT_3D('',#3844,#3845,#3846);
#3844 = CARTESIAN_POINT('',(56.,-71.,4.));
#3845 = DIRECTION('',(1.,6.E-17,0.));
#3846 = DIRECTION('',(6.E-17,-1.,0.));
#3847 = ORIENTED_EDGE('',*,*,#3848,.F.);
#3848 = EDGE_CURVE('',#2294,#3840,#3849,.T.);
#3849 = LINE('',#3850,#3851);
#3850 = CARTESIAN_POINT('',(42.,-75.,4.));
#3851 = VECTOR('',#3852,1.);
#3852 = DIRECTION('',(1.,0.,0.));
#3853 = CYLINDRICAL_SURFACE('',#3854,4.);
#3854 = AXIS2_PLACEMENT_3D('',#3855,#3856,#3857);
#3855 = CARTESIAN_POINT('',(42.,-71.,4.));
#3856 = DIRECTION('',(1.,0.,0.));
#3857 = DIRECTION('',(0.,-1.,0.));
#3858 = ADVANCED_FACE('',(#3859),#3870,.F.);
#3859 = FACE_BOUND('',#3860,.F.);
#3860 = EDGE_LOOP('',(#3861,#3862,#3868,#3869));
#3861 = ORIENTED_EDGE('',*,*,#2452,.F.);
#3862 = ORIENTED_EDGE('',*,*,#3863,.T.);
#3863 = EDGE_CURVE('',#2453,#2511,#3864,.T.);
#3864 = LINE('',#3865,#3866);
#3865 = CARTESIAN_POINT('',(42.,-75.,-4.));
#3866 = VECTOR('',#3867,1.);
#3867 = DIRECTION('',(0.,1.,0.));
#3868 = ORIENTED_EDGE('',*,*,#2510,.T.);
#3869 = ORIENTED_EDGE('',*,*,#2352,.F.);
#3870 = PLANE('',#3871);
#3871 = AXIS2_PLACEMENT_3D('',#3872,#3873,#3874);
#3872 = CARTESIAN_POINT('',(42.,-75.,-8.));
#3873 = DIRECTION('',(1.,0.,0.));
#3874 = DIRECTION('',(0.,0.,1.));
#3875 = ADVANCED_FACE('',(#3876),#3894,.T.);
#3876 = FACE_BOUND('',#3877,.T.);
#3877 = EDGE_LOOP('',(#3878,#3879,#3880,#3888));
#3878 = ORIENTED_EDGE('',*,*,#2320,.F.);
#3879 = ORIENTED_EDGE('',*,*,#3831,.T.);
#3880 = ORIENTED_EDGE('',*,*,#3881,.T.);
#3881 = EDGE_CURVE('',#3832,#3882,#3884,.T.);
#3882 = VERTEX_POINT('',#3883);
#3883 = CARTESIAN_POINT('',(56.,71.,8.));
#3884 = LINE('',#3885,#3886);
#3885 = CARTESIAN_POINT('',(56.,-75.,8.));
#3886 = VECTOR('',#3887,1.);
#3887 = DIRECTION('',(0.,1.,0.));
#3888 = ORIENTED_EDGE('',*,*,#3889,.F.);
#3889 = EDGE_CURVE('',#2321,#3882,#3890,.T.);
#3890 = LINE('',#3891,#3892);
#3891 = CARTESIAN_POINT('',(42.,71.,8.));
#3892 = VECTOR('',#3893,1.);
#3893 = DIRECTION('',(1.,0.,0.));
#3894 = PLANE('',#3895);
#3895 = AXIS2_PLACEMENT_3D('',#3896,#3897,#3898);
#3896 = CARTESIAN_POINT('',(42.,-75.,8.));
#3897 = DIRECTION('',(0.,0.,1.));
#3898 = DIRECTION('',(1.,0.,0.));
#3899 = ADVANCED_FACE('',(#3900),#3919,.T.);
#3900 = FACE_BOUND('',#3901,.T.);
#3901 = EDGE_LOOP('',(#3902,#3903,#3904,#3913));
#3902 = ORIENTED_EDGE('',*,*,#2404,.T.);
#3903 = ORIENTED_EDGE('',*,*,#3889,.T.);
#3904 = ORIENTED_EDGE('',*,*,#3905,.F.);
#3905 = EDGE_CURVE('',#3906,#3882,#3908,.T.);
#3906 = VERTEX_POINT('',#3907);
#3907 = CARTESIAN_POINT('',(56.,75.,4.));
#3908 = CIRCLE('',#3909,4.);
#3909 = AXIS2_PLACEMENT_3D('',#3910,#3911,#3912);
#3910 = CARTESIAN_POINT('',(56.,71.,4.));
#3911 = DIRECTION('',(1.,0.,-6.E-17));
#3912 = DIRECTION('',(6.E-17,0.,1.));
#3913 = ORIENTED_EDGE('',*,*,#3914,.F.);
#3914 = EDGE_CURVE('',#2396,#3906,#3915,.T.);
#3915 = LINE('',#3916,#3917);
#3916 = CARTESIAN_POINT('',(42.,75.,4.));
#3917 = VECTOR('',#3918,1.);
#3918 = DIRECTION('',(1.,0.,0.));
#3919 = CYLINDRICAL_SURFACE('',#3920,4.);
#3920 = AXIS2_PLACEMENT_3D('',#3921,#3922,#3923);
#3921 = CARTESIAN_POINT('',(42.,71.,4.));
#3922 = DIRECTION('',(1.,0.,0.));
#3923 = DIRECTION('',(0.,1.,0.));
#3924 = ADVANCED_FACE('',(#3925),#3954,.T.);
#3925 = FACE_BOUND('',#3926,.F.);
#3926 = EDGE_LOOP('',(#3927,#3928,#3934,#3935,#3936,#3942,#3943,#3944,
    #3945,#3946,#3947,#3953));
#3927 = ORIENTED_EDGE('',*,*,#3726,.F.);
#3928 = ORIENTED_EDGE('',*,*,#3929,.T.);
#3929 = EDGE_CURVE('',#3727,#3779,#3930,.T.);
#3930 = LINE('',#3931,#3932);
#3931 = CARTESIAN_POINT('',(46.,-75.,-8.));
#3932 = VECTOR('',#3933,1.);
#3933 = DIRECTION('',(0.,1.,0.));
#3934 = ORIENTED_EDGE('',*,*,#3778,.T.);
#3935 = ORIENTED_EDGE('',*,*,#2593,.T.);
#3936 = ORIENTED_EDGE('',*,*,#3937,.F.);
#3937 = EDGE_CURVE('',#2695,#2586,#3938,.T.);
#3938 = LINE('',#3939,#3940);
#3939 = CARTESIAN_POINT('',(43.354248688935,-75.,-7.));
#3940 = VECTOR('',#3941,1.);
#3941 = DIRECTION('',(0.,1.,0.));
#3942 = ORIENTED_EDGE('',*,*,#2702,.F.);
#3943 = ORIENTED_EDGE('',*,*,#2518,.T.);
#3944 = ORIENTED_EDGE('',*,*,#3863,.F.);
#3945 = ORIENTED_EDGE('',*,*,#2460,.F.);
#3946 = ORIENTED_EDGE('',*,*,#2830,.T.);
#3947 = ORIENTED_EDGE('',*,*,#3948,.F.);
#3948 = EDGE_CURVE('',#2932,#2823,#3949,.T.);
#3949 = LINE('',#3950,#3951);
#3950 = CARTESIAN_POINT('',(43.354248688935,-75.,-7.));
#3951 = VECTOR('',#3952,1.);
#3952 = DIRECTION('',(0.,1.,0.));
#3953 = ORIENTED_EDGE('',*,*,#2939,.F.);
#3954 = CYLINDRICAL_SURFACE('',#3955,4.);
#3955 = AXIS2_PLACEMENT_3D('',#3956,#3957,#3958);
#3956 = CARTESIAN_POINT('',(46.,-75.,-4.));
#3957 = DIRECTION('',(0.,1.,0.));
#3958 = DIRECTION('',(-1.,0.,0.));
#3959 = ADVANCED_FACE('',(#3960),#3966,.F.);
#3960 = FACE_BOUND('',#3961,.F.);
#3961 = EDGE_LOOP('',(#3962,#3963,#3964,#3965));
#3962 = ORIENTED_EDGE('',*,*,#2660,.F.);
#3963 = ORIENTED_EDGE('',*,*,#2694,.T.);
#3964 = ORIENTED_EDGE('',*,*,#3937,.T.);
#3965 = ORIENTED_EDGE('',*,*,#2585,.F.);
#3966 = PLANE('',#3967);
#3967 = AXIS2_PLACEMENT_3D('',#3968,#3969,#3970);
#3968 = CARTESIAN_POINT('',(-1.,54.,-7.));
#3969 = DIRECTION('',(0.,0.,1.));
#3970 = DIRECTION('',(1.,0.,0.));
#3971 = ADVANCED_FACE('',(#3972),#3978,.F.);
#3972 = FACE_BOUND('',#3973,.F.);
#3973 = EDGE_LOOP('',(#3974,#3975,#3976,#3977));
#3974 = ORIENTED_EDGE('',*,*,#2897,.F.);
#3975 = ORIENTED_EDGE('',*,*,#2931,.T.);
#3976 = ORIENTED_EDGE('',*,*,#3948,.T.);
#3977 = ORIENTED_EDGE('',*,*,#2822,.F.);
#3978 = PLANE('',#3979);
#3979 = AXIS2_PLACEMENT_3D('',#3980,#3981,#3982);
#3980 = CARTESIAN_POINT('',(-1.,-72.,-7.));
#3981 = DIRECTION('',(0.,0.,1.));
#3982 = DIRECTION('',(1.,0.,0.));
#3983 = ADVANCED_FACE('',(#3984),#3994,.T.);
#3984 = FACE_BOUND('',#3985,.T.);
#3985 = EDGE_LOOP('',(#3986,#3987,#3988,#3989,#3990,#3991,#3992,#3993));
#3986 = ORIENTED_EDGE('',*,*,#3095,.F.);
#3987 = ORIENTED_EDGE('',*,*,#3134,.T.);
#3988 = ORIENTED_EDGE('',*,*,#3152,.T.);
#3989 = ORIENTED_EDGE('',*,*,#3176,.F.);
#3990 = ORIENTED_EDGE('',*,*,#3199,.T.);
#3991 = ORIENTED_EDGE('',*,*,#3232,.T.);
#3992 = ORIENTED_EDGE('',*,*,#3257,.F.);
#3993 = ORIENTED_EDGE('',*,*,#3274,.F.);
#3994 = PLANE('',#3995);
#3995 = AXIS2_PLACEMENT_3D('',#3996,#3997,#3998);
#3996 = CARTESIAN_POINT('',(-70.81689009648,-89.39549885028,-2.));
#3997 = DIRECTION('',(0.,0.,1.));
#3998 = DIRECTION('',(0.819152044289,-0.573576436351,0.));
#3999 = ADVANCED_FACE('',(#4000),#4010,.T.);
#4000 = FACE_BOUND('',#4001,.T.);
#4001 = EDGE_LOOP('',(#4002,#4003,#4004,#4005,#4006,#4007,#4008,#4009));
#4002 = ORIENTED_EDGE('',*,*,#3485,.F.);
#4003 = ORIENTED_EDGE('',*,*,#3524,.T.);
#4004 = ORIENTED_EDGE('',*,*,#3542,.T.);
#4005 = ORIENTED_EDGE('',*,*,#3566,.F.);
#4006 = ORIENTED_EDGE('',*,*,#3589,.T.);
#4007 = ORIENTED_EDGE('',*,*,#3622,.T.);
#4008 = ORIENTED_EDGE('',*,*,#3647,.F.);
#4009 = ORIENTED_EDGE('',*,*,#3664,.F.);
#4010 = PLANE('',#4011);
#4011 = AXIS2_PLACEMENT_3D('',#4012,#4013,#4014);
#4012 = CARTESIAN_POINT('',(-68.52258435108,86.118890673132,-2.));
#4013 = DIRECTION('',(0.,0.,1.));
#4014 = DIRECTION('',(0.819152044289,0.573576436351,0.));
#4015 = ADVANCED_FACE('',(#4016),#4042,.T.);
#4016 = FACE_BOUND('',#4017,.T.);
#4017 = EDGE_LOOP('',(#4018,#4019,#4027,#4036));
#4018 = ORIENTED_EDGE('',*,*,#3735,.F.);
#4019 = ORIENTED_EDGE('',*,*,#4020,.T.);
#4020 = EDGE_CURVE('',#3727,#4021,#4023,.T.);
#4021 = VERTEX_POINT('',#4022);
#4022 = CARTESIAN_POINT('',(56.,-71.,-8.));
#4023 = LINE('',#4024,#4025);
#4024 = CARTESIAN_POINT('',(42.,-71.,-8.));
#4025 = VECTOR('',#4026,1.);
#4026 = DIRECTION('',(1.,0.,0.));
#4027 = ORIENTED_EDGE('',*,*,#4028,.T.);
#4028 = EDGE_CURVE('',#4021,#4029,#4031,.T.);
#4029 = VERTEX_POINT('',#4030);
#4030 = CARTESIAN_POINT('',(56.,-75.,-4.));
#4031 = CIRCLE('',#4032,4.);
#4032 = AXIS2_PLACEMENT_3D('',#4033,#4034,#4035);
#4033 = CARTESIAN_POINT('',(56.,-71.,-4.));
#4034 = DIRECTION('',(-1.,-6.E-17,0.));
#4035 = DIRECTION('',(6.E-17,-1.,0.));
#4036 = ORIENTED_EDGE('',*,*,#4037,.F.);
#4037 = EDGE_CURVE('',#3736,#4029,#4038,.T.);
#4038 = LINE('',#4039,#4040);
#4039 = CARTESIAN_POINT('',(42.,-75.,-4.));
#4040 = VECTOR('',#4041,1.);
#4041 = DIRECTION('',(1.,0.,0.));
#4042 = CYLINDRICAL_SURFACE('',#4043,4.);
#4043 = AXIS2_PLACEMENT_3D('',#4044,#4045,#4046);
#4044 = CARTESIAN_POINT('',(42.,-71.,-4.));
#4045 = DIRECTION('',(1.,0.,0.));
#4046 = DIRECTION('',(0.,-1.,0.));
#4047 = ADVANCED_FACE('',(#4048),#4059,.F.);
#4048 = FACE_BOUND('',#4049,.F.);
#4049 = EDGE_LOOP('',(#4050,#4051,#4052,#4058));
#4050 = ORIENTED_EDGE('',*,*,#3763,.T.);
#4051 = ORIENTED_EDGE('',*,*,#3848,.T.);
#4052 = ORIENTED_EDGE('',*,*,#4053,.F.);
#4053 = EDGE_CURVE('',#4029,#3840,#4054,.T.);
#4054 = LINE('',#4055,#4056);
#4055 = CARTESIAN_POINT('',(56.,-75.,-8.));
#4056 = VECTOR('',#4057,1.);
#4057 = DIRECTION('',(0.,0.,1.));
#4058 = ORIENTED_EDGE('',*,*,#4037,.F.);
#4059 = PLANE('',#4060);
#4060 = AXIS2_PLACEMENT_3D('',#4061,#4062,#4063);
#4061 = CARTESIAN_POINT('',(42.,-75.,-8.));
#4062 = DIRECTION('',(0.,1.,0.));
#4063 = DIRECTION('',(0.,0.,1.));
#4064 = ADVANCED_FACE('',(#4065),#4091,.T.);
#4065 = FACE_BOUND('',#4066,.F.);
#4066 = EDGE_LOOP('',(#4067,#4068,#4076,#4085));
#4067 = ORIENTED_EDGE('',*,*,#3787,.F.);
#4068 = ORIENTED_EDGE('',*,*,#4069,.T.);
#4069 = EDGE_CURVE('',#3779,#4070,#4072,.T.);
#4070 = VERTEX_POINT('',#4071);
#4071 = CARTESIAN_POINT('',(56.,71.,-8.));
#4072 = LINE('',#4073,#4074);
#4073 = CARTESIAN_POINT('',(42.,71.,-8.));
#4074 = VECTOR('',#4075,1.);
#4075 = DIRECTION('',(1.,0.,0.));
#4076 = ORIENTED_EDGE('',*,*,#4077,.T.);
#4077 = EDGE_CURVE('',#4070,#4078,#4080,.T.);
#4078 = VERTEX_POINT('',#4079);
#4079 = CARTESIAN_POINT('',(56.,75.,-4.));
#4080 = CIRCLE('',#4081,4.);
#4081 = AXIS2_PLACEMENT_3D('',#4082,#4083,#4084);
#4082 = CARTESIAN_POINT('',(56.,71.,-4.));
#4083 = DIRECTION('',(1.,-6.E-17,0.));
#4084 = DIRECTION('',(6.E-17,1.,0.));
#4085 = ORIENTED_EDGE('',*,*,#4086,.F.);
#4086 = EDGE_CURVE('',#3788,#4078,#4087,.T.);
#4087 = LINE('',#4088,#4089);
#4088 = CARTESIAN_POINT('',(42.,75.,-4.));
#4089 = VECTOR('',#4090,1.);
#4090 = DIRECTION('',(1.,0.,0.));
#4091 = CYLINDRICAL_SURFACE('',#4092,4.);
#4092 = AXIS2_PLACEMENT_3D('',#4093,#4094,#4095);
#4093 = CARTESIAN_POINT('',(42.,71.,-4.));
#4094 = DIRECTION('',(1.,0.,0.));
#4095 = DIRECTION('',(0.,1.,0.));
#4096 = ADVANCED_FACE('',(#4097),#4108,.T.);
#4097 = FACE_BOUND('',#4098,.T.);
#4098 = EDGE_LOOP('',(#4099,#4100,#4101,#4107));
#4099 = ORIENTED_EDGE('',*,*,#3815,.T.);
#4100 = ORIENTED_EDGE('',*,*,#3914,.T.);
#4101 = ORIENTED_EDGE('',*,*,#4102,.F.);
#4102 = EDGE_CURVE('',#4078,#3906,#4103,.T.);
#4103 = LINE('',#4104,#4105);
#4104 = CARTESIAN_POINT('',(56.,75.,-8.));
#4105 = VECTOR('',#4106,1.);
#4106 = DIRECTION('',(0.,0.,1.));
#4107 = ORIENTED_EDGE('',*,*,#4086,.F.);
#4108 = PLANE('',#4109);
#4109 = AXIS2_PLACEMENT_3D('',#4110,#4111,#4112);
#4110 = CARTESIAN_POINT('',(42.,75.,-8.));
#4111 = DIRECTION('',(0.,1.,0.));
#4112 = DIRECTION('',(0.,0.,1.));
#4113 = ADVANCED_FACE('',(#4114),#4133,.T.);
#4114 = FACE_BOUND('',#4115,.T.);
#4115 = EDGE_LOOP('',(#4116,#4125,#4126));
#4116 = ORIENTED_EDGE('',*,*,#4117,.F.);
#4117 = EDGE_CURVE('',#3832,#4118,#4120,.T.);
#4118 = VERTEX_POINT('',#4119);
#4119 = CARTESIAN_POINT('',(60.,-71.,4.));
#4120 = CIRCLE('',#4121,4.);
#4121 = AXIS2_PLACEMENT_3D('',#4122,#4123,#4124);
#4122 = CARTESIAN_POINT('',(56.,-71.,4.));
#4123 = DIRECTION('',(-0.,1.,0.));
#4124 = DIRECTION('',(1.,0.,0.));
#4125 = ORIENTED_EDGE('',*,*,#3839,.T.);
#4126 = ORIENTED_EDGE('',*,*,#4127,.F.);
#4127 = EDGE_CURVE('',#4118,#3840,#4128,.T.);
#4128 = CIRCLE('',#4129,4.);
#4129 = AXIS2_PLACEMENT_3D('',#4130,#4131,#4132);
#4130 = CARTESIAN_POINT('',(56.,-71.,4.));
#4131 = DIRECTION('',(0.,0.,-1.));
#4132 = DIRECTION('',(1.,0.,0.));
#4133 = SPHERICAL_SURFACE('',#4134,4.);
#4134 = AXIS2_PLACEMENT_3D('',#4135,#4136,#4137);
#4135 = CARTESIAN_POINT('',(56.,-71.,4.));
#4136 = DIRECTION('',(-0.,-0.,-1.));
#4137 = DIRECTION('',(1.,0.,0.));
#4138 = ADVANCED_FACE('',(#4139),#4591,.T.);
#4139 = FACE_BOUND('',#4140,.F.);
#4140 = EDGE_LOOP('',(#4141,#4142,#4143,#4152,#4160,#4207,#4249,#4257,
    #4309,#4356,#4364,#4411,#4458,#4466,#4538,#4585));
#4141 = ORIENTED_EDGE('',*,*,#4117,.F.);
#4142 = ORIENTED_EDGE('',*,*,#3881,.T.);
#4143 = ORIENTED_EDGE('',*,*,#4144,.F.);
#4144 = EDGE_CURVE('',#4145,#3882,#4147,.T.);
#4145 = VERTEX_POINT('',#4146);
#4146 = CARTESIAN_POINT('',(60.,71.,4.));
#4147 = CIRCLE('',#4148,4.);
#4148 = AXIS2_PLACEMENT_3D('',#4149,#4150,#4151);
#4149 = CARTESIAN_POINT('',(56.,71.,4.));
#4150 = DIRECTION('',(0.,-1.,0.));
#4151 = DIRECTION('',(1.,0.,2.2E-16));
#4152 = ORIENTED_EDGE('',*,*,#4153,.F.);
#4153 = EDGE_CURVE('',#4154,#4145,#4156,.T.);
#4154 = VERTEX_POINT('',#4155);
#4155 = CARTESIAN_POINT('',(60.,70.,4.));
#4156 = LINE('',#4157,#4158);
#4157 = CARTESIAN_POINT('',(60.,-75.,4.));
#4158 = VECTOR('',#4159,1.);
#4159 = DIRECTION('',(0.,1.,0.));
#4160 = ORIENTED_EDGE('',*,*,#4161,.T.);
#4161 = EDGE_CURVE('',#4154,#4162,#4164,.T.);
#4162 = VERTEX_POINT('',#4163);
#4163 = CARTESIAN_POINT('',(59.872983346207,70.701379629608,5.));
#4164 = B_SPLINE_CURVE_WITH_KNOTS('',5,(#4165,#4166,#4167,#4168,#4169,
    #4170,#4171,#4172,#4173,#4174,#4175,#4176,#4177,#4178,#4179,#4180,
    #4181,#4182,#4183,#4184,#4185,#4186,#4187,#4188,#4189,#4190,#4191,
    #4192,#4193,#4194,#4195,#4196,#4197,#4198,#4199,#4200,#4201,#4202,
    #4203,#4204,#4205,#4206),.UNSPECIFIED.,.F.,.F.,(6,4,4,4,4,4,4,4,4,4,
    6),(0.,2.729671670921E-03,5.459342254026E-03,8.189010661146E-03,
    1.101616377102E-02,1.384331217088E-02,1.667045465187E-02,
    1.949759000536E-02,2.212974303804E-02,2.476188786911E-02,1.),
  .UNSPECIFIED.);
#4165 = CARTESIAN_POINT('',(60.,70.,4.));
#4166 = CARTESIAN_POINT('',(60.,70.000386699049,4.000546875041));
#4167 = CARTESIAN_POINT('',(59.99999990654,70.000773398099,4.00109375008
    ));
#4168 = CARTESIAN_POINT('',(59.99999971962,70.001160097135,
    4.001640625117));
#4169 = CARTESIAN_POINT('',(59.999999439239,70.001546796143,
    4.002187500148));
#4170 = CARTESIAN_POINT('',(59.999998691559,70.002320193926,
    4.003281249973));
#4171 = CARTESIAN_POINT('',(59.999998224258,70.0027068927,4.003828124767
    ));
#4172 = CARTESIAN_POINT('',(59.999997663498,70.00309359142,
    4.004374999549));
#4173 = CARTESIAN_POINT('',(59.999997009277,70.003480290072,
    4.004921874315));
#4174 = CARTESIAN_POINT('',(59.999995513916,70.004253686906,
    4.006015623373));
#4175 = CARTESIAN_POINT('',(59.999994672776,70.004640385087,
    4.006562497665));
#4176 = CARTESIAN_POINT('',(59.999993738175,70.005027083175,
    4.007109371936));
#4177 = CARTESIAN_POINT('',(59.999992710114,70.005413781154,
    4.007656246181));
#4178 = CARTESIAN_POINT('',(59.999990427019,70.006200987017,
    4.008769525146));
#4179 = CARTESIAN_POINT('',(59.99998916519,70.006601494893,
    4.009335929863));
#4180 = CARTESIAN_POINT('',(59.999987803106,70.007002002623,
    4.009902334546));
#4181 = CARTESIAN_POINT('',(59.999986340766,70.007402510192,
    4.010468739192));
#4182 = CARTESIAN_POINT('',(59.999983215579,70.008203524314,
    4.011601547459));
#4183 = CARTESIAN_POINT('',(59.999981552731,70.008604030865,
    4.01216795108));
#4184 = CARTESIAN_POINT('',(59.999979789628,70.009004537226,
    4.012734354657));
#4185 = CARTESIAN_POINT('',(59.99997792627,70.009405043382,
    4.013300758186));
#4186 = CARTESIAN_POINT('',(59.999973999046,70.010206054414,
    4.014433563956));
#4187 = CARTESIAN_POINT('',(59.999971935181,70.01060655929,
    4.014999966197));
#4188 = CARTESIAN_POINT('',(59.999969771061,70.011007063931,
    4.015566368384));
#4189 = CARTESIAN_POINT('',(59.999967506685,70.011407568321,
    4.016132770513));
#4190 = CARTESIAN_POINT('',(59.999962777426,70.012208575561,
    4.017265573218));
#4191 = CARTESIAN_POINT('',(59.999960312545,70.01260907841,
    4.017831973796));
#4192 = CARTESIAN_POINT('',(59.999957747408,70.013009580979,
    4.018398374308));
#4193 = CARTESIAN_POINT('',(59.999955082015,70.013410083253,
    4.018964774752));
#4194 = CARTESIAN_POINT('',(59.999949741458,70.014183465296,
    4.020058511905));
#4195 = CARTESIAN_POINT('',(59.999947079647,70.014556345106,
    4.020585848624));
#4196 = CARTESIAN_POINT('',(59.999944330931,70.014929224636,
    4.021113185277));
#4197 = CARTESIAN_POINT('',(59.99994149531,70.015302103872,
    4.021640521862));
#4198 = CARTESIAN_POINT('',(59.999935650269,70.016047860571,
    4.022695193248));
#4199 = CARTESIAN_POINT('',(59.999932640849,70.016420738034,
    4.023222528049));
#4200 = CARTESIAN_POINT('',(59.999929544524,70.01679361518,
    4.023749862776));
#4201 = CARTESIAN_POINT('',(59.999926361294,70.017166491996,
    4.024277197426));
#4202 = CARTESIAN_POINT('',(59.99871147091,70.155694132702,4.22018769086
    ));
#4203 = CARTESIAN_POINT('',(59.985569995923,70.293761814975,
    4.415502963151));
#4204 = CARTESIAN_POINT('',(59.960497731495,70.431184733904,
    4.610691404353));
#4205 = CARTESIAN_POINT('',(59.923166346909,70.567369662117,
    4.805642198408));
#4206 = CARTESIAN_POINT('',(59.872983191288,70.701380043309,5.0000006));
#4207 = ORIENTED_EDGE('',*,*,#4208,.F.);
#4208 = EDGE_CURVE('',#4209,#4162,#4211,.T.);
#4209 = VERTEX_POINT('',#4210);
#4210 = CARTESIAN_POINT('',(58.843223563717,70.,6.813552872566));
#4211 = B_SPLINE_CURVE_WITH_KNOTS('',6,(#4212,#4213,#4214,#4215,#4216,
    #4217,#4218,#4219,#4220,#4221,#4222,#4223,#4224,#4225,#4226,#4227,
    #4228,#4229,#4230,#4231,#4232,#4233,#4234,#4235,#4236,#4237,#4238,
    #4239,#4240,#4241,#4242,#4243,#4244,#4245,#4246,#4247,#4248),
  .UNSPECIFIED.,.F.,.F.,(7,5,5,5,5,5,5,7),(0.,0.23915179876,
    0.388176503832,0.504396681191,0.675594051766,0.683202988904,
    0.865099266136,1.),.UNSPECIFIED.);
#4212 = CARTESIAN_POINT('',(58.843223563717,70.,6.813552872566));
#4213 = CARTESIAN_POINT('',(58.843223563717,70.088989412234,
    6.813552872566));
#4214 = CARTESIAN_POINT('',(58.85282792091,70.177895247836,
    6.803846986622));
#4215 = CARTESIAN_POINT('',(58.872001885543,70.265210618786,
    6.784471836768));
#4216 = CARTESIAN_POINT('',(58.900133245401,70.349501324635,
    6.755544253246));
#4217 = CARTESIAN_POINT('',(58.936104778505,70.429409597541,
    6.717224709824));
#4218 = CARTESIAN_POINT('',(59.004811007794,70.550047876183,
    6.640581814939));
#4219 = CARTESIAN_POINT('',(59.033664018671,70.59420626171,6.60769412216
    ));
#4220 = CARTESIAN_POINT('',(59.064642764685,70.635927650678,
    6.57145113062));
#4221 = CARTESIAN_POINT('',(59.097360231572,70.674972624122,
    6.531989797776));
#4222 = CARTESIAN_POINT('',(59.13141487334,70.711140815145,
    6.489482171089));
#4223 = CARTESIAN_POINT('',(59.19370670498,70.770103310645,
    6.408782418026));
#4224 = CARTESIAN_POINT('',(59.221575683499,70.794090334571,
    6.371698302612));
#4225 = CARTESIAN_POINT('',(59.249833247221,70.816152110879,
    6.332989751804));
#4226 = CARTESIAN_POINT('',(59.278299653301,70.836228116859,
    6.29276715026));
#4227 = CARTESIAN_POINT('',(59.306805771508,70.854271665192,
    6.251150888633));
#4228 = CARTESIAN_POINT('',(59.377018384426,70.893779619845,
    6.145107345924));
#4229 = CARTESIAN_POINT('',(59.418591610974,70.912825404186,
    6.079200027476));
#4230 = CARTESIAN_POINT('',(59.459423057624,70.927271339079,
    6.010962300048));
#4231 = CARTESIAN_POINT('',(59.499096937512,70.937063389794,
    5.940834853047));
#4232 = CARTESIAN_POINT('',(59.537280902009,70.94217405361,
    5.869284077846));
#4233 = CARTESIAN_POINT('',(59.575336111287,70.942621542874,
    5.793595463791));
#4234 = CARTESIAN_POINT('',(59.576952064885,70.942631336185,
    5.790372788228));
#4235 = CARTESIAN_POINT('',(59.578564545308,70.94263188019,
    5.787148340239));
#4236 = CARTESIAN_POINT('',(59.580173530333,70.942623174866,
    5.783922164099));
#4237 = CARTESIAN_POINT('',(59.581778998028,70.94260522029,
    5.780694304233));
#4238 = CARTESIAN_POINT('',(59.621676008774,70.941927696725,
    5.700261663922));
#4239 = CARTESIAN_POINT('',(59.6579505973,70.93599168703,5.622117763692)
  );
#4240 = CARTESIAN_POINT('',(59.691906130335,70.924771481234,
    5.543647627043));
#4241 = CARTESIAN_POINT('',(59.723341735559,70.908303027907,
    5.465510191804));
#4242 = CARTESIAN_POINT('',(59.752146693295,70.88665661974,
    5.388430843425));
#4243 = CARTESIAN_POINT('',(59.797691748595,70.840200266774,
    5.257389075846));
#4244 = CARTESIAN_POINT('',(59.815626995549,70.817651779288,
    5.202597155192));
#4245 = CARTESIAN_POINT('',(59.832092184777,70.792399134431,
    5.149134648256));
#4246 = CARTESIAN_POINT('',(59.847106977188,70.76452513088,
    5.097329769759));
#4247 = CARTESIAN_POINT('',(59.860716030438,70.734138605161,
    5.047511109679));
#4248 = CARTESIAN_POINT('',(59.872983346207,70.701379629608,5.));
#4249 = ORIENTED_EDGE('',*,*,#4250,.F.);
#4250 = EDGE_CURVE('',#4251,#4209,#4253,.T.);
#4251 = VERTEX_POINT('',#4252);
#4252 = CARTESIAN_POINT('',(58.843223563717,56.,6.813552872566));
#4253 = LINE('',#4254,#4255);
#4254 = CARTESIAN_POINT('',(58.843223563717,-75.,6.813552872566));
#4255 = VECTOR('',#4256,1.);
#4256 = DIRECTION('',(0.,1.,0.));
#4257 = ORIENTED_EDGE('',*,*,#4258,.F.);
#4258 = EDGE_CURVE('',#4259,#4251,#4261,.T.);
#4259 = VERTEX_POINT('',#4260);
#4260 = CARTESIAN_POINT('',(59.872983346207,55.298620370392,5.));
#4261 = B_SPLINE_CURVE_WITH_KNOTS('',6,(#4262,#4263,#4264,#4265,#4266,
    #4267,#4268,#4269,#4270,#4271,#4272,#4273,#4274,#4275,#4276,#4277,
    #4278,#4279,#4280,#4281,#4282,#4283,#4284,#4285,#4286,#4287,#4288,
    #4289,#4290,#4291,#4292,#4293,#4294,#4295,#4296,#4297,#4298,#4299,
    #4300,#4301,#4302,#4303,#4304,#4305,#4306,#4307,#4308),
  .UNSPECIFIED.,.F.,.F.,(7,5,5,5,5,5,5,5,5,7),(0.,0.150347248442,
    0.418486703567,0.470296734254,0.520253342395,0.574546057716,
    0.63883911619,0.769113261405,0.851724337484,1.),.UNSPECIFIED.);
#4262 = CARTESIAN_POINT('',(59.872983346207,55.298620370391,5.));
#4263 = CARTESIAN_POINT('',(59.85889910069,55.261009415945,
    5.054548048334));
#4264 = CARTESIAN_POINT('',(59.843018965729,55.226452897071,
    5.112243387163));
#4265 = CARTESIAN_POINT('',(59.825228256705,55.195172192789,
    5.172641600454));
#4266 = CARTESIAN_POINT('',(59.805442248829,55.167353023557,
    5.235271190904));
#4267 = CARTESIAN_POINT('',(59.783622372069,55.143146387559,
    5.299644660915));
#4268 = CARTESIAN_POINT('',(59.71729243245,55.086149624942,
    5.482309538569));
#4269 = CARTESIAN_POINT('',(59.668384269679,55.061480831989,
    5.60336910857));
#4270 = CARTESIAN_POINT('',(59.613218720418,55.049361941538,
    5.725584885639));
#4271 = CARTESIAN_POINT('',(59.552520233148,55.050037512488,
    5.846200883833));
#4272 = CARTESIAN_POINT('',(59.487730860294,55.063471112322,
    5.962751230642));
#4273 = CARTESIAN_POINT('',(59.40791088743,55.094136065734,
    6.094460630078));
#4274 = CARTESIAN_POINT('',(59.394905987834,55.099559967369,
    6.11555974059));
#4275 = CARTESIAN_POINT('',(59.381835578769,55.105438848692,
    6.136415344333));
#4276 = CARTESIAN_POINT('',(59.368714261616,55.11176887346,
    6.157013367716));
#4277 = CARTESIAN_POINT('',(59.355557249506,55.118545656715,
    6.177340326484));
#4278 = CARTESIAN_POINT('',(59.329674867412,55.132724638485,
    6.216709318118));
#4279 = CARTESIAN_POINT('',(59.316950881512,55.140095768887,
    6.235771286561));
#4280 = CARTESIAN_POINT('',(59.304222592706,55.147873252278,
    6.25455768092));
#4281 = CARTESIAN_POINT('',(59.291504632119,55.156052116041,
    6.27305740924));
#4282 = CARTESIAN_POINT('',(59.278812078903,55.164626818652,
    6.29125983774));
#4283 = CARTESIAN_POINT('',(59.252410713099,55.183333770639,
    6.328602980533));
#4284 = CARTESIAN_POINT('',(59.238709301086,55.193536542161,
    6.347687968361));
#4285 = CARTESIAN_POINT('',(59.225076179112,55.204191777583,
    6.366396684911));
#4286 = CARTESIAN_POINT('',(59.211531803428,55.215290574982,
    6.384716591344));
#4287 = CARTESIAN_POINT('',(59.198097131623,55.226822917177,
    6.402635679378));
#4288 = CARTESIAN_POINT('',(59.169039699158,55.252934409501,
    6.440873893327));
#4289 = CARTESIAN_POINT('',(59.153469779686,55.267683351292,
    6.461027013611));
#4290 = CARTESIAN_POINT('',(59.138119246524,55.283005879391,
    6.480582921594));
#4291 = CARTESIAN_POINT('',(59.123024691959,55.298880400449,6.4995232059
    ));
#4292 = CARTESIAN_POINT('',(59.10822310901,55.315281814401,
    6.517830487868));
#4293 = CARTESIAN_POINT('',(59.064427062309,55.366423012715,
    6.571269516504));
#4294 = CARTESIAN_POINT('',(59.036446142676,55.402720347961,
    6.60439841653));
#4295 = CARTESIAN_POINT('',(59.010130561483,55.440813722911,
    6.634720384567));
#4296 = CARTESIAN_POINT('',(58.985786429352,55.480373802323,
    6.662122724553));
#4297 = CARTESIAN_POINT('',(58.963655501653,55.520999595752,
    6.686559046875));
#4298 = CARTESIAN_POINT('',(58.931335363056,55.588402104461,
    6.721693623467));
#4299 = CARTESIAN_POINT('',(58.919737007178,55.614812868415,
    6.734149809544));
#4300 = CARTESIAN_POINT('',(58.909118741447,55.641365025926,
    6.745435153493));
#4301 = CARTESIAN_POINT('',(58.899489880979,55.667960872295,
    6.755579809336));
#4302 = CARTESIAN_POINT('',(58.89084042435,55.694521507956,
    6.764627419887));
#4303 = CARTESIAN_POINT('',(58.869343634672,55.76849686586,
    6.786981121856));
#4304 = CARTESIAN_POINT('',(58.858629563099,55.815689411608,
    6.797950479527));
#4305 = CARTESIAN_POINT('',(58.850854489099,55.862313018973,
    6.805840978528));
#4306 = CARTESIAN_POINT('',(58.845768093559,55.908407403272,
    6.810981665738));
#4307 = CARTESIAN_POINT('',(58.843223563717,55.954192205599,
    6.813552872566));
#4308 = CARTESIAN_POINT('',(58.843223563717,56.,6.813552872566));
#4309 = ORIENTED_EDGE('',*,*,#4310,.F.);
#4310 = EDGE_CURVE('',#4311,#4259,#4313,.T.);
#4311 = VERTEX_POINT('',#4312);
#4312 = CARTESIAN_POINT('',(60.,56.,4.));
#4313 = B_SPLINE_CURVE_WITH_KNOTS('',5,(#4314,#4315,#4316,#4317,#4318,
    #4319,#4320,#4321,#4322,#4323,#4324,#4325,#4326,#4327,#4328,#4329,
    #4330,#4331,#4332,#4333,#4334,#4335,#4336,#4337,#4338,#4339,#4340,
    #4341,#4342,#4343,#4344,#4345,#4346,#4347,#4348,#4349,#4350,#4351,
    #4352,#4353,#4354,#4355),.UNSPECIFIED.,.F.,.F.,(6,4,4,4,4,4,4,4,4,4,
    6),(0.,2.72967161513E-03,5.459342142447E-03,8.189010493712E-03,
    1.101616354568E-02,1.384331188771E-02,1.66704543109E-02,
    1.949758960656E-02,2.212974258547E-02,2.476188736273E-02,1.),
  .UNSPECIFIED.);
#4314 = CARTESIAN_POINT('',(60.,56.,4.));
#4315 = CARTESIAN_POINT('',(60.,55.999613300951,4.000546875041));
#4316 = CARTESIAN_POINT('',(59.99999990654,55.999226601901,4.00109375008
    ));
#4317 = CARTESIAN_POINT('',(59.99999971962,55.998839902865,
    4.001640625117));
#4318 = CARTESIAN_POINT('',(59.999999439239,55.998453203857,
    4.002187500148));
#4319 = CARTESIAN_POINT('',(59.999998691559,55.997679806074,
    4.003281249973));
#4320 = CARTESIAN_POINT('',(59.999998224258,55.9972931073,4.003828124767
    ));
#4321 = CARTESIAN_POINT('',(59.999997663498,55.99690640858,
    4.004374999549));
#4322 = CARTESIAN_POINT('',(59.999997009277,55.996519709928,
    4.004921874315));
#4323 = CARTESIAN_POINT('',(59.999995513916,55.995746313094,
    4.006015623373));
#4324 = CARTESIAN_POINT('',(59.999994672776,55.995359614913,
    4.006562497665));
#4325 = CARTESIAN_POINT('',(59.999993738175,55.994972916825,
    4.007109371936));
#4326 = CARTESIAN_POINT('',(59.999992710114,55.994586218846,
    4.007656246181));
#4327 = CARTESIAN_POINT('',(59.999990427019,55.993799012983,
    4.008769525146));
#4328 = CARTESIAN_POINT('',(59.99998916519,55.993398505107,
    4.009335929863));
#4329 = CARTESIAN_POINT('',(59.999987803106,55.992997997377,
    4.009902334546));
#4330 = CARTESIAN_POINT('',(59.999986340766,55.992597489808,
    4.010468739192));
#4331 = CARTESIAN_POINT('',(59.999983215579,55.991796475686,
    4.011601547459));
#4332 = CARTESIAN_POINT('',(59.999981552731,55.991395969135,
    4.01216795108));
#4333 = CARTESIAN_POINT('',(59.999979789628,55.990995462774,
    4.012734354657));
#4334 = CARTESIAN_POINT('',(59.99997792627,55.990594956618,
    4.013300758186));
#4335 = CARTESIAN_POINT('',(59.999973999046,55.989793945586,
    4.014433563956));
#4336 = CARTESIAN_POINT('',(59.999971935181,55.98939344071,
    4.014999966197));
#4337 = CARTESIAN_POINT('',(59.999969771061,55.988992936069,
    4.015566368384));
#4338 = CARTESIAN_POINT('',(59.999967506685,55.988592431679,
    4.016132770513));
#4339 = CARTESIAN_POINT('',(59.999962777426,55.987791424439,
    4.017265573219));
#4340 = CARTESIAN_POINT('',(59.999960312545,55.98739092159,
    4.017831973796));
#4341 = CARTESIAN_POINT('',(59.999957747408,55.986990419021,
    4.018398374308));
#4342 = CARTESIAN_POINT('',(59.999955082015,55.986589916747,
    4.018964774752));
#4343 = CARTESIAN_POINT('',(59.999949741458,55.985816534704,
    4.020058511905));
#4344 = CARTESIAN_POINT('',(59.999947079647,55.985443654894,
    4.020585848624));
#4345 = CARTESIAN_POINT('',(59.999944330931,55.985070775364,
    4.021113185277));
#4346 = CARTESIAN_POINT('',(59.99994149531,55.984697896128,
    4.021640521862));
#4347 = CARTESIAN_POINT('',(59.999935650269,55.983952139429,
    4.022695193248));
#4348 = CARTESIAN_POINT('',(59.999932640849,55.983579261966,
    4.023222528049));
#4349 = CARTESIAN_POINT('',(59.999929544524,55.98320638482,
    4.023749862776));
#4350 = CARTESIAN_POINT('',(59.999926361294,55.982833508004,
    4.024277197426));
#4351 = CARTESIAN_POINT('',(59.998711470884,55.844305864403,
    4.220187694955));
#4352 = CARTESIAN_POINT('',(59.985569995431,55.706238185943,
    4.415502961885));
#4353 = CARTESIAN_POINT('',(59.960497732266,55.568815264867,
    4.610691405982));
#4354 = CARTESIAN_POINT('',(59.923166344596,55.432630331706,
    4.805642207367));
#4355 = CARTESIAN_POINT('',(59.872983191288,55.298619956691,5.0000006));
#4356 = ORIENTED_EDGE('',*,*,#4357,.F.);
#4357 = EDGE_CURVE('',#4358,#4311,#4360,.T.);
#4358 = VERTEX_POINT('',#4359);
#4359 = CARTESIAN_POINT('',(60.,-56.,4.));
#4360 = LINE('',#4361,#4362);
#4361 = CARTESIAN_POINT('',(60.,-75.,4.));
#4362 = VECTOR('',#4363,1.);
#4363 = DIRECTION('',(0.,1.,0.));
#4364 = ORIENTED_EDGE('',*,*,#4365,.T.);
#4365 = EDGE_CURVE('',#4358,#4366,#4368,.T.);
#4366 = VERTEX_POINT('',#4367);
#4367 = CARTESIAN_POINT('',(59.872983346207,-55.29862037039,5.));
#4368 = B_SPLINE_CURVE_WITH_KNOTS('',5,(#4369,#4370,#4371,#4372,#4373,
    #4374,#4375,#4376,#4377,#4378,#4379,#4380,#4381,#4382,#4383,#4384,
    #4385,#4386,#4387,#4388,#4389,#4390,#4391,#4392,#4393,#4394,#4395,
    #4396,#4397,#4398,#4399,#4400,#4401,#4402,#4403,#4404,#4405,#4406,
    #4407,#4408,#4409,#4410),.UNSPECIFIED.,.F.,.F.,(6,4,4,4,4,4,4,4,4,4,
    6),(0.,2.729671503089E-03,5.459341918351E-03,8.189010157574E-03,
    1.101616309357E-02,1.384331131961E-02,1.667045362681E-02,
    1.949758880651E-02,2.212974167741E-02,2.476188634667E-02,1.),
  .UNSPECIFIED.);
#4369 = CARTESIAN_POINT('',(60.,-56.,4.));
#4370 = CARTESIAN_POINT('',(60.,-55.99961330095,4.000546875041));
#4371 = CARTESIAN_POINT('',(59.99999990654,-55.9992266019,4.00109375008)
  );
#4372 = CARTESIAN_POINT('',(59.99999971962,-55.99883990286,
    4.001640625117));
#4373 = CARTESIAN_POINT('',(59.999999439239,-55.99845320385,
    4.002187500148));
#4374 = CARTESIAN_POINT('',(59.999998691559,-55.99767980607,
    4.003281249973));
#4375 = CARTESIAN_POINT('',(59.999998224258,-55.9972931073,
    4.003828124767));
#4376 = CARTESIAN_POINT('',(59.999997663498,-55.99690640858,
    4.004374999549));
#4377 = CARTESIAN_POINT('',(59.999997009277,-55.99651970992,
    4.004921874315));
#4378 = CARTESIAN_POINT('',(59.999995513916,-55.99574631309,
    4.006015623373));
#4379 = CARTESIAN_POINT('',(59.999994672776,-55.99535961491,
    4.006562497665));
#4380 = CARTESIAN_POINT('',(59.999993738175,-55.99497291682,
    4.007109371936));
#4381 = CARTESIAN_POINT('',(59.999992710114,-55.99458621884,
    4.007656246181));
#4382 = CARTESIAN_POINT('',(59.999990427019,-55.99379901298,
    4.008769525146));
#4383 = CARTESIAN_POINT('',(59.99998916519,-55.9933985051,4.009335929863
    ));
#4384 = CARTESIAN_POINT('',(59.999987803106,-55.99299799737,
    4.009902334546));
#4385 = CARTESIAN_POINT('',(59.999986340766,-55.9925974898,
    4.010468739192));
#4386 = CARTESIAN_POINT('',(59.999983215579,-55.99179647568,
    4.011601547459));
#4387 = CARTESIAN_POINT('',(59.999981552731,-55.99139596913,
    4.01216795108));
#4388 = CARTESIAN_POINT('',(59.999979789628,-55.99099546277,
    4.012734354657));
#4389 = CARTESIAN_POINT('',(59.99997792627,-55.99059495661,
    4.013300758186));
#4390 = CARTESIAN_POINT('',(59.999973999046,-55.98979394558,
    4.014433563956));
#4391 = CARTESIAN_POINT('',(59.999971935181,-55.98939344071,
    4.014999966197));
#4392 = CARTESIAN_POINT('',(59.999969771061,-55.98899293606,
    4.015566368384));
#4393 = CARTESIAN_POINT('',(59.999967506685,-55.98859243167,
    4.016132770513));
#4394 = CARTESIAN_POINT('',(59.999962777426,-55.98779142443,
    4.017265573218));
#4395 = CARTESIAN_POINT('',(59.999960312545,-55.98739092159,
    4.017831973796));
#4396 = CARTESIAN_POINT('',(59.999957747408,-55.98699041902,
    4.018398374308));
#4397 = CARTESIAN_POINT('',(59.999955082015,-55.98658991674,
    4.018964774752));
#4398 = CARTESIAN_POINT('',(59.999949741458,-55.9858165347,
    4.020058511905));
#4399 = CARTESIAN_POINT('',(59.999947079647,-55.98544365489,
    4.020585848624));
#4400 = CARTESIAN_POINT('',(59.999944330931,-55.98507077536,
    4.021113185277));
#4401 = CARTESIAN_POINT('',(59.99994149531,-55.98469789612,
    4.021640521862));
#4402 = CARTESIAN_POINT('',(59.999935650269,-55.98395213942,
    4.022695193248));
#4403 = CARTESIAN_POINT('',(59.999932640849,-55.98357926196,
    4.023222528049));
#4404 = CARTESIAN_POINT('',(59.999929544524,-55.98320638482,
    4.023749862776));
#4405 = CARTESIAN_POINT('',(59.999926361294,-55.982833508,4.024277197426
    ));
#4406 = CARTESIAN_POINT('',(59.998711470833,-55.84430585859,
    4.220187703175));
#4407 = CARTESIAN_POINT('',(59.985569997358,-55.7062382004,
    4.415502941275));
#4408 = CARTESIAN_POINT('',(59.960497728723,-55.56881525047,
    4.610691426655));
#4409 = CARTESIAN_POINT('',(59.923166346738,-55.43263033742,
    4.805642199073));
#4410 = CARTESIAN_POINT('',(59.872983191288,-55.29861995669,5.0000006));
#4411 = ORIENTED_EDGE('',*,*,#4412,.F.);
#4412 = EDGE_CURVE('',#4413,#4366,#4415,.T.);
#4413 = VERTEX_POINT('',#4414);
#4414 = CARTESIAN_POINT('',(58.843223563717,-56.,6.813552872566));
#4415 = B_SPLINE_CURVE_WITH_KNOTS('',6,(#4416,#4417,#4418,#4419,#4420,
    #4421,#4422,#4423,#4424,#4425,#4426,#4427,#4428,#4429,#4430,#4431,
    #4432,#4433,#4434,#4435,#4436,#4437,#4438,#4439,#4440,#4441,#4442,
    #4443,#4444,#4445,#4446,#4447,#4448,#4449,#4450,#4451,#4452,#4453,
    #4454,#4455,#4456,#4457),.UNSPECIFIED.,.F.,.F.,(7,5,5,5,5,5,5,5,7),(
    0.,0.23915171449,0.38817636705,0.504396503459,0.562584475797,
    0.67872617181,0.801794299038,0.865098433036,1.),.UNSPECIFIED.);
#4416 = CARTESIAN_POINT('',(58.843223563717,-56.,6.813552872566));
#4417 = CARTESIAN_POINT('',(58.843223563717,-55.91101058775,
    6.813552872566));
#4418 = CARTESIAN_POINT('',(58.852827920914,-55.82210475217,
    6.803846986617));
#4419 = CARTESIAN_POINT('',(58.872001885539,-55.73478938119,
    6.784471836773));
#4420 = CARTESIAN_POINT('',(58.900133245403,-55.65049867537,
    6.755544253244));
#4421 = CARTESIAN_POINT('',(58.936104778506,-55.57059040245,
    6.717224709823));
#4422 = CARTESIAN_POINT('',(59.004811007794,-55.44995212381,
    6.64058181494));
#4423 = CARTESIAN_POINT('',(59.033664018674,-55.40579373828,
    6.607694122157));
#4424 = CARTESIAN_POINT('',(59.064642764686,-55.36407234932,
    6.571451130618));
#4425 = CARTESIAN_POINT('',(59.097360231571,-55.32502737587,
    6.531989797777));
#4426 = CARTESIAN_POINT('',(59.13141487334,-55.28885918485,
    6.489482171088));
#4427 = CARTESIAN_POINT('',(59.19370670498,-55.22989668935,
    6.408782418026));
#4428 = CARTESIAN_POINT('',(59.221575683499,-55.20590966543,
    6.371698302612));
#4429 = CARTESIAN_POINT('',(59.249833247221,-55.18384788912,
    6.332989751804));
#4430 = CARTESIAN_POINT('',(59.2782996533,-55.16377188313,6.292767150261
    ));
#4431 = CARTESIAN_POINT('',(59.306805771508,-55.1457283348,
    6.251150888633));
#4432 = CARTESIAN_POINT('',(59.349411567265,-55.12175446776,
    6.186802485488));
#4433 = CARTESIAN_POINT('',(59.363597511186,-55.11427438931,
    6.16501691587));
#4434 = CARTESIAN_POINT('',(59.377735437024,-55.10731700755,
    6.142930554491));
#4435 = CARTESIAN_POINT('',(59.391807025366,-55.10088602901,
    6.120559966346));
#4436 = CARTESIAN_POINT('',(59.405794980114,-55.09498451962,
    6.097922133252));
#4437 = CARTESIAN_POINT('',(59.44740321579,-55.07889729158,
    6.029351234527));
#4438 = CARTESIAN_POINT('',(59.474725447257,-55.07029882131,
    5.982672585212));
#4439 = CARTESIAN_POINT('',(59.501520493317,-55.06383896559,
    5.93513677137));
#4440 = CARTESIAN_POINT('',(59.527676649758,-55.05952904799,
    5.886887233815));
#4441 = CARTESIAN_POINT('',(59.55309901444,-55.05737397659,
    5.838073881118));
#4442 = CARTESIAN_POINT('',(59.603786184029,-55.05737397659,
    5.736699541942));
#4443 = CARTESIAN_POINT('',(59.628951344919,-55.05979377446,
    5.684088327689));
#4444 = CARTESIAN_POINT('',(59.653110417783,-55.06463305987,
    5.631208350902));
#4445 = CARTESIAN_POINT('',(59.676189563479,-55.07188570468,
    5.578257610747));
#4446 = CARTESIAN_POINT('',(59.69813415619,-55.08153734381,
    5.525446205346));
#4447 = CARTESIAN_POINT('',(59.729593719601,-55.09974872484,
    5.446019608141));
#4448 = CARTESIAN_POINT('',(59.739969671844,-55.10656257781,
    5.419137241954));
#4449 = CARTESIAN_POINT('',(59.750030945293,-55.1140011454,
    5.392381464149));
#4450 = CARTESIAN_POINT('',(59.759773949769,-55.12206011948,
    5.365783550751));
#4451 = CARTESIAN_POINT('',(59.769196423369,-55.13073425338,
    5.339375534328));
#4452 = CARTESIAN_POINT('',(59.797691748595,-55.15979973322,
    5.257389075845));
#4453 = CARTESIAN_POINT('',(59.81562699555,-55.18234822071,
    5.202597155192));
#4454 = CARTESIAN_POINT('',(59.832092184777,-55.20760086556,
    5.149134648255));
#4455 = CARTESIAN_POINT('',(59.847106977188,-55.23547486912,
    5.097329769759));
#4456 = CARTESIAN_POINT('',(59.860716030438,-55.26586139483,
    5.047511109679));
#4457 = CARTESIAN_POINT('',(59.872983346207,-55.29862037039,5.));
#4458 = ORIENTED_EDGE('',*,*,#4459,.F.);
#4459 = EDGE_CURVE('',#4460,#4413,#4462,.T.);
#4460 = VERTEX_POINT('',#4461);
#4461 = CARTESIAN_POINT('',(58.843223563717,-70.,6.813552872566));
#4462 = LINE('',#4463,#4464);
#4463 = CARTESIAN_POINT('',(58.843223563717,-75.,6.813552872566));
#4464 = VECTOR('',#4465,1.);
#4465 = DIRECTION('',(0.,1.,0.));
#4466 = ORIENTED_EDGE('',*,*,#4467,.F.);
#4467 = EDGE_CURVE('',#4468,#4460,#4470,.T.);
#4468 = VERTEX_POINT('',#4469);
#4469 = CARTESIAN_POINT('',(59.872983346207,-70.7013796296,5.));
#4470 = B_SPLINE_CURVE_WITH_KNOTS('',6,(#4471,#4472,#4473,#4474,#4475,
    #4476,#4477,#4478,#4479,#4480,#4481,#4482,#4483,#4484,#4485,#4486,
    #4487,#4488,#4489,#4490,#4491,#4492,#4493,#4494,#4495,#4496,#4497,
    #4498,#4499,#4500,#4501,#4502,#4503,#4504,#4505,#4506,#4507,#4508,
    #4509,#4510,#4511,#4512,#4513,#4514,#4515,#4516,#4517,#4518,#4519,
    #4520,#4521,#4522,#4523,#4524,#4525,#4526,#4527,#4528,#4529,#4530,
    #4531,#4532,#4533,#4534,#4535,#4536,#4537),.UNSPECIFIED.,.F.,.F.,(7,
    5,5,5,5,5,5,5,5,5,5,5,5,7),(0.,4.08826765844E-02,6.999464155898E-02,
    0.151184622472,0.273432020066,0.353301408004,0.418506476842,
    0.470314745823,0.520269655281,0.574560524479,0.638851396787,
    0.769121112274,0.851729379322,1.),.UNSPECIFIED.);
#4471 = CARTESIAN_POINT('',(59.872983346207,-70.7013796296,5.));
#4472 = CARTESIAN_POINT('',(59.869153542769,-70.71160684145,
    5.014832764936));
#4473 = CARTESIAN_POINT('',(59.865190954362,-70.7216081918,
    5.029898215615));
#4474 = CARTESIAN_POINT('',(59.861093264003,-70.73137923784,
    5.045187428829));
#4475 = CARTESIAN_POINT('',(59.856858340253,-70.74091572804,
    5.060691341352));
#4476 = CARTESIAN_POINT('',(59.852484237218,-70.75021360213,
    5.076400749945));
#4477 = CARTESIAN_POINT('',(59.844754097711,-70.76571720316,
    5.10363243247));
#4478 = CARTESIAN_POINT('',(59.841467538787,-70.77204245934,
    5.115058019103));
#4479 = CARTESIAN_POINT('',(59.838108885213,-70.77824336262,
    5.126579700073));
#4480 = CARTESIAN_POINT('',(59.834677563713,-70.78431856474,
    5.13819407702));
#4481 = CARTESIAN_POINT('',(59.831173060301,-70.79026676624,
    5.149897724406));
#4482 = CARTESIAN_POINT('',(59.817615892042,-70.8123179,5.194566675594)
  );
#4483 = CARTESIAN_POINT('',(59.807064253818,-70.82755157014,
    5.228113785459));
#4484 = CARTESIAN_POINT('',(59.795929822386,-70.8417605796,
    5.262253293609));
#4485 = CARTESIAN_POINT('',(59.78420692538,-70.85492074675,
    5.296909171889));
#4486 = CARTESIAN_POINT('',(59.771894401287,-70.8670108556,
    5.332004589487));
#4487 = CARTESIAN_POINT('',(59.73957393018,-70.89457801791,
    5.420849849098));
#4488 = CARTESIAN_POINT('',(59.71882310409,-70.90867627368,5.47505937684
    ));
#4489 = CARTESIAN_POINT('',(59.696755984698,-70.92024482409,
    5.529825253257));
#4490 = CARTESIAN_POINT('',(59.673411216028,-70.92923714069,
    5.584884029831));
#4491 = CARTESIAN_POINT('',(59.648855332377,-70.93562274218,
    5.639977207627));
#4492 = CARTESIAN_POINT('',(59.606413269573,-70.94184663155,
    5.730707975065));
#4493 = CARTESIAN_POINT('',(59.589165656478,-70.94318727217,
    5.766469843495));
#4494 = CARTESIAN_POINT('',(59.571468803201,-70.9434051215,
    5.802070306449));
#4495 = CARTESIAN_POINT('',(59.5533543215,-70.94249917596,5.837442214781
    ));
#4496 = CARTESIAN_POINT('',(59.53485866049,-70.94047139986,
    5.872520961515));
#4497 = CARTESIAN_POINT('',(59.500645831109,-70.93475942507,
    5.935592633653));
#4498 = CARTESIAN_POINT('',(59.485041925482,-70.93144770401,
    5.963704141426));
#4499 = CARTESIAN_POINT('',(59.469233830599,-70.92739423298,
    5.991545365452));
#4500 = CARTESIAN_POINT('',(59.453245818572,-70.92260298546,
    6.019084115203));
#4501 = CARTESIAN_POINT('',(59.437103992792,-70.9170792377,
    6.046289649345));
#4502 = CARTESIAN_POINT('',(59.40791088743,-70.90586393426,
    6.094460630078));
#4503 = CARTESIAN_POINT('',(59.394905987833,-70.90044003263,
    6.11555974059));
#4504 = CARTESIAN_POINT('',(59.381835578768,-70.8945611513,
    6.136415344334));
#4505 = CARTESIAN_POINT('',(59.368714261616,-70.88823112654,
    6.157013367716));
#4506 = CARTESIAN_POINT('',(59.355557249506,-70.88145434328,
    6.177340326484));
#4507 = CARTESIAN_POINT('',(59.329674867412,-70.86727536151,
    6.216709318118));
#4508 = CARTESIAN_POINT('',(59.316950881511,-70.85990423111,
    6.235771286561));
#4509 = CARTESIAN_POINT('',(59.304222592706,-70.85212674772,
    6.254557680921));
#4510 = CARTESIAN_POINT('',(59.291504632118,-70.84394788395,
    6.273057409241));
#4511 = CARTESIAN_POINT('',(59.278812078903,-70.83537318134,
    6.291259837741));
#4512 = CARTESIAN_POINT('',(59.252410713099,-70.81666622936,
    6.328602980533));
#4513 = CARTESIAN_POINT('',(59.238709301086,-70.80646345783,
    6.347687968361));
#4514 = CARTESIAN_POINT('',(59.225076179113,-70.79580822241,
    6.36639668491));
#4515 = CARTESIAN_POINT('',(59.211531803429,-70.78470942501,
    6.384716591344));
#4516 = CARTESIAN_POINT('',(59.198097131623,-70.77317708282,
    6.402635679378));
#4517 = CARTESIAN_POINT('',(59.169039699158,-70.7470655905,
    6.440873893327));
#4518 = CARTESIAN_POINT('',(59.153469779686,-70.7323166487,
    6.461027013611));
#4519 = CARTESIAN_POINT('',(59.138119246524,-70.7169941206,
    6.480582921593));
#4520 = CARTESIAN_POINT('',(59.12302469196,-70.70111959955,
    6.499523205899));
#4521 = CARTESIAN_POINT('',(59.10822310901,-70.68471818559,
    6.517830487869));
#4522 = CARTESIAN_POINT('',(59.064427062309,-70.63357698728,
    6.571269516504));
#4523 = CARTESIAN_POINT('',(59.036446142679,-70.59727965203,
    6.604398416527));
#4524 = CARTESIAN_POINT('',(59.010130561479,-70.55918627709,
    6.634720384572));
#4525 = CARTESIAN_POINT('',(58.985786429356,-70.51962619767,
    6.66212272455));
#4526 = CARTESIAN_POINT('',(58.963655501653,-70.47900040424,
    6.686559046875));
#4527 = CARTESIAN_POINT('',(58.931335363055,-70.41159789553,
    6.721693623468));
#4528 = CARTESIAN_POINT('',(58.919737007179,-70.38518713158,
    6.734149809543));
#4529 = CARTESIAN_POINT('',(58.909118741446,-70.35863497407,
    6.745435153494));
#4530 = CARTESIAN_POINT('',(58.899489880977,-70.3320391277,
    6.755579809338));
#4531 = CARTESIAN_POINT('',(58.89084042435,-70.30547849204,
    6.764627419886));
#4532 = CARTESIAN_POINT('',(58.869343634672,-70.23150313413,
    6.786981121855));
#4533 = CARTESIAN_POINT('',(58.858629563095,-70.18431058839,
    6.79795047953));
#4534 = CARTESIAN_POINT('',(58.850854489104,-70.13768698102,
    6.805840978522));
#4535 = CARTESIAN_POINT('',(58.845768093556,-70.09159259672,
    6.810981665741));
#4536 = CARTESIAN_POINT('',(58.843223563717,-70.0458077944,
    6.813552872566));
#4537 = CARTESIAN_POINT('',(58.843223563717,-70.,6.813552872566));
#4538 = ORIENTED_EDGE('',*,*,#4539,.F.);
#4539 = EDGE_CURVE('',#4540,#4468,#4542,.T.);
#4540 = VERTEX_POINT('',#4541);
#4541 = CARTESIAN_POINT('',(60.,-70.,4.));
#4542 = B_SPLINE_CURVE_WITH_KNOTS('',5,(#4543,#4544,#4545,#4546,#4547,
    #4548,#4549,#4550,#4551,#4552,#4553,#4554,#4555,#4556,#4557,#4558,
    #4559,#4560,#4561,#4562,#4563,#4564,#4565,#4566,#4567,#4568,#4569,
    #4570,#4571,#4572,#4573,#4574,#4575,#4576,#4577,#4578,#4579,#4580,
    #4581,#4582,#4583,#4584),.UNSPECIFIED.,.F.,.F.,(6,4,4,4,4,4,4,4,4,4,
    6),(0.,2.729671558973E-03,5.459342030145E-03,8.189010325325E-03,
    1.101616331919E-02,1.384331160308E-02,1.667045396812E-02,
    1.949758920562E-02,2.21297421303E-02,2.476188685337E-02,1.),
  .UNSPECIFIED.);
#4543 = CARTESIAN_POINT('',(60.,-70.,4.));
#4544 = CARTESIAN_POINT('',(60.,-70.00038669904,4.000546875041));
#4545 = CARTESIAN_POINT('',(59.99999990654,-70.00077339809,4.00109375008
    ));
#4546 = CARTESIAN_POINT('',(59.99999971962,-70.00116009713,
    4.001640625117));
#4547 = CARTESIAN_POINT('',(59.999999439239,-70.00154679614,
    4.002187500148));
#4548 = CARTESIAN_POINT('',(59.999998691559,-70.00232019392,
    4.003281249973));
#4549 = CARTESIAN_POINT('',(59.999998224258,-70.0027068927,
    4.003828124767));
#4550 = CARTESIAN_POINT('',(59.999997663498,-70.00309359142,
    4.004374999549));
#4551 = CARTESIAN_POINT('',(59.999997009277,-70.00348029007,
    4.004921874315));
#4552 = CARTESIAN_POINT('',(59.999995513916,-70.0042536869,
    4.006015623373));
#4553 = CARTESIAN_POINT('',(59.999994672776,-70.00464038508,
    4.006562497665));
#4554 = CARTESIAN_POINT('',(59.999993738175,-70.00502708317,
    4.007109371936));
#4555 = CARTESIAN_POINT('',(59.999992710114,-70.00541378115,
    4.007656246181));
#4556 = CARTESIAN_POINT('',(59.999990427019,-70.00620098701,
    4.008769525146));
#4557 = CARTESIAN_POINT('',(59.99998916519,-70.00660149489,
    4.009335929863));
#4558 = CARTESIAN_POINT('',(59.999987803106,-70.00700200262,
    4.009902334546));
#4559 = CARTESIAN_POINT('',(59.999986340766,-70.00740251019,
    4.010468739192));
#4560 = CARTESIAN_POINT('',(59.999983215579,-70.00820352431,
    4.011601547459));
#4561 = CARTESIAN_POINT('',(59.999981552731,-70.00860403086,
    4.01216795108));
#4562 = CARTESIAN_POINT('',(59.999979789628,-70.00900453722,
    4.012734354657));
#4563 = CARTESIAN_POINT('',(59.99997792627,-70.00940504338,
    4.013300758186));
#4564 = CARTESIAN_POINT('',(59.999973999046,-70.01020605441,
    4.014433563956));
#4565 = CARTESIAN_POINT('',(59.999971935181,-70.01060655929,
    4.014999966197));
#4566 = CARTESIAN_POINT('',(59.999969771061,-70.01100706393,
    4.015566368384));
#4567 = CARTESIAN_POINT('',(59.999967506685,-70.01140756832,
    4.016132770513));
#4568 = CARTESIAN_POINT('',(59.999962777426,-70.01220857556,
    4.017265573218));
#4569 = CARTESIAN_POINT('',(59.999960312545,-70.01260907841,
    4.017831973796));
#4570 = CARTESIAN_POINT('',(59.999957747408,-70.01300958097,
    4.018398374308));
#4571 = CARTESIAN_POINT('',(59.999955082015,-70.01341008325,
    4.018964774752));
#4572 = CARTESIAN_POINT('',(59.999949741458,-70.01418346529,
    4.020058511905));
#4573 = CARTESIAN_POINT('',(59.999947079647,-70.0145563451,
    4.020585848624));
#4574 = CARTESIAN_POINT('',(59.999944330931,-70.01492922463,
    4.021113185277));
#4575 = CARTESIAN_POINT('',(59.99994149531,-70.01530210387,
    4.021640521862));
#4576 = CARTESIAN_POINT('',(59.999935650269,-70.01604786057,
    4.022695193248));
#4577 = CARTESIAN_POINT('',(59.999932640849,-70.01642073803,
    4.023222528049));
#4578 = CARTESIAN_POINT('',(59.999929544524,-70.01679361518,
    4.023749862776));
#4579 = CARTESIAN_POINT('',(59.999926361294,-70.01716649199,
    4.024277197426));
#4580 = CARTESIAN_POINT('',(59.998711470859,-70.15569413851,
    4.22018769908));
#4581 = CARTESIAN_POINT('',(59.98556999785,-70.29376180051,
    4.415502942532));
#4582 = CARTESIAN_POINT('',(59.960497727953,-70.43118474829,
    4.610691425028));
#4583 = CARTESIAN_POINT('',(59.923166349048,-70.5673696564,
    4.805642190125));
#4584 = CARTESIAN_POINT('',(59.872983191288,-70.7013800433,5.0000006));
#4585 = ORIENTED_EDGE('',*,*,#4586,.F.);
#4586 = EDGE_CURVE('',#4118,#4540,#4587,.T.);
#4587 = LINE('',#4588,#4589);
#4588 = CARTESIAN_POINT('',(60.,-75.,4.));
#4589 = VECTOR('',#4590,1.);
#4590 = DIRECTION('',(0.,1.,0.));
#4591 = CYLINDRICAL_SURFACE('',#4592,4.);
#4592 = AXIS2_PLACEMENT_3D('',#4593,#4594,#4595);
#4593 = CARTESIAN_POINT('',(56.,-75.,4.));
#4594 = DIRECTION('',(0.,1.,0.));
#4595 = DIRECTION('',(1.,0.,0.));
#4596 = ADVANCED_FACE('',(#4597),#4608,.T.);
#4597 = FACE_BOUND('',#4598,.T.);
#4598 = EDGE_LOOP('',(#4599,#4606,#4607));
#4599 = ORIENTED_EDGE('',*,*,#4600,.F.);
#4600 = EDGE_CURVE('',#3906,#4145,#4601,.T.);
#4601 = CIRCLE('',#4602,4.);
#4602 = AXIS2_PLACEMENT_3D('',#4603,#4604,#4605);
#4603 = CARTESIAN_POINT('',(56.,71.,4.));
#4604 = DIRECTION('',(2.2E-16,0.,-1.));
#4605 = DIRECTION('',(1.,0.,2.2E-16));
#4606 = ORIENTED_EDGE('',*,*,#3905,.T.);
#4607 = ORIENTED_EDGE('',*,*,#4144,.F.);
#4608 = SPHERICAL_SURFACE('',#4609,4.);
#4609 = AXIS2_PLACEMENT_3D('',#4610,#4611,#4612);
#4610 = CARTESIAN_POINT('',(56.,71.,4.));
#4611 = DIRECTION('',(0.,-1.,0.));
#4612 = DIRECTION('',(1.,0.,2.2E-16));
#4613 = ADVANCED_FACE('',(#4614),#4625,.F.);
#4614 = FACE_BOUND('',#4615,.F.);
#4615 = EDGE_LOOP('',(#4616,#4617,#4618,#4624));
#4616 = ORIENTED_EDGE('',*,*,#3929,.F.);
#4617 = ORIENTED_EDGE('',*,*,#4020,.T.);
#4618 = ORIENTED_EDGE('',*,*,#4619,.T.);
#4619 = EDGE_CURVE('',#4021,#4070,#4620,.T.);
#4620 = LINE('',#4621,#4622);
#4621 = CARTESIAN_POINT('',(56.,-75.,-8.));
#4622 = VECTOR('',#4623,1.);
#4623 = DIRECTION('',(0.,1.,0.));
#4624 = ORIENTED_EDGE('',*,*,#4069,.F.);
#4625 = PLANE('',#4626);
#4626 = AXIS2_PLACEMENT_3D('',#4627,#4628,#4629);
#4627 = CARTESIAN_POINT('',(42.,-75.,-8.));
#4628 = DIRECTION('',(0.,0.,1.));
#4629 = DIRECTION('',(1.,0.,0.));
#4630 = ADVANCED_FACE('',(#4631),#4650,.T.);
#4631 = FACE_BOUND('',#4632,.F.);
#4632 = EDGE_LOOP('',(#4633,#4642,#4643));
#4633 = ORIENTED_EDGE('',*,*,#4634,.F.);
#4634 = EDGE_CURVE('',#4021,#4635,#4637,.T.);
#4635 = VERTEX_POINT('',#4636);
#4636 = CARTESIAN_POINT('',(60.,-71.,-4.));
#4637 = CIRCLE('',#4638,4.);
#4638 = AXIS2_PLACEMENT_3D('',#4639,#4640,#4641);
#4639 = CARTESIAN_POINT('',(56.,-71.,-4.));
#4640 = DIRECTION('',(0.,-1.,0.));
#4641 = DIRECTION('',(1.,0.,0.));
#4642 = ORIENTED_EDGE('',*,*,#4028,.T.);
#4643 = ORIENTED_EDGE('',*,*,#4644,.F.);
#4644 = EDGE_CURVE('',#4635,#4029,#4645,.T.);
#4645 = CIRCLE('',#4646,4.);
#4646 = AXIS2_PLACEMENT_3D('',#4647,#4648,#4649);
#4647 = CARTESIAN_POINT('',(56.,-71.,-4.));
#4648 = DIRECTION('',(0.,0.,-1.));
#4649 = DIRECTION('',(1.,0.,0.));
#4650 = SPHERICAL_SURFACE('',#4651,4.);
#4651 = AXIS2_PLACEMENT_3D('',#4652,#4653,#4654);
#4652 = CARTESIAN_POINT('',(56.,-71.,-4.));
#4653 = DIRECTION('',(0.,0.,1.));
#4654 = DIRECTION('',(1.,0.,0.));
#4655 = ADVANCED_FACE('',(#4656),#4667,.T.);
#4656 = FACE_BOUND('',#4657,.F.);
#4657 = EDGE_LOOP('',(#4658,#4664,#4665,#4666));
#4658 = ORIENTED_EDGE('',*,*,#4659,.F.);
#4659 = EDGE_CURVE('',#4635,#4118,#4660,.T.);
#4660 = LINE('',#4661,#4662);
#4661 = CARTESIAN_POINT('',(60.,-71.,-8.));
#4662 = VECTOR('',#4663,1.);
#4663 = DIRECTION('',(0.,0.,1.));
#4664 = ORIENTED_EDGE('',*,*,#4644,.T.);
#4665 = ORIENTED_EDGE('',*,*,#4053,.T.);
#4666 = ORIENTED_EDGE('',*,*,#4127,.F.);
#4667 = CYLINDRICAL_SURFACE('',#4668,4.);
#4668 = AXIS2_PLACEMENT_3D('',#4669,#4670,#4671);
#4669 = CARTESIAN_POINT('',(56.,-71.,-8.));
#4670 = DIRECTION('',(0.,0.,1.));
#4671 = DIRECTION('',(1.,0.,0.));
#4672 = ADVANCED_FACE('',(#4673),#4692,.T.);
#4673 = FACE_BOUND('',#4674,.T.);
#4674 = EDGE_LOOP('',(#4675,#4684,#4685));
#4675 = ORIENTED_EDGE('',*,*,#4676,.F.);
#4676 = EDGE_CURVE('',#4070,#4677,#4679,.T.);
#4677 = VERTEX_POINT('',#4678);
#4678 = CARTESIAN_POINT('',(60.,71.,-4.));
#4679 = CIRCLE('',#4680,4.);
#4680 = AXIS2_PLACEMENT_3D('',#4681,#4682,#4683);
#4681 = CARTESIAN_POINT('',(56.,71.,-4.));
#4682 = DIRECTION('',(0.,-1.,0.));
#4683 = DIRECTION('',(1.,0.,0.));
#4684 = ORIENTED_EDGE('',*,*,#4077,.T.);
#4685 = ORIENTED_EDGE('',*,*,#4686,.F.);
#4686 = EDGE_CURVE('',#4677,#4078,#4687,.T.);
#4687 = CIRCLE('',#4688,4.);
#4688 = AXIS2_PLACEMENT_3D('',#4689,#4690,#4691);
#4689 = CARTESIAN_POINT('',(56.,71.,-4.));
#4690 = DIRECTION('',(0.,0.,1.));
#4691 = DIRECTION('',(1.,0.,0.));
#4692 = SPHERICAL_SURFACE('',#4693,4.);
#4693 = AXIS2_PLACEMENT_3D('',#4694,#4695,#4696);
#4694 = CARTESIAN_POINT('',(56.,71.,-4.));
#4695 = DIRECTION('',(0.,0.,1.));
#4696 = DIRECTION('',(1.,0.,0.));
#4697 = ADVANCED_FACE('',(#4698),#4709,.T.);
#4698 = FACE_BOUND('',#4699,.T.);
#4699 = EDGE_LOOP('',(#4700,#4706,#4707,#4708));
#4700 = ORIENTED_EDGE('',*,*,#4701,.F.);
#4701 = EDGE_CURVE('',#4677,#4145,#4702,.T.);
#4702 = LINE('',#4703,#4704);
#4703 = CARTESIAN_POINT('',(60.,71.,-8.));
#4704 = VECTOR('',#4705,1.);
#4705 = DIRECTION('',(0.,0.,1.));
#4706 = ORIENTED_EDGE('',*,*,#4686,.T.);
#4707 = ORIENTED_EDGE('',*,*,#4102,.T.);
#4708 = ORIENTED_EDGE('',*,*,#4600,.T.);
#4709 = CYLINDRICAL_SURFACE('',#4710,4.);
#4710 = AXIS2_PLACEMENT_3D('',#4711,#4712,#4713);
#4711 = CARTESIAN_POINT('',(56.,71.,-8.));
#4712 = DIRECTION('',(0.,0.,1.));
#4713 = DIRECTION('',(1.,0.,0.));
#4714 = ADVANCED_FACE('',(#4715),#4836,.T.);
#4715 = FACE_BOUND('',#4716,.T.);
#4716 = EDGE_LOOP('',(#4717,#4718,#4726,#4734,#4742,#4750,#4758,#4766,
    #4774,#4782,#4788,#4789,#4790,#4798,#4806,#4812,#4813,#4821,#4829,
    #4835));
#4717 = ORIENTED_EDGE('',*,*,#4659,.F.);
#4718 = ORIENTED_EDGE('',*,*,#4719,.T.);
#4719 = EDGE_CURVE('',#4635,#4720,#4722,.T.);
#4720 = VERTEX_POINT('',#4721);
#4721 = CARTESIAN_POINT('',(60.,-70.,-4.));
#4722 = LINE('',#4723,#4724);
#4723 = CARTESIAN_POINT('',(60.,-75.,-4.));
#4724 = VECTOR('',#4725,1.);
#4725 = DIRECTION('',(0.,1.,0.));
#4726 = ORIENTED_EDGE('',*,*,#4727,.F.);
#4727 = EDGE_CURVE('',#4728,#4720,#4730,.T.);
#4728 = VERTEX_POINT('',#4729);
#4729 = CARTESIAN_POINT('',(60.,-70.,-5.));
#4730 = LINE('',#4731,#4732);
#4731 = CARTESIAN_POINT('',(60.,-70.,-7.));
#4732 = VECTOR('',#4733,1.);
#4733 = DIRECTION('',(0.,0.,1.));
#4734 = ORIENTED_EDGE('',*,*,#4735,.T.);
#4735 = EDGE_CURVE('',#4728,#4736,#4738,.T.);
#4736 = VERTEX_POINT('',#4737);
#4737 = CARTESIAN_POINT('',(60.,-56.,-5.));
#4738 = LINE('',#4739,#4740);
#4739 = CARTESIAN_POINT('',(60.,-72.,-5.));
#4740 = VECTOR('',#4741,1.);
#4741 = DIRECTION('',(0.,1.,0.));
#4742 = ORIENTED_EDGE('',*,*,#4743,.T.);
#4743 = EDGE_CURVE('',#4736,#4744,#4746,.T.);
#4744 = VERTEX_POINT('',#4745);
#4745 = CARTESIAN_POINT('',(60.,-56.,-4.));
#4746 = LINE('',#4747,#4748);
#4747 = CARTESIAN_POINT('',(60.,-56.,-7.));
#4748 = VECTOR('',#4749,1.);
#4749 = DIRECTION('',(0.,0.,1.));
#4750 = ORIENTED_EDGE('',*,*,#4751,.T.);
#4751 = EDGE_CURVE('',#4744,#4752,#4754,.T.);
#4752 = VERTEX_POINT('',#4753);
#4753 = CARTESIAN_POINT('',(60.,56.,-4.));
#4754 = LINE('',#4755,#4756);
#4755 = CARTESIAN_POINT('',(60.,-75.,-4.));
#4756 = VECTOR('',#4757,1.);
#4757 = DIRECTION('',(0.,1.,0.));
#4758 = ORIENTED_EDGE('',*,*,#4759,.F.);
#4759 = EDGE_CURVE('',#4760,#4752,#4762,.T.);
#4760 = VERTEX_POINT('',#4761);
#4761 = CARTESIAN_POINT('',(60.,56.,-5.));
#4762 = LINE('',#4763,#4764);
#4763 = CARTESIAN_POINT('',(60.,56.,-7.));
#4764 = VECTOR('',#4765,1.);
#4765 = DIRECTION('',(0.,0.,1.));
#4766 = ORIENTED_EDGE('',*,*,#4767,.T.);
#4767 = EDGE_CURVE('',#4760,#4768,#4770,.T.);
#4768 = VERTEX_POINT('',#4769);
#4769 = CARTESIAN_POINT('',(60.,70.,-5.));
#4770 = LINE('',#4771,#4772);
#4771 = CARTESIAN_POINT('',(60.,54.,-5.));
#4772 = VECTOR('',#4773,1.);
#4773 = DIRECTION('',(0.,1.,0.));
#4774 = ORIENTED_EDGE('',*,*,#4775,.T.);
#4775 = EDGE_CURVE('',#4768,#4776,#4778,.T.);
#4776 = VERTEX_POINT('',#4777);
#4777 = CARTESIAN_POINT('',(60.,70.,-4.));
#4778 = LINE('',#4779,#4780);
#4779 = CARTESIAN_POINT('',(60.,70.,-7.));
#4780 = VECTOR('',#4781,1.);
#4781 = DIRECTION('',(0.,0.,1.));
#4782 = ORIENTED_EDGE('',*,*,#4783,.T.);
#4783 = EDGE_CURVE('',#4776,#4677,#4784,.T.);
#4784 = LINE('',#4785,#4786);
#4785 = CARTESIAN_POINT('',(60.,-75.,-4.));
#4786 = VECTOR('',#4787,1.);
#4787 = DIRECTION('',(0.,1.,0.));
#4788 = ORIENTED_EDGE('',*,*,#4701,.T.);
#4789 = ORIENTED_EDGE('',*,*,#4153,.F.);
#4790 = ORIENTED_EDGE('',*,*,#4791,.T.);
#4791 = EDGE_CURVE('',#4154,#4792,#4794,.T.);
#4792 = VERTEX_POINT('',#4793);
#4793 = CARTESIAN_POINT('',(60.,70.,5.));
#4794 = LINE('',#4795,#4796);
#4795 = CARTESIAN_POINT('',(60.,70.,-7.));
#4796 = VECTOR('',#4797,1.);
#4797 = DIRECTION('',(0.,0.,1.));
#4798 = ORIENTED_EDGE('',*,*,#4799,.F.);
#4799 = EDGE_CURVE('',#4800,#4792,#4802,.T.);
#4800 = VERTEX_POINT('',#4801);
#4801 = CARTESIAN_POINT('',(60.,56.,5.));
#4802 = LINE('',#4803,#4804);
#4803 = CARTESIAN_POINT('',(60.,54.,5.));
#4804 = VECTOR('',#4805,1.);
#4805 = DIRECTION('',(0.,1.,0.));
#4806 = ORIENTED_EDGE('',*,*,#4807,.F.);
#4807 = EDGE_CURVE('',#4311,#4800,#4808,.T.);
#4808 = LINE('',#4809,#4810);
#4809 = CARTESIAN_POINT('',(60.,56.,-7.));
#4810 = VECTOR('',#4811,1.);
#4811 = DIRECTION('',(0.,0.,1.));
#4812 = ORIENTED_EDGE('',*,*,#4357,.F.);
#4813 = ORIENTED_EDGE('',*,*,#4814,.T.);
#4814 = EDGE_CURVE('',#4358,#4815,#4817,.T.);
#4815 = VERTEX_POINT('',#4816);
#4816 = CARTESIAN_POINT('',(60.,-56.,5.));
#4817 = LINE('',#4818,#4819);
#4818 = CARTESIAN_POINT('',(60.,-56.,-7.));
#4819 = VECTOR('',#4820,1.);
#4820 = DIRECTION('',(0.,0.,1.));
#4821 = ORIENTED_EDGE('',*,*,#4822,.F.);
#4822 = EDGE_CURVE('',#4823,#4815,#4825,.T.);
#4823 = VERTEX_POINT('',#4824);
#4824 = CARTESIAN_POINT('',(60.,-70.,5.));
#4825 = LINE('',#4826,#4827);
#4826 = CARTESIAN_POINT('',(60.,-72.,5.));
#4827 = VECTOR('',#4828,1.);
#4828 = DIRECTION('',(0.,1.,0.));
#4829 = ORIENTED_EDGE('',*,*,#4830,.F.);
#4830 = EDGE_CURVE('',#4540,#4823,#4831,.T.);
#4831 = LINE('',#4832,#4833);
#4832 = CARTESIAN_POINT('',(60.,-70.,-7.));
#4833 = VECTOR('',#4834,1.);
#4834 = DIRECTION('',(0.,0.,1.));
#4835 = ORIENTED_EDGE('',*,*,#4586,.F.);
#4836 = PLANE('',#4837);
#4837 = AXIS2_PLACEMENT_3D('',#4838,#4839,#4840);
#4838 = CARTESIAN_POINT('',(60.,0.,0.));
#4839 = DIRECTION('',(1.,0.,0.));
#4840 = DIRECTION('',(0.,0.,1.));
#4841 = ADVANCED_FACE('',(#4842),#4853,.T.);
#4842 = FACE_BOUND('',#4843,.F.);
#4843 = EDGE_LOOP('',(#4844,#4845,#4846));
#4844 = ORIENTED_EDGE('',*,*,#4830,.F.);
#4845 = ORIENTED_EDGE('',*,*,#4539,.T.);
#4846 = ORIENTED_EDGE('',*,*,#4847,.F.);
#4847 = EDGE_CURVE('',#4823,#4468,#4848,.T.);
#4848 = CIRCLE('',#4849,2.);
#4849 = AXIS2_PLACEMENT_3D('',#4850,#4851,#4852);
#4850 = CARTESIAN_POINT('',(58.,-70.,5.));
#4851 = DIRECTION('',(0.,0.,-1.));
#4852 = DIRECTION('',(1.,0.,0.));
#4853 = CYLINDRICAL_SURFACE('',#4854,2.);
#4854 = AXIS2_PLACEMENT_3D('',#4855,#4856,#4857);
#4855 = CARTESIAN_POINT('',(58.,-70.,-7.));
#4856 = DIRECTION('',(0.,0.,1.));
#4857 = DIRECTION('',(1.,0.,0.));
#4858 = ADVANCED_FACE('',(#4859),#4870,.T.);
#4859 = FACE_BOUND('',#4860,.T.);
#4860 = EDGE_LOOP('',(#4861,#4868,#4869));
#4861 = ORIENTED_EDGE('',*,*,#4862,.F.);
#4862 = EDGE_CURVE('',#4460,#4823,#4863,.T.);
#4863 = CIRCLE('',#4864,2.);
#4864 = AXIS2_PLACEMENT_3D('',#4865,#4866,#4867);
#4865 = CARTESIAN_POINT('',(58.,-70.,5.));
#4866 = DIRECTION('',(-0.,1.,0.));
#4867 = DIRECTION('',(1.,0.,0.));
#4868 = ORIENTED_EDGE('',*,*,#4467,.F.);
#4869 = ORIENTED_EDGE('',*,*,#4847,.F.);
#4870 = SPHERICAL_SURFACE('',#4871,2.);
#4871 = AXIS2_PLACEMENT_3D('',#4872,#4873,#4874);
#4872 = CARTESIAN_POINT('',(58.,-70.,5.));
#4873 = DIRECTION('',(-0.,-0.,-1.));
#4874 = DIRECTION('',(1.,0.,0.));
#4875 = ADVANCED_FACE('',(#4876),#4888,.T.);
#4876 = FACE_BOUND('',#4877,.F.);
#4877 = EDGE_LOOP('',(#4878,#4879,#4880,#4887));
#4878 = ORIENTED_EDGE('',*,*,#4862,.F.);
#4879 = ORIENTED_EDGE('',*,*,#4459,.T.);
#4880 = ORIENTED_EDGE('',*,*,#4881,.F.);
#4881 = EDGE_CURVE('',#4815,#4413,#4882,.T.);
#4882 = CIRCLE('',#4883,2.);
#4883 = AXIS2_PLACEMENT_3D('',#4884,#4885,#4886);
#4884 = CARTESIAN_POINT('',(58.,-56.,5.));
#4885 = DIRECTION('',(0.,-1.,0.));
#4886 = DIRECTION('',(1.,0.,0.));
#4887 = ORIENTED_EDGE('',*,*,#4822,.F.);
#4888 = CYLINDRICAL_SURFACE('',#4889,2.);
#4889 = AXIS2_PLACEMENT_3D('',#4890,#4891,#4892);
#4890 = CARTESIAN_POINT('',(58.,-72.,5.));
#4891 = DIRECTION('',(0.,1.,0.));
#4892 = DIRECTION('',(1.,0.,0.));
#4893 = ADVANCED_FACE('',(#4894),#4905,.T.);
#4894 = FACE_BOUND('',#4895,.T.);
#4895 = EDGE_LOOP('',(#4896,#4903,#4904));
#4896 = ORIENTED_EDGE('',*,*,#4897,.F.);
#4897 = EDGE_CURVE('',#4366,#4815,#4898,.T.);
#4898 = CIRCLE('',#4899,2.);
#4899 = AXIS2_PLACEMENT_3D('',#4900,#4901,#4902);
#4900 = CARTESIAN_POINT('',(58.,-56.,5.));
#4901 = DIRECTION('',(0.,0.,-1.));
#4902 = DIRECTION('',(1.,0.,0.));
#4903 = ORIENTED_EDGE('',*,*,#4412,.F.);
#4904 = ORIENTED_EDGE('',*,*,#4881,.F.);
#4905 = SPHERICAL_SURFACE('',#4906,2.);
#4906 = AXIS2_PLACEMENT_3D('',#4907,#4908,#4909);
#4907 = CARTESIAN_POINT('',(58.,-56.,5.));
#4908 = DIRECTION('',(0.,-1.,0.));
#4909 = DIRECTION('',(1.,0.,0.));
#4910 = ADVANCED_FACE('',(#4911),#4916,.T.);
#4911 = FACE_BOUND('',#4912,.T.);
#4912 = EDGE_LOOP('',(#4913,#4914,#4915));
#4913 = ORIENTED_EDGE('',*,*,#4814,.F.);
#4914 = ORIENTED_EDGE('',*,*,#4365,.T.);
#4915 = ORIENTED_EDGE('',*,*,#4897,.T.);
#4916 = CYLINDRICAL_SURFACE('',#4917,2.);
#4917 = AXIS2_PLACEMENT_3D('',#4918,#4919,#4920);
#4918 = CARTESIAN_POINT('',(58.,-56.,-7.));
#4919 = DIRECTION('',(0.,0.,1.));
#4920 = DIRECTION('',(1.,0.,0.));
#4921 = ADVANCED_FACE('',(#4922),#4933,.T.);
#4922 = FACE_BOUND('',#4923,.F.);
#4923 = EDGE_LOOP('',(#4924,#4925,#4926));
#4924 = ORIENTED_EDGE('',*,*,#4807,.F.);
#4925 = ORIENTED_EDGE('',*,*,#4310,.T.);
#4926 = ORIENTED_EDGE('',*,*,#4927,.F.);
#4927 = EDGE_CURVE('',#4800,#4259,#4928,.T.);
#4928 = CIRCLE('',#4929,2.);
#4929 = AXIS2_PLACEMENT_3D('',#4930,#4931,#4932);
#4930 = CARTESIAN_POINT('',(58.,56.,5.));
#4931 = DIRECTION('',(0.,0.,-1.));
#4932 = DIRECTION('',(1.,0.,0.));
#4933 = CYLINDRICAL_SURFACE('',#4934,2.);
#4934 = AXIS2_PLACEMENT_3D('',#4935,#4936,#4937);
#4935 = CARTESIAN_POINT('',(58.,56.,-7.));
#4936 = DIRECTION('',(0.,0.,1.));
#4937 = DIRECTION('',(1.,0.,0.));
#4938 = ADVANCED_FACE('',(#4939),#4950,.T.);
#4939 = FACE_BOUND('',#4940,.T.);
#4940 = EDGE_LOOP('',(#4941,#4948,#4949));
#4941 = ORIENTED_EDGE('',*,*,#4942,.F.);
#4942 = EDGE_CURVE('',#4251,#4800,#4943,.T.);
#4943 = CIRCLE('',#4944,2.);
#4944 = AXIS2_PLACEMENT_3D('',#4945,#4946,#4947);
#4945 = CARTESIAN_POINT('',(58.,56.,5.));
#4946 = DIRECTION('',(-0.,1.,0.));
#4947 = DIRECTION('',(1.,0.,0.));
#4948 = ORIENTED_EDGE('',*,*,#4258,.F.);
#4949 = ORIENTED_EDGE('',*,*,#4927,.F.);
#4950 = SPHERICAL_SURFACE('',#4951,2.);
#4951 = AXIS2_PLACEMENT_3D('',#4952,#4953,#4954);
#4952 = CARTESIAN_POINT('',(58.,56.,5.));
#4953 = DIRECTION('',(-0.,-0.,-1.));
#4954 = DIRECTION('',(1.,0.,0.));
#4955 = ADVANCED_FACE('',(#4956),#4968,.T.);
#4956 = FACE_BOUND('',#4957,.F.);
#4957 = EDGE_LOOP('',(#4958,#4959,#4960,#4967));
#4958 = ORIENTED_EDGE('',*,*,#4942,.F.);
#4959 = ORIENTED_EDGE('',*,*,#4250,.T.);
#4960 = ORIENTED_EDGE('',*,*,#4961,.F.);
#4961 = EDGE_CURVE('',#4792,#4209,#4962,.T.);
#4962 = CIRCLE('',#4963,2.);
#4963 = AXIS2_PLACEMENT_3D('',#4964,#4965,#4966);
#4964 = CARTESIAN_POINT('',(58.,70.,5.));
#4965 = DIRECTION('',(0.,-1.,0.));
#4966 = DIRECTION('',(1.,0.,0.));
#4967 = ORIENTED_EDGE('',*,*,#4799,.F.);
#4968 = CYLINDRICAL_SURFACE('',#4969,2.);
#4969 = AXIS2_PLACEMENT_3D('',#4970,#4971,#4972);
#4970 = CARTESIAN_POINT('',(58.,54.,5.));
#4971 = DIRECTION('',(0.,1.,0.));
#4972 = DIRECTION('',(1.,0.,0.));
#4973 = ADVANCED_FACE('',(#4974),#4985,.T.);
#4974 = FACE_BOUND('',#4975,.T.);
#4975 = EDGE_LOOP('',(#4976,#4983,#4984));
#4976 = ORIENTED_EDGE('',*,*,#4977,.F.);
#4977 = EDGE_CURVE('',#4162,#4792,#4978,.T.);
#4978 = CIRCLE('',#4979,2.);
#4979 = AXIS2_PLACEMENT_3D('',#4980,#4981,#4982);
#4980 = CARTESIAN_POINT('',(58.,70.,5.));
#4981 = DIRECTION('',(0.,0.,-1.));
#4982 = DIRECTION('',(1.,0.,0.));
#4983 = ORIENTED_EDGE('',*,*,#4208,.F.);
#4984 = ORIENTED_EDGE('',*,*,#4961,.F.);
#4985 = SPHERICAL_SURFACE('',#4986,2.);
#4986 = AXIS2_PLACEMENT_3D('',#4987,#4988,#4989);
#4987 = CARTESIAN_POINT('',(58.,70.,5.));
#4988 = DIRECTION('',(0.,-1.,0.));
#4989 = DIRECTION('',(1.,0.,0.));
#4990 = ADVANCED_FACE('',(#4991),#4996,.T.);
#4991 = FACE_BOUND('',#4992,.T.);
#4992 = EDGE_LOOP('',(#4993,#4994,#4995));
#4993 = ORIENTED_EDGE('',*,*,#4791,.F.);
#4994 = ORIENTED_EDGE('',*,*,#4161,.T.);
#4995 = ORIENTED_EDGE('',*,*,#4977,.T.);
#4996 = CYLINDRICAL_SURFACE('',#4997,2.);
#4997 = AXIS2_PLACEMENT_3D('',#4998,#4999,#5000);
#4998 = CARTESIAN_POINT('',(58.,70.,-7.));
#4999 = DIRECTION('',(0.,0.,1.));
#5000 = DIRECTION('',(1.,0.,0.));
#5001 = ADVANCED_FACE('',(#5002),#5488,.T.);
#5002 = FACE_BOUND('',#5003,.T.);
#5003 = EDGE_LOOP('',(#5004,#5005,#5006,#5007,#5008,#5055,#5132,#5140,
    #5192,#5237,#5238,#5285,#5362,#5370,#5442,#5487));
#5004 = ORIENTED_EDGE('',*,*,#4634,.F.);
#5005 = ORIENTED_EDGE('',*,*,#4619,.T.);
#5006 = ORIENTED_EDGE('',*,*,#4676,.T.);
#5007 = ORIENTED_EDGE('',*,*,#4783,.F.);
#5008 = ORIENTED_EDGE('',*,*,#5009,.T.);
#5009 = EDGE_CURVE('',#4776,#5010,#5012,.T.);
#5010 = VERTEX_POINT('',#5011);
#5011 = CARTESIAN_POINT('',(59.872983346207,70.701379629608,-5.));
#5012 = B_SPLINE_CURVE_WITH_KNOTS('',5,(#5013,#5014,#5015,#5016,#5017,
    #5018,#5019,#5020,#5021,#5022,#5023,#5024,#5025,#5026,#5027,#5028,
    #5029,#5030,#5031,#5032,#5033,#5034,#5035,#5036,#5037,#5038,#5039,
    #5040,#5041,#5042,#5043,#5044,#5045,#5046,#5047,#5048,#5049,#5050,
    #5051,#5052,#5053,#5054),.UNSPECIFIED.,.F.,.F.,(6,4,4,4,4,4,4,4,4,4,
    6),(0.,2.729671671024E-03,5.459342254222E-03,8.189010661433E-03,
    1.101616377137E-02,1.384331217128E-02,1.667045465228E-02,
    1.949759000575E-02,2.212974303848E-02,2.476188786958E-02,1.),
  .UNSPECIFIED.);
#5013 = CARTESIAN_POINT('',(60.,70.,-4.));
#5014 = CARTESIAN_POINT('',(60.,70.000386699049,-4.000546875041));
#5015 = CARTESIAN_POINT('',(59.99999990654,70.000773398099,
    -4.00109375008));
#5016 = CARTESIAN_POINT('',(59.99999971962,70.001160097135,
    -4.001640625117));
#5017 = CARTESIAN_POINT('',(59.999999439239,70.001546796143,
    -4.002187500148));
#5018 = CARTESIAN_POINT('',(59.999998691559,70.002320193926,
    -4.003281249973));
#5019 = CARTESIAN_POINT('',(59.999998224258,70.0027068927,
    -4.003828124767));
#5020 = CARTESIAN_POINT('',(59.999997663498,70.00309359142,
    -4.004374999549));
#5021 = CARTESIAN_POINT('',(59.999997009277,70.003480290072,
    -4.004921874315));
#5022 = CARTESIAN_POINT('',(59.999995513916,70.004253686906,
    -4.006015623373));
#5023 = CARTESIAN_POINT('',(59.999994672776,70.004640385087,
    -4.006562497665));
#5024 = CARTESIAN_POINT('',(59.999993738175,70.005027083175,
    -4.007109371936));
#5025 = CARTESIAN_POINT('',(59.999992710114,70.005413781154,
    -4.007656246181));
#5026 = CARTESIAN_POINT('',(59.999990427019,70.006200987017,
    -4.008769525146));
#5027 = CARTESIAN_POINT('',(59.99998916519,70.006601494893,
    -4.009335929863));
#5028 = CARTESIAN_POINT('',(59.999987803106,70.007002002623,
    -4.009902334546));
#5029 = CARTESIAN_POINT('',(59.999986340766,70.007402510192,
    -4.010468739192));
#5030 = CARTESIAN_POINT('',(59.999983215579,70.008203524314,
    -4.011601547459));
#5031 = CARTESIAN_POINT('',(59.999981552731,70.008604030865,
    -4.01216795108));
#5032 = CARTESIAN_POINT('',(59.999979789628,70.009004537226,
    -4.012734354657));
#5033 = CARTESIAN_POINT('',(59.99997792627,70.009405043382,
    -4.013300758186));
#5034 = CARTESIAN_POINT('',(59.999973999046,70.010206054414,
    -4.014433563956));
#5035 = CARTESIAN_POINT('',(59.999971935181,70.01060655929,
    -4.014999966197));
#5036 = CARTESIAN_POINT('',(59.999969771061,70.011007063931,
    -4.015566368384));
#5037 = CARTESIAN_POINT('',(59.999967506685,70.011407568321,
    -4.016132770513));
#5038 = CARTESIAN_POINT('',(59.999962777426,70.012208575561,
    -4.017265573218));
#5039 = CARTESIAN_POINT('',(59.999960312545,70.01260907841,
    -4.017831973796));
#5040 = CARTESIAN_POINT('',(59.999957747408,70.013009580979,
    -4.018398374308));
#5041 = CARTESIAN_POINT('',(59.999955082015,70.013410083253,
    -4.018964774752));
#5042 = CARTESIAN_POINT('',(59.999949741458,70.014183465296,
    -4.020058511905));
#5043 = CARTESIAN_POINT('',(59.999947079647,70.014556345106,
    -4.020585848624));
#5044 = CARTESIAN_POINT('',(59.999944330931,70.014929224636,
    -4.021113185277));
#5045 = CARTESIAN_POINT('',(59.99994149531,70.015302103872,
    -4.021640521862));
#5046 = CARTESIAN_POINT('',(59.999935650269,70.016047860571,
    -4.022695193248));
#5047 = CARTESIAN_POINT('',(59.999932640849,70.016420738034,
    -4.023222528049));
#5048 = CARTESIAN_POINT('',(59.999929544524,70.01679361518,
    -4.023749862776));
#5049 = CARTESIAN_POINT('',(59.999926361294,70.017166491996,
    -4.024277197426));
#5050 = CARTESIAN_POINT('',(59.99871147091,70.1556941327,-4.220187690858
    ));
#5051 = CARTESIAN_POINT('',(59.985569995923,70.293761814976,
    -4.415502963152));
#5052 = CARTESIAN_POINT('',(59.960497731494,70.431184733905,
    -4.610691404354));
#5053 = CARTESIAN_POINT('',(59.92316634691,70.567369662116,
    -4.805642198407));
#5054 = CARTESIAN_POINT('',(59.872983191288,70.701380043309,-5.0000006)
  );
#5055 = ORIENTED_EDGE('',*,*,#5056,.F.);
#5056 = EDGE_CURVE('',#5057,#5010,#5059,.T.);
#5057 = VERTEX_POINT('',#5058);
#5058 = CARTESIAN_POINT('',(58.843223563717,70.,-6.813552872566));
#5059 = B_SPLINE_CURVE_WITH_KNOTS('',6,(#5060,#5061,#5062,#5063,#5064,
    #5065,#5066,#5067,#5068,#5069,#5070,#5071,#5072,#5073,#5074,#5075,
    #5076,#5077,#5078,#5079,#5080,#5081,#5082,#5083,#5084,#5085,#5086,
    #5087,#5088,#5089,#5090,#5091,#5092,#5093,#5094,#5095,#5096,#5097,
    #5098,#5099,#5100,#5101,#5102,#5103,#5104,#5105,#5106,#5107,#5108,
    #5109,#5110,#5111,#5112,#5113,#5114,#5115,#5116,#5117,#5118,#5119,
    #5120,#5121,#5122,#5123,#5124,#5125,#5126,#5127,#5128,#5129,#5130,
    #5131),.UNSPECIFIED.,.F.,.F.,(7,5,5,5,5,5,5,5,5,5,5,5,5,5,7),(0.,
    0.117995358314,0.152949616624,0.231193078806,0.360940351386,
    0.425519522643,0.479726216855,0.529532078096,0.580248719532,
    0.699606314475,0.819170924144,0.833510800853,0.846647456154,
    0.859935876695,1.),.UNSPECIFIED.);
#5060 = CARTESIAN_POINT('',(58.843223563717,70.,-6.813552872566));
#5061 = CARTESIAN_POINT('',(58.843223563717,70.036546855671,
    -6.813552872566));
#5062 = CARTESIAN_POINT('',(58.844843882049,70.073011001705,
    -6.811915803226));
#5063 = CARTESIAN_POINT('',(58.848069388355,70.109604998093,
    -6.808655649158));
#5064 = CARTESIAN_POINT('',(58.852964709554,70.146472733338,
    -6.803695120542));
#5065 = CARTESIAN_POINT('',(58.859632196324,70.183673857682,
    -6.796900736885));
#5066 = CARTESIAN_POINT('',(58.870699046153,70.232275326967,
    -6.7855161375));
#5067 = CARTESIAN_POINT('',(58.873392137023,70.243407525526,
    -6.782740053778));
#5068 = CARTESIAN_POINT('',(58.876251654504,70.254563359377,
    -6.779785702819));
#5069 = CARTESIAN_POINT('',(58.879279811977,70.265740450639,
    -6.776649199115));
#5070 = CARTESIAN_POINT('',(58.882478543895,70.276935496196,
    -6.773326728459));
#5071 = CARTESIAN_POINT('',(58.89339524532,70.313234575182,
    -6.761952697141));
#5072 = CARTESIAN_POINT('',(58.901804600601,70.338396244991,
    -6.753139550409));
#5073 = CARTESIAN_POINT('',(58.911093985729,70.363576974025,
    -6.743335521857));
#5074 = CARTESIAN_POINT('',(58.921269743142,70.388707434124,
    -6.732505078696));
#5075 = CARTESIAN_POINT('',(58.932322433763,70.413703755002,
    -6.720623847302));
#5076 = CARTESIAN_POINT('',(58.963952143306,70.479538661129,
    -6.686231059979));
#5077 = CARTESIAN_POINT('',(58.986015171748,70.519986629939,
    -6.661864083888));
#5078 = CARTESIAN_POINT('',(59.010271417208,70.559374625533,
    -6.634555750093));
#5079 = CARTESIAN_POINT('',(59.03648174004,70.597306856661,
    -6.604352264095));
#5080 = CARTESIAN_POINT('',(59.064343905962,70.633458135362,
    -6.57136490659));
#5081 = CARTESIAN_POINT('',(59.108071511851,70.684551871504,
    -6.51801845477));
#5082 = CARTESIAN_POINT('',(59.122936029877,70.70102964242,
    -6.499635500334));
#5083 = CARTESIAN_POINT('',(59.138096304802,70.716975999806,
    -6.480613861517));
#5084 = CARTESIAN_POINT('',(59.153514849963,70.73236550107,
    -6.460971145758));
#5085 = CARTESIAN_POINT('',(59.169154585861,70.747176272653,
    -6.440726012033));
#5086 = CARTESIAN_POINT('',(59.198262980818,70.773319789141,
    -6.402414620213));
#5087 = CARTESIAN_POINT('',(59.211676830042,70.78482897239,
    -6.384520770874));
#5088 = CARTESIAN_POINT('',(59.225199864256,70.795905947956,
    -6.366227502475));
#5089 = CARTESIAN_POINT('',(59.238811230852,70.806540754045,
    -6.347546767327));
#5090 = CARTESIAN_POINT('',(59.252490575564,70.816724536174,
    -6.328491044947));
#5091 = CARTESIAN_POINT('',(59.278831029151,70.835385021932,
    -6.291232087778));
#5092 = CARTESIAN_POINT('',(59.291484653057,70.843933135867,
    -6.273085271008));
#5093 = CARTESIAN_POINT('',(59.304163530406,70.852087835734,
    -6.254642975177));
#5094 = CARTESIAN_POINT('',(59.316852719926,70.859843630365,
    -6.235915736228));
#5095 = CARTESIAN_POINT('',(59.329537722856,70.867195590663,
    -6.216914542627));
#5096 = CARTESIAN_POINT('',(59.355102875099,70.88121008632,
    -6.178034860258));
#5097 = CARTESIAN_POINT('',(59.367982363033,70.887857533387,
    -6.158146700362));
#5098 = CARTESIAN_POINT('',(59.380828102577,70.894077059294,
    -6.137998446289));
#5099 = CARTESIAN_POINT('',(59.393625809982,70.89986453695,
    -6.117602729383));
#5100 = CARTESIAN_POINT('',(59.406361761921,70.905216343674,
    -6.096972721715));
#5101 = CARTESIAN_POINT('',(59.448819534247,70.921691758454,
    -6.027051935791));
#5102 = CARTESIAN_POINT('',(59.478201642433,70.930823906157,
    -5.976759705109));
#5103 = CARTESIAN_POINT('',(59.506997292051,70.937484914538,
    -5.925424848092));
#5104 = CARTESIAN_POINT('',(59.535054212495,70.941648611223,
    -5.873243297436));
#5105 = CARTESIAN_POINT('',(59.562242074467,70.94330349804,
    -5.820426233849));
#5106 = CARTESIAN_POINT('',(59.614713137046,70.941600442008,
    -5.713879058923));
#5107 = CARTESIAN_POINT('',(59.639993538284,70.938233774307,
    -5.66014632708));
#5108 = CARTESIAN_POINT('',(59.664188745468,70.932356038769,
    -5.606227462388));
#5109 = CARTESIAN_POINT('',(59.68721819853,70.923985369952,
    -5.552358888741));
#5110 = CARTESIAN_POINT('',(59.709027055419,70.913154747727,
    -5.498784001186));
#5111 = CARTESIAN_POINT('',(59.732050753651,70.898323789791,
    -5.439390047079));
#5112 = CARTESIAN_POINT('',(59.73449838145,70.896700839617,
    -5.433037306084));
#5113 = CARTESIAN_POINT('',(59.736927970058,70.895043273609,
    -5.426692767399));
#5114 = CARTESIAN_POINT('',(59.739339473205,70.893351176783,
    -5.420356855962));
#5115 = CARTESIAN_POINT('',(59.741732849715,70.891624637121,
    -5.414029996963));
#5116 = CARTESIAN_POINT('',(59.746283979341,70.888250605827,
    -5.401925309585));
#5117 = CARTESIAN_POINT('',(59.748444652541,70.886608637089,
    -5.396145957364));
#5118 = CARTESIAN_POINT('',(59.750590055362,70.884937909287,
    -5.390374886254));
#5119 = CARTESIAN_POINT('',(59.752720163568,70.883238494422,
    -5.384612423341));
#5120 = CARTESIAN_POINT('',(59.754834956426,70.881510466568,
    -5.378858895724));
#5121 = CARTESIAN_POINT('',(59.759058131654,70.877977043937,
    -5.36730400292));
#5122 = CARTESIAN_POINT('',(59.761166157693,70.876170985984,
    -5.361502852944));
#5123 = CARTESIAN_POINT('',(59.763258476998,70.874335806838,
    -5.35571151917));
#5124 = CARTESIAN_POINT('',(59.765335075317,70.872471587475,
    -5.349930340031));
#5125 = CARTESIAN_POINT('',(59.767395941968,70.870578411031,
    -5.344159653807));
#5126 = CARTESIAN_POINT('',(59.790997359545,70.848397371195,
    -5.277689117266));
#5127 = CARTESIAN_POINT('',(59.81080541886,70.824930480131,
    -5.218181065391));
#5128 = CARTESIAN_POINT('',(59.82885595413,70.798356199999,
    -5.160272922491));
#5129 = CARTESIAN_POINT('',(59.845185226114,70.768800452384,
    -5.104357041798));
#5130 = CARTESIAN_POINT('',(59.859863475133,70.736415292164,
    -5.050813042175));
#5131 = CARTESIAN_POINT('',(59.872983346207,70.701379629608,-5.));
#5132 = ORIENTED_EDGE('',*,*,#5133,.F.);
#5133 = EDGE_CURVE('',#5134,#5057,#5136,.T.);
#5134 = VERTEX_POINT('',#5135);
#5135 = CARTESIAN_POINT('',(58.843223563717,56.,-6.813552872566));
#5136 = LINE('',#5137,#5138);
#5137 = CARTESIAN_POINT('',(58.843223563717,-75.,-6.813552872566));
#5138 = VECTOR('',#5139,1.);
#5139 = DIRECTION('',(0.,1.,0.));
#5140 = ORIENTED_EDGE('',*,*,#5141,.F.);
#5141 = EDGE_CURVE('',#5142,#5134,#5144,.T.);
#5142 = VERTEX_POINT('',#5143);
#5143 = CARTESIAN_POINT('',(59.872983346207,55.298620370392,-5.));
#5144 = B_SPLINE_CURVE_WITH_KNOTS('',6,(#5145,#5146,#5147,#5148,#5149,
    #5150,#5151,#5152,#5153,#5154,#5155,#5156,#5157,#5158,#5159,#5160,
    #5161,#5162,#5163,#5164,#5165,#5166,#5167,#5168,#5169,#5170,#5171,
    #5172,#5173,#5174,#5175,#5176,#5177,#5178,#5179,#5180,#5181,#5182,
    #5183,#5184,#5185,#5186,#5187,#5188,#5189,#5190,#5191),
  .UNSPECIFIED.,.F.,.F.,(7,5,5,5,5,5,5,5,5,7),(0.,0.150347248442,
    0.418486703567,0.470296734253,0.520253342395,0.574546057716,
    0.63883911619,0.769113261405,0.851724337484,1.),.UNSPECIFIED.);
#5145 = CARTESIAN_POINT('',(59.872983346207,55.298620370391,-5.));
#5146 = CARTESIAN_POINT('',(59.85889910069,55.261009415945,
    -5.054548048334));
#5147 = CARTESIAN_POINT('',(59.843018965729,55.226452897071,
    -5.112243387162));
#5148 = CARTESIAN_POINT('',(59.825228256705,55.195172192789,
    -5.172641600454));
#5149 = CARTESIAN_POINT('',(59.805442248829,55.167353023557,
    -5.235271190904));
#5150 = CARTESIAN_POINT('',(59.783622372069,55.143146387559,
    -5.299644660915));
#5151 = CARTESIAN_POINT('',(59.71729243245,55.086149624942,
    -5.482309538569));
#5152 = CARTESIAN_POINT('',(59.668384269679,55.061480831989,
    -5.60336910857));
#5153 = CARTESIAN_POINT('',(59.613218720418,55.049361941538,
    -5.725584885639));
#5154 = CARTESIAN_POINT('',(59.552520233148,55.050037512488,
    -5.846200883833));
#5155 = CARTESIAN_POINT('',(59.487730860294,55.063471112322,
    -5.962751230642));
#5156 = CARTESIAN_POINT('',(59.40791088743,55.094136065734,
    -6.094460630078));
#5157 = CARTESIAN_POINT('',(59.394905987834,55.099559967369,
    -6.11555974059));
#5158 = CARTESIAN_POINT('',(59.381835578769,55.105438848692,
    -6.136415344333));
#5159 = CARTESIAN_POINT('',(59.368714261616,55.11176887346,
    -6.157013367716));
#5160 = CARTESIAN_POINT('',(59.355557249506,55.118545656715,
    -6.177340326484));
#5161 = CARTESIAN_POINT('',(59.329674867412,55.132724638485,
    -6.216709318118));
#5162 = CARTESIAN_POINT('',(59.316950881512,55.140095768887,
    -6.235771286561));
#5163 = CARTESIAN_POINT('',(59.304222592706,55.147873252278,
    -6.25455768092));
#5164 = CARTESIAN_POINT('',(59.291504632119,55.156052116041,
    -6.27305740924));
#5165 = CARTESIAN_POINT('',(59.278812078903,55.164626818652,
    -6.29125983774));
#5166 = CARTESIAN_POINT('',(59.252410713099,55.183333770639,
    -6.328602980533));
#5167 = CARTESIAN_POINT('',(59.238709301086,55.193536542161,
    -6.347687968361));
#5168 = CARTESIAN_POINT('',(59.225076179112,55.204191777583,
    -6.366396684911));
#5169 = CARTESIAN_POINT('',(59.211531803428,55.215290574982,
    -6.384716591344));
#5170 = CARTESIAN_POINT('',(59.198097131623,55.226822917177,
    -6.402635679378));
#5171 = CARTESIAN_POINT('',(59.169039699158,55.252934409501,
    -6.440873893327));
#5172 = CARTESIAN_POINT('',(59.153469779686,55.267683351292,
    -6.461027013611));
#5173 = CARTESIAN_POINT('',(59.138119246524,55.283005879391,
    -6.480582921594));
#5174 = CARTESIAN_POINT('',(59.123024691959,55.298880400449,
    -6.4995232059));
#5175 = CARTESIAN_POINT('',(59.10822310901,55.315281814401,
    -6.517830487868));
#5176 = CARTESIAN_POINT('',(59.064427062309,55.366423012715,
    -6.571269516504));
#5177 = CARTESIAN_POINT('',(59.036446142676,55.402720347961,
    -6.60439841653));
#5178 = CARTESIAN_POINT('',(59.010130561483,55.440813722911,
    -6.634720384567));
#5179 = CARTESIAN_POINT('',(58.985786429352,55.480373802323,
    -6.662122724553));
#5180 = CARTESIAN_POINT('',(58.963655501653,55.520999595752,
    -6.686559046875));
#5181 = CARTESIAN_POINT('',(58.931335363056,55.588402104461,
    -6.721693623467));
#5182 = CARTESIAN_POINT('',(58.919737007178,55.614812868415,
    -6.734149809544));
#5183 = CARTESIAN_POINT('',(58.909118741447,55.641365025926,
    -6.745435153493));
#5184 = CARTESIAN_POINT('',(58.899489880979,55.667960872295,
    -6.755579809336));
#5185 = CARTESIAN_POINT('',(58.89084042435,55.694521507956,
    -6.764627419887));
#5186 = CARTESIAN_POINT('',(58.869343634672,55.76849686586,
    -6.786981121856));
#5187 = CARTESIAN_POINT('',(58.858629563099,55.815689411608,
    -6.797950479527));
#5188 = CARTESIAN_POINT('',(58.850854489099,55.862313018973,
    -6.805840978528));
#5189 = CARTESIAN_POINT('',(58.845768093559,55.908407403272,
    -6.810981665738));
#5190 = CARTESIAN_POINT('',(58.843223563717,55.954192205599,
    -6.813552872566));
#5191 = CARTESIAN_POINT('',(58.843223563717,56.,-6.813552872566));
#5192 = ORIENTED_EDGE('',*,*,#5193,.F.);
#5193 = EDGE_CURVE('',#4752,#5142,#5194,.T.);
#5194 = B_SPLINE_CURVE_WITH_KNOTS('',5,(#5195,#5196,#5197,#5198,#5199,
    #5200,#5201,#5202,#5203,#5204,#5205,#5206,#5207,#5208,#5209,#5210,
    #5211,#5212,#5213,#5214,#5215,#5216,#5217,#5218,#5219,#5220,#5221,
    #5222,#5223,#5224,#5225,#5226,#5227,#5228,#5229,#5230,#5231,#5232,
    #5233,#5234,#5235,#5236),.UNSPECIFIED.,.F.,.F.,(6,4,4,4,4,4,4,4,4,4,
    6),(0.,2.729671503247E-03,5.459341918666E-03,8.189010158045E-03,
    1.101616309416E-02,1.384331132035E-02,1.667045362765E-02,
    1.949758880737E-02,2.212974167832E-02,2.476188634758E-02,1.),
  .UNSPECIFIED.);
#5195 = CARTESIAN_POINT('',(60.,56.,-4.));
#5196 = CARTESIAN_POINT('',(60.,55.999613300951,-4.000546875041));
#5197 = CARTESIAN_POINT('',(59.99999990654,55.999226601901,
    -4.00109375008));
#5198 = CARTESIAN_POINT('',(59.99999971962,55.998839902865,
    -4.001640625117));
#5199 = CARTESIAN_POINT('',(59.999999439239,55.998453203857,
    -4.002187500148));
#5200 = CARTESIAN_POINT('',(59.999998691559,55.997679806074,
    -4.003281249973));
#5201 = CARTESIAN_POINT('',(59.999998224258,55.9972931073,
    -4.003828124767));
#5202 = CARTESIAN_POINT('',(59.999997663498,55.99690640858,
    -4.004374999549));
#5203 = CARTESIAN_POINT('',(59.999997009277,55.996519709928,
    -4.004921874315));
#5204 = CARTESIAN_POINT('',(59.999995513916,55.995746313094,
    -4.006015623373));
#5205 = CARTESIAN_POINT('',(59.999994672776,55.995359614913,
    -4.006562497665));
#5206 = CARTESIAN_POINT('',(59.999993738175,55.994972916825,
    -4.007109371936));
#5207 = CARTESIAN_POINT('',(59.999992710114,55.994586218846,
    -4.007656246181));
#5208 = CARTESIAN_POINT('',(59.999990427019,55.993799012983,
    -4.008769525146));
#5209 = CARTESIAN_POINT('',(59.99998916519,55.993398505107,
    -4.009335929863));
#5210 = CARTESIAN_POINT('',(59.999987803106,55.992997997377,
    -4.009902334546));
#5211 = CARTESIAN_POINT('',(59.999986340766,55.992597489808,
    -4.010468739192));
#5212 = CARTESIAN_POINT('',(59.999983215579,55.991796475686,
    -4.011601547459));
#5213 = CARTESIAN_POINT('',(59.999981552731,55.991395969135,
    -4.01216795108));
#5214 = CARTESIAN_POINT('',(59.999979789628,55.990995462774,
    -4.012734354657));
#5215 = CARTESIAN_POINT('',(59.99997792627,55.990594956618,
    -4.013300758186));
#5216 = CARTESIAN_POINT('',(59.999973999046,55.989793945586,
    -4.014433563956));
#5217 = CARTESIAN_POINT('',(59.999971935181,55.98939344071,
    -4.014999966197));
#5218 = CARTESIAN_POINT('',(59.999969771061,55.988992936069,
    -4.015566368384));
#5219 = CARTESIAN_POINT('',(59.999967506685,55.988592431679,
    -4.016132770513));
#5220 = CARTESIAN_POINT('',(59.999962777426,55.987791424439,
    -4.017265573218));
#5221 = CARTESIAN_POINT('',(59.999960312545,55.98739092159,
    -4.017831973796));
#5222 = CARTESIAN_POINT('',(59.999957747408,55.986990419021,
    -4.018398374308));
#5223 = CARTESIAN_POINT('',(59.999955082015,55.986589916747,
    -4.018964774752));
#5224 = CARTESIAN_POINT('',(59.999949741458,55.985816534704,
    -4.020058511905));
#5225 = CARTESIAN_POINT('',(59.999947079647,55.985443654894,
    -4.020585848624));
#5226 = CARTESIAN_POINT('',(59.999944330931,55.985070775364,
    -4.021113185277));
#5227 = CARTESIAN_POINT('',(59.99994149531,55.984697896128,
    -4.021640521862));
#5228 = CARTESIAN_POINT('',(59.999935650269,55.983952139429,
    -4.022695193248));
#5229 = CARTESIAN_POINT('',(59.999932640849,55.983579261966,
    -4.023222528049));
#5230 = CARTESIAN_POINT('',(59.999929544524,55.98320638482,
    -4.023749862776));
#5231 = CARTESIAN_POINT('',(59.999926361294,55.982833508004,
    -4.024277197426));
#5232 = CARTESIAN_POINT('',(59.998711470833,55.844305858591,
    -4.220187703175));
#5233 = CARTESIAN_POINT('',(59.985569997358,55.706238200401,
    -4.415502941275));
#5234 = CARTESIAN_POINT('',(59.960497728723,55.568815250476,
    -4.610691426655));
#5235 = CARTESIAN_POINT('',(59.923166346738,55.432630337424,
    -4.805642199073));
#5236 = CARTESIAN_POINT('',(59.872983191288,55.298619956691,-5.0000006)
  );
#5237 = ORIENTED_EDGE('',*,*,#4751,.F.);
#5238 = ORIENTED_EDGE('',*,*,#5239,.T.);
#5239 = EDGE_CURVE('',#4744,#5240,#5242,.T.);
#5240 = VERTEX_POINT('',#5241);
#5241 = CARTESIAN_POINT('',(59.872983346207,-55.29862037039,-5.));
#5242 = B_SPLINE_CURVE_WITH_KNOTS('',5,(#5243,#5244,#5245,#5246,#5247,
    #5248,#5249,#5250,#5251,#5252,#5253,#5254,#5255,#5256,#5257,#5258,
    #5259,#5260,#5261,#5262,#5263,#5264,#5265,#5266,#5267,#5268,#5269,
    #5270,#5271,#5272,#5273,#5274,#5275,#5276,#5277,#5278,#5279,#5280,
    #5281,#5282,#5283,#5284),.UNSPECIFIED.,.F.,.F.,(6,4,4,4,4,4,4,4,4,4,
    6),(0.,2.729671615213E-03,5.459342142562E-03,8.189010493864E-03,
    1.101616354589E-02,1.384331188796E-02,1.667045431119E-02,
    1.949758960687E-02,2.212974258578E-02,2.476188736302E-02,1.),
  .UNSPECIFIED.);
#5243 = CARTESIAN_POINT('',(60.,-56.,-4.));
#5244 = CARTESIAN_POINT('',(60.,-55.99961330095,-4.000546875041));
#5245 = CARTESIAN_POINT('',(59.99999990654,-55.9992266019,-4.00109375008
    ));
#5246 = CARTESIAN_POINT('',(59.99999971962,-55.99883990286,
    -4.001640625117));
#5247 = CARTESIAN_POINT('',(59.999999439239,-55.99845320385,
    -4.002187500148));
#5248 = CARTESIAN_POINT('',(59.999998691559,-55.99767980607,
    -4.003281249973));
#5249 = CARTESIAN_POINT('',(59.999998224258,-55.9972931073,
    -4.003828124767));
#5250 = CARTESIAN_POINT('',(59.999997663498,-55.99690640858,
    -4.004374999549));
#5251 = CARTESIAN_POINT('',(59.999997009277,-55.99651970992,
    -4.004921874315));
#5252 = CARTESIAN_POINT('',(59.999995513916,-55.99574631309,
    -4.006015623373));
#5253 = CARTESIAN_POINT('',(59.999994672776,-55.99535961491,
    -4.006562497665));
#5254 = CARTESIAN_POINT('',(59.999993738175,-55.99497291682,
    -4.007109371936));
#5255 = CARTESIAN_POINT('',(59.999992710114,-55.99458621884,
    -4.007656246181));
#5256 = CARTESIAN_POINT('',(59.999990427019,-55.99379901298,
    -4.008769525146));
#5257 = CARTESIAN_POINT('',(59.99998916519,-55.9933985051,
    -4.009335929863));
#5258 = CARTESIAN_POINT('',(59.999987803106,-55.99299799737,
    -4.009902334546));
#5259 = CARTESIAN_POINT('',(59.999986340766,-55.9925974898,
    -4.010468739192));
#5260 = CARTESIAN_POINT('',(59.999983215579,-55.99179647568,
    -4.011601547459));
#5261 = CARTESIAN_POINT('',(59.999981552731,-55.99139596913,
    -4.01216795108));
#5262 = CARTESIAN_POINT('',(59.999979789628,-55.99099546277,
    -4.012734354657));
#5263 = CARTESIAN_POINT('',(59.99997792627,-55.99059495661,
    -4.013300758186));
#5264 = CARTESIAN_POINT('',(59.999973999046,-55.98979394558,
    -4.014433563956));
#5265 = CARTESIAN_POINT('',(59.999971935181,-55.98939344071,
    -4.014999966197));
#5266 = CARTESIAN_POINT('',(59.999969771061,-55.98899293606,
    -4.015566368384));
#5267 = CARTESIAN_POINT('',(59.999967506685,-55.98859243167,
    -4.016132770513));
#5268 = CARTESIAN_POINT('',(59.999962777426,-55.98779142443,
    -4.017265573218));
#5269 = CARTESIAN_POINT('',(59.999960312545,-55.98739092159,
    -4.017831973796));
#5270 = CARTESIAN_POINT('',(59.999957747408,-55.98699041902,
    -4.018398374308));
#5271 = CARTESIAN_POINT('',(59.999955082015,-55.98658991674,
    -4.018964774752));
#5272 = CARTESIAN_POINT('',(59.999949741458,-55.9858165347,
    -4.020058511905));
#5273 = CARTESIAN_POINT('',(59.999947079647,-55.98544365489,
    -4.020585848624));
#5274 = CARTESIAN_POINT('',(59.999944330931,-55.98507077536,
    -4.021113185277));
#5275 = CARTESIAN_POINT('',(59.99994149531,-55.98469789612,
    -4.021640521862));
#5276 = CARTESIAN_POINT('',(59.999935650269,-55.98395213942,
    -4.022695193248));
#5277 = CARTESIAN_POINT('',(59.999932640849,-55.98357926196,
    -4.023222528049));
#5278 = CARTESIAN_POINT('',(59.999929544524,-55.98320638482,
    -4.023749862776));
#5279 = CARTESIAN_POINT('',(59.999926361294,-55.982833508,
    -4.024277197426));
#5280 = CARTESIAN_POINT('',(59.998711470884,-55.8443058644,
    -4.220187694955));
#5281 = CARTESIAN_POINT('',(59.985569995431,-55.70623818594,
    -4.415502961885));
#5282 = CARTESIAN_POINT('',(59.960497732266,-55.56881526486,
    -4.610691405982));
#5283 = CARTESIAN_POINT('',(59.923166344596,-55.4326303317,
    -4.805642207367));
#5284 = CARTESIAN_POINT('',(59.872983191288,-55.29861995669,-5.0000006)
  );
#5285 = ORIENTED_EDGE('',*,*,#5286,.F.);
#5286 = EDGE_CURVE('',#5287,#5240,#5289,.T.);
#5287 = VERTEX_POINT('',#5288);
#5288 = CARTESIAN_POINT('',(58.843223563717,-56.,-6.813552872566));
#5289 = B_SPLINE_CURVE_WITH_KNOTS('',6,(#5290,#5291,#5292,#5293,#5294,
    #5295,#5296,#5297,#5298,#5299,#5300,#5301,#5302,#5303,#5304,#5305,
    #5306,#5307,#5308,#5309,#5310,#5311,#5312,#5313,#5314,#5315,#5316,
    #5317,#5318,#5319,#5320,#5321,#5322,#5323,#5324,#5325,#5326,#5327,
    #5328,#5329,#5330,#5331,#5332,#5333,#5334,#5335,#5336,#5337,#5338,
    #5339,#5340,#5341,#5342,#5343,#5344,#5345,#5346,#5347,#5348,#5349,
    #5350,#5351,#5352,#5353,#5354,#5355,#5356,#5357,#5358,#5359,#5360,
    #5361),.UNSPECIFIED.,.F.,.F.,(7,5,5,5,5,5,5,5,5,5,5,5,5,5,7),(0.,
    0.117995262553,0.152949492497,0.231192891183,0.360940058474,
    0.425519177324,0.479725827549,0.529989674434,0.581570425193,
    0.647065702684,0.726943342167,0.848926847513,0.93089051116,
    0.960134839,1.),.UNSPECIFIED.);
#5290 = CARTESIAN_POINT('',(58.843223563717,-56.,-6.813552872566));
#5291 = CARTESIAN_POINT('',(58.843223563717,-55.96345314444,
    -6.813552872566));
#5292 = CARTESIAN_POINT('',(58.84484388205,-55.92698899829,
    -6.811915803225));
#5293 = CARTESIAN_POINT('',(58.848069388356,-55.89039500187,
    -6.808655649157));
#5294 = CARTESIAN_POINT('',(58.852964709555,-55.85352726667,
    -6.803695120541));
#5295 = CARTESIAN_POINT('',(58.859632196324,-55.81632614231,
    -6.796900736885));
#5296 = CARTESIAN_POINT('',(58.870699046153,-55.76772467303,
    -6.7855161375));
#5297 = CARTESIAN_POINT('',(58.873392137023,-55.75659247447,
    -6.782740053777));
#5298 = CARTESIAN_POINT('',(58.876251654504,-55.74543664062,
    -6.779785702818));
#5299 = CARTESIAN_POINT('',(58.879279811977,-55.73425954935,
    -6.776649199115));
#5300 = CARTESIAN_POINT('',(58.882478543895,-55.7230645038,
    -6.773326728459));
#5301 = CARTESIAN_POINT('',(58.89339524532,-55.68676542481,
    -6.761952697141));
#5302 = CARTESIAN_POINT('',(58.901804600601,-55.661603755,
    -6.753139550409));
#5303 = CARTESIAN_POINT('',(58.91109398573,-55.63642302597,
    -6.743335521856));
#5304 = CARTESIAN_POINT('',(58.921269743143,-55.61129256587,
    -6.732505078695));
#5305 = CARTESIAN_POINT('',(58.932322433764,-55.58629624499,
    -6.720623847302));
#5306 = CARTESIAN_POINT('',(58.963952143306,-55.52046133886,
    -6.686231059979));
#5307 = CARTESIAN_POINT('',(58.98601517175,-55.48001337006,
    -6.661864083885));
#5308 = CARTESIAN_POINT('',(59.010271417206,-55.44062537446,
    -6.634555750095));
#5309 = CARTESIAN_POINT('',(59.036481740043,-55.40269314334,
    -6.604352264092));
#5310 = CARTESIAN_POINT('',(59.064343905962,-55.36654186463,
    -6.571364906589));
#5311 = CARTESIAN_POINT('',(59.10807151185,-55.31544812849,
    -6.51801845477));
#5312 = CARTESIAN_POINT('',(59.122936029878,-55.29897035758,
    -6.499635500332));
#5313 = CARTESIAN_POINT('',(59.138096304802,-55.28302400019,
    -6.480613861517));
#5314 = CARTESIAN_POINT('',(59.153514849962,-55.26763449892,
    -6.460971145759));
#5315 = CARTESIAN_POINT('',(59.169154585861,-55.25282372734,
    -6.440726012033));
#5316 = CARTESIAN_POINT('',(59.198262980818,-55.22668021086,
    -6.402414620213));
#5317 = CARTESIAN_POINT('',(59.211676830042,-55.21517102761,
    -6.384520770874));
#5318 = CARTESIAN_POINT('',(59.225199864256,-55.20409405204,
    -6.366227502476));
#5319 = CARTESIAN_POINT('',(59.238811230852,-55.19345924595,
    -6.347546767327));
#5320 = CARTESIAN_POINT('',(59.252490575564,-55.18327546382,
    -6.328491044947));
#5321 = CARTESIAN_POINT('',(59.278947021148,-55.16453280533,
    -6.291068015401));
#5322 = CARTESIAN_POINT('',(59.291717387964,-55.15590967644,
    -6.272751480778));
#5323 = CARTESIAN_POINT('',(59.304513330456,-55.1476872871,
    -6.254134101875));
#5324 = CARTESIAN_POINT('',(59.317319495512,-55.13987127587,
    -6.235226712127));
#5325 = CARTESIAN_POINT('',(59.33012098937,-55.13246669896,
    -6.216040614715));
#5326 = CARTESIAN_POINT('',(59.356020662168,-55.1183062596,
    -6.176624884441));
#5327 = CARTESIAN_POINT('',(59.369117839823,-55.11157249998,
    -6.156381099703));
#5328 = CARTESIAN_POINT('',(59.382179308342,-55.10528160795,
    -6.135868962348));
#5329 = CARTESIAN_POINT('',(59.395190066797,-55.09943790139,
    -6.115101785377));
#5330 = CARTESIAN_POINT('',(59.40813571557,-55.0940451595,
    -6.094093460796));
#5331 = CARTESIAN_POINT('',(59.437340154929,-55.08283585649,
    -6.045895061953));
#5332 = CARTESIAN_POINT('',(59.453550681515,-55.07729741335,
    -6.018566182607));
#5333 = CARTESIAN_POINT('',(59.469605741398,-55.0724979522,
    -5.990901507797));
#5334 = CARTESIAN_POINT('',(59.485478904663,-55.06844280623,
    -5.96293219774));
#5335 = CARTESIAN_POINT('',(59.501145606196,-55.06513598299,
    -5.934690886652));
#5336 = CARTESIAN_POINT('',(59.535410674347,-55.05946310359,
    -5.871478620021));
#5337 = CARTESIAN_POINT('',(59.55389748152,-55.05746308685,
    -5.836391539363));
#5338 = CARTESIAN_POINT('',(59.572002345311,-55.05658500294,
    -5.801012555652));
#5339 = CARTESIAN_POINT('',(59.589688884605,-55.05683077227,
    -5.765406320741));
#5340 = CARTESIAN_POINT('',(59.606925559074,-55.05819934688,
    -5.729640023467));
#5341 = CARTESIAN_POINT('',(59.649280528923,-55.06448523683,
    -5.639025663803));
#5342 = CARTESIAN_POINT('',(59.673764557924,-55.07089302026,
    -5.584056138858));
#5343 = CARTESIAN_POINT('',(59.697042145812,-55.07989554174,
    -5.529123625353));
#5344 = CARTESIAN_POINT('',(59.719047414519,-55.0914624035,
    -5.474484936443));
#5345 = CARTESIAN_POINT('',(59.739742123474,-55.10554730593,
    -5.420401766329));
#5346 = CARTESIAN_POINT('',(59.772129720851,-55.13320213295,
    -5.331348067751));
#5347 = CARTESIAN_POINT('',(59.784548433541,-55.14542509677,
    -5.295927818354));
#5348 = CARTESIAN_POINT('',(59.796366298607,-55.15873812891,
    -5.260956682294));
#5349 = CARTESIAN_POINT('',(59.807584577742,-55.17311936337,
    -5.226513679469));
#5350 = CARTESIAN_POINT('',(59.81820920859,-55.18854385533,
    -5.192676987885));
#5351 = CARTESIAN_POINT('',(59.83183360861,-55.2108492136,
    -5.147695061789));
#5352 = CARTESIAN_POINT('',(59.835342172999,-55.21684409045,
    -5.135953191658));
#5353 = CARTESIAN_POINT('',(59.838776964689,-55.2229669396,
    -5.124301830251));
#5354 = CARTESIAN_POINT('',(59.842138510497,-55.22921643935,
    -5.112744446652));
#5355 = CARTESIAN_POINT('',(59.845427397286,-55.23559121832,
    -5.101284482034));
#5356 = CARTESIAN_POINT('',(59.8530294378,-55.25094864054,
    -5.074440854912));
#5357 = CARTESIAN_POINT('',(59.857280780836,-55.26003758495,
    -5.059143726011));
#5358 = CARTESIAN_POINT('',(59.861399946838,-55.2693530891,
    -5.044042614735));
#5359 = CARTESIAN_POINT('',(59.86538874863,-55.27889138049,-5.0291460459
    ));
#5360 = CARTESIAN_POINT('',(59.869249166102,-55.2886485137,
    -5.014462417359));
#5361 = CARTESIAN_POINT('',(59.872983346207,-55.29862037039,-5.));
#5362 = ORIENTED_EDGE('',*,*,#5363,.F.);
#5363 = EDGE_CURVE('',#5364,#5287,#5366,.T.);
#5364 = VERTEX_POINT('',#5365);
#5365 = CARTESIAN_POINT('',(58.843223563717,-70.,-6.813552872566));
#5366 = LINE('',#5367,#5368);
#5367 = CARTESIAN_POINT('',(58.843223563717,-75.,-6.813552872566));
#5368 = VECTOR('',#5369,1.);
#5369 = DIRECTION('',(0.,1.,0.));
#5370 = ORIENTED_EDGE('',*,*,#5371,.F.);
#5371 = EDGE_CURVE('',#5372,#5364,#5374,.T.);
#5372 = VERTEX_POINT('',#5373);
#5373 = CARTESIAN_POINT('',(59.872983346207,-70.7013796296,-5.));
#5374 = B_SPLINE_CURVE_WITH_KNOTS('',6,(#5375,#5376,#5377,#5378,#5379,
    #5380,#5381,#5382,#5383,#5384,#5385,#5386,#5387,#5388,#5389,#5390,
    #5391,#5392,#5393,#5394,#5395,#5396,#5397,#5398,#5399,#5400,#5401,
    #5402,#5403,#5404,#5405,#5406,#5407,#5408,#5409,#5410,#5411,#5412,
    #5413,#5414,#5415,#5416,#5417,#5418,#5419,#5420,#5421,#5422,#5423,
    #5424,#5425,#5426,#5427,#5428,#5429,#5430,#5431,#5432,#5433,#5434,
    #5435,#5436,#5437,#5438,#5439,#5440,#5441),.UNSPECIFIED.,.F.,.F.,(7,
    5,5,5,5,5,5,5,5,5,5,5,5,7),(0.,4.088267658445E-02,6.999464155907E-02
    ,0.151184622472,0.273432020066,0.353301408004,0.418506476842,
    0.470314745823,0.520269655282,0.57456052448,0.638851396787,
    0.769121112274,0.851729379322,1.),.UNSPECIFIED.);
#5375 = CARTESIAN_POINT('',(59.872983346207,-70.7013796296,-5.));
#5376 = CARTESIAN_POINT('',(59.869153542769,-70.71160684145,
    -5.014832764936));
#5377 = CARTESIAN_POINT('',(59.865190954362,-70.7216081918,
    -5.029898215615));
#5378 = CARTESIAN_POINT('',(59.861093264003,-70.73137923784,
    -5.045187428829));
#5379 = CARTESIAN_POINT('',(59.856858340253,-70.74091572804,
    -5.060691341352));
#5380 = CARTESIAN_POINT('',(59.852484237218,-70.75021360213,
    -5.076400749945));
#5381 = CARTESIAN_POINT('',(59.844754097711,-70.76571720316,
    -5.10363243247));
#5382 = CARTESIAN_POINT('',(59.841467538787,-70.77204245934,
    -5.115058019103));
#5383 = CARTESIAN_POINT('',(59.838108885213,-70.77824336262,
    -5.126579700073));
#5384 = CARTESIAN_POINT('',(59.834677563713,-70.78431856474,
    -5.13819407702));
#5385 = CARTESIAN_POINT('',(59.831173060301,-70.79026676624,
    -5.149897724406));
#5386 = CARTESIAN_POINT('',(59.817615892042,-70.8123179,-5.194566675594)
  );
#5387 = CARTESIAN_POINT('',(59.807064253818,-70.82755157014,
    -5.228113785459));
#5388 = CARTESIAN_POINT('',(59.795929822386,-70.8417605796,
    -5.262253293609));
#5389 = CARTESIAN_POINT('',(59.78420692538,-70.85492074675,
    -5.296909171889));
#5390 = CARTESIAN_POINT('',(59.771894401287,-70.8670108556,
    -5.332004589487));
#5391 = CARTESIAN_POINT('',(59.73957393018,-70.89457801791,
    -5.420849849098));
#5392 = CARTESIAN_POINT('',(59.71882310409,-70.90867627368,
    -5.47505937684));
#5393 = CARTESIAN_POINT('',(59.696755984698,-70.92024482409,
    -5.529825253257));
#5394 = CARTESIAN_POINT('',(59.673411216028,-70.92923714069,
    -5.584884029831));
#5395 = CARTESIAN_POINT('',(59.648855332377,-70.93562274218,
    -5.639977207627));
#5396 = CARTESIAN_POINT('',(59.606413269573,-70.94184663155,
    -5.730707975065));
#5397 = CARTESIAN_POINT('',(59.589165656478,-70.94318727217,
    -5.766469843495));
#5398 = CARTESIAN_POINT('',(59.571468803201,-70.9434051215,
    -5.802070306449));
#5399 = CARTESIAN_POINT('',(59.5533543215,-70.94249917596,
    -5.837442214781));
#5400 = CARTESIAN_POINT('',(59.53485866049,-70.94047139986,
    -5.872520961515));
#5401 = CARTESIAN_POINT('',(59.500645831109,-70.93475942507,
    -5.935592633653));
#5402 = CARTESIAN_POINT('',(59.485041925482,-70.93144770401,
    -5.963704141426));
#5403 = CARTESIAN_POINT('',(59.469233830599,-70.92739423298,
    -5.991545365452));
#5404 = CARTESIAN_POINT('',(59.453245818572,-70.92260298546,
    -6.019084115203));
#5405 = CARTESIAN_POINT('',(59.437103992792,-70.9170792377,
    -6.046289649345));
#5406 = CARTESIAN_POINT('',(59.40791088743,-70.90586393426,
    -6.094460630078));
#5407 = CARTESIAN_POINT('',(59.394905987833,-70.90044003263,
    -6.11555974059));
#5408 = CARTESIAN_POINT('',(59.381835578768,-70.8945611513,
    -6.136415344334));
#5409 = CARTESIAN_POINT('',(59.368714261616,-70.88823112654,
    -6.157013367716));
#5410 = CARTESIAN_POINT('',(59.355557249506,-70.88145434328,
    -6.177340326484));
#5411 = CARTESIAN_POINT('',(59.329674867412,-70.86727536151,
    -6.216709318118));
#5412 = CARTESIAN_POINT('',(59.316950881511,-70.85990423111,
    -6.235771286561));
#5413 = CARTESIAN_POINT('',(59.304222592706,-70.85212674772,
    -6.254557680921));
#5414 = CARTESIAN_POINT('',(59.291504632118,-70.84394788395,
    -6.273057409241));
#5415 = CARTESIAN_POINT('',(59.278812078903,-70.83537318134,
    -6.291259837741));
#5416 = CARTESIAN_POINT('',(59.252410713099,-70.81666622936,
    -6.328602980533));
#5417 = CARTESIAN_POINT('',(59.238709301086,-70.80646345783,
    -6.347687968361));
#5418 = CARTESIAN_POINT('',(59.225076179113,-70.79580822241,
    -6.36639668491));
#5419 = CARTESIAN_POINT('',(59.211531803429,-70.78470942501,
    -6.384716591344));
#5420 = CARTESIAN_POINT('',(59.198097131623,-70.77317708282,
    -6.402635679378));
#5421 = CARTESIAN_POINT('',(59.169039699158,-70.7470655905,
    -6.440873893327));
#5422 = CARTESIAN_POINT('',(59.153469779686,-70.7323166487,
    -6.461027013611));
#5423 = CARTESIAN_POINT('',(59.138119246524,-70.7169941206,
    -6.480582921593));
#5424 = CARTESIAN_POINT('',(59.12302469196,-70.70111959955,
    -6.499523205899));
#5425 = CARTESIAN_POINT('',(59.10822310901,-70.68471818559,
    -6.517830487869));
#5426 = CARTESIAN_POINT('',(59.064427062309,-70.63357698728,
    -6.571269516504));
#5427 = CARTESIAN_POINT('',(59.036446142679,-70.59727965203,
    -6.604398416527));
#5428 = CARTESIAN_POINT('',(59.010130561479,-70.55918627709,
    -6.634720384572));
#5429 = CARTESIAN_POINT('',(58.985786429356,-70.51962619767,
    -6.66212272455));
#5430 = CARTESIAN_POINT('',(58.963655501653,-70.47900040424,
    -6.686559046875));
#5431 = CARTESIAN_POINT('',(58.931335363055,-70.41159789553,
    -6.721693623468));
#5432 = CARTESIAN_POINT('',(58.919737007179,-70.38518713158,
    -6.734149809543));
#5433 = CARTESIAN_POINT('',(58.909118741446,-70.35863497407,
    -6.745435153494));
#5434 = CARTESIAN_POINT('',(58.899489880977,-70.3320391277,
    -6.755579809338));
#5435 = CARTESIAN_POINT('',(58.89084042435,-70.30547849204,
    -6.764627419886));
#5436 = CARTESIAN_POINT('',(58.869343634672,-70.23150313413,
    -6.786981121855));
#5437 = CARTESIAN_POINT('',(58.858629563095,-70.18431058839,
    -6.79795047953));
#5438 = CARTESIAN_POINT('',(58.850854489104,-70.13768698102,
    -6.805840978522));
#5439 = CARTESIAN_POINT('',(58.845768093556,-70.09159259672,
    -6.810981665741));
#5440 = CARTESIAN_POINT('',(58.843223563717,-70.0458077944,
    -6.813552872566));
#5441 = CARTESIAN_POINT('',(58.843223563717,-70.,-6.813552872566));
#5442 = ORIENTED_EDGE('',*,*,#5443,.F.);
#5443 = EDGE_CURVE('',#4720,#5372,#5444,.T.);
#5444 = B_SPLINE_CURVE_WITH_KNOTS('',5,(#5445,#5446,#5447,#5448,#5449,
    #5450,#5451,#5452,#5453,#5454,#5455,#5456,#5457,#5458,#5459,#5460,
    #5461,#5462,#5463,#5464,#5465,#5466,#5467,#5468,#5469,#5470,#5471,
    #5472,#5473,#5474,#5475,#5476,#5477,#5478,#5479,#5480,#5481,#5482,
    #5483,#5484,#5485,#5486),.UNSPECIFIED.,.F.,.F.,(6,4,4,4,4,4,4,4,4,4,
    6),(0.,2.729671558907E-03,5.459342030013E-03,8.18901032513E-03,
    1.101616331893E-02,1.384331160275E-02,1.667045396773E-02,
    1.949758920515E-02,2.212974212985E-02,2.476188685293E-02,1.),
  .UNSPECIFIED.);
#5445 = CARTESIAN_POINT('',(60.,-70.,-4.));
#5446 = CARTESIAN_POINT('',(60.,-70.00038669904,-4.000546875041));
#5447 = CARTESIAN_POINT('',(59.99999990654,-70.00077339809,
    -4.00109375008));
#5448 = CARTESIAN_POINT('',(59.99999971962,-70.00116009713,
    -4.001640625117));
#5449 = CARTESIAN_POINT('',(59.999999439239,-70.00154679614,
    -4.002187500148));
#5450 = CARTESIAN_POINT('',(59.999998691559,-70.00232019392,
    -4.003281249973));
#5451 = CARTESIAN_POINT('',(59.999998224258,-70.0027068927,
    -4.003828124767));
#5452 = CARTESIAN_POINT('',(59.999997663498,-70.00309359142,
    -4.004374999549));
#5453 = CARTESIAN_POINT('',(59.999997009277,-70.00348029007,
    -4.004921874315));
#5454 = CARTESIAN_POINT('',(59.999995513916,-70.0042536869,
    -4.006015623373));
#5455 = CARTESIAN_POINT('',(59.999994672776,-70.00464038508,
    -4.006562497665));
#5456 = CARTESIAN_POINT('',(59.999993738175,-70.00502708317,
    -4.007109371936));
#5457 = CARTESIAN_POINT('',(59.999992710114,-70.00541378115,
    -4.007656246181));
#5458 = CARTESIAN_POINT('',(59.999990427019,-70.00620098701,
    -4.008769525146));
#5459 = CARTESIAN_POINT('',(59.99998916519,-70.00660149489,
    -4.009335929863));
#5460 = CARTESIAN_POINT('',(59.999987803106,-70.00700200262,
    -4.009902334546));
#5461 = CARTESIAN_POINT('',(59.999986340766,-70.00740251019,
    -4.010468739192));
#5462 = CARTESIAN_POINT('',(59.999983215579,-70.00820352431,
    -4.011601547459));
#5463 = CARTESIAN_POINT('',(59.999981552731,-70.00860403086,
    -4.01216795108));
#5464 = CARTESIAN_POINT('',(59.999979789628,-70.00900453722,
    -4.012734354657));
#5465 = CARTESIAN_POINT('',(59.99997792627,-70.00940504338,
    -4.013300758186));
#5466 = CARTESIAN_POINT('',(59.999973999046,-70.01020605441,
    -4.014433563956));
#5467 = CARTESIAN_POINT('',(59.999971935181,-70.01060655929,
    -4.014999966197));
#5468 = CARTESIAN_POINT('',(59.999969771061,-70.01100706393,
    -4.015566368384));
#5469 = CARTESIAN_POINT('',(59.999967506685,-70.01140756832,
    -4.016132770513));
#5470 = CARTESIAN_POINT('',(59.999962777426,-70.01220857556,
    -4.017265573218));
#5471 = CARTESIAN_POINT('',(59.999960312545,-70.01260907841,
    -4.017831973796));
#5472 = CARTESIAN_POINT('',(59.999957747408,-70.01300958097,
    -4.018398374308));
#5473 = CARTESIAN_POINT('',(59.999955082015,-70.01341008325,
    -4.018964774752));
#5474 = CARTESIAN_POINT('',(59.999949741458,-70.01418346529,
    -4.020058511905));
#5475 = CARTESIAN_POINT('',(59.999947079647,-70.0145563451,
    -4.020585848624));
#5476 = CARTESIAN_POINT('',(59.999944330931,-70.01492922463,
    -4.021113185277));
#5477 = CARTESIAN_POINT('',(59.99994149531,-70.01530210387,
    -4.021640521862));
#5478 = CARTESIAN_POINT('',(59.999935650269,-70.01604786057,
    -4.022695193248));
#5479 = CARTESIAN_POINT('',(59.999932640849,-70.01642073803,
    -4.023222528049));
#5480 = CARTESIAN_POINT('',(59.999929544524,-70.01679361518,
    -4.023749862776));
#5481 = CARTESIAN_POINT('',(59.999926361294,-70.01716649199,
    -4.024277197426));
#5482 = CARTESIAN_POINT('',(59.998711470859,-70.15569413851,
    -4.22018769908));
#5483 = CARTESIAN_POINT('',(59.98556999785,-70.29376180051,
    -4.415502942532));
#5484 = CARTESIAN_POINT('',(59.960497727953,-70.43118474829,
    -4.610691425028));
#5485 = CARTESIAN_POINT('',(59.923166349048,-70.5673696564,
    -4.805642190125));
#5486 = CARTESIAN_POINT('',(59.872983191288,-70.7013800433,-5.0000006));
#5487 = ORIENTED_EDGE('',*,*,#4719,.F.);
#5488 = CYLINDRICAL_SURFACE('',#5489,4.);
#5489 = AXIS2_PLACEMENT_3D('',#5490,#5491,#5492);
#5490 = CARTESIAN_POINT('',(56.,-75.,-4.));
#5491 = DIRECTION('',(0.,1.,0.));
#5492 = DIRECTION('',(1.,0.,0.));
#5493 = ADVANCED_FACE('',(#5494),#5505,.T.);
#5494 = FACE_BOUND('',#5495,.F.);
#5495 = EDGE_LOOP('',(#5496,#5497,#5504));
#5496 = ORIENTED_EDGE('',*,*,#4727,.F.);
#5497 = ORIENTED_EDGE('',*,*,#5498,.T.);
#5498 = EDGE_CURVE('',#4728,#5372,#5499,.T.);
#5499 = CIRCLE('',#5500,2.);
#5500 = AXIS2_PLACEMENT_3D('',#5501,#5502,#5503);
#5501 = CARTESIAN_POINT('',(58.,-70.,-5.));
#5502 = DIRECTION('',(0.,0.,-1.));
#5503 = DIRECTION('',(1.,0.,0.));
#5504 = ORIENTED_EDGE('',*,*,#5443,.F.);
#5505 = CYLINDRICAL_SURFACE('',#5506,2.);
#5506 = AXIS2_PLACEMENT_3D('',#5507,#5508,#5509);
#5507 = CARTESIAN_POINT('',(58.,-70.,-7.));
#5508 = DIRECTION('',(0.,0.,1.));
#5509 = DIRECTION('',(1.,0.,0.));
#5510 = ADVANCED_FACE('',(#5511),#5529,.T.);
#5511 = FACE_BOUND('',#5512,.T.);
#5512 = EDGE_LOOP('',(#5513,#5520,#5521,#5528));
#5513 = ORIENTED_EDGE('',*,*,#5514,.F.);
#5514 = EDGE_CURVE('',#5364,#4728,#5515,.T.);
#5515 = CIRCLE('',#5516,2.);
#5516 = AXIS2_PLACEMENT_3D('',#5517,#5518,#5519);
#5517 = CARTESIAN_POINT('',(58.,-70.,-5.));
#5518 = DIRECTION('',(0.,-1.,0.));
#5519 = DIRECTION('',(1.,0.,0.));
#5520 = ORIENTED_EDGE('',*,*,#5363,.T.);
#5521 = ORIENTED_EDGE('',*,*,#5522,.T.);
#5522 = EDGE_CURVE('',#5287,#4736,#5523,.T.);
#5523 = CIRCLE('',#5524,2.);
#5524 = AXIS2_PLACEMENT_3D('',#5525,#5526,#5527);
#5525 = CARTESIAN_POINT('',(58.,-56.,-5.));
#5526 = DIRECTION('',(0.,-1.,0.));
#5527 = DIRECTION('',(1.,0.,0.));
#5528 = ORIENTED_EDGE('',*,*,#4735,.F.);
#5529 = CYLINDRICAL_SURFACE('',#5530,2.);
#5530 = AXIS2_PLACEMENT_3D('',#5531,#5532,#5533);
#5531 = CARTESIAN_POINT('',(58.,-72.,-5.));
#5532 = DIRECTION('',(0.,1.,0.));
#5533 = DIRECTION('',(1.,0.,0.));
#5534 = ADVANCED_FACE('',(#5535),#5546,.T.);
#5535 = FACE_BOUND('',#5536,.T.);
#5536 = EDGE_LOOP('',(#5537,#5538,#5545));
#5537 = ORIENTED_EDGE('',*,*,#4743,.F.);
#5538 = ORIENTED_EDGE('',*,*,#5539,.T.);
#5539 = EDGE_CURVE('',#4736,#5240,#5540,.T.);
#5540 = CIRCLE('',#5541,2.);
#5541 = AXIS2_PLACEMENT_3D('',#5542,#5543,#5544);
#5542 = CARTESIAN_POINT('',(58.,-56.,-5.));
#5543 = DIRECTION('',(0.,0.,1.));
#5544 = DIRECTION('',(1.,0.,0.));
#5545 = ORIENTED_EDGE('',*,*,#5239,.F.);
#5546 = CYLINDRICAL_SURFACE('',#5547,2.);
#5547 = AXIS2_PLACEMENT_3D('',#5548,#5549,#5550);
#5548 = CARTESIAN_POINT('',(58.,-56.,-7.));
#5549 = DIRECTION('',(0.,0.,1.));
#5550 = DIRECTION('',(1.,0.,0.));
#5551 = ADVANCED_FACE('',(#5552),#5563,.T.);
#5552 = FACE_BOUND('',#5553,.F.);
#5553 = EDGE_LOOP('',(#5554,#5555,#5562));
#5554 = ORIENTED_EDGE('',*,*,#4759,.F.);
#5555 = ORIENTED_EDGE('',*,*,#5556,.T.);
#5556 = EDGE_CURVE('',#4760,#5142,#5557,.T.);
#5557 = CIRCLE('',#5558,2.);
#5558 = AXIS2_PLACEMENT_3D('',#5559,#5560,#5561);
#5559 = CARTESIAN_POINT('',(58.,56.,-5.));
#5560 = DIRECTION('',(0.,0.,-1.));
#5561 = DIRECTION('',(1.,0.,0.));
#5562 = ORIENTED_EDGE('',*,*,#5193,.F.);
#5563 = CYLINDRICAL_SURFACE('',#5564,2.);
#5564 = AXIS2_PLACEMENT_3D('',#5565,#5566,#5567);
#5565 = CARTESIAN_POINT('',(58.,56.,-7.));
#5566 = DIRECTION('',(0.,0.,1.));
#5567 = DIRECTION('',(1.,0.,0.));
#5568 = ADVANCED_FACE('',(#5569),#5587,.T.);
#5569 = FACE_BOUND('',#5570,.T.);
#5570 = EDGE_LOOP('',(#5571,#5578,#5579,#5586));
#5571 = ORIENTED_EDGE('',*,*,#5572,.F.);
#5572 = EDGE_CURVE('',#5134,#4760,#5573,.T.);
#5573 = CIRCLE('',#5574,2.);
#5574 = AXIS2_PLACEMENT_3D('',#5575,#5576,#5577);
#5575 = CARTESIAN_POINT('',(58.,56.,-5.));
#5576 = DIRECTION('',(0.,-1.,0.));
#5577 = DIRECTION('',(1.,0.,0.));
#5578 = ORIENTED_EDGE('',*,*,#5133,.T.);
#5579 = ORIENTED_EDGE('',*,*,#5580,.T.);
#5580 = EDGE_CURVE('',#5057,#4768,#5581,.T.);
#5581 = CIRCLE('',#5582,2.);
#5582 = AXIS2_PLACEMENT_3D('',#5583,#5584,#5585);
#5583 = CARTESIAN_POINT('',(58.,70.,-5.));
#5584 = DIRECTION('',(0.,-1.,0.));
#5585 = DIRECTION('',(1.,0.,0.));
#5586 = ORIENTED_EDGE('',*,*,#4767,.F.);
#5587 = CYLINDRICAL_SURFACE('',#5588,2.);
#5588 = AXIS2_PLACEMENT_3D('',#5589,#5590,#5591);
#5589 = CARTESIAN_POINT('',(58.,54.,-5.));
#5590 = DIRECTION('',(0.,1.,0.));
#5591 = DIRECTION('',(1.,0.,0.));
#5592 = ADVANCED_FACE('',(#5593),#5604,.T.);
#5593 = FACE_BOUND('',#5594,.T.);
#5594 = EDGE_LOOP('',(#5595,#5596,#5603));
#5595 = ORIENTED_EDGE('',*,*,#4775,.F.);
#5596 = ORIENTED_EDGE('',*,*,#5597,.T.);
#5597 = EDGE_CURVE('',#4768,#5010,#5598,.T.);
#5598 = CIRCLE('',#5599,2.);
#5599 = AXIS2_PLACEMENT_3D('',#5600,#5601,#5602);
#5600 = CARTESIAN_POINT('',(58.,70.,-5.));
#5601 = DIRECTION('',(0.,0.,1.));
#5602 = DIRECTION('',(1.,0.,0.));
#5603 = ORIENTED_EDGE('',*,*,#5009,.F.);
#5604 = CYLINDRICAL_SURFACE('',#5605,2.);
#5605 = AXIS2_PLACEMENT_3D('',#5606,#5607,#5608);
#5606 = CARTESIAN_POINT('',(58.,70.,-7.));
#5607 = DIRECTION('',(0.,0.,1.));
#5608 = DIRECTION('',(1.,0.,0.));
#5609 = ADVANCED_FACE('',(#5610),#5615,.T.);
#5610 = FACE_BOUND('',#5611,.F.);
#5611 = EDGE_LOOP('',(#5612,#5613,#5614));
#5612 = ORIENTED_EDGE('',*,*,#5514,.F.);
#5613 = ORIENTED_EDGE('',*,*,#5371,.F.);
#5614 = ORIENTED_EDGE('',*,*,#5498,.F.);
#5615 = SPHERICAL_SURFACE('',#5616,2.);
#5616 = AXIS2_PLACEMENT_3D('',#5617,#5618,#5619);
#5617 = CARTESIAN_POINT('',(58.,-70.,-5.));
#5618 = DIRECTION('',(0.,0.,1.));
#5619 = DIRECTION('',(1.,0.,0.));
#5620 = ADVANCED_FACE('',(#5621),#5626,.T.);
#5621 = FACE_BOUND('',#5622,.T.);
#5622 = EDGE_LOOP('',(#5623,#5624,#5625));
#5623 = ORIENTED_EDGE('',*,*,#5522,.F.);
#5624 = ORIENTED_EDGE('',*,*,#5286,.T.);
#5625 = ORIENTED_EDGE('',*,*,#5539,.F.);
#5626 = SPHERICAL_SURFACE('',#5627,2.);
#5627 = AXIS2_PLACEMENT_3D('',#5628,#5629,#5630);
#5628 = CARTESIAN_POINT('',(58.,-56.,-5.));
#5629 = DIRECTION('',(0.,0.,1.));
#5630 = DIRECTION('',(1.,0.,0.));
#5631 = ADVANCED_FACE('',(#5632),#5637,.T.);
#5632 = FACE_BOUND('',#5633,.F.);
#5633 = EDGE_LOOP('',(#5634,#5635,#5636));
#5634 = ORIENTED_EDGE('',*,*,#5572,.F.);
#5635 = ORIENTED_EDGE('',*,*,#5141,.F.);
#5636 = ORIENTED_EDGE('',*,*,#5556,.F.);
#5637 = SPHERICAL_SURFACE('',#5638,2.);
#5638 = AXIS2_PLACEMENT_3D('',#5639,#5640,#5641);
#5639 = CARTESIAN_POINT('',(58.,56.,-5.));
#5640 = DIRECTION('',(0.,0.,1.));
#5641 = DIRECTION('',(1.,0.,0.));
#5642 = ADVANCED_FACE('',(#5643),#5648,.T.);
#5643 = FACE_BOUND('',#5644,.T.);
#5644 = EDGE_LOOP('',(#5645,#5646,#5647));
#5645 = ORIENTED_EDGE('',*,*,#5580,.F.);
#5646 = ORIENTED_EDGE('',*,*,#5056,.T.);
#5647 = ORIENTED_EDGE('',*,*,#5597,.F.);
#5648 = SPHERICAL_SURFACE('',#5649,2.);
#5649 = AXIS2_PLACEMENT_3D('',#5650,#5651,#5652);
#5650 = CARTESIAN_POINT('',(58.,70.,-5.));
#5651 = DIRECTION('',(0.,0.,1.));
#5652 = DIRECTION('',(1.,0.,0.));
#5653 = ( GEOMETRIC_REPRESENTATION_CONTEXT(3) 
GLOBAL_UNCERTAINTY_ASSIGNED_CONTEXT((#5657)) 
GLOBAL_UNIT_ASSIGNED_CONTEXT((#5654,#5655,#5656)) REPRESENTATION_CONTEXT
('Context #1','3D Context with UNIT and UNCERTAINTY') );
#5654 = ( LENGTH_UNIT() NAMED_UNIT(*) SI_UNIT(.MILLI.,.METRE.) );
#5655 = ( NAMED_UNIT(*) PLANE_ANGLE_UNIT() SI_UNIT($,.RADIAN.) );
#5656 = ( NAMED_UNIT(*) SI_UNIT($,.STERADIAN.) SOLID_ANGLE_UNIT() );
#5657 = UNCERTAINTY_MEASURE_WITH_UNIT(LENGTH_MEASURE(1.E-07),#5654,
  'distance_accuracy_value','confusion accuracy');
#5658 = PRODUCT_RELATED_PRODUCT_CATEGORY('part',$,(#7));
ENDSEC;
END-ISO-10303-21;
